1,11723,0.275577
1,14075,0.056285
2,11724,0.151545
2,17263,0.340058
3,11725,0.56945
4,11726,0.11898
4,15568,0.076542
4,13141,0.086743
5,11727,0.58304
6,11728,0.094242
6,12412,0.060995
6,15342,0.070528
7,11729,0.163373
7,12033,0.227767
8,11730,0.081765
8,13251,0.358588
8,17636,0.052982
8,19074,0.062574
9,11731,0.093118
9,12932,0.1127
9,15606,0.181117
9,18793,0.0635
10,11732,0.066926
10,14415,0.284731
10,17247,0.089043
10,20077,0.095045
11,11733,0.115377
11,14139,0.086268
11,14566,0.222869
11,15635,0.08611
11,19313,0.074268
12,11734,0.439844
13,11735,0.082014
14,11736,0.221556
14,12154,0.085527
15,11737,0.289072
15,12199,0.121054
15,12562,0.058071
16,11738,0.234472
16,12218,0.30268
16,12910,0.072796
17,11739,0.085356
17,13105,0.060044
18,11740,0.163713
18,14171,0.155109
19,11741,0.093143
19,14782,0.088326
19,15201,0.118978
20,11742,0.109302
20,12743,0.107524
20,13712,0.112474
21,11743,0.406834
22,11744,0.655493
23,11745,0.406477
23,15303,0.074147
23,17037,0.065688
24,11746,0.06277
24,12433,0.115261
24,11747,0.057056
25,11747,0.076686
25,13500,0.100688
25,12433,0.101919
25,14100,0.164489
25,18174,0.061684
26,11748,0.65938
27,11749,0.159269
28,11750,0.719841
29,11751,0.261174
29,17442,0.071982
29,13951,0.078247
30,11752,0.087917
30,14999,0.200659
30,13817,0.097977
30,13317,0.059445
31,11753,0.113106
31,15015,0.082653
32,11754,0.442415
33,11755,0.233428
33,11814,0.062208
33,11785,0.053989
33,16868,0.096541
34,11756,0.416528
34,14480,0.057182
34,15824,0.084702
35,11757,0.260071
35,15070,0.156414
36,11758,0.338216
36,20176,0.200098
37,11759,0.194691
38,11760,0.062099
38,14497,0.192263
38,15141,0.132958
39,11761,0.212104
39,18486,0.201939
40,11762,0.41048
41,11763,0.237056
41,13227,0.087052
41,14011,0.134957
41,17160,0.053593
41,19146,0.065872
42,11764,0.124521
42,12621,0.073615
42,11911,0.108592
43,11765,0.315859
43,15917,0.071726
44,11766,0.371923
44,13558,0.161671
44,14498,0.066427
45,11767,0.299659
45,13342,0.056271
46,11768,0.271238
46,13648,0.082319
46,12514,0.093311
47,11769,0.325498
47,15225,0.075026
48,11770,0.154087
48,14593,0.157025
48,15870,0.101655
48,17204,0.078821
48,20735,0.062444
49,11771,0.183232
50,11772,0.321541
51,11773,0.236963
51,15053,0.052117
52,11774,0.090637
52,13872,0.066448
52,15264,0.053036
53,11775,0.381656
53,11776,0.269971
53,15732,0.118709
53,17530,0.051089
54,11777,0.207192
54,12891,0.2301
54,14770,0.064812
55,11778,0.128316
55,12673,0.187364
56,11779,0.113718
56,11936,0.242904
56,12976,0.061287
57,11780,0.31802
57,11781,0.207964
58,11781,0.26724
59,11782,0.062291
60,11783,0.14193
61,11784,0.07518
62,11783,0.165497
62,11852,0.176748
62,11850,0.148681
63,11785,0.308436
64,11783,0.119606
65,11786,0.142214
65,12600,0.1348
65,12463,0.067834
65,11834,0.07392
66,11787,0.287144
66,13549,0.229776
66,20131,0.051854
67,11788,0.208622
67,11944,0.112523
68,11789,0.53775
69,11790,0.103082
69,14430,0.119
69,14843,0.089327
69,13301,0.066821
70,11791,0.363339
70,14630,0.062897
70,18008,0.060627
70,18747,0.077535
71,11792,0.373524
71,18727,0.133606
71,21844,0.06404
72,11793,0.135388
72,11794,0.113558
73,11795,0.44675
74,11796,0.144705
74,12732,0.258852
75,11797,0.350446
75,16182,0.096717
75,18872,0.088025
76,11798,0.381139
76,11799,0.168347
77,11800,0.294249
78,11801,0.090109
79,11781,0.113352
79,11780,0.151055
80,11802,0.224855
80,12952,0.080746
80,13303,0.081961
81,11803,0.28077
82,11804,0.149349
83,11805,0.111645
83,14826,0.218157
84,11806,0.137075
84,11933,0.062561
84,12622,0.115158
85,11807,0.177107
85,16520,0.228674
85,11768,0.070354
85,19552,0.065272
86,11808,0.077079
86,12841,0.092299
86,11889,0.052786
87,11809,0.285087
87,12045,0.107878
87,13590,0.125456
88,11810,0.193461
88,13443,0.2345
88,18630,0.085214
89,11811,0.569762
90,11812,0.426421
91,11813,0.074205
91,11818,0.154644
91,13679,0.208624
91,20887,0.074205
92,11815,0.266828
92,18352,0.060672
92,18424,0.087966
92,18714,0.081807
93,11816,0.248503
93,15408,0.221806
94,11817,0.136459
94,13055,0.082459
94,14380,0.146348
95,11819,0.121117
95,15101,0.052202
95,13331,0.160172
95,12552,0.059399
96,11820,0.085355
97,11821,0.218301
97,12957,0.219615
98,11822,0.217643
99,11823,0.24252
100,11824,0.163978
100,12718,0.067458
101,11825,0.269195
101,20352,0.142879
102,11826,0.39558
102,11910,0.110298
103,11827,0.063224
103,14305,0.069024
103,11995,0.103954
104,11828,0.28294
104,12953,0.073314
105,11829,0.226317
105,14087,0.119773
106,11830,0.106552
106,13185,0.056116
107,11831,0.39804
108,11832,0.065238
108,12627,0.112408
108,14104,0.119072
108,15467,0.07668
108,18779,0.085051
109,11833,0.45839
109,11806,0.05343
109,11870,0.085629
110,11834,0.284046
110,11786,0.114303
110,19113,0.087985
110,19731,0.055316
111,11835,0.245777
111,12595,0.082116
111,17187,0.075816
112,11836,0.115479
112,17600,0.065472
113,11837,0.098254
114,11771,0.167499
114,16207,0.172188
115,11838,0.195454
116,11839,0.064737
116,11840,0.322701
117,11841,0.167847
117,12406,0.073215
117,11995,0.067764
117,14648,0.058633
118,11842,0.359464
118,12676,0.051595
119,11843,0.052616
119,16044,0.052751
119,16045,0.124693
119,20073,0.100293
120,11844,0.280551
121,11845,0.37155
121,12782,0.095788
121,13063,0.058082
122,11846,0.055802
122,13709,0.214495
122,15738,0.172214
123,11847,0.236994
123,11959,0.066702
124,11848,0.084488
124,12253,0.348579
124,13891,0.062341
124,13932,0.076214
125,11849,0.461072
125,14501,0.052429
125,11750,0.121001
126,11850,0.43818
127,11794,0.264986
127,11793,0.277099
128,11851,0.268576
129,11852,0.424666
130,11853,0.209088
130,14491,0.1333
130,11992,0.072084
131,11854,0.11607
131,14720,0.055415
131,15550,0.080652
131,17699,0.101543
131,19294,0.055436
132,11855,0.24017
133,11856,0.338903
133,12942,0.161082
133,14909,0.058229
134,11857,0.116986
134,12163,0.376261
135,11838,0.476091
135,11922,0.293684
136,11858,0.300842
136,15345,0.054183
137,11759,0.406203
137,11860,0.050011
138,11859,0.130207
139,11734,0.312916
140,11860,0.180438
141,11861,0.051402
141,11862,0.311923
142,11862,0.409505
142,14011,0.075138
143,11862,0.627044
144,11863,0.176259
144,12189,0.096735
144,12998,0.122255
144,14127,0.109218
145,11864,0.1252
145,17933,0.124732
145,18521,0.215885
145,19487,0.102546
146,11865,0.192477
146,12820,0.107138
146,13154,0.138002
147,11866,0.444011
148,11867,0.103939
148,13005,0.083549
148,14687,0.151359
149,11868,0.254201
149,12458,0.079591
149,16052,0.090181
150,11869,0.052678
150,12350,0.319857
150,13596,0.068011
151,11870,0.11483
151,12651,0.210978
152,11871,0.16666
152,19781,0.125693
152,18553,0.147931
153,11872,0.568655
154,11873,0.07655
154,11874,0.313903
154,17320,0.059129
155,11874,0.30344
156,11875,0.087113
156,14809,0.112629
156,20712,0.117984
156,17685,0.114635
157,11876,0.446478
158,11877,0.057568
158,11946,0.139141
158,13217,0.141829
158,20052,0.070285
159,11878,0.074078
159,12058,0.095417
159,13690,0.16848
159,17323,0.06116
160,11879,0.093741
160,11840,0.152738
160,15776,0.069513
161,11880,0.084284
161,12970,0.185363
161,13159,0.060117
161,14301,0.072036
162,11820,0.136345
162,12649,0.108845
163,11881,0.310445
164,11882,0.152537
165,11883,0.050088
166,11884,0.778837
167,11885,0.111864
168,11885,0.229214
169,11749,0.076874
170,11850,0.113819
171,11886,0.40746
172,11887,0.658348
173,11771,0.40825
174,11850,0.214718
174,11771,0.442781
175,11888,0.400774
176,11804,0.094076
177,11734,0.197596
178,11889,0.175468
178,15124,0.111554
178,15127,0.075747
179,11890,0.299434
179,15166,0.209322
179,19875,0.062115
180,11852,0.308005
181,11891,0.067439
182,11892,0.696067
183,11893,0.234106
183,12548,0.09049
183,17506,0.054947
183,17638,0.066446
184,11894,0.05806
184,13301,0.096814
184,11790,0.195661
185,11895,0.154865
185,12169,0.055733
185,12600,0.05931
186,11896,0.437374
187,11798,0.292117
188,11897,0.073747
188,11979,0.110747
188,12336,0.217922
189,11898,0.054121
189,12290,0.335471
189,12291,0.065271
189,12683,0.058488
190,11899,0.470771
190,12655,0.133883
190,12619,0.134811
191,11900,0.337912
191,13518,0.1512
192,11901,0.160189
192,14756,0.332625
193,11902,0.521871
194,11903,0.159657
194,11906,0.188379
194,11902,0.118216
195,11904,0.25535
195,15926,0.146438
196,11905,0.065984
196,12560,0.078391
196,12846,0.31338
196,13458,0.091756
197,11764,0.094084
197,12095,0.219165
198,11907,0.323638
198,16005,0.13371
199,11780,0.078067
199,11735,0.072516
200,11908,0.156373
201,11851,0.349347
202,11909,0.52085
203,11911,0.658008
204,11912,0.116471
204,11983,0.127477
204,15386,0.11367
205,11913,0.252554
205,13439,0.118288
205,13322,0.128457
206,11914,0.115274
206,11769,0.065691
206,12207,0.125239
207,11915,0.272371
207,13683,0.099945
207,13904,0.100559
208,11916,0.101488
208,14878,0.179373
209,11917,0.634196
210,11918,0.246886
210,12549,0.128092
210,17856,0.103359
211,11919,0.160593
211,12961,0.052135
211,15691,0.123367
211,17289,0.07398
212,11920,0.097188
212,11893,0.095757
212,13236,0.057494
212,14321,0.150625
213,11921,0.208885
213,14217,0.19338
214,11885,0.185931
215,11922,0.650308
216,11923,0.285102
217,11924,0.197533
218,11925,0.202254
218,20450,0.092585
218,20679,0.129157
219,11926,0.09756
219,16484,0.156061
220,11927,0.753371
221,11928,0.090195
221,12991,0.254079
221,16052,0.105999
221,12603,0.062351
222,11929,0.127871
222,13096,0.136637
222,13598,0.078167
222,14355,0.055743
222,16234,0.056654
223,11930,0.344855
223,14214,0.172388
224,11931,0.48197
225,11932,0.080262
225,12647,0.096146
225,14161,0.062618
225,14353,0.0788
226,11933,0.139333
226,14184,0.155651
227,11934,0.147124
227,11972,0.207008
227,12299,0.243694
227,19354,0.117807
227,14346,0.079336
228,11935,0.066973
228,12018,0.09327
228,13027,0.11192
229,11937,0.486002
229,14407,0.072519
230,11734,0.147178
231,11938,0.396174
232,11939,0.167395
232,13547,0.142586
232,14596,0.180522
233,11940,0.212622
233,13196,0.058809
233,14338,0.09485
234,11941,0.401597
234,13714,0.059382
235,11942,0.086166
235,14707,0.050026
235,15426,0.069863
235,18867,0.094666
236,11943,0.257041
236,12205,0.065881
236,13740,0.079136
237,11944,0.059028
237,12082,0.138602
237,12860,0.090109
238,11838,0.42541
239,11811,0.681396
240,11945,0.123466
240,15429,0.10707
240,21252,0.074127
241,11946,0.11443
242,11839,0.054063
242,12056,0.137702
242,13750,0.063758
243,11947,0.080506
243,12441,0.074636
243,11994,0.074147
243,12204,0.055095
244,11948,0.379558
245,11949,0.394716
246,11950,0.269583
246,11749,0.057503
247,11780,0.509384
247,11781,0.085873
248,11951,0.271205
249,11952,0.45373
250,11953,0.141988
250,11780,0.152192
251,11954,0.709583
252,11955,0.058233
252,13334,0.338785
253,11956,0.077598
253,12516,0.12657
253,13059,0.065223
253,13206,0.069834
254,11957,0.192465
254,15771,0.247086
255,11958,0.316966
255,14144,0.06134
255,14251,0.059455
255,19509,0.064825
256,11959,0.263398
256,13103,0.231948
256,13739,0.051644
257,11960,0.131743
257,12821,0.163255
258,11961,0.056714
258,13856,0.15566
258,14518,0.092271
258,16322,0.054128
259,11962,0.220797
259,11963,0.077937
259,14509,0.05284
260,11773,0.139963
261,11964,0.092758
261,11838,0.370875
262,11772,0.479742
263,11965,0.130807
263,11786,0.050286
263,12210,0.078276
263,12473,0.271322
264,11966,0.058706
264,12889,0.320783
264,15174,0.089465
265,11967,0.226382
265,11995,0.107087
265,11996,0.132121
265,12261,0.062052
266,11855,0.177272
266,11820,0.062504
266,14960,0.051347
266,13737,0.071787
267,11968,0.585867
268,11820,0.332668
268,12662,0.054475
268,13737,0.051446
268,13584,0.051069
269,11969,0.241325
269,12319,0.087021
270,11970,0.172601
270,15294,0.18262
270,14069,0.087394
271,11971,0.170913
272,11972,0.348886
272,11973,0.071276
272,13376,0.103718
273,11974,0.364223
273,18828,0.083255
273,19446,0.119366
274,11975,0.283359
274,13441,0.118098
274,15024,0.056875
275,11976,0.110187
275,11767,0.061012
276,11977,0.176522
276,12210,0.453436
276,15666,0.071856
277,11978,0.080338
277,12392,0.098857
277,12399,0.069278
277,13089,0.116685
277,14796,0.056171
278,11980,0.375594
278,11981,0.185354
278,13319,0.159877
279,11982,0.103455
279,14931,0.334757
280,11983,0.203699
280,12029,0.07699
280,13909,0.053444
281,11984,0.082018
281,12307,0.058359
281,13326,0.130307
282,11985,0.172109
282,12394,0.120743
282,14285,0.091867
282,20462,0.051917
283,11986,0.335988
283,12610,0.205619
284,11987,0.297539
284,14947,0.051954
284,21707,0.195515
285,11988,0.120342
285,16369,0.063027
286,11989,0.281906
287,11990,0.492722
288,11980,0.488985
288,13090,0.06832
289,11991,0.45532
289,12893,0.099836
290,11992,0.054834
290,11853,0.308646
291,11993,0.124491
291,12194,0.213961
291,12151,0.083291
292,11981,0.202669
292,12456,0.066896
292,11994,0.054506
292,13319,0.068052
293,11994,0.173143
294,11995,0.053737
294,11996,0.208276
294,13407,0.050373
294,17030,0.10396
295,11997,0.239378
295,13368,0.128806
295,12207,0.081192
296,11998,0.319397
297,11999,0.591294
298,12000,0.296624
298,12461,0.256964
299,12001,0.522011
300,12002,0.104567
300,15694,0.095657
300,17947,0.084427
300,13802,0.073052
301,12003,0.377343
301,15140,0.112259
302,12004,0.475417
302,13125,0.0678
303,12005,0.227333
303,12143,0.296674
304,12006,0.129067
305,11862,0.367903
306,12007,0.059287
306,13920,0.181911
307,12008,0.38666
307,17495,0.091535
307,19913,0.054438
308,12009,0.162142
308,12039,0.069889
308,15152,0.066916
309,12010,0.055915
309,14912,0.1922
309,15600,0.05906
309,15656,0.078264
310,12011,0.140164
311,12012,0.289616
312,12013,0.396568
313,12014,0.269866
314,12015,0.386118
315,12016,0.599064
316,12017,0.402529
316,14512,0.169473
317,12019,0.135122
317,14367,0.096989
317,13114,0.096718
318,11859,0.434657
319,12020,0.145184
319,15136,0.203238
319,15317,0.073407
320,12021,0.096488
320,12898,0.160756
320,13367,0.054453
320,16409,0.077372
321,12022,0.220154
321,13979,0.320559
322,12023,0.51061
322,20098,0.099871
323,12024,0.300328
324,12025,0.068167
325,12026,0.454771
326,12027,0.229863
327,12028,0.566267
328,11804,0.123116
328,12012,0.073051
329,12030,0.576728
330,12031,0.069873
330,13208,0.083706
330,15050,0.134458
330,12973,0.056009
331,12032,0.064728
331,12873,0.064021
331,13650,0.089204
331,13266,0.140556
332,12034,0.446257
332,21490,0.06537
333,12035,0.116493
333,18266,0.083558
333,20807,0.149477
334,12036,0.095024
334,19583,0.085191
334,17044,0.075719
334,20455,0.139102
335,12037,0.165153
335,12068,0.065515
335,17512,0.050034
336,12038,0.498151
336,12723,0.11914
337,12040,0.062902
337,14665,0.106374
338,12041,0.223423
338,15220,0.12448
338,15995,0.076101
338,19344,0.064921
339,12042,0.453066
339,11763,0.252832
340,12043,0.056925
340,13189,0.164985
340,13640,0.148797
341,12044,0.061165
341,12970,0.092985
341,13541,0.175522
341,12506,0.080751
342,12045,0.052807
342,12048,0.171428
342,13590,0.19985
342,11809,0.159291
343,12046,0.246269
343,13480,0.314717
344,12047,0.071982
344,20170,0.107747
344,20890,0.168807
345,12049,0.055803
345,17523,0.097166
345,17974,0.102706
346,12050,0.338937
347,12051,0.091723
347,13234,0.119386
347,14424,0.213591
348,12052,0.149341
348,12259,0.07193
348,12726,0.29663
349,12053,0.501857
349,12886,0.115496
349,11884,0.075512
350,12054,0.442824
351,12055,0.152101
351,12722,0.099896
351,14167,0.074402
351,14748,0.061921
352,12007,0.255064
352,18494,0.158738
352,19384,0.092185
352,19595,0.054846
353,12057,0.617561
354,12058,0.056577
354,12832,0.051069
354,13698,0.179168
355,12059,0.294478
355,18800,0.064412
356,12060,0.0552
356,13488,0.115548
356,15223,0.173246
357,12061,0.227522
358,11899,0.362856
358,13487,0.131385
359,12062,0.228141
359,12191,0.096276
359,12525,0.184536
360,12063,0.129648
360,12070,0.123869
360,14062,0.15676
361,12064,0.236409
362,12065,0.05599
362,12351,0.053388
362,12048,0.238781
362,13272,0.073022
363,12066,0.152922
363,12369,0.261432
364,12067,0.333464
365,12069,0.053599
365,12076,0.138353
365,18938,0.073624
365,19960,0.053646
365,21265,0.091373
366,12071,0.083892
366,15587,0.411455
366,17450,0.061379
366,17650,0.07778
367,12072,0.420489
367,12199,0.099535
368,12073,0.406763
368,13838,0.140047
369,12074,0.207163
369,13583,0.080316
369,16765,0.20715
370,12075,0.052792
370,13207,0.170212
370,14537,0.152488
370,16639,0.082733
371,12077,0.050261
372,12078,0.140951
372,12762,0.090733
372,12366,0.068421
372,13149,0.077691
373,12079,0.164539
373,13144,0.156987
373,14608,0.087128
373,18379,0.057852
374,12080,0.526929
375,12081,0.161844
375,13355,0.164955
376,11922,0.347657
376,11759,0.278455
377,12083,0.374663
378,11953,0.174664
379,12084,0.081013
380,12085,0.209979
381,12086,0.195179
381,12087,0.281239
382,12088,0.333888
383,12089,0.244302
383,15450,0.107758
384,12090,0.339446
385,12091,0.271536
385,12495,0.113592
386,12092,0.288861
386,18145,0.267957
387,12093,0.303771
387,14588,0.118872
387,19560,0.068291
388,12094,0.446402
388,20580,0.120258
388,20949,0.084952
389,12095,0.273476
389,13074,0.151979
390,12096,0.248128
390,13363,0.106249
391,12097,0.121065
391,12389,0.148165
392,12098,0.051851
392,12754,0.081534
392,14649,0.1632
392,15384,0.101965
393,12099,0.093217
393,13270,0.068193
393,13662,0.117028
394,12100,0.113618
394,14814,0.347563
394,17951,0.147811
395,12101,0.234875
395,13432,0.118467
395,16070,0.067665
395,16336,0.054513
396,12102,0.248588
396,12459,0.065731
396,16638,0.098888
397,12103,0.364011
397,21171,0.14134
398,12104,0.106135
398,13235,0.050383
398,16341,0.05892
399,12105,0.415857
400,12106,0.401596
400,15642,0.218959
401,12107,0.132111
401,12144,0.340902
401,12342,0.103526
402,12108,0.236966
402,20552,0.195814
402,21636,0.051996
402,22035,0.051996
403,12109,0.371612
403,16586,0.175512
404,12110,0.179288
404,12275,0.237492
405,12111,0.449633
406,12112,0.270087
406,14043,0.115889
407,12113,0.087651
407,13708,0.061593
407,15376,0.24573
408,12114,0.383864
409,12115,0.105309
409,12353,0.123909
409,14749,0.304027
409,14980,0.118916
410,12116,0.090905
411,12117,0.051149
411,16168,0.18977
411,18481,0.213666
412,12118,0.583102
413,12024,0.195665
413,12871,0.109109
413,14751,0.073827
414,12119,0.390304
414,16775,0.077196
415,12120,0.089766
415,12841,0.162319
415,11808,0.091304
416,12121,0.334724
416,12132,0.144293
416,13416,0.089005
417,12122,0.050695
417,12123,0.076789
417,12586,0.136486
417,16533,0.068586
417,19071,0.068803
418,12124,0.389468
418,12125,0.329016
419,12126,0.482295
419,17027,0.071468
420,12127,0.107555
420,12337,0.102883
420,14382,0.103107
420,15180,0.068192
421,12128,0.055315
421,14105,0.053356
421,14257,0.119552
421,15030,0.115961
422,12129,0.338839
422,12130,0.060649
422,12111,0.107935
422,13153,0.08967
423,12131,0.410598
423,16359,0.123288
424,12133,0.531779
424,11845,0.130293
425,12134,0.187839
425,12294,0.206134
425,13947,0.122721
426,12135,0.110669
426,12870,0.052951
426,13925,0.050251
426,14619,0.051518
426,15501,0.061168
426,16303,0.054367
427,12136,0.06225
427,12137,0.17759
427,13481,0.064572
427,14046,0.065538
428,12137,0.280834
428,18831,0.053343
429,12138,0.093386
430,12126,0.308439
430,12609,0.236554
431,12139,0.365394
431,15393,0.167851
432,11839,0.088116
432,12743,0.055638
433,12140,0.379676
434,12141,0.655881
435,12142,0.290774
435,19846,0.174984
436,12145,0.317518
436,19432,0.096191
437,12146,0.245826
437,13899,0.087076
437,18087,0.057732
438,12147,0.257079
438,18327,0.120424
438,21204,0.222923
439,11999,0.445738
440,12148,0.051848
440,13121,0.187905
440,13280,0.134485
440,13652,0.053321
440,13378,0.134125
441,12149,0.068384
441,14426,0.07022
442,12150,0.423555
443,12151,0.340721
443,13662,0.107914
444,12152,0.271292
444,14615,0.075344
444,15010,0.05614
445,11994,0.245917
446,12153,0.106386
446,14083,0.07714
446,17996,0.074261
446,13660,0.05407
446,12542,0.051834
447,11734,0.05221
448,11812,0.139294
449,12155,0.382647
450,12156,0.069695
450,12763,0.24816
450,16416,0.050353
450,16621,0.074796
451,12157,0.13003
451,15629,0.22055
451,18263,0.051201
452,12158,0.254789
452,16574,0.133203
452,17262,0.094947
453,12081,0.056301
453,14493,0.126894
453,13355,0.164437
454,12159,0.351484
454,12979,0.125604
454,13486,0.074064
455,12160,0.153923
455,13214,0.082407
455,13635,0.129844
455,13692,0.081784
456,12161,0.180014
456,14465,0.095483
456,12626,0.074428
457,11812,0.391788
458,12083,0.18842
458,11799,0.132722
458,13381,0.063034
459,12162,0.526934
459,14996,0.087417
460,12164,0.090635
460,12165,0.05014
460,12312,0.261134
460,12249,0.095546
461,12166,0.206167
461,12263,0.338917
461,15154,0.06139
462,12167,0.403497
462,17292,0.066275
463,11953,0.280058
464,12168,0.460855
464,15129,0.054156
465,11759,0.118872
466,12170,0.191281
466,17189,0.087571
466,12619,0.088185
467,12171,0.526374
467,14613,0.088351
468,12172,0.086603
469,12173,0.13351
469,17110,0.075281
469,18359,0.084422
470,12174,0.099356
470,12349,0.107935
471,12175,0.078736
471,13556,0.089646
471,12666,0.079986
471,17309,0.052179
472,12176,0.31761
472,13929,0.072678
472,14025,0.052182
473,11852,0.325163
473,11850,0.333981
474,12177,0.273991
474,12546,0.324202
475,12178,0.144583
475,15565,0.111509
475,17767,0.080292
476,12179,0.235581
476,16880,0.17787
476,19623,0.054536
476,20156,0.054443
477,12180,0.245644
477,18002,0.156408
478,12181,0.140899
478,12235,0.098075
479,12182,0.053196
479,12383,0.270228
479,14284,0.122605
479,12141,0.061098
479,12005,0.076072
480,11886,0.330417
481,12183,0.078765
481,15536,0.082386
481,17324,0.058181
482,12184,0.053274
482,12186,0.058996
482,13382,0.131072
482,13403,0.081186
483,12185,0.322053
483,13333,0.260178
484,12187,0.23671
484,14237,0.164702
485,12188,0.232016
485,12198,0.133844
486,12189,0.199552
486,11776,0.135575
486,14127,0.081471
487,12190,0.175935
487,12676,0.131485
488,12192,0.199398
488,12141,0.256179
488,14926,0.209762
489,12193,0.1447
489,14759,0.12647
489,15663,0.062437
489,16197,0.150272
490,12195,0.378689
490,13180,0.056531
490,13723,0.067635
491,12196,0.191774
491,12269,0.060689
491,13050,0.091812
492,12197,0.363873
492,13079,0.228696
493,12200,0.320854
493,13015,0.094481
494,12176,0.312785
494,11820,0.054819
495,12201,0.59537
496,12202,0.195235
496,12306,0.050282
496,13724,0.076143
497,12203,0.133414
497,14128,0.064097
497,14670,0.060056
497,15151,0.217367
498,12204,0.088113
498,11947,0.285535
499,12102,0.137334
499,14097,0.067324
499,16039,0.232264
499,20037,0.060142
500,12206,0.175466
501,12207,0.104519
501,18808,0.054516
502,12208,0.308952
503,12209,0.254099
503,13761,0.142644
504,12210,0.544697
504,11977,0.109002
505,12211,0.607036
506,12212,0.091005
506,13092,0.301782
506,11778,0.070873
507,12213,0.253407
508,11941,0.313383
508,13440,0.162646
508,14712,0.063999
508,18001,0.07187
509,12214,0.39477
510,11948,0.44662
511,11885,0.379061
512,12215,0.457593
513,11953,0.343269
514,12216,0.090133
514,11767,0.069962
514,12082,0.217506
514,12860,0.162008
515,11997,0.065827
515,12480,0.078016
515,14085,0.096748
515,19333,0.050145
515,13567,0.055897
516,11749,0.157476
517,12012,0.196886
518,12217,0.139138
518,11784,0.073874
519,11837,0.541036
520,11798,0.051066
521,12213,0.118683
522,12218,0.381961
522,12112,0.137051
522,12910,0.066474
523,12219,0.173791
523,18683,0.067377
523,15502,0.06597
523,12305,0.055235
523,20400,0.253655
524,12220,0.058529
524,12776,0.206768
524,13713,0.08197
525,12221,0.405118
525,13574,0.07411
526,12222,0.133282
526,11902,0.246577
526,11943,0.096683
527,12012,0.293608
528,11798,0.383104
529,12155,0.36183
529,14605,0.296719
530,11784,0.113402
531,12223,0.053499
531,13033,0.080102
531,13809,0.112857
532,12224,0.467054
533,11781,0.093692
534,11799,0.122537
534,12226,0.073165
535,12225,0.165928
536,11781,0.1329
537,11799,0.203469
538,12085,0.294838
539,12083,0.071915
540,12227,0.252372
541,12228,0.659794
542,12229,0.363775
543,12230,0.074039
543,12231,0.116241
543,14199,0.119327
543,12114,0.076868
544,12232,0.139085
544,14780,0.062798
545,11794,0.213007
546,11885,0.379847
547,12233,0.070888
547,13941,0.251395
547,14200,0.075873
548,12072,0.370512
548,12199,0.073621
548,15107,0.08432
549,12234,0.551528
550,11994,0.163366
550,12893,0.059272
550,13548,0.056812
551,12235,0.619479
552,12236,0.353416
553,12237,0.42569
554,12238,0.311113
555,12239,0.316539
555,13377,0.184956
556,12240,0.086591
556,13017,0.076474
556,13176,0.203954
556,14060,0.081788
557,12241,0.072633
557,13521,0.206474
557,14877,0.053359
557,18244,0.147304
558,11891,0.11323
559,12242,0.135487
559,12090,0.20032
560,12243,0.133896
560,15492,0.086413
560,19185,0.074966
560,14958,0.05519
561,12244,0.089658
561,12489,0.285287
562,12214,0.371738
562,11749,0.116169
563,12245,0.061874
563,12962,0.06026
563,13820,0.123867
563,14380,0.079646
563,11817,0.050671
563,16173,0.061365
564,12246,0.052603
564,15509,0.061874
564,15798,0.0618
564,15799,0.133599
564,15981,0.061793
564,19654,0.097032
564,21788,0.061877
565,12247,0.234796
565,12587,0.102622
565,12965,0.065264
565,14050,0.076858
566,12248,0.137711
566,13031,0.130875
566,13245,0.083246
566,15796,0.061677
567,12249,0.149268
567,12442,0.359954
567,12664,0.065695
568,12250,0.364904
568,12597,0.159256
569,12251,0.058069
569,12329,0.140248
569,12656,0.167174
570,12252,0.401988
570,17735,0.050182
570,19214,0.057288
570,19329,0.055273
571,12254,0.07313
571,15591,0.109985
571,16406,0.302172
571,11914,0.076952
572,12255,0.318049
573,12256,0.163711
573,12660,0.107494
573,13449,0.068852
573,15539,0.058233
573,15532,0.057297
574,12257,0.294511
574,14862,0.314626
575,11921,0.236748
575,14393,0.052227
576,12258,0.250306
576,13699,0.110337
576,14148,0.050635
577,12164,0.491193
578,12260,0.317233
578,12618,0.104077
578,15800,0.061439
578,12627,0.07893
579,12261,0.098415
579,11967,0.224884
579,14926,0.074204
580,12262,0.052373
580,12867,0.052415
580,14342,0.196253
580,15694,0.199255
581,12264,0.122269
581,13515,0.160231
582,12265,0.07906
582,13517,0.137386
582,11754,0.103856
583,12266,0.183267
583,12619,0.135564
583,12655,0.1456
584,12267,0.109007
584,13488,0.059326
584,12170,0.132624
585,12268,0.096696
585,14174,0.095322
585,14244,0.206152
586,12270,0.281932
586,18192,0.072868
587,12271,0.235233
587,14698,0.078868
587,13835,0.144149
587,21241,0.087067
588,12272,0.145232
588,13224,0.06994
588,14142,0.091531
589,12273,0.072043
589,13393,0.161065
589,12313,0.177607
589,13633,0.072504
590,12274,0.06395
590,12278,0.353126
590,12748,0.118285
590,12779,0.065184
591,12276,0.52342
592,12277,0.497867
592,15387,0.082216
592,17112,0.078337
593,12279,0.330351
593,16077,0.109561
593,17536,0.073768
594,12280,0.264835
594,12051,0.276106
595,11782,0.257615
596,11824,0.475823
597,12281,0.102296
597,14975,0.121855
598,12282,0.364857
598,12283,0.102942
598,14058,0.084176
598,20617,0.065556
598,20736,0.065706
599,12284,0.354003
599,14634,0.051087
599,21949,0.051047
600,12285,0.289732
600,13964,0.095987
600,16145,0.052835
600,17192,0.063721
601,12286,0.082874
601,16085,0.357011
602,12287,0.173515
603,12288,0.489212
604,11749,0.335676
605,11804,0.201109
605,12012,0.128786
606,12087,0.426184
606,11859,0.082862
607,11798,0.150192
607,12227,0.052058
608,11795,0.374449
609,12289,0.418908
609,14323,0.054233
610,12292,0.297048
610,12293,0.091611
611,12295,0.421436
611,12434,0.057562
612,12296,0.052503
612,15384,0.366246
612,12302,0.134767
612,12098,0.06079
613,12297,0.120217
613,16193,0.302087
614,12298,0.057118
614,12757,0.150779
614,11778,0.069077
615,12299,0.349291
615,12359,0.085102
615,17050,0.063515
616,12300,0.075303
616,14500,0.090267
616,19286,0.07375
617,12301,0.162932
617,11740,0.090977
617,14783,0.055531
617,14303,0.17393
618,12302,0.370614
618,16259,0.130665
619,12303,0.149252
619,13323,0.181232
619,17930,0.108615
619,18688,0.063891
620,12304,0.163919
620,15106,0.189355
620,17317,0.058082
620,12663,0.114365
621,12305,0.398009
621,16477,0.131608
621,12306,0.060598
622,12308,0.373258
622,15555,0.265742
623,12309,0.205636
623,13566,0.195865
623,14584,0.087034
624,12235,0.074349
624,12640,0.167648
624,11753,0.157665
625,12310,0.108626
625,13430,0.124953
625,13075,0.108603
625,13426,0.087599
626,12311,0.611007
627,12313,0.108561
627,12594,0.068279
627,13393,0.08229
628,12314,0.343286
628,14513,0.089756
629,12315,0.095714
629,11737,0.09773
629,12671,0.077983
629,11921,0.070264
629,12443,0.094898
630,12316,0.163746
630,12703,0.099665
630,12183,0.063892
630,16473,0.072689
631,12317,0.13265
631,13844,0.423286
632,12318,0.068316
632,12352,0.088372
632,16521,0.076746
632,20530,0.107975
633,11781,0.285952
634,12319,0.12676
635,12213,0.245981
635,11852,0.228632
635,18013,0.055734
636,12320,0.336341
637,12012,0.112211
638,11851,0.431345
639,11953,0.275337
640,12321,0.608441
641,12322,0.382335
642,12323,0.101391
642,13678,0.155551
642,20069,0.087677
643,12324,0.327728
643,14371,0.066676
643,15320,0.082636
644,12325,0.088695
644,14970,0.159084
644,14624,0.255
644,12163,0.122068
644,15043,0.055666
645,12326,0.223749
645,13037,0.146711
646,12327,0.091051
646,12328,0.296707
646,13777,0.055243
646,13424,0.068159
647,11879,0.407882
647,12734,0.071186
647,11889,0.241823
648,12330,0.075441
648,13269,0.150467
649,12331,0.410907
649,13645,0.05665
649,12526,0.050808
650,12332,0.069517
650,13479,0.151238
650,16187,0.057503
650,18933,0.070834
651,12333,0.141855
651,16577,0.197758
651,18606,0.141856
651,19006,0.141856
652,12334,0.365781
652,15881,0.095532
653,12335,0.268617
653,14779,0.086066
653,17519,0.05588
654,12336,0.072161
654,16516,0.078302
654,15446,0.057042
655,12338,0.171789
655,15852,0.069613
655,12537,0.087399
656,12339,0.268609
656,14475,0.25958
657,12340,0.36315
657,12551,0.055889
657,12620,0.106815
657,13373,0.076267
658,12341,0.119613
658,16379,0.216843
658,17411,0.079138
659,12343,0.381215
659,14059,0.086421
659,17304,0.076955
660,12344,0.075601
660,12345,0.137488
660,15757,0.055201
661,12346,0.120585
661,12554,0.064742
661,20185,0.072136
662,12347,0.107
662,13519,0.072061
662,12502,0.144926
662,14292,0.076373
663,11851,0.320767
663,12213,0.056492
664,11798,0.14489
665,12348,0.341602
666,12349,0.088889
666,12174,0.081759
667,12309,0.21881
667,16893,0.105337
667,16820,0.072648
668,12352,0.17489
668,12444,0.217834
668,15530,0.07013
668,16521,0.086453
669,12353,0.171756
669,12121,0.05857
669,12354,0.114802
669,18816,0.073275
669,19986,0.135583
670,12355,0.51011
671,12356,0.442614
672,12357,0.161063
672,19986,0.224961
673,11822,0.513939
674,12299,0.391397
674,12359,0.119561
675,12358,0.300671
675,13056,0.138004
676,12064,0.379211
676,14299,0.062129
676,15746,0.070668
677,12085,0.249929
677,16201,0.065176
678,11972,0.243826
678,12239,0.248252
678,20977,0.062759
679,12360,0.204514
680,12361,0.247883
680,15285,0.18512
680,18049,0.095311
681,12362,0.079034
681,12850,0.113873
681,14452,0.083958
681,15027,0.07022
682,12363,0.354414
683,12364,0.142275
683,12374,0.082174
683,14598,0.145643
683,21048,0.05532
684,12365,0.149332
684,14609,0.06165
685,12366,0.178015
685,12762,0.348844
686,12367,0.434159
686,16896,0.098291
687,11997,0.075502
687,14002,0.175464
687,18445,0.053274
688,12368,0.593688
689,12370,0.328953
689,13425,0.12921
690,12371,0.093395
690,14528,0.284688
690,15085,0.077831
691,11947,0.224345
691,14118,0.129847
691,16251,0.114371
691,17558,0.050976
692,12372,0.137182
692,13963,0.098621
692,14769,0.089016
693,11975,0.175154
693,14679,0.070193
693,13441,0.259474
693,16228,0.126034
694,12373,0.442265
695,11773,0.368038
696,12375,0.060675
696,12237,0.312738
697,12376,0.058737
698,12377,0.201691
698,13672,0.173663
698,13485,0.086852
698,16969,0.062438
699,12378,0.133561
699,13913,0.085962
699,12266,0.073655
699,15882,0.114787
700,12379,0.069042
700,12523,0.059039
700,13240,0.253293
700,13409,0.187935
701,12380,0.107061
701,15146,0.225623
701,17250,0.080592
701,18697,0.060564
702,12380,0.102823
702,12170,0.071027
702,15146,0.151267
702,18697,0.0505
703,12381,0.212352
703,12619,0.106937
703,13859,0.20009
703,12880,0.059941
704,12382,0.510576
704,12196,0.129243
704,21179,0.079429
705,11797,0.447477
706,12384,0.206144
706,13949,0.052506
706,12154,0.05581
706,16481,0.066276
706,12497,0.076574
707,12385,0.35178
708,12386,0.269399
709,12387,0.369736
709,12507,0.089936
710,12388,0.47336
710,13520,0.097611
710,12126,0.066731
711,12390,0.333157
711,12391,0.069647
711,13528,0.051321
712,12393,0.067838
712,18121,0.09457
712,19838,0.362856
712,21970,0.09457
713,11874,0.163017
714,11785,0.225053
715,11734,0.098457
715,11888,0.065172
716,12395,0.312051
716,21823,0.327538
717,12396,0.177093
717,17590,0.081366
718,12397,0.096122
718,12959,0.308356
718,14560,0.094238
718,19916,0.068521
719,12398,0.50695
720,12400,0.641473
721,12401,0.261033
721,14194,0.186613
721,15886,0.080386
722,12402,0.108751
722,14308,0.18064
722,17272,0.093569
722,18256,0.061038
722,20325,0.050956
723,12403,0.228525
723,13526,0.058653
724,12404,0.080055
724,12464,0.149101
724,14212,0.225998
725,12405,0.076868
725,17033,0.054932
725,20376,0.102216
726,12407,0.410867
726,17561,0.100963
726,20041,0.081009
727,12408,0.184282
727,14418,0.13896
727,15507,0.085524
727,17126,0.076353
728,12409,0.122031
728,11930,0.072917
728,14214,0.098987
728,13874,0.104243
729,12410,0.412392
730,12387,0.089044
730,11829,0.07842
730,13509,0.114145
730,14113,0.167631
731,12112,0.098492
731,14577,0.144938
732,11794,0.411591
732,11793,0.424616
733,11837,0.193283
733,13113,0.065936
734,12096,0.073657
734,11976,0.271908
735,12411,0.299114
736,12412,0.133143
736,15342,0.171636
736,19021,0.091031
737,12411,0.219424
738,12413,0.250482
738,13769,0.133692
739,11852,0.361526
740,12414,0.104878
740,11794,0.144703
741,12415,0.31867
741,16997,0.108591
742,12416,0.15515
743,12417,0.128316
744,11795,0.21431
745,12418,0.23694
745,16948,0.150449
745,18554,0.053574
746,11828,0.640227
747,12419,0.524111
748,12420,0.066621
748,13077,0.109589
748,14993,0.254577
748,17473,0.054552
749,11839,0.121267
749,12704,0.086592
749,13270,0.068416
750,11794,0.182335
751,12421,0.682496
752,12422,0.217638
752,12770,0.100329
752,13299,0.258544
753,12423,0.246102
753,13585,0.275987
754,12424,0.244224
754,13265,0.240756
754,15346,0.079145
755,12425,0.119055
755,13792,0.100617
755,14675,0.05282
756,12084,0.210088
756,13255,0.320764
757,12426,0.093835
757,14073,0.093742
757,14678,0.155388
757,15847,0.093273
757,13522,0.079768
758,12427,0.368542
758,13147,0.09595
758,15310,0.08166
759,12428,0.172608
759,13584,0.06414
759,11820,0.059418
759,19804,0.057551
759,19103,0.074673
760,12429,0.131587
760,15626,0.109498
760,15893,0.080531
760,13146,0.074854
761,12430,0.273506
761,12793,0.134417
761,13007,0.07373
762,12249,0.155498
762,12442,0.055267
763,12431,0.159984
763,15789,0.223528
764,12432,0.155371
764,16219,0.181179
765,12435,0.161423
765,13194,0.095436
765,13773,0.115142
766,11980,0.129131
766,12149,0.153593
767,12436,0.129573
767,14978,0.056763
767,14085,0.21736
767,15896,0.052184
767,16196,0.102302
768,12437,0.498385
769,12438,0.104172
769,14987,0.06059
769,17043,0.089661
769,17202,0.064713
769,19196,0.065176
770,11947,0.175773
770,12395,0.09842
771,12439,0.382545
771,14201,0.06777
772,12440,0.35884
772,19833,0.109841
773,12441,0.211492
773,14021,0.310023
774,12443,0.099301
774,13365,0.091665
775,12444,0.163043
775,12352,0.242826
776,12445,0.327146
776,13664,0.280907
777,12446,0.320507
777,12453,0.076779
777,13193,0.059926
778,12447,0.055927
778,16037,0.094381
778,13494,0.110277
778,14814,0.108827
778,19502,0.098297
779,12448,0.559408
780,12449,0.141373
780,12596,0.219152
780,12042,0.112629
781,12450,0.093273
781,13146,0.096649
781,14352,0.260605
782,12451,0.311954
782,12537,0.189581
783,12452,0.422883
784,12454,0.415883
785,12455,0.288872
785,15731,0.072906
786,11820,0.445718
787,11811,0.475148
788,11953,0.184784
789,12102,0.311907
789,16039,0.09325
790,12457,0.150254
790,12510,0.394904
791,12459,0.556707
792,12460,0.089956
792,13978,0.099456
792,14373,0.055258
792,14573,0.169458
793,12462,0.083788
793,12466,0.278683
793,19488,0.085918
794,12463,0.091468
794,12176,0.267384
794,11980,0.244075
795,12464,0.074362
795,12468,0.058248
795,12469,0.058444
795,13043,0.111834
795,13506,0.074444
796,12465,0.102267
796,12045,0.117021
796,13280,0.101778
797,12467,0.340456
797,12542,0.072195
798,12326,0.461734
798,12944,0.065902
798,14470,0.060418
798,16551,0.070987
799,12470,0.190739
799,15785,0.328664
800,12471,0.230462
800,14731,0.113869
800,14666,0.050867
801,12472,0.230047
801,12473,0.155866
802,12474,0.405679
802,12104,0.259479
803,12475,0.210409
804,12476,0.393632
804,14226,0.18021
805,12477,0.18909
805,13592,0.155273
806,12478,0.598793
807,12479,0.175445
807,13604,0.180171
807,12549,0.060672
808,12481,0.160035
808,15818,0.050107
808,13153,0.141641
809,12482,0.138198
809,14900,0.121482
809,15783,0.090606
809,16570,0.059026
810,12483,0.303322
810,19453,0.164257
811,12484,0.414717
812,12485,0.354184
812,20137,0.060559
812,21162,0.077681
813,12486,0.062234
813,12487,0.105046
813,11775,0.367839
813,16007,0.064313
814,12488,0.332844
815,11953,0.324756
816,12414,0.385722
817,11780,0.238525
817,11785,0.080435
818,12012,0.297628
819,12225,0.325241
819,14423,0.055575
820,11888,0.178764
821,12490,0.17423
821,15184,0.126898
821,17321,0.069496
822,12373,0.30161
822,15332,0.120569
822,17452,0.156947
823,12491,0.057479
823,12641,0.091627
823,13384,0.067078
823,12794,0.057015
824,12146,0.150119
824,12492,0.107457
824,15984,0.104071
824,12603,0.26204
825,12493,0.196866
825,14623,0.077227
826,11953,0.117039
826,11793,0.11963
826,11794,0.116693
827,12494,0.212322
827,12776,0.068632
827,14014,0.128538
828,12496,0.113842
828,16366,0.05742
828,16383,0.087714
829,12497,0.135054
829,16009,0.05233
829,12384,0.246668
830,12498,0.224338
830,13397,0.186895
831,12499,0.564737
832,12500,0.058314
832,12170,0.071148
832,13818,0.080482
833,12501,0.257087
833,14629,0.088158
834,12502,0.079033
834,12505,0.206582
834,13049,0.131497
835,12503,0.239982
835,13881,0.052743
835,11965,0.190989
836,12504,0.126137
836,13546,0.388741
837,12506,0.100238
837,13159,0.059114
837,14301,0.050039
837,12970,0.390835
838,11793,0.317103
838,11794,0.319356
839,12508,0.138782
839,12342,0.057332
839,19353,0.077287
840,12509,0.194724
840,13229,0.10235
840,21699,0.157206
841,12511,0.073963
841,16717,0.132348
841,16971,0.219978
841,18511,0.073945
842,12512,0.1128
842,12513,0.137327
842,14372,0.102263
842,16334,0.119996
843,12514,0.323949
843,18410,0.077939
844,12515,0.089965
844,12711,0.293039
844,13246,0.099124
844,16230,0.059291
845,12517,0.143233
845,12518,0.135136
846,12519,0.668205
847,12520,0.432709
847,17691,0.087746
848,11759,0.191436
849,12521,0.223237
849,13113,0.128362
850,11865,0.199674
850,13761,0.088562
851,12365,0.05663
851,12568,0.057155
851,12158,0.128013
852,12522,0.147981
852,15036,0.14269
853,12524,0.131541
853,13501,0.189251
853,15298,0.10159
853,16557,0.05615
854,12526,0.194742
854,11786,0.187629
855,12527,0.284211
855,15943,0.05385
856,12528,0.169192
856,11865,0.099806
856,15836,0.089604
857,12529,0.13375
857,12586,0.158307
857,13505,0.051681
857,12671,0.068626
857,14552,0.089322
858,12530,0.148126
858,12549,0.226346
858,13503,0.055622
859,12531,0.251538
859,14905,0.110988
859,14906,0.069137
860,12532,0.107319
861,12302,0.274493
861,16174,0.061865
862,12533,0.104304
862,13014,0.145327
862,15159,0.0517
863,12534,0.094684
863,15122,0.356886
864,12535,0.108599
864,13018,0.059615
864,12787,0.054601
865,11885,0.351931
866,12087,0.313935
867,12536,0.096271
867,12208,0.09325
867,12945,0.203343
867,14726,0.081793
867,13434,0.079487
868,12537,0.632742
869,12141,0.501669
870,12538,0.268447
870,14392,0.082021
870,15889,0.101956
870,14529,0.106285
871,12539,0.221982
871,13124,0.102506
871,14733,0.099238
871,16693,0.05377
872,12218,0.167767
872,12910,0.065359
872,11738,0.280848
872,13828,0.056506
873,12540,0.171758
873,12579,0.10075
873,13383,0.065298
873,19069,0.112559
873,20572,0.065288
874,12541,0.265944
875,12542,0.174455
875,14084,0.06426
875,14231,0.051083
876,12543,0.400315
876,18675,0.09373
877,12544,0.318539
877,13140,0.077413
877,15848,0.062698
878,12545,0.057143
878,15874,0.103047
878,12086,0.266695
879,11922,0.294623
880,12547,0.284461
880,14496,0.059087
881,12550,0.388689
882,12552,0.232206
882,12924,0.093499
883,12553,0.122458
884,12554,0.114893
884,17641,0.052982
885,12555,0.117346
885,12249,0.201205
886,12556,0.272657
886,15397,0.24863
887,12557,0.30368
888,12558,0.338893
888,15157,0.145071
889,12559,0.11169
889,12872,0.135484
889,20987,0.050169
890,11922,0.112977
891,12561,0.319477
891,14882,0.092663
892,12563,0.106234
892,12083,0.102718
892,12973,0.062896
893,11800,0.051996
893,13332,0.289323
893,16327,0.050781
894,12564,0.140139
894,13685,0.056452
894,14119,0.11433
895,12565,0.208497
895,16525,0.108595
896,12566,0.163759
896,21073,0.127658
897,12567,0.202432
897,16523,0.127643
897,20396,0.068218
898,11773,0.279294
899,12569,0.173727
899,13030,0.121899
899,13281,0.051564
899,13357,0.052954
900,12570,0.242113
900,12571,0.060727
900,16413,0.20023
901,11833,0.202363
902,12572,0.785416
903,12573,0.150001
904,12574,0.279831
905,12575,0.202653
905,14548,0.096426
905,16268,0.175538
906,12576,0.326877
906,14635,0.059386
906,16081,0.060385
907,12252,0.312772
908,12577,0.593231
909,12578,0.337011
909,16347,0.081921
909,18227,0.050462
910,12441,0.428736
911,12580,0.498815
912,12581,0.285567
913,12582,0.10342
913,13895,0.229487
913,15950,0.058999
914,12583,0.190344
914,12176,0.157203
915,12253,0.410444
916,12584,0.301408
916,13133,0.113728
916,15279,0.104817
916,16775,0.053531
917,12585,0.135304
917,17367,0.083817
917,18549,0.113964
917,13453,0.098902
917,13505,0.078695
918,11759,0.336617
919,11885,0.157287
920,12213,0.466934
921,12588,0.179011
921,12589,0.096102
921,14340,0.148313
922,12590,0.385628
923,11860,0.327002
924,12591,0.088109
924,15334,0.093713
924,16282,0.080868
925,12592,0.090275
925,14187,0.337581
925,15975,0.058102
925,16705,0.082363
926,12593,0.220407
927,12594,0.105523
927,12313,0.101151
928,12597,0.05039
928,15176,0.051819
929,12598,0.441442
930,12599,0.574542
931,12600,0.129114
931,13258,0.140708
932,11767,0.266
933,12601,0.139414
933,13134,0.141119
933,16321,0.111642
933,13315,0.074471
934,12473,0.057888
934,12210,0.159837
934,13997,0.126126
934,18570,0.101458
935,12602,0.075956
935,19232,0.165885
935,20612,0.105888
936,12603,0.220473
936,12991,0.176723
936,11928,0.063862
937,12604,0.124989
937,13436,0.170151
938,12547,0.467611
938,13916,0.056737
939,12605,0.284549
939,15175,0.263095
939,15639,0.068858
940,12606,0.133859
940,15740,0.096761
940,16544,0.075079
941,12607,0.337109
942,12608,0.291723
942,16436,0.108542
942,15813,0.077865
943,11798,0.130941
944,12015,0.183388
945,11785,0.133776
946,11900,0.051445
946,13518,0.060616
947,12611,0.116124
947,14537,0.176323
947,17508,0.071958
948,12612,0.120694
948,13267,0.092107
948,13509,0.14723
948,13514,0.125632
948,13837,0.054421
949,11749,0.171296
950,12613,0.161269
950,13869,0.195585
950,18006,0.057922
951,12614,0.508122
951,12789,0.080109
952,12615,0.130743
952,14035,0.316881
952,18101,0.053038
953,12125,0.397012
953,12992,0.05436
954,12616,0.05741
954,14215,0.052382
954,15267,0.180732
954,15570,0.061919
954,15820,0.070898
955,12617,0.507804
956,12622,0.329546
956,13146,0.234486
956,13945,0.065733
957,12623,0.42913
957,13424,0.058263
958,11794,0.255516
959,11785,0.379165
960,12624,0.079474
960,12933,0.2237
961,12625,0.355468
961,20017,0.05761
962,12626,0.11736
962,15093,0.161176
962,15460,0.054452
962,17251,0.084778
963,12627,0.476668
963,14143,0.066691
964,12628,0.290268
964,12629,0.165021
964,12630,0.073755
964,14908,0.113129
965,12631,0.148992
965,13120,0.060918
965,15386,0.191519
965,12676,0.118163
966,12632,0.299605
966,14294,0.092911
966,12008,0.145166
967,12633,0.305438
967,13433,0.050452
968,11734,0.349172
969,11798,0.063838
970,12532,0.267237
970,11860,0.080493
971,11749,0.174038
972,12213,0.264549
973,12634,0.059982
973,12828,0.462288
973,14502,0.069047
974,12635,0.054359
974,12907,0.075137
974,11876,0.126422
974,14436,0.079329
975,12636,0.135505
976,12637,0.117844
976,12724,0.075264
977,12638,0.145615
977,13391,0.320405
977,16528,0.060416
977,17003,0.100438
978,12639,0.304587
978,15806,0.173708
979,12642,0.325124
979,16623,0.0636
980,12643,0.125255
980,11893,0.104137
980,13599,0.10369
981,12644,0.184545
981,13097,0.109053
981,13716,0.063035
981,14149,0.069983
982,12645,0.459209
983,12646,0.275565
983,13484,0.165264
984,12135,0.239807
984,13179,0.177956
984,14437,0.051672
985,11948,0.312338
986,12087,0.29003
987,12054,0.277216
987,12689,0.36531
987,17422,0.061878
988,12307,0.18012
989,12648,0.751335
990,12649,0.269664
990,16900,0.090503
990,16994,0.100939
991,12650,0.320552
992,12651,0.073013
993,12652,0.339327
993,12843,0.215002
994,12653,0.061848
994,15959,0.111574
994,16851,0.094095
994,15976,0.050981
995,12140,0.415007
995,12164,0.434195
996,12654,0.055221
996,12738,0.262325
996,12686,0.159037
996,13877,0.089596
997,12656,0.082616
997,13315,0.266743
997,19403,0.129284
998,12657,0.456631
998,12658,0.078064
998,12062,0.219804
998,12191,0.084265
999,12659,0.065055
999,13316,0.265009
1000,12661,0.088392
1000,13008,0.109726
1000,13009,0.294826
1000,18512,0.053629
1001,12140,0.39425
1001,12164,0.442917
1002,12663,0.088967
1002,12304,0.346348
1002,14681,0.11617
1003,12665,0.058234
1003,13554,0.328283
1003,15425,0.109292
1003,15804,0.085414
1004,12666,0.078355
1004,18985,0.07838
1005,12667,0.075232
1005,13108,0.179994
1005,13006,0.059646
1006,12668,0.406537
1007,12669,0.176624
1007,12672,0.300923
1007,16540,0.05853
1008,12670,0.156381
1008,12243,0.051624
1008,17036,0.069668
1008,16756,0.088115
1009,12355,0.456233
1009,12674,0.258979
1009,16988,0.062316
1010,12675,0.511869
1010,16539,0.131248
1011,12677,0.40587
1011,16119,0.055402
1011,17874,0.07721
1011,18641,0.055111
1011,16863,0.056993
1012,12422,0.545012
1012,12770,0.125765
1013,12678,0.343668
1013,19990,0.069164
1014,12679,0.143209
1014,12680,0.155258
1014,13668,0.067836
1015,12681,0.43499
1015,12679,0.05761
1016,12682,0.167067
1016,16380,0.372303
1017,12683,0.499867
1018,12684,0.404755
1019,12685,0.411125
1019,13654,0.054581
1020,12686,0.141654
1020,12738,0.13587
1020,13877,0.076955
1021,12687,0.07469
1021,15466,0.066688
1021,19036,0.06121
1021,18527,0.085563
1021,13663,0.088028
1022,12688,0.321152
1022,15436,0.139655
1022,15399,0.138624
1022,20292,0.059894
1023,12690,0.073672
1023,12778,0.11664
1023,14571,0.069083
1023,14876,0.133436
1024,12689,0.330999
1024,15904,0.143605
1025,12691,0.37711
1025,13408,0.14
1025,13785,0.094267
1026,12692,0.063238
1026,12874,0.315212
1027,12693,0.071771
1027,12622,0.291158
1028,12694,0.51183
1029,12695,0.575131
1030,11832,0.357668
1030,15538,0.060698
1030,16192,0.058312
1031,12696,0.107882
1031,13873,0.060335
1031,13875,0.083054
1031,17883,0.083643
1031,15516,0.172734
1032,12697,0.338771
1032,15547,0.119079
1032,15548,0.112019
1032,21929,0.068771
1033,12698,0.073004
1033,17554,0.198805
1033,17663,0.143341
1033,19401,0.157036
1034,12699,0.104681
1034,15377,0.067195
1034,15764,0.079414
1034,16169,0.171154
1035,12700,0.19861
1036,11953,0.233903
1036,14715,0.057573
1037,11874,0.287423
1038,11950,0.094934
1039,12701,0.253825
1040,12702,0.255567
1040,13412,0.089272
1040,14020,0.209484
1041,12704,0.076119
1042,12705,0.194347
1042,13768,0.085675
1042,16707,0.070172
1043,12706,0.241125
1044,12707,0.606235
1045,12708,0.37859
1045,21321,0.060072
1045,21811,0.057919
1046,12041,0.070361
1046,12709,0.056021
1046,14130,0.138176
1046,13491,0.16077
1046,12104,0.074395
1046,16302,0.067569
1047,12710,0.094582
1047,13004,0.18289
1047,14970,0.170025
1047,15305,0.074054
1048,12712,0.070241
1048,13691,0.285901
1048,14349,0.087929
1048,13319,0.093553
1049,12713,0.092285
1049,13185,0.06638
1049,15214,0.093017
1049,12742,0.051971
1050,12714,0.185623
1050,13300,0.259666
1050,12470,0.051675
1051,11961,0.389494
1051,13302,0.05974
1051,17397,0.074292
1052,12715,0.16975
1052,12169,0.151506
1052,12235,0.222128
1053,12716,0.173416
1053,15342,0.155589
1053,17391,0.06579
1054,12717,0.119647
1054,14009,0.168252
1054,19966,0.069364
1055,12718,0.46577
1055,12719,0.210805
1055,19191,0.062515
1056,12720,0.118779
1056,18518,0.116126
1056,13872,0.06035
1056,21139,0.067139
1057,12721,0.345297
1057,19683,0.082997
1057,21624,0.115711
1058,12725,0.141208
1058,14064,0.131742
1058,14101,0.076524
1058,15465,0.061071
1058,17216,0.08615
1059,12249,0.194376
1059,12312,0.23272
1060,12727,0.156859
1060,14598,0.217728
1060,16300,0.09857
1060,19974,0.077401
1061,12728,0.091472
1061,13701,0.328641
1061,18851,0.119431
1062,11873,0.077361
1062,11874,0.491624
1063,12335,0.085989
1063,12729,0.128951
1063,12730,0.054042
1063,11874,0.057832
1063,17522,0.185545
1063,21513,0.116733
1064,12731,0.264189
1064,12844,0.075815
1065,11794,0.408819
1066,12414,0.213472
1067,12733,0.120783
1067,13117,0.103229
1067,13118,0.06637
1067,13715,0.075988
1067,15571,0.079435
1068,12734,0.153753
1068,11889,0.194029
1068,12054,0.288893
1069,12735,0.195237
1069,12879,0.091058
1069,15735,0.169268
1069,18176,0.064044
1070,12736,0.286522
1070,19687,0.074568
1071,12737,0.194882
1072,11955,0.307786
1072,13127,0.149513
1073,12360,0.223711
1074,12739,0.614412
1075,11836,0.31375
1075,14659,0.070725
1076,12740,0.199908
1076,15022,0.093709
1076,21026,0.066962
1076,21231,0.06722
1076,21778,0.067104
1077,12741,0.093868
1077,13778,0.053522
1077,14545,0.111785
1078,12742,0.092879
1078,15214,0.227149
1078,18501,0.055817
1078,12693,0.06493
1079,12744,0.213237
1079,14507,0.145609
1079,13038,0.144861
1080,12745,0.161463
1081,12746,0.10727
1081,20600,0.085966
1081,16915,0.20046
1082,12747,0.373547
1083,12749,0.087438
1083,21051,0.109577
1084,12750,0.119499
1084,19186,0.134368
1085,12367,0.481998
1086,12751,0.252524
1087,11759,0.055319
1088,12488,0.087264
1089,11850,0.4471
1090,11860,0.132353
1090,13601,0.068383
1090,11759,0.069097
1091,11773,0.103171
1091,13495,0.100108
1092,12752,0.174511
1092,17196,0.167502
1092,19276,0.136698
1092,19869,0.104432
1093,12753,0.419406
1094,12414,0.294791
1095,12015,0.324373
1096,11888,0.231411
1097,12755,0.06447
1097,12328,0.207588
1097,14360,0.111098
1098,11850,0.125722
1098,11852,0.275717
1098,19172,0.0677
1099,12225,0.350621
1100,12287,0.258878
1101,12756,0.40496
1102,12758,0.155852
1102,14858,0.139518
1102,15866,0.124089
1103,12759,0.509935
1104,11872,0.247845
1105,12760,0.067572
1105,11733,0.087634
1106,12761,0.131445
1106,14451,0.096483
1106,16021,0.061606
1106,19139,0.231263
1106,19931,0.061606
1107,12764,0.064161
1107,12552,0.053075
1108,12765,0.098865
1108,13999,0.230515
1108,17655,0.099947
1109,12766,0.49279
1109,19385,0.068231
1110,12767,0.265617
1110,16711,0.195185
1111,12768,0.055338
1111,13531,0.081943
1111,17432,0.086918
1112,12769,0.108473
1112,13258,0.200474
1112,12600,0.064706
1113,12771,0.308785
1113,14037,0.289972
1114,12367,0.097356
1114,12235,0.137172
1114,15558,0.14804
1114,12181,0.114683
1115,12772,0.307337
1115,19255,0.051529
1115,11846,0.150087
1115,21401,0.059381
1116,11847,0.349434
1117,12773,0.408517
1118,12774,0.166312
1118,17926,0.139751
1119,12609,0.221738
1119,12136,0.179922
1119,12126,0.059561
1120,11847,0.302559
1120,11959,0.167273
1121,12775,0.247464
1121,17267,0.080848
1121,11778,0.107902
1121,20896,0.056373
1122,12042,0.578295
1123,12777,0.296553
1123,19531,0.051994
1124,12780,0.229026
1124,12963,0.066285
1125,12781,0.053257
1125,15485,0.223666
1125,16063,0.094544
1125,19570,0.074158
1126,12783,0.054308
1127,12784,0.110624
1127,16551,0.195265
1128,12785,0.088537
1128,16582,0.067018
1128,17581,0.050099
1129,12786,0.263261
1129,20273,0.08386
1130,12787,0.14214
1130,12704,0.078457
1130,18572,0.06833
1131,12788,0.281836
1131,20324,0.079848
1132,12124,0.540135
1133,12789,0.448971
1133,15534,0.151023
1134,12790,0.565308
1135,12448,0.391854
1135,12791,0.29959
1136,12792,0.418118
1137,12794,0.605717
1138,12795,0.071315
1138,13751,0.479666
1139,11749,0.16281
1139,12242,0.136074
1140,11820,0.312904
1141,11833,0.253077
1141,19717,0.238134
1142,12796,0.063431
1142,11995,0.104597
1143,12797,0.099521
1143,12844,0.196028
1143,12189,0.06075
1143,12285,0.117493
1144,12382,0.596188
1145,12737,0.086603
1145,14576,0.265678
1145,14577,0.315322
1146,12798,0.101105
1146,13880,0.21915
1146,16960,0.087949
1147,12138,0.16377
1147,14700,0.089338
1148,12799,0.100213
1148,14216,0.094485
1148,16175,0.174893
1148,16867,0.089579
1149,12800,0.093659
1149,14106,0.225217
1149,18492,0.066482
1150,11969,0.300445
1150,13113,0.078048
1151,12801,0.373548
1152,12225,0.121099
1153,12802,0.155259
1153,11961,0.105146
1153,20074,0.0781
1154,12803,0.134508
1154,12959,0.066663
1154,20148,0.071108
1155,12804,0.183265
1156,12805,0.543387
1157,12806,0.050948
1157,12367,0.158204
1157,20021,0.072144
1158,12807,0.082792
1158,13729,0.187847
1158,16524,0.089834
1159,12808,0.355753
1159,16985,0.112377
1160,12806,0.202677
1160,14610,0.069068
1160,16241,0.124909
1160,17684,0.050778
1160,20481,0.081208
1161,11860,0.066553
1162,12809,0.286869
1162,12958,0.152212
1163,12810,0.400225
1164,11852,0.448922
1164,11850,0.419166
1165,11772,0.249474
1165,11885,0.189592
1166,11799,0.23889
1166,15233,0.058149
1167,12811,0.114362
1167,15578,0.081761
1167,15245,0.381198
1167,16654,0.050761
1168,12812,0.219143
1169,12813,0.848613
1170,12814,0.439266
1171,12815,0.269443
1172,12816,0.394535
1172,16155,0.068534
1173,11936,0.405972
1173,11779,0.062115
1174,12600,0.759803
1175,12817,0.090655
1175,12235,0.209412
1175,17201,0.090804
1175,12367,0.128953
1176,11969,0.289769
1176,11782,0.095075
1176,12319,0.065373
1177,12818,0.523411
1178,12819,0.279397
1179,11793,0.405331
1179,11794,0.336301
1180,12820,0.260813
1180,13008,0.086351
1180,12209,0.117735
1180,14103,0.060598
1181,12822,0.214289
1181,13059,0.090734
1181,13185,0.051895
1181,12516,0.092468
1182,12823,0.278703
1183,12824,0.112059
1183,13001,0.095795
1183,13662,0.076484
1184,12825,0.080952
1184,12576,0.062717
1184,18316,0.068974
1185,12629,0.181464
1185,13069,0.101668
1186,12826,0.339799
1186,19265,0.091156
1187,12827,0.438371
1187,11836,0.054512
1188,12829,0.160467
1189,12830,0.051881
1189,11727,0.079895
1189,15696,0.064976
1189,13983,0.121987
1190,12831,0.055343
1190,13993,0.065415
1190,12377,0.065552
1190,12530,0.081328
1190,15678,0.092341
1191,12833,0.204268
1191,15629,0.07315
1192,12834,0.204246
1192,17739,0.114202
1192,20054,0.114196
1193,12835,0.224792
1193,13643,0.128568
1193,16629,0.121608
1193,18491,0.105609
1193,18664,0.086955
1194,12836,0.140612
1195,12837,0.198341
1195,19883,0.138595
1195,20655,0.119703
1196,12398,0.074713
1197,12838,0.191685
1198,12839,0.195963
1198,17526,0.238273
1199,12840,0.068038
1199,16676,0.121763
1199,19723,0.121762
1199,21114,0.068066
1200,12842,0.210767
1201,12227,0.064024
1202,11874,0.129805
1203,11794,0.424677
1204,11782,0.235772
1205,12107,0.116139
1205,12144,0.239132
1205,12342,0.055488
1206,12844,0.062333
1206,17421,0.082095
1206,12652,0.06979
1206,13700,0.213981
1207,11937,0.397171
1207,12845,0.068736
1207,14253,0.275916
1208,12847,0.178366
1208,15919,0.245482
1208,17332,0.053184
1209,12473,0.448764
1209,16275,0.054934
1209,16755,0.091126
1210,12848,0.083754
1210,18702,0.203144
1211,12849,0.166957
1211,13734,0.078673
1211,15793,0.051659
1211,15947,0.271352
1212,12851,0.258071
1213,12852,0.250519
1214,11783,0.111702
1215,12853,0.096452
1215,17888,0.556229
1216,12854,0.346664
1217,12855,0.145733
1217,13026,0.081014
1217,21331,0.064248
1218,12856,0.115049
1218,13314,0.068426
1218,13510,0.328605
1218,16504,0.059406
1219,12857,0.13852
1219,19832,0.323962
1220,12858,0.169158
1220,14166,0.302607
1221,12859,0.08346
1221,14005,0.152718
1221,14938,0.265452
1222,12861,0.082114
1222,15416,0.253206
1222,17222,0.089955
1222,18484,0.058739
1223,12862,0.186633
1223,16076,0.209117
1224,12863,0.434468
1225,12864,0.064728
1225,12804,0.130718
1225,14516,0.055932
1226,12865,0.482079
1226,16526,0.098593
1227,12866,0.271936
1227,14441,0.180595
1227,14813,0.051891
1228,12868,0.082138
1228,12530,0.232322
1228,12458,0.150461
1229,12869,0.3966
1229,13396,0.155008
1230,12009,0.152308
1230,20350,0.050788
1231,12872,0.421447
1231,13351,0.096543
1232,12875,0.149268
1232,12581,0.062061
1233,12563,0.407144
1234,11851,0.050567
1235,11950,0.117767
1235,11780,0.098715
1235,11781,0.136679
1236,11781,0.235353
1236,17908,0.072424
1237,11950,0.235499
1238,11874,0.193269
1239,12876,0.224341
1239,13071,0.1378
1240,12877,0.052515
1240,12880,0.413365
1240,12124,0.085113
1241,12878,0.182896
1241,12881,0.151812
1241,14203,0.066255
1242,12012,0.145022
1243,12882,0.182519
1244,12883,0.503467
1245,12884,0.359403
1245,15987,0.140982
1246,12885,0.520017
1246,14822,0.088521
1247,11759,0.18083
1248,12886,0.313364
1249,11922,0.207322
1250,12887,0.319107
1251,12888,0.451028
1251,15361,0.108519
1252,12890,0.059459
1252,13577,0.104872
1252,13727,0.283175
1252,14609,0.07039
1253,11862,0.332073
1254,11780,0.128199
1255,12892,0.097683
1255,12915,0.404373
1255,15274,0.065596
1256,12894,0.261127
1256,18298,0.297022
1257,12895,0.237518
1257,13512,0.109668
1257,17569,0.103245
1257,17981,0.096131
1258,12896,0.053226
1258,13637,0.165196
1258,15311,0.312541
1258,14594,0.058002
1259,12897,0.19743
1259,12032,0.282827
1260,11759,0.331473
1261,11850,0.097221
1262,12899,0.144121
1263,12700,0.055277
1263,12899,0.20654
1264,12900,0.157099
1264,13070,0.27899
1265,12901,0.099818
1265,15969,0.106526
1265,16101,0.10435
1265,12434,0.1387
1266,12902,0.436122
1267,11791,0.47662
1268,12903,0.653589
1269,12904,0.559026
1270,11948,0.362123
1271,12905,0.301047
1272,11838,0.489654
1273,11953,0.349763
1274,12414,0.100169
1274,13494,0.050006
1275,12906,0.347261
1275,19678,0.059489
1276,11759,0.095856
1277,12908,0.311156
1277,12905,0.138218
1278,11734,0.213103
1279,12908,0.295463
1280,12909,0.254183
1280,17240,0.117333
1281,12911,0.482144
1282,12472,0.055996
1282,13471,0.227713
1282,13070,0.196182
1283,12912,0.258906
1283,17710,0.065159
1284,12913,0.201973
1284,14840,0.108913
1284,19258,0.052145
1285,12914,0.596126
1286,12916,0.157853
1286,14113,0.197744
1286,17073,0.066858
1287,12917,0.071782
1287,13936,0.447189
1287,14147,0.070418
1287,15265,0.055943
1288,12918,0.43785
1289,12919,0.182747
1290,11886,0.358535
1291,11953,0.278226
1292,12920,0.197154
1293,11785,0.226475
1294,12242,0.058743
1295,12921,0.459528
1295,12922,0.214353
1295,21202,0.171005
1296,12923,0.31115
1297,12925,0.054469
1297,13874,0.229985
1297,12409,0.173605
1298,12926,0.18548
1298,12707,0.272455
1298,16898,0.128631
1299,12927,0.312603
1299,20520,0.146488
1300,12015,0.377042
1301,12015,0.375584
1302,12319,0.144763
1302,11782,0.057435
1302,11969,0.22454
1303,12225,0.078615
1303,13420,0.09974
1304,12928,0.302795
1304,12936,0.094376
1304,12141,0.05211
1304,16239,0.063462
1304,18218,0.071707
1305,12491,0.208935
1305,12641,0.160921
1305,12794,0.089884
1306,12929,0.144482
1306,13086,0.111638
1306,12174,0.077439
1307,12930,0.091001
1307,13889,0.236013
1307,19612,0.081618
1307,20235,0.151482
1308,12931,0.078728
1308,15139,0.164056
1308,16946,0.115379
1308,13330,0.071845
1309,12933,0.246136
1309,12484,0.18266
1309,17716,0.065836
1310,12934,0.073956
1310,11757,0.338534
1311,12935,0.065428
1311,18849,0.089604
1311,19818,0.267844
1311,20120,0.084203
1312,12268,0.473182
1312,14174,0.158316
1313,12937,0.34397
1313,21467,0.088769
1314,12938,0.444902
1315,12939,0.054043
1315,14432,0.06027
1315,11827,0.057939
1315,13633,0.215799
1316,12940,0.050733
1316,13858,0.098531
1316,14177,0.206935
1317,12941,0.076273
1317,13460,0.050743
1317,14433,0.074173
1317,13671,0.079882
1318,12943,0.227856
1318,20223,0.145439
1319,12946,0.248508
1319,12947,0.326472
1320,12948,0.389067
1320,18212,0.055825
1321,12949,0.382804
1321,13667,0.080719
1322,11776,0.157133
1322,16108,0.129991
1323,12213,0.249701
1324,12151,0.223939
1325,12950,0.062477
1325,13651,0.150285
1325,15158,0.061944
1325,18082,0.058016
1325,19412,0.056034
1325,18960,0.195763
1326,12951,0.071789
1326,15458,0.061338
1326,16538,0.164576
1327,12954,0.073504
1327,15723,0.151641
1327,16209,0.053164
1327,17866,0.065181
1327,19341,0.056462
1328,12955,0.092049
1328,15215,0.325455
1328,19321,0.092023
1329,12956,0.333247
1329,15623,0.076146
1329,20403,0.058506
1330,12957,0.186475
1330,11821,0.13927
1331,12959,0.074103
1331,13354,0.303513
1331,13356,0.087188
1331,17679,0.081206
1331,20742,0.057147
1332,12581,0.491771
1333,12960,0.188097
1334,12367,0.105932
1335,12964,0.372354
1335,14896,0.058558
1336,12966,0.185428
1336,16773,0.050438
1337,12967,0.09977
1337,13066,0.092639
1338,12968,0.357175
1338,15315,0.070638
1338,15774,0.170008
1339,12969,0.050187
1339,12158,0.387236
1339,13826,0.053361
1339,12568,0.065405
1340,12571,0.119727
1340,14644,0.078569
1341,12235,0.192423
1341,13254,0.082911
1341,12514,0.052205
1341,13146,0.076468
1341,14663,0.052761
1342,12971,0.081159
1343,12439,0.05824
1343,11739,0.144153
1343,12428,0.202022
1344,12972,0.543785
1345,12973,0.40738
1346,12974,0.07421
1346,12352,0.173035
1346,16104,0.172722
1346,12973,0.051926
1347,12975,0.347928
1347,13505,0.365299
1348,12977,0.32158
1348,12514,0.138332
1349,12978,0.133248
1349,14112,0.222464
1350,12980,0.302395
1350,13553,0.14614
1351,12981,0.124951
1351,14823,0.143871
1351,17342,0.086662
1351,12533,0.080732
1352,12982,0.374942
1352,12176,0.130073
1352,14848,0.165117
1352,17532,0.071056
1353,12983,0.250792
1353,13165,0.062531
1353,15049,0.066255
1354,12984,0.117684
1354,16638,0.11172
1354,20244,0.054835
1355,12985,0.703914
1356,12986,0.058662
1356,13803,0.229047
1356,14159,0.1419
1357,12987,0.586339
1358,12988,0.165514
1358,12990,0.290864
1358,19390,0.053911
1359,12989,0.363103
1359,14494,0.177801
1360,12993,0.233214
1360,13115,0.211044
1360,12994,0.086093
1361,12994,0.127537
1361,12993,0.148969
1361,13115,0.115134
1361,13114,0.144392
1362,12995,0.289026
1362,16010,0.414204
1363,11799,0.437063
1364,12996,0.067548
1364,14365,0.188466
1364,18196,0.061108
1364,18524,0.076333
1365,11782,0.066588
1366,12997,0.273854
1366,16895,0.052458
1367,12570,0.150839
1367,14806,0.058553
1367,18319,0.104731
1367,19586,0.104745
1367,14528,0.123336
1368,12999,0.133835
1368,14079,0.163121
1368,14289,0.310612
1369,11811,0.27846
1370,11782,0.409648
1370,11969,0.371687
1371,11953,0.14194
1371,16959,0.089229
1372,13000,0.225941
1372,14070,0.052723
1372,14337,0.05952
1372,18760,0.100201
1373,13002,0.548768
1374,12225,0.297468
1375,13003,0.121051
1375,14332,0.253919
1375,16256,0.16319
1376,13006,0.051838
1376,12667,0.14066
1376,13108,0.23576
1376,19242,0.109736
1376,19662,0.107904
1377,13010,0.270293
1377,14741,0.224502
1377,18513,0.053926
1378,13011,0.61487
1379,11793,0.409263
1379,11794,0.42184
1380,13012,0.092222
1380,13183,0.083015
1380,14657,0.077639
1380,15442,0.255805
1381,12704,0.252259
1381,20476,0.063075
1382,13013,0.052134
1382,14210,0.282903
1382,17763,0.081663
1383,13016,0.072595
1383,12164,0.276886
1383,13367,0.06301
1384,11773,0.149715
1385,12190,0.145825
1385,11893,0.073148
1385,13500,0.050302
1386,13019,0.112782
1386,13020,0.231409
1386,13814,0.17648
1386,18637,0.05899
1387,13021,0.296947
1387,13644,0.092922
1388,13022,0.064403
1388,13023,0.057715
1389,13023,0.076412
1389,14528,0.099546
1389,12371,0.050436
1389,14613,0.053599
1390,13024,0.214817
1390,14523,0.092823
1390,19702,0.06582
1391,11890,0.299779
1392,13025,0.144871
1392,11935,0.074811
1392,13434,0.07117
1392,18733,0.058845
1393,13026,0.175851
1393,17961,0.200807
1393,20691,0.05157
1394,12213,0.159853
1395,11872,0.240713
1395,13470,0.062677
1396,11751,0.495468
1396,13863,0.072841
1397,13028,0.076524
1397,16384,0.076524
1397,17409,0.22839
1397,15619,0.181203
1398,13029,0.209239
1398,14267,0.247803
1398,21865,0.050285
1399,13032,0.123057
1399,17091,0.092476
1399,21676,0.092741
1400,13033,0.28229
1400,15574,0.117161
1400,15877,0.117258
1401,13034,0.067451
1401,12367,0.280055
1402,13035,0.092635
1402,16461,0.238979
1402,18061,0.092646
1402,14784,0.127815
1403,13036,0.150395
1403,14263,0.060703
1404,13037,0.200787
1405,11996,0.255072
1405,13038,0.050642
1405,11830,0.069731
1406,13039,0.107797
1406,14068,0.122065
1406,18546,0.065042
1406,17639,0.150934
1407,13040,0.268348
1407,13593,0.175721
1408,13041,0.140035
1409,12923,0.233494
1409,13180,0.210441
1409,12196,0.147894
1409,13092,0.067699
1410,13042,0.21604
1410,12954,0.142529
1410,13307,0.080114
1411,13044,0.285241
1411,15032,0.097847
1411,19731,0.054326
1411,17786,0.094845
1412,13045,0.275921
1412,13046,0.253894
1413,12057,0.164703
1413,13047,0.127693
1413,13014,0.065403
1413,12141,0.134862
1414,13048,0.053617
1414,15833,0.097199
1414,15971,0.051901
1415,13051,0.077943
1415,16319,0.126499
1415,17017,0.151759
1415,14203,0.054339
1415,12878,0.078853
1416,13052,0.241378
1416,17032,0.066326
1416,15409,0.085508
1416,16232,0.052164
1417,13053,0.120758
1417,17618,0.147251
1417,21253,0.147242
1418,13054,0.278917
1419,12083,0.105298
1419,12973,0.08742
1420,12208,0.233935
1420,13434,0.078963
1420,12536,0.113473
1420,18545,0.057178
1421,13057,0.24276
1421,15057,0.131206
1422,12860,0.206
1423,13058,0.208314
1423,16139,0.276319
1424,13060,0.505174
1424,14366,0.067352
1425,12242,0.136225
1426,13061,0.294449
1426,17773,0.074445
1427,13062,0.06216
1427,18333,0.056743
1427,18918,0.058117
1428,13064,0.146472
1428,14102,0.23913
1428,16663,0.203441
1429,13065,0.246038
1429,14758,0.176548
1430,13067,0.343788
1430,17709,0.145634
1431,13068,0.377908
1431,15066,0.14232
1432,13070,0.290059
1432,14677,0.093446
1432,19666,0.099725
1432,12613,0.113455
1433,13072,0.092393
1433,12235,0.092883
1433,12113,0.053773
1433,18780,0.081494
1433,19711,0.051493
1434,13073,0.385927
1434,16430,0.095536
1434,11764,0.054179
1435,13075,0.097253
1435,13076,0.062514
1435,13077,0.110819
1435,17104,0.063354
1435,19095,0.054092
1436,13078,0.151832
1436,13576,0.129464
1436,13782,0.096996
1436,14032,0.11227
1437,13079,0.259025
1437,15316,0.069598
1437,11988,0.079435
1438,11782,0.17567
1439,13080,0.414175
1440,11797,0.578971
1441,13081,0.406622
1441,15250,0.074494
1441,16096,0.134308
1442,13082,0.188522
1442,13155,0.170763
1443,12580,0.403453
1444,13083,0.160896
1444,14921,0.217319
1444,17969,0.105793
1444,19772,0.05273
1445,13084,0.156918
1445,16612,0.052778
1446,13085,0.144631
1446,13413,0.208835
1446,17968,0.064016
1447,13086,0.17702
1447,13719,0.153154
1447,15314,0.083306
1447,17658,0.060266
1448,11772,0.281819
1449,11872,0.285236
1450,13087,0.903676
1451,13088,0.988838
1452,11749,0.271672
1452,11734,0.083657
1453,13091,0.19664
1453,15268,0.062415
1453,13132,0.051971
1454,13092,0.320931
1454,12923,0.101594
1455,13093,0.455122
1455,15249,0.094699
1456,13094,0.27921
1456,12163,0.329253
1456,17775,0.067073
1456,13229,0.143033
1457,13095,0.283368
1457,13094,0.083353
1457,17837,0.057735
1458,13098,0.326913
1458,14622,0.089484
1458,16248,0.089484
1458,12985,0.112977
1459,13099,0.076157
1459,14450,0.284708
1459,18047,0.134531
1460,13100,0.149841
1460,14966,0.128122
1460,18706,0.053732
1460,18468,0.084392
1460,19014,0.068206
1461,13101,0.050633
1461,14260,0.196597
1461,16803,0.065712
1462,13080,0.489051
1463,12090,0.188435
1464,12235,0.170015
1465,13102,0.1609
1465,19052,0.171732
1466,13104,0.065255
1466,14836,0.059847
1466,16390,0.177934
1466,18979,0.073878
1467,12680,0.063446
1467,13106,0.053702
1467,12679,0.083607
1468,13107,0.294755
1469,12629,0.373888
1469,13108,0.227317
1469,19242,0.075882
1470,13109,0.143129
1470,12710,0.056094
1470,13004,0.104828
1470,14970,0.054591
1471,13110,0.1548
1471,13581,0.092909
1471,17879,0.074251
1471,11836,0.08048
1472,13111,0.150128
1472,14618,0.102956
1472,16531,0.133451
1472,11839,0.067175
1472,17405,0.061486
1473,12949,0.190865
1473,14793,0.068922
1473,14820,0.061568
1473,13667,0.165045
1474,13112,0.506967
1474,20825,0.18591
1475,13113,0.063521
1476,12214,0.266016
1477,12414,0.175285
1478,11799,0.476638
1479,13114,0.112357
1479,17952,0.196918
1480,13116,0.310479
1480,14120,0.130359
1480,13790,0.074902
1481,13119,0.324578
1482,13120,0.288339
1482,11912,0.114685
1483,13122,0.159051
1483,13123,0.113677
1483,14524,0.234634
1483,12820,0.107858
1483,15085,0.055614
1483,19178,0.053275
1484,13125,0.128917
1484,14115,0.171768
1484,15402,0.180391
1485,13126,0.301221
1485,14640,0.061936
1485,16649,0.105979
1486,13128,0.52934
1486,19896,0.114786
1487,13129,0.093502
1487,13954,0.164838
1487,15690,0.157096
1488,12015,0.373749
1489,12111,0.190775
1489,16530,0.060704
1489,19238,0.06722
1490,11873,0.092647
1490,11874,0.14887
1491,11851,0.358133
1492,11885,0.36384
1493,13130,0.12855
1494,12013,0.148696
1495,11735,0.23817
1496,13131,0.113496
1496,13940,0.084501
1497,13132,0.282587
1498,12250,0.180236
1498,16260,0.22595
1499,11754,0.403135
1499,14264,0.067501
1500,12134,0.147829
1500,12294,0.300508
1501,12846,0.172401
1501,12560,0.146883
1501,11905,0.066182
1502,13135,0.535958
1503,13136,0.165428
1503,13680,0.279021
1503,18561,0.053066
1504,13137,0.214987
1504,15005,0.114125
1504,11978,0.073829
1504,12675,0.126307
1505,13138,0.16795
1505,15710,0.427886
1506,13139,0.486417
1507,12828,0.385307
1507,13080,0.051401
1508,13141,0.328897
1508,14486,0.060599
1508,16553,0.053087
1508,17468,0.060616
1509,13142,0.064295
1509,13182,0.053195
1509,13292,0.136814
1509,14600,0.104941
1510,12516,0.089101
1510,13738,0.100385
1511,13143,0.097341
1511,13942,0.22803
1511,15373,0.067142
1512,12235,0.107317
1512,11865,0.070299
1513,13145,0.125309
1513,13152,0.069404
1513,14169,0.059755
1513,13090,0.06642
1514,12366,0.106537
1514,13149,0.081695
1514,12762,0.314941
1515,13148,0.104577
1515,19719,0.063936
1516,13150,0.051298
1516,13560,0.250925
1516,12624,0.149521
1517,13151,0.356961
1517,18744,0.094089
1517,13573,0.143095
1518,13153,0.341755
1518,12129,0.068975
1519,12621,0.102528
1520,13156,0.075221
1520,13163,0.078596
1521,13157,0.05128
1521,13543,0.10399
1521,15567,0.385047
1522,13158,0.292117
1522,13092,0.115481
1523,12126,0.205819
1524,13160,0.725388
1525,13161,0.319912
1525,13162,0.23458
1526,13164,0.332788
1526,18084,0.071003
1527,11734,0.137621
1528,11799,0.156664
1529,13166,0.219281
1529,15474,0.058972
1529,15554,0.219393
1529,17244,0.129124
1530,13167,0.299357
1531,11950,0.070464
1531,11749,0.104513
1532,13168,0.063789
1532,13346,0.14832
1532,17851,0.063538
1533,13169,0.165703
1533,13991,0.066763
1533,16871,0.110264
1533,19060,0.062433
1534,13170,0.354169
1534,12633,0.124049
1535,13171,0.261249
1535,13525,0.192538
1535,19131,0.064338
1536,12844,0.514013
1537,13172,0.2289
1537,15559,0.096747
1537,16716,0.17395
1537,17920,0.072678
1538,13173,0.239788
1538,15073,0.069324
1539,13174,0.448177
1540,13175,0.075878
1540,13329,0.339918
1540,19420,0.080766
1541,13177,0.536553
1542,13178,0.112962
1542,13458,0.18062
1543,12012,0.079374
1543,11804,0.137106
1544,11872,0.143813
1545,13181,0.506221
1546,11785,0.44589
1547,11852,0.403355
1548,12083,0.445449
1549,13184,0.10943
1550,11922,0.216982
1550,11749,0.269238
1551,13185,0.096028
1551,11830,0.078096
1552,13186,0.141227
1552,15989,0.090638
1552,15522,0.090651
1553,13187,0.310119
1553,14487,0.085976
1553,18330,0.05186
1554,11804,0.154511
1554,12012,0.14379
1555,11953,0.100401
1556,12242,0.074306
1557,11781,0.329398
1558,13188,0.161152
1558,14153,0.111424
1558,15118,0.161168
1558,18999,0.05846
1559,12982,0.258717
1559,12176,0.205212
1559,14758,0.063204
1560,13190,0.530054
1560,13191,0.158518
1561,13192,0.283073
1561,14018,0.051356
1561,15312,0.084792
1562,13195,0.103098
1562,12125,0.283337
1563,13197,0.313944
1563,14936,0.104743
1563,16286,0.111458
1564,13198,0.073409
1564,15840,0.094191
1564,12073,0.051132
1565,13199,0.145196
1565,20861,0.081271
1566,11798,0.181758
1566,12227,0.113817
1567,12085,0.195685
1567,11734,0.155026
1568,13200,0.192415
1569,12015,0.359249
1570,12087,0.39308
1571,12215,0.169655
1571,15190,0.184247
1572,11953,0.304021
1573,13201,0.394255
1573,18954,0.060598
1573,21394,0.113783
1574,11785,0.067403
1574,11780,0.057363
1575,13202,0.10477
1575,13947,0.283393
1575,12294,0.053104
1576,13203,0.063025
1576,12298,0.107518
1576,17116,0.099888
1576,17502,0.166362
1577,13204,0.067914
1577,13114,0.073727
1577,13646,0.061577
1578,13205,0.075611
1578,13733,0.214242
1579,11797,0.222551
1580,12621,0.261343
1580,12463,0.141944
1581,11853,0.07184
1581,11992,0.160957
1581,14491,0.222838
1582,13208,0.270344
1582,13211,0.069732
1582,13775,0.073234
1583,13209,0.349476
1583,13205,0.187366
1584,13210,0.181065
1584,14398,0.088519
1585,13212,0.054165
1585,13783,0.091084
1585,13211,0.067249
1585,19658,0.083652
1585,19943,0.051236
1586,11780,0.252239
1587,13213,0.684418
1588,12951,0.226009
1589,13215,0.131911
1589,13594,0.076848
1590,13216,0.107465
1590,13657,0.221631
1590,13661,0.15261
1591,13217,0.352392
1591,18875,0.062663
1592,13218,0.200863
1592,14662,0.122548
1592,15759,0.056413
1592,20741,0.087853
1593,13219,0.062675
1593,13221,0.097204
1593,17004,0.093755
1594,13220,0.313853
1594,15404,0.082805
1594,16297,0.054128
1595,13222,0.175628
1595,15110,0.096529
1596,11850,0.195454
1596,11852,0.284651
1597,11771,0.158033
1598,13223,0.083201
1598,15017,0.070669
1599,13225,0.054762
1599,16579,0.083584
1599,14533,0.068221
1599,14694,0.157352
1599,17056,0.074413
1600,13226,0.803069
1601,13228,0.116186
1601,13259,0.557636
1602,12568,0.072072
1602,12158,0.446895
1602,13826,0.055415
1602,12969,0.062153
1603,11985,0.111918
1603,11986,0.106104
1603,13146,0.081958
1603,13220,0.05065
1603,12610,0.0773
1604,12015,0.138929
1605,11759,0.275767
1606,11794,0.283135
1607,13229,0.174169
1607,13014,0.075022
1607,15244,0.053953
1608,12012,0.239508
1609,13113,0.086915
1610,13230,0.064469
1610,12617,0.179581
1610,13773,0.077709
1610,14154,0.057444
1611,13231,0.222511
1611,14855,0.261432
1612,13232,0.263912
1612,13989,0.089574
1612,14911,0.064103
1613,13233,0.552266
1614,12865,0.663179
1615,12603,0.117351
1615,12991,0.200562
1615,17105,0.090272
1616,12662,0.150321
1616,12270,0.100558
1616,13448,0.063244
1617,11854,0.166607
1617,15004,0.116656
1617,15550,0.126569
1618,13237,0.279565
1618,18334,0.250602
1619,13238,0.129935
1619,13660,0.093107
1619,12005,0.177643
1619,14083,0.065189
1620,13239,0.051424
1620,14665,0.256151
1620,16189,0.053781
1620,18543,0.081582
1621,13240,0.454058
1621,18417,0.081985
1622,12129,0.337692
1622,15692,0.194526
1622,19440,0.057598
1623,13241,0.249769
1623,16749,0.078585
1623,18420,0.064308
1624,13242,0.442877
1624,13016,0.120756
1624,14654,0.065148
1624,17103,0.065725
1625,13243,0.123561
1625,15407,0.078424
1626,12083,0.43363
1626,13244,0.051233
1627,12738,0.271985
1627,12654,0.171574
1627,12600,0.237944
1628,13247,0.29028
1628,15556,0.130628
1628,16445,0.054569
1629,13248,0.07162
1629,15338,0.080404
1629,16446,0.062945
1629,16094,0.072286
1630,13249,0.172398
1630,16744,0.066891
1630,17935,0.11619
1631,13250,0.056048
1631,15684,0.14804
1631,16342,0.177346
1631,15487,0.076148
1632,13252,0.066178
1632,16781,0.052533
1633,11969,0.114834
1634,11851,0.27916
1635,13253,0.062996
1635,15440,0.053925
1635,14302,0.133184
1636,12237,0.310491
1637,12012,0.09326
1638,13256,0.359109
1639,12237,0.181923
1640,13257,0.153261
1641,12532,0.096105
1642,11891,0.224406
1643,11885,0.345753
1644,13259,0.649779
1645,13260,0.17602
1645,12905,0.13569
1646,13261,0.411881
1646,13264,0.446468
1647,13262,0.268687
1648,13263,0.718754
1649,12087,0.311075
1650,13266,0.193146
1650,11961,0.309784
1651,13268,0.384068
1651,13509,0.153151
1652,13269,0.120468
1653,13271,0.114073
1653,13506,0.302114
1654,12155,0.335666
1655,13273,0.175923
1656,13274,0.41122
1657,13275,0.17622
1657,13767,0.191588
1657,14721,0.058192
1658,11794,0.490441
1659,13276,0.167795
1659,12323,0.084503
1659,20069,0.21845
1660,13277,0.290611
1660,13441,0.138011
1660,11738,0.079508
1661,13278,0.554203
1662,11734,0.057202
1663,11773,0.344043
1664,13279,0.074492
1664,14154,0.061337
1664,12617,0.091603
1664,15163,0.192369
1665,12213,0.051117
1666,11736,0.133627
1667,11799,0.356704
1668,12414,0.077847
1668,11948,0.076771
1669,11798,0.282172
1670,13282,0.145141
1671,13283,0.205498
1671,13883,0.097254
1671,14454,0.059738
1672,13284,0.322394
1673,11781,0.324646
1674,13285,0.278268
1674,14977,0.092081
1675,12704,0.086493
1675,12107,0.265198
1675,16287,0.053402
1675,12350,0.103672
1675,13611,0.057006
1676,13286,0.403425
1677,12155,0.471985
1677,11872,0.055258
1678,13287,0.174157
1679,13288,0.572222
1680,13289,0.059621
1680,16651,0.127161
1680,17348,0.052084
1681,13290,0.052556
1681,14067,0.141827
1682,13291,0.193459
1682,13293,0.087411
1682,17738,0.080949
1683,11968,0.323641
1684,13294,0.291233
1684,12949,0.138538
1685,12192,0.41685
1686,13295,0.124669
1686,14848,0.38454
1687,12931,0.132069
1687,13330,0.069142
1687,18596,0.218515
1688,13296,0.059316
1688,14282,0.203091
1688,15564,0.206557
1688,16465,0.06946
1688,18840,0.059252
1689,13297,0.143103
1689,14631,0.092191
1689,15392,0.276927
1689,17531,0.072045
1689,18937,0.056004
1690,12964,0.168738
1690,13299,0.126301
1690,14896,0.180079
1690,15847,0.067455
1690,19908,0.067581
1691,12950,0.07124
1691,17289,0.248357
1691,17613,0.054977
1691,19411,0.080264
1691,14514,0.058871
1692,13298,0.096285
1692,12003,0.160931
1692,15140,0.063068
1693,13092,0.561262
1694,12580,0.469297
1695,12875,0.402797
1696,12714,0.226498
1696,11889,0.116275
1697,12601,0.400906
1698,12444,0.493701
1699,13303,0.515901
1699,13304,0.2787
1700,13304,0.180906
1700,13167,0.248074
1700,16891,0.084341
1700,17610,0.077984
1701,13305,0.611976
1702,13008,0.283014
1702,14394,0.111168
1702,21905,0.085976
1703,13306,0.173614
1704,11804,0.225228
1704,12227,0.206689
1705,13307,0.155914
1705,11906,0.107027
1706,13308,0.156951
1706,15008,0.173139
1706,18601,0.091562
1706,21554,0.05847
1707,13309,0.090275
1707,12369,0.081281
1708,13002,0.247952
1709,13310,0.392927
1709,16568,0.099387
1710,13311,0.307488
1710,15395,0.214557
1711,12818,0.436639
1712,12238,0.258185
1712,15407,0.058266
1712,13243,0.09464
1713,12456,0.090589
1713,15218,0.081078
1713,18604,0.057912
1714,11953,0.338931
1715,11783,0.200324
1715,17676,0.055275
1715,11953,0.075799
1716,13312,0.250797
1716,15447,0.128609
1717,13313,0.090436
1717,16256,0.135916
1718,12657,0.446919
1718,12062,0.270031
1718,12191,0.100539
1719,12923,0.301227
1719,14360,0.085663
1719,17622,0.070747
1719,17416,0.204412
1720,13317,0.091317
1720,13817,0.059977
1720,14315,0.06676
1721,13318,0.352163
1722,13319,0.056643
1723,13320,0.20867
1724,13321,0.088383
1724,14510,0.062014
1724,16143,0.210687
1724,13071,0.064903
1725,13322,0.09519
1725,13439,0.103635
1725,11913,0.098043
1725,11767,0.06177
1726,13324,0.056132
1726,14099,0.467005
1726,15791,0.108428
1727,13325,0.328253
1728,13327,0.195738
1728,12111,0.135732
1729,13328,0.575291
1730,13330,0.158441
1730,12931,0.058072
1730,16946,0.13588
1731,12594,0.230787
1731,14045,0.166999
1732,11775,0.150288
1732,13725,0.249098
1732,16522,0.133919
1732,16535,0.057449
1733,11776,0.134407
1733,13694,0.331257
1733,14591,0.074877
1734,11786,0.056361
1734,13331,0.398677
1734,12525,0.080945
1734,12526,0.065307
1735,12003,0.136094
1735,12404,0.074804
1735,15140,0.078925
1736,13335,0.093801
1736,11936,0.231205
1736,12976,0.108432
1736,11779,0.082351
1737,13336,0.707638
1738,11799,0.436208
1739,12227,0.239012
1740,13337,0.088018
1740,15736,0.190192
1740,17887,0.052615
1740,11827,0.156772
1741,13338,0.088397
1741,17129,0.503588
1742,13339,0.112455
1743,13340,0.230197
1743,17714,0.056133
1744,13341,0.175849
1744,13344,0.175847
1744,19184,0.225655
1745,13343,0.106787
1745,14249,0.190918
1745,18242,0.114791
1746,13345,0.050948
1746,15621,0.217443
1746,15697,0.11224
1746,18459,0.072971
1747,13347,0.377262
1748,13348,0.483279
1749,13349,0.227049
1749,18827,0.058198
1749,18466,0.059301
1750,13350,0.231092
1750,19946,0.129344
1751,13352,0.084476
1751,18366,0.065021
1751,20305,0.080483
1751,20366,0.099714
1751,15204,0.065047
1752,13353,0.258391
1752,14413,0.11812
1753,11980,0.451982
1753,13090,0.103193
1754,13094,0.074653
1754,13358,0.184193
1754,13882,0.178423
1754,14961,0.052142
1754,18287,0.068793
1755,13359,0.208166
1755,13362,0.070006
1755,13248,0.097367
1755,15719,0.069688
1756,13360,0.279367
1756,18041,0.088681
1756,21679,0.070131
1757,13361,0.079046
1757,20140,0.196322
1758,11935,0.140878
1758,13295,0.320626
1758,13434,0.054363
1759,12058,0.386943
1760,13364,0.12822
1760,12210,0.19356
1760,11977,0.061417
1761,13366,0.195767
1761,15734,0.113601
1761,18068,0.06676
1762,13097,0.50492
1762,12644,0.094828
1763,12018,0.132924
1763,15742,0.278987
1764,12508,0.240935
1764,14108,0.126935
1764,19353,0.119277
1765,11980,0.515965
1766,13369,0.300965
1766,16973,0.194826
1767,13370,0.226786
1767,12304,0.217451
1767,14681,0.106251
1768,11799,0.546583
1769,13371,0.099496
1769,15120,0.367199
1770,11953,0.150521
1771,13057,0.180393
1771,14012,0.139689
1771,15057,0.106279
1772,13372,0.0729
1772,16333,0.074848
1772,19504,0.15268
1773,11780,0.180043
1773,15439,0.067707
1774,11780,0.097007
1775,12484,0.222863
1775,14303,0.221219
1776,13374,0.078355
1776,13516,0.126529
1776,13222,0.130216
1777,13375,0.095683
1777,11906,0.084319
1777,12112,0.083181
1777,17330,0.076019
1777,14250,0.248307
1778,12360,0.42933
1779,11811,0.349882
1780,13378,0.099427
1780,17680,0.218343
1780,13280,0.070537
1781,13379,0.34905
1781,13841,0.06181
1781,16170,0.106515
1782,11734,0.293124
1783,11771,0.322549
1783,11850,0.107613
1784,12013,0.0781
1785,13380,0.322869
1786,11736,0.285944
1787,13381,0.128439
1787,12083,0.191478
1787,11799,0.114183
1787,12973,0.066419
1788,11948,0.49294
1789,11798,0.140225
1790,13385,0.130213
1790,13990,0.080236
1790,15108,0.101888
1790,15161,0.074004
1791,13386,0.050139
1791,15275,0.067825
1791,16598,0.112338
1791,21106,0.063917
1792,13387,0.178473
1792,14335,0.18148
1793,13388,0.448457
1793,15043,0.08168
1793,18701,0.057143
1794,11798,0.059083
1795,11785,0.176034
1796,11953,0.255877
1797,12920,0.265819
1798,11838,0.367479
1798,11922,0.1637
1799,12417,0.3449
1800,11862,0.348977
1801,11780,0.242659
1802,11949,0.398845
1803,13389,0.157016
1803,19528,0.155821
1804,13390,0.163728
1805,11795,0.436762
1806,13391,0.120128
1807,13392,0.571114
1808,13394,0.081515
1808,13245,0.055603
1808,15323,0.058776
1808,14971,0.174172
1809,11768,0.396496
1809,13395,0.088413
1809,13530,0.189808
1810,11781,0.408654
1811,12215,0.361639
1812,12987,0.139749
1812,11782,0.076467
1812,15347,0.053872
1813,11851,0.053787
1814,11773,0.227986
1814,13495,0.097153
1815,13398,0.0949
1816,11798,0.160069
1817,13399,0.152291
1817,16783,0.074776
1817,16740,0.05447
1818,13158,0.140771
1818,15725,0.098446
1818,17259,0.0947
1819,12129,0.209243
1819,11769,0.227934
1820,13400,0.079873
1820,12124,0.172989
1820,14185,0.055006
1821,13401,0.152605
1822,11953,0.065221
1823,13402,0.133483
1823,12243,0.264054
1823,15492,0.066043
1824,13404,0.100466
1824,11778,0.315815
1825,13405,0.118749
1825,17311,0.134826
1825,13742,0.054924
1826,13406,0.219529
1826,12327,0.118285
1826,15298,0.083871
1826,18555,0.072152
1827,13410,0.082748
1827,15230,0.071515
1827,17007,0.192517
1828,13411,0.438485
1828,19554,0.0507
1829,11798,0.405954
1829,12386,0.18296
1830,11874,0.18384
1831,11767,0.255184
1831,13414,0.113525
1831,17862,0.082055
1832,12026,0.335746
1833,13415,0.342179
1834,12232,0.162711
1835,12227,0.189543
1835,11804,0.31327
1835,12386,0.245156
1836,13417,0.427346
1836,13797,0.099844
1836,18429,0.06055
1837,12841,0.135764
1837,16665,0.103038
1838,13418,0.492812
1838,17899,0.065418
1839,12319,0.301408
1839,11782,0.083462
1840,12085,0.498746
1841,13419,0.065069
1841,20874,0.109252
1842,12417,0.354676
1843,13421,0.274597
1843,17544,0.104555
1843,20518,0.196975
1844,13422,0.133356
1844,13977,0.105791
1845,11736,0.163747
1846,11852,0.36399
1846,11850,0.316992
1847,11795,0.172852
1848,11885,0.396688
1849,13423,0.064963
1849,13424,0.133077
1849,12328,0.198456
1849,19534,0.052828
1850,12500,0.204915
1851,13426,0.056299
1851,13666,0.053346
1851,19739,0.10446
1851,13784,0.155752
1852,13427,0.16653
1852,13858,0.072265
1852,14177,0.07788
1853,13428,0.070044
1853,17143,0.208382
1853,21166,0.117605
1854,13429,0.052753
1854,13264,0.162696
1855,13060,0.350302
1855,12645,0.313587
1856,13431,0.129874
1856,14448,0.131189
1857,12645,0.316554
1857,12126,0.296823
1857,15874,0.079322
1858,13432,0.231534
1858,12101,0.175689
1858,13700,0.050524
1859,13435,0.15482
1859,14192,0.060016
1859,15940,0.249736
1860,13437,0.479834
1860,17678,0.107088
1861,13438,0.43634
1861,12185,0.054819
1862,13441,0.244916
1862,13442,0.13627
1862,12218,0.066793
1863,13444,0.481432
1863,15128,0.058147
1864,13445,0.515776
1865,13446,0.052283
1865,16079,0.094271
1865,15754,0.070336
1865,19391,0.147301
1865,20970,0.052271
1865,21794,0.067095
1866,13447,0.079222
1867,11953,0.374734
1868,12908,0.063561
1868,14569,0.06655
1869,13066,0.074073
1869,12967,0.39821
1869,19885,0.071716
1870,11794,0.306996
1871,13192,0.350288
1872,11891,0.252918
1873,13450,0.098617
1873,16420,0.265891
1873,19408,0.077784
1874,13451,0.057573
1875,11948,0.09634
1875,11782,0.064653
1876,13452,0.079001
1876,15546,0.160111
1876,12281,0.07458
1876,17535,0.063907
1877,12149,0.140108
1878,12227,0.232752
1878,11804,0.351267
1879,13453,0.069438
1879,16431,0.052271
1879,13505,0.135158
1880,13454,0.345059
1880,16495,0.115734
1880,16496,0.102151
1881,11838,0.306956
1882,13455,0.051876
1883,13456,0.47204
1884,13457,0.135946
1884,14734,0.118878
1884,17183,0.156921
1884,17542,0.109497
1884,19667,0.052456
1885,13459,0.180333
1885,12299,0.148086
1885,17772,0.147712
1886,13461,0.480951
1887,13462,0.078901
1887,15126,0.0552
1887,12826,0.077703
1888,11749,0.365533
1889,13463,0.222613
1889,13507,0.050886
1889,15304,0.095017
1889,15990,0.10032
1890,13464,0.071275
1890,14046,0.078648
1890,14047,0.213195
1891,13465,0.051775
1891,14933,0.296936
1892,13466,0.365719
1892,14013,0.117007
1892,14621,0.059364
1893,13467,0.352273
1893,15826,0.079466
1894,13468,0.099742
1894,11749,0.224695
1894,11783,0.177141
1895,11749,0.120242
1896,11953,0.504964
1897,13469,0.467303
1897,14638,0.114697
1898,11771,0.217406
1898,14870,0.102621
1898,13080,0.068573
1899,13471,0.569994
1900,13472,0.195979
1900,14416,0.111173
1901,13473,0.256384
1901,16015,0.077411
1902,13474,0.251365
1902,14883,0.08038
1902,13509,0.061256
1902,12612,0.056775
1902,18221,0.057666
1903,13214,0.281239
1903,12850,0.054817
1903,15704,0.087905
1903,13674,0.079266
1904,13475,0.206943
1904,15308,0.054607
1904,17327,0.090501
1905,13476,0.213387
1905,17476,0.213643
1906,13477,0.180364
1906,14448,0.403686
1907,13478,0.210153
1908,13482,0.113397
1908,15221,0.259432
1909,11902,0.264557
1909,11905,0.350106
1910,13483,0.212611
1910,18912,0.151639
1911,11794,0.214143
1912,13485,0.234699
1912,13993,0.123972
1913,11993,0.05509
1913,16320,0.096741
1913,15439,0.066635
1913,16799,0.050178
1913,17437,0.123502
1914,13489,0.139708
1914,15834,0.096158
1914,20715,0.081946
1915,13490,0.390987
1916,13491,0.117453
1916,14744,0.060136
1916,12709,0.076517
1917,12077,0.088388
1917,14156,0.084548
1917,14850,0.061593
1918,12300,0.225409
1918,14500,0.091557
1919,13492,0.168394
1919,13888,0.07466
1919,12611,0.054388
1920,12414,0.229942
1921,13493,0.210369
1921,15614,0.052038
1921,18094,0.053322
1921,18433,0.080327
1921,11900,0.05827
1922,13494,0.371601
1922,17074,0.149115
1922,19435,0.050156
1923,13495,0.127066
1924,13496,0.391292
1924,16407,0.062637
1925,13497,0.057998
1925,15216,0.103508
1925,16554,0.110831
1925,19193,0.080277
1926,11838,0.365737
1927,12488,0.139401
1927,13401,0.065166
1928,13498,0.074818
1928,12600,0.098732
1929,13499,0.228119
1929,12870,0.06907
1929,12269,0.101354
1930,11943,0.248926
1930,17318,0.153736
1931,13468,0.196326
1932,12015,0.284688
1932,11749,0.224184
1933,13502,0.131708
1933,15421,0.094493
1933,16161,0.318246
1934,13503,0.107853
1934,14235,0.361201
1934,17698,0.163962
1935,13504,0.220361
1935,14364,0.06753
1936,12237,0.369547
1937,11874,0.375706
1938,12237,0.240573
1939,11953,0.215434
1940,11874,0.394398
1941,13506,0.53445
1942,13508,0.18603
1942,17748,0.268174
1943,12606,0.152622
1943,16208,0.180891
1943,12449,0.056995
1944,11951,0.107821
1945,11780,0.20626
1945,11781,0.342193
1946,11771,0.463744
1947,11885,0.41506
1948,11885,0.296556
1949,11780,0.126907
1949,11838,0.057163
1949,14633,0.075501
1950,11734,0.073829
1951,13511,0.340643
1952,12008,0.355344
1952,16267,0.138734
1953,13513,0.106888
1953,17414,0.06401
1953,17810,0.100187
1954,11951,0.290283
1955,11850,0.173046
1955,11771,0.082384
1956,13520,0.217601
1956,14162,0.146011
1956,17193,0.079497
1956,17194,0.106725
1957,13522,0.53926
1958,13523,0.176821
1958,15883,0.085541
1959,12391,0.085493
1959,13085,0.089029
1959,13526,0.127448
1959,13528,0.0949
1959,13530,0.051602
1960,13524,0.08644
1960,14719,0.071356
1960,15280,0.197851
1961,13527,0.267256
1961,20489,0.15057
1961,21273,0.09248
1961,21874,0.066681
1962,13529,0.082308
1962,14034,0.186855
1962,14035,0.296945
1963,13531,0.135628
1963,14431,0.090338
1963,17784,0.082958
1964,13532,0.288564
1964,19246,0.195916
1964,21602,0.061309
1965,13085,0.416395
1965,20226,0.177558
1965,21056,0.130329
1966,13533,0.142777
1966,14627,0.077247
1966,13211,0.06733
1966,14058,0.085855
1966,21264,0.079826
1967,12679,0.063539
1967,14346,0.073171
1967,15002,0.068758
1968,13534,0.258929
1968,16368,0.13123
1968,18458,0.1184
1969,13535,0.057687
1969,12679,0.092992
1969,14144,0.188582
1969,11958,0.153101
1969,20431,0.055563
1970,13405,0.304632
1970,15831,0.080965
1970,17905,0.144352
1971,13536,0.34319
1971,15482,0.053968
1971,14159,0.057874
1972,13537,0.28876
1972,17793,0.065029
1973,13538,0.057607
1973,16083,0.102039
1973,12403,0.175984
1973,19603,0.057128
1974,13539,0.252319
1974,14867,0.085292
1974,11816,0.051611
1975,13540,0.462146
1976,11948,0.051675
1977,13542,0.343761
1977,14832,0.098259
1977,14891,0.071231
1977,17071,0.065783
1978,12688,0.331075
1978,13539,0.373022
1978,12387,0.058795
1978,18857,0.062487
1979,13544,0.278043
1979,15532,0.052633
1980,13545,0.213944
1980,15197,0.171314
1981,13548,0.096194
1981,14614,0.089983
1982,13550,0.093041
1983,11969,0.34948
1983,11782,0.327794
1984,11885,0.20238
1985,13551,0.580931
1986,13552,0.339178
1986,14220,0.110941
1987,12055,0.230799
1987,12501,0.133006
1987,15341,0.150024
1988,12516,0.165607
1988,13942,0.051398
1989,11764,0.143677
1989,13554,0.197211
1989,15425,0.070976
1989,16930,0.050632
1990,11749,0.152993
1991,13555,0.284745
1991,14777,0.059364
1992,12026,0.600978
1993,12090,0.057747
1994,13441,0.147986
1994,13442,0.079737
1994,14536,0.051587
1995,13557,0.051634
1995,16294,0.092953
1995,20207,0.06483
1995,19828,0.058766
1996,13559,0.15762
1996,12345,0.113648
1996,14478,0.057827
1996,19743,0.110978
1997,13560,0.139442
1997,12111,0.054968
1997,12624,0.299995
1997,16672,0.106183
1998,11872,0.290556
1998,15687,0.053827
1999,12155,0.308662
1999,11872,0.11787
2000,13561,0.092991
2001,13562,0.224325
2001,14562,0.139852
2001,14563,0.052238
2001,17271,0.056062
2001,18655,0.052215
2002,12951,0.209922
2002,20236,0.113423
2003,13563,0.378348
2003,15031,0.088017
2004,13564,0.195935
2005,13565,0.071373
2005,16625,0.215221
2005,20187,0.101844
2006,13243,0.123188
2006,12238,0.236128
2006,15407,0.076667
2007,11830,0.168529
2007,13567,0.311172
2007,14784,0.085181
2007,14085,0.100865
2008,13568,0.176183
2008,17918,0.317626
2009,13569,0.514022
2009,20662,0.103776
2010,13570,0.20488
2011,11784,0.062727
2012,13571,0.07576
2012,13572,0.085771
2012,15229,0.261085
2013,13573,0.194598
2014,13574,0.081644
2014,16112,0.19719
2014,17921,0.052093
2014,18415,0.081552
2014,12938,0.066525
2015,13520,0.260568
2015,11926,0.228084
2016,13575,0.25068
2016,17541,0.197883
2017,13578,0.062185
2017,18801,0.140547
2017,19407,0.057148
2017,19867,0.062179
2018,13579,0.118633
2018,14288,0.088252
2018,16022,0.07793
2018,17365,0.058007
2019,13580,0.105548
2019,16968,0.284418
2019,17127,0.057198
2020,12015,0.45437
2021,12598,0.681447
2022,13582,0.050703
2022,14189,0.124407
2022,16128,0.087594
2022,17986,0.077515
2022,19002,0.095596
2022,19657,0.050807
2023,13586,0.102704
2023,13258,0.079923
2023,12475,0.089095
2023,12600,0.233111
2024,13587,0.446924
2024,15686,0.055734
2025,13588,0.311153
2025,14302,0.059751
2025,14303,0.108389
2025,12301,0.052951
2026,13329,0.406627
2026,12140,0.344914
2027,13589,0.198988
2028,13591,0.195626
2028,13983,0.120448
2029,12914,0.126905
2029,14201,0.061445
2029,12439,0.452733
2030,13594,0.435298
2030,13595,0.065982
2030,13453,0.15469
2030,19700,0.103998
2031,13594,0.55082
2031,13505,0.121424
2032,13597,0.177508
2032,14755,0.26947
2032,16581,0.092436
2033,13600,0.054733
2033,14814,0.070809
2033,16149,0.062071
2033,12722,0.136184
2034,12563,0.290007
2035,13601,0.116919
2035,11860,0.079591
2036,13601,0.290905
2037,13602,0.482775
2038,13603,0.183768
2038,11943,0.052095
2038,13996,0.278427
2038,19495,0.099938
2039,13604,0.332153
2039,13609,0.074935
2039,13084,0.062157
2039,15412,0.061757
2039,18156,0.05099
2039,19704,0.06913
2040,13605,0.069367
2040,13586,0.080623
2040,14681,0.273703
2040,12129,0.13572
2041,13606,0.163229
2041,13084,0.092909
2041,21741,0.074735
2042,13607,0.080528
2042,16271,0.058906
2042,14603,0.073938
2042,16893,0.056858
2043,13608,0.094362
2043,15716,0.195466
2044,13610,0.47438
2044,19640,0.209509
2045,13611,0.607525
2046,13612,0.473101
2047,13613,0.192885
2047,13745,0.151755
2047,17075,0.084974
2048,13614,0.062121
2048,11855,0.198392
2048,13693,0.310883
2049,13615,0.234462
2049,12824,0.141306
2050,13616,0.134019
2050,20114,0.209299
2051,13617,0.118954
2051,15847,0.230829
2052,12282,0.138606
2052,16084,0.092294
2052,12030,0.201407
2053,13618,0.140625
2053,13628,0.239374
2053,14278,0.060837
2053,16176,0.057677
2054,13619,0.178057
2054,21267,0.100187
2055,13620,0.183851
2055,15828,0.050294
2055,17515,0.103514
2056,13621,0.059702
2056,13622,0.058551
2056,14190,0.062402
2057,13623,0.141895
2057,13624,0.066371
2057,12109,0.073423
2057,12120,0.055487
2058,13625,0.232529
2058,14374,0.121866
2058,16611,0.156367
2058,21488,0.052065
2059,13505,0.157086
2059,13453,0.311611
2060,11799,0.297292
2061,13626,0.569245
2062,13627,0.147084
2063,11862,0.228189
2064,13629,0.620643
2065,11860,0.246762
2066,13630,0.57784
2067,13631,0.176407
2067,15773,0.206699
2067,18022,0.099182
2068,13632,0.074455
2068,14534,0.094731
2068,14752,0.346016
2069,13633,0.178716
2069,14095,0.144637
2069,18625,0.071321
2069,18974,0.052353
2070,11888,0.348593
2070,11771,0.155208
2071,11781,0.352213
2072,11795,0.241622
2073,13634,0.06912
2074,13207,0.396316
2074,14152,0.073493
2075,12083,0.564047
2076,13636,0.18615
2076,17832,0.427097
2077,11734,0.207526
2077,15542,0.051125
2078,13638,0.206906
2079,11893,0.114993
2080,11782,0.252913
2080,17536,0.122167
2081,11785,0.288442
2082,13102,0.100316
2083,13639,0.169145
2083,14643,0.277335
2084,11862,0.258683
2085,11798,0.196033
2086,13247,0.108905
2086,15854,0.19055
2086,16445,0.054429
2086,17066,0.079956
2087,13640,0.183309
2087,14121,0.05399
2088,11852,0.254511
2089,13641,0.365036
2089,20486,0.143279
2089,20538,0.080106
2090,13642,0.082076
2090,17428,0.058875
2091,13646,0.383007
2091,14868,0.215999
2092,13647,0.185176
2092,14268,0.050123
2092,17466,0.219189
2093,13649,0.051782
2093,12368,0.089649
2094,13653,0.05547
2094,13967,0.112702
2094,14797,0.266876
2094,16074,0.059515
2095,13655,0.216034
2096,13656,0.35152
2096,15082,0.064406
2096,11798,0.073787
2097,13658,0.06298
2097,13249,0.082806
2097,16121,0.114966
2097,16833,0.065456
2098,13659,0.092601
2098,15862,0.141099
2098,19661,0.099989
2099,13132,0.111655
2099,15045,0.107867
2099,16712,0.055737
2100,12416,0.162095
2100,14955,0.056658
2100,16054,0.091044
2100,17402,0.050216
2101,13230,0.40743
2101,14443,0.058291
2102,11984,0.069377
2102,14031,0.206055
2102,12385,0.096261
2103,13663,0.076452
2103,18527,0.105373
2103,20994,0.057873
2104,13664,0.356123
2104,13665,0.233978
2104,16998,0.115007
2105,13669,0.272594
2105,14390,0.138026
2106,13670,0.263382
2106,13091,0.161144
2106,20447,0.063338
2107,12003,0.312685
2107,15552,0.067335
2108,12816,0.495379
2108,19679,0.097003
2109,13608,0.402719
2109,13276,0.17575
2109,16433,0.180365
2110,13671,0.104437
2110,14433,0.227594
2111,13633,0.261236
2111,12273,0.195058
2112,13214,0.318221
2112,13674,0.090547
2112,14248,0.138336
2113,13673,0.171864
2114,11911,0.412861
2114,16978,0.179955
2115,12704,0.080811
2115,13546,0.16522
2115,15160,0.158762
2115,20779,0.134927
2116,13675,0.297126
2116,13618,0.065622
2116,16641,0.166722
2117,13676,0.127997
2117,13493,0.130529
2117,15517,0.177421
2117,11911,0.054138
2117,18929,0.090817
2118,13677,0.141193
2118,16734,0.082358
2119,13681,0.140439
2119,14263,0.147839
2120,13682,0.295963
2120,14369,0.051127
2120,17548,0.172911
2121,12227,0.232004
2122,12090,0.079624
2123,13684,0.39213
2123,16191,0.055311
2124,13025,0.471898
2124,15713,0.0936
2125,13686,0.073702
2125,13772,0.326469
2125,13688,0.26785
2126,13687,0.517726
2126,13688,0.202852
2127,13688,0.417565
2127,14040,0.073067
2128,13689,0.083375
2128,14209,0.071308
2128,14481,0.374506
2128,15526,0.066135
2129,13691,0.627009
2130,12555,0.166305
2130,15680,0.138742
2130,18209,0.111477
2131,11771,0.193453
2132,11749,0.228905
2133,13695,0.257481
2133,16053,0.224686
2133,17162,0.106879
2134,11949,0.199151
2134,16674,0.056706
2134,16403,0.091772
2135,11795,0.395751
2136,13696,0.479756
2136,20198,0.14734
2137,13697,0.155341
2137,14393,0.24287
2138,13700,0.576544
2139,13702,0.259326
2139,15482,0.157014
2139,15910,0.060329
2140,13703,0.118423
2140,16215,0.247328
2140,12391,0.12178
2141,12124,0.105958
2141,14185,0.103092
2141,14403,0.06092
2141,13478,0.053056
2142,13704,0.314349
2142,19221,0.08825
2143,13705,0.05705
2143,18370,0.11734
2143,20112,0.175578
2143,20113,0.147118
2144,12090,0.139633
2145,11953,0.139845
2146,11874,0.256297
2147,13706,0.095697
2148,13707,0.374724
2148,17707,0.061812
2148,20299,0.071253
2149,12414,0.215863
2150,13710,0.432816
2150,15290,0.245745
2151,13711,0.396801
2152,12343,0.342792
2152,17304,0.231687
2152,21911,0.106913
2153,13707,0.353486
2153,20299,0.118827
2154,12242,0.148211
2154,11948,0.218476
2154,11781,0.071909
2155,13717,0.059317
2155,14273,0.063116
2155,12571,0.212879
2155,17307,0.061885
2155,21538,0.060846
2156,13718,0.07868
2156,17395,0.120928
2156,17703,0.064201
2157,13720,0.059601
2157,14673,0.074358
2157,12838,0.323826
2157,15390,0.083425
2158,13721,0.061327
2158,13722,0.060316
2158,12277,0.242542
2158,15387,0.089267
2158,13897,0.050532
2159,11799,0.156829
2160,13726,0.22996
2160,14038,0.148745
2160,11879,0.055033
2161,13728,0.063155
2161,12231,0.062008
2162,13730,0.052388
2162,17149,0.052404
2162,12704,0.085588
2162,18313,0.1267
2163,13731,0.441226
2164,13732,0.187811
2164,18910,0.14873
2164,21414,0.054592
2164,21581,0.055944
2165,13735,0.180562
2165,17242,0.129528
2165,13670,0.231536
2166,13736,0.09013
2166,17148,0.125447
2166,20658,0.090504
2166,21626,0.19757
2167,12875,0.184085
2168,11954,0.192581
2168,11798,0.107039
2168,12087,0.102175
2168,11860,0.075522
2169,13741,0.081578
2169,13149,0.26678
2169,16063,0.07175
2169,18358,0.138329
2170,13742,0.249419
2171,13743,0.092159
2171,17062,0.284842
2172,13744,0.117986
2172,16503,0.199002
2172,15612,0.201155
2173,12097,0.356707
2173,12389,0.059938
2173,19483,0.065228
2174,13504,0.475631
2175,13746,0.235447
2176,13747,0.350354
2177,13748,0.301788
2178,13749,0.170944
2178,17200,0.098325
2178,14591,0.126798
2178,12219,0.062147
2179,12224,0.352297
2179,16367,0.084736
2179,21061,0.085433
2180,13752,0.066434
2180,12099,0.136587
2180,19753,0.053962
2181,13753,0.405223
2181,13754,0.228004
2182,13755,0.072876
2182,16944,0.209532
2182,17586,0.072255
2183,13756,0.281259
2183,17658,0.191182
2183,20160,0.0537
2184,12126,0.388426
2184,12645,0.340738
2185,13757,0.061067
2185,14790,0.402499
2186,13758,0.102373
2186,12662,0.121821
2186,15468,0.051844
2187,13759,0.240323
2187,12950,0.154785
2187,21967,0.173075
2188,11953,0.448561
2189,13113,0.366906
2190,13760,0.676827
2191,13762,0.479552
2192,13763,0.122747
2192,15286,0.06714
2192,14061,0.113221
2193,13764,0.641405
2194,13765,0.128147
2194,14055,0.107552
2194,15609,0.117031
2195,13766,0.318858
2195,16188,0.123858
2196,13131,0.270398
2197,11874,0.132445
2198,12970,0.16205
2198,12235,0.102028
2199,13769,0.433993
2200,13770,0.071794
2200,16648,0.051517
2200,17191,0.158041
2200,11965,0.073618
2200,18451,0.059013
2201,13771,0.272895
2201,16762,0.224054
2201,19705,0.058392
2202,12295,0.072233
2202,15037,0.319084
2202,14839,0.124224
2203,13534,0.269958
2204,13774,0.222553
2205,11950,0.215404
2205,11781,0.12408
2206,13776,0.507255
2207,11826,0.161641
2207,13779,0.099972
2207,11910,0.073493
2207,15945,0.089166
2208,12549,0.108105
2209,13780,0.523173
2209,17152,0.114541
2210,13781,0.569591
2211,13091,0.077405
2211,16466,0.298591
2212,13784,0.105353
2212,15545,0.088263
2212,16274,0.05899
2212,12574,0.07565
2213,12306,0.130786
2213,12609,0.157111
2214,11944,0.13377
2214,14133,0.178853
2215,13786,0.112058
2215,15153,0.098351
2215,15605,0.126604
2215,19033,0.061571
2215,19410,0.111769
2216,11759,0.465969
2217,13787,0.336964
2218,13788,0.402694
2218,13925,0.126517
2219,13789,0.385556
2220,13790,0.333688
2220,15258,0.156365
2221,13791,0.580081
2222,13793,0.080263
2222,13794,0.064895
2222,13813,0.074915
2222,15470,0.057424
2223,13795,0.41995
2224,13796,0.052884
2225,13798,0.612255
2226,13799,0.574883
2227,13800,0.13549
2227,18498,0.126664
2227,16840,0.076909
2227,20610,0.073589
2228,13801,0.271794
2228,15930,0.110103
2228,17991,0.077997
2229,13802,0.519462
2229,12630,0.12387
2230,13560,0.280955
2230,12624,0.155354
2231,13804,0.137766
2231,15432,0.102156
2231,17520,0.10266
2231,14892,0.053762
2231,21444,0.054041
2232,13805,0.375006
2232,16857,0.065235
2232,20029,0.065263
2233,13154,0.050002
2233,15585,0.073099
2233,15237,0.092357
2234,13806,0.093483
2234,13493,0.246989
2235,13807,0.277907
2235,15462,0.065723
2236,13808,0.478276
2237,13810,0.225758
2237,21504,0.353299
2238,13811,0.166117
2239,13812,0.294419
2239,19773,0.079442
2239,20805,0.063882
2239,15384,0.050233
2240,13813,0.079716
2240,15774,0.056303
2241,13814,0.348126
2241,20911,0.198781
2242,13815,0.227485
2242,12950,0.154502
2242,15935,0.06527
2242,14514,0.090064
2242,12136,0.067083
2243,13816,0.138825
2243,15307,0.21501
2243,15864,0.053039
2243,12792,0.093349
2244,13135,0.470084
2244,15466,0.054287
2244,12112,0.129884
2245,12248,0.587374
2246,13818,0.1767
2246,12267,0.136643
2246,12170,0.102478
2247,12322,0.074497
2247,14109,0.066842
2247,15181,0.23957
2247,15683,0.052414
2248,13819,0.0585
2248,12129,0.079337
2248,14681,0.243463
2248,16786,0.135505
2248,12307,0.112135
2249,11886,0.218837
2250,13714,0.246905
2251,11891,0.410811
2252,11789,0.42841
2252,14872,0.26284
2253,13821,0.597594
2254,13822,0.299282
2254,13825,0.100097
2254,20453,0.179775
2254,20454,0.056204
2255,13823,0.118593
2255,19736,0.080622
2256,13824,0.3647
2256,15149,0.053742
2256,15841,0.076755
2256,18106,0.099696
2257,13721,0.112889
2257,14721,0.18863
2257,15414,0.062895
2258,13827,0.127783
2258,13371,0.400122
2258,15633,0.065347
2259,12012,0.263994
2260,13337,0.192833
2260,14880,0.103159
2260,14881,0.060768
2260,15624,0.082466
2261,12243,0.151447
2261,18982,0.052905
2261,19222,0.054767
2262,12865,0.107739
2262,14326,0.08748
2262,17374,0.08359
2262,12624,0.054135
2263,12141,0.177908
2263,14704,0.144058
2264,13828,0.085031
2264,14193,0.119703
2264,14300,0.134379
2264,19449,0.08048
2265,13829,0.448397
2265,17629,0.073667
2266,13830,0.051163
2266,13832,0.136316
2266,16031,0.094883
2266,14914,0.059214
2266,17631,0.144524
2267,13831,0.330397
2267,16033,0.066559
2267,17238,0.054519
2268,13833,0.09015
2268,13834,0.344662
2269,13835,0.187201
2269,14698,0.059036
2269,16464,0.068989
2270,13836,0.389582
2270,16000,0.077785
2271,13711,0.170759
2271,13453,0.061298
2272,13839,0.107991
2273,11735,0.073144
2274,11953,0.13754
2275,11969,0.398334
2276,13135,0.377943
2276,14319,0.076145
2277,13840,0.144537
2277,20233,0.090349
2278,13842,0.207242
2278,14668,0.107319
2278,13400,0.070437
2278,18009,0.06064
2279,13843,0.446066
2279,13814,0.078779
2280,13249,0.430517
2281,13845,0.142248
2281,15543,0.111343
2281,16580,0.11147
2281,18545,0.205264
2282,13846,0.131888
2282,13847,0.140023
2283,13848,0.507648
2284,11950,0.176219
2284,11781,0.067624
2285,13849,0.106121
2286,11749,0.074731
2287,11859,0.366198
2287,11953,0.142103
2288,13850,0.115494
2288,15437,0.304785
2288,21133,0.059884
2289,13851,0.357461
2289,12249,0.115963
2289,15467,0.071189
2289,19991,0.119266
2290,13852,0.06071
2290,14048,0.060704
2290,12066,0.091723
2290,14871,0.080585
2290,15605,0.110874
2291,13853,0.228335
2291,15636,0.269798
2292,12304,0.420769
2292,13370,0.322526
2292,12663,0.068221
2293,12324,0.393871
2293,15320,0.095553
2293,15638,0.085309
2294,13854,0.155253
2294,14190,0.331672
2294,20157,0.087333
2295,13855,0.065603
2295,15532,0.083764
2295,12820,0.062053
2295,17505,0.051033
2296,12087,0.30248
2297,13857,0.136877
2297,16571,0.31312
2297,19218,0.106667
2298,12290,0.292243
2298,12278,0.216501
2299,13860,0.064325
2300,13861,0.285992
2300,17517,0.108905
2300,13241,0.195681
2301,13862,0.091247
2302,13864,0.810971
2303,13865,0.27537
2304,13866,0.248391
2305,13867,0.391332
2306,13868,0.051899
2306,12760,0.070849
2306,13520,0.069572
2306,18021,0.06946
2307,13869,0.11665
2307,12613,0.096674
2308,11749,0.182027
2309,13870,0.080174
2309,14429,0.053038
2310,13871,0.10968
2310,13984,0.340163
2311,11798,0.289575
2311,13876,0.084294
2311,12386,0.141198
2312,11795,0.218953
2313,13878,0.076295
2313,16628,0.255406
2314,13879,0.205609
2314,18529,0.060411
2314,19465,0.079792
2314,17004,0.053064
2315,11776,0.411463
2315,12304,0.062431
2315,14383,0.053517
2316,13526,0.099323
2316,15814,0.43951
2317,12702,0.539654
2318,13884,0.230822
2318,19132,0.086525
2319,13885,0.104343
2320,13886,0.114099
2320,15038,0.113824
2320,15452,0.121907
2321,13887,0.118441
2321,15364,0.203826
2321,17010,0.053189
2321,15366,0.05161
2322,13633,0.200368
2323,11811,0.624323
2324,13818,0.364325
2325,12849,0.673132
2326,11997,0.376781
2326,12207,0.064597
2327,13890,0.484722
2327,17026,0.080935
2327,19847,0.068018
2328,13892,0.230381
2328,14889,0.084004
2329,13893,0.498161
2330,13894,0.32515
2330,12223,0.463979
2331,12087,0.342871
2332,13895,0.137086
2332,14795,0.1418
2332,12582,0.06055
2332,18343,0.068598
2333,13339,0.224374
2333,14030,0.160709
2334,13896,0.061311
2334,12791,0.363005
2334,15236,0.105239
2334,12630,0.064797
2335,13897,0.294861
2335,15972,0.079407
2335,16105,0.07934
2335,16825,0.079487
2336,12064,0.420261
2337,13898,0.192302
2337,13618,0.236485
2337,18608,0.05051
2337,12146,0.162472
2337,21055,0.057949
2338,13822,0.448717
2338,14925,0.073598
2338,13825,0.073603
2339,13900,0.180754
2339,17825,0.149128
2339,17659,0.13059
2340,13901,0.072242
2341,13902,0.099931
2341,12046,0.054419
2341,13635,0.065454
2341,18243,0.059074
2341,18508,0.085323
2342,11852,0.236968
2342,11850,0.108321
2343,13903,0.283484
2344,13905,0.104336
2345,11997,0.096648
2345,14085,0.085289
2345,15896,0.059593
2345,12480,0.087143
2346,13906,0.053336
2346,13678,0.261343
2347,13907,0.336227
2348,13908,0.05338
2348,19414,0.14972
2348,20543,0.053051
2349,12820,0.455086
2349,13105,0.159614
2349,18004,0.091582
2349,19972,0.07544
2350,11836,0.333694
2350,14659,0.14232
2350,16847,0.067225
2351,13910,0.066719
2351,14747,0.369631
2352,13911,0.149209
2352,11830,0.214619
2352,14804,0.053116
2352,14771,0.162215
2352,15931,0.090963
2353,13912,0.222282
2353,15560,0.052575
2354,12796,0.056193
2354,11995,0.125245
2354,12704,0.072205
2355,13913,0.126072
2355,15350,0.151529
2356,13914,0.100529
2356,14775,0.116328
2356,13482,0.164223
2356,15221,0.136739
2356,18639,0.068228
2357,13915,0.123994
2357,13917,0.25431
2357,17625,0.110062
2357,15232,0.050885
2358,13917,0.165406
2358,16750,0.187606
2358,13915,0.073727
2359,11794,0.34096
2360,12618,0.28264
2360,12260,0.132495
2361,13918,0.478869
2361,15970,0.072549
2362,13919,0.079772
2362,18341,0.174195
2362,15216,0.058343
2363,13921,0.569542
2364,13922,0.179168
2364,21925,0.157525
2365,11873,0.118122
2365,11874,0.108003
2366,11872,0.24475
2367,13923,0.05064
2367,14186,0.286339
2367,14986,0.175983
2368,12850,0.330252
2369,12026,0.271936
2369,16212,0.056479
2370,13924,0.078043
2370,16331,0.112783
2370,14360,0.062237
2370,18752,0.062831
2370,16437,0.129123
2370,20509,0.055447
2371,13926,0.082888
2371,14255,0.448415
2372,13474,0.097551
2372,15711,0.192905
2372,17064,0.190074
2372,18832,0.088929
2373,13927,0.057493
2374,13928,0.057859
2374,16370,0.110146
2374,13292,0.061659
2374,17138,0.053226
2375,12012,0.072622
2376,12571,0.112665
2376,13930,0.106531
2376,12847,0.073745
2376,11983,0.063241
2377,13931,0.355237
2377,11885,0.058027
2377,19237,0.053264
2378,11885,0.351112
2379,13933,0.262273
2380,13934,0.294343
2381,13707,0.366528
2382,11885,0.19608
2383,11781,0.296677
2384,12053,0.64646
2385,13935,0.435021
2386,12532,0.371034
2387,13937,0.334777
2387,21082,0.092677
2388,13938,0.581964
2389,12150,0.23069
2389,21552,0.106958
2390,13939,0.204032
2390,18212,0.065673
2390,18762,0.061156
2390,12649,0.101574
2390,18763,0.061156
2390,18764,0.072961
2390,14746,0.080658
2391,11749,0.35885
2392,13940,0.426341
2393,11953,0.286379
2394,11798,0.306741
2394,12386,0.251337
2395,11749,0.11027
2396,11811,0.607323
2397,13943,0.225549
2397,12335,0.11673
2397,17522,0.117416
2398,13944,0.057881
2398,16088,0.194771
2398,19206,0.057881
2398,20101,0.054329
2398,21242,0.103544
2399,13945,0.101481
2399,13946,0.071554
2399,12623,0.475893
2400,11782,0.050795
2401,11885,0.1928
2402,13948,0.196212
2402,15062,0.183262
2402,15247,0.10476
2402,12111,0.062913
2403,13950,0.205732
2403,13728,0.139781
2404,11759,0.367493
2405,11749,0.117581
2406,13951,0.052147
2406,16159,0.055184
2406,17254,0.076896
2406,21642,0.055161
2407,13952,0.266162
2407,14678,0.265832
2408,13953,0.070378
2408,13309,0.111277
2408,14706,0.076303
2409,13955,0.485622
2409,17831,0.061103
2409,17830,0.072247
2410,12399,0.318944
2410,12392,0.368858
2411,13956,0.061869
2411,16642,0.290309
2411,16947,0.062012
2411,13205,0.11846
2411,17170,0.119061
2412,11749,0.252236
2413,13957,0.052801
2413,14632,0.345383
2413,19429,0.073614
2413,20926,0.115306
2414,13958,0.329938
2415,13959,0.161189
2415,12112,0.159193
2415,21990,0.121286
2416,13960,0.226136
2416,17734,0.055698
2416,18188,0.188767
2416,20358,0.069635
2417,13961,0.200226
2417,14131,0.055954
2417,17643,0.080984
2418,13962,0.141153
2419,13963,0.419877
2420,12237,0.057863
2421,13965,0.394101
2421,14572,0.167868
2421,20427,0.051223
2422,13381,0.156257
2422,14130,0.087678
2422,16261,0.094748
2422,16302,0.078052
2422,12973,0.064663
2423,13966,0.595579
2424,13968,0.259967
2424,13969,0.283657
2425,13970,0.052329
2425,14444,0.184795
2426,13971,0.673864
2427,13972,0.09356
2428,13973,0.100406
2428,13974,0.183711
2429,13975,0.144752
2429,14270,0.184507
2429,14312,0.055085
2429,16087,0.094857
2430,11851,0.487851
2431,12083,0.162753
2431,12085,0.209934
2432,13976,0.341363
2433,11965,0.180349
2433,16272,0.071654
2434,12692,0.3574
2434,20812,0.080991
2435,13980,0.511588
2435,14535,0.153433
2436,11794,0.213906
2437,13981,0.410639
2438,13982,0.272006
2438,14997,0.168337
2439,11983,0.172507
2440,13985,0.307897
2441,12082,0.195749
2441,14557,0.097395
2441,12860,0.099728
2442,13986,0.054522
2442,13069,0.088953
2442,16118,0.291577
2442,18427,0.054803
2443,13987,0.543344
2444,13988,0.496922
2444,15262,0.099168
2444,21742,0.065013
2445,13991,0.164015
2445,16099,0.240951
2446,13992,0.417768
2447,13994,0.206501
2447,14010,0.107023
2448,12387,0.538403
2449,13995,0.155259
2450,11759,0.072607
2450,11891,0.057614
2451,11922,0.355617
2452,13998,0.449921
2452,14636,0.064557
2452,16732,0.087924
2453,14000,0.064081
2453,14003,0.135415
2453,17764,0.19275
2453,19861,0.064081
2454,14001,0.337335
2454,15662,0.087096
2454,15797,0.177471
2455,14004,0.092378
2455,14535,0.05896
2456,14006,0.122745
2456,15699,0.31583
2456,19003,0.059827
2457,14007,0.65149
2458,14008,0.254817
2459,14012,0.161432
2459,15226,0.202196
2460,14015,0.338294
2460,12355,0.243568
2460,14739,0.068059
2461,14016,0.219791
2461,15525,0.156692
2461,18495,0.070887
2461,13158,0.06001
2462,14017,0.556412
2463,13612,0.418693
2463,13111,0.080324
2463,17405,0.075907
2464,13113,0.175219
2465,14019,0.294008
2466,11785,0.308375
2466,11780,0.073767
2466,11781,0.053898
2467,11785,0.290236
2468,14022,0.304891
2468,16839,0.11864
2468,17768,0.225143
2469,14023,0.150389
2469,16100,0.17763
2469,21793,0.068869
2470,14024,0.48836
2471,14026,0.334426
2472,14027,0.167381
2472,14713,0.341202
2472,18698,0.138867
2473,11784,0.292041
2474,11852,0.475738
2475,12227,0.108986
2475,11749,0.090876
2476,11783,0.145041
2477,14028,0.767184
2478,14029,0.525855
2479,14017,0.50793
2480,11738,0.061003
2480,12218,0.059983
2481,14033,0.340343
2482,14036,0.165937
2482,11971,0.061148
2482,16558,0.103321
2482,18634,0.110569
2482,13142,0.067064
2483,12081,0.264459
2484,13465,0.192159
2484,14933,0.379016
2485,12915,0.364598
2485,14306,0.060996
2485,15274,0.054943
2486,14039,0.089115
2486,19302,0.089259
2486,19942,0.078028
2487,14041,0.082542
2487,15203,0.126409
2487,21372,0.0545
2488,14042,0.05099
2488,16292,0.223499
2488,20549,0.066069
2489,12025,0.078535
2490,14044,0.210464
2490,14736,0.064581
2490,14925,0.103261
2490,17793,0.054967
2490,19075,0.063031
2491,14049,0.052189
2491,17318,0.38192
2492,14051,0.12268
2492,14146,0.192612
2492,16730,0.063379
2493,14052,0.241265
2494,11759,0.314828
2495,13001,0.05918
2496,14053,0.347469
2496,12305,0.236509
2496,18353,0.078049
2497,12059,0.417965
2497,13070,0.1054
2498,11874,0.142305
2499,11785,0.227704
2500,11969,0.078384
2501,11785,0.181201
2502,14054,0.524898
2503,12831,0.347977
2503,15678,0.090359
2504,11953,0.178382
2505,12417,0.32948
2506,11812,0.368154
2507,14056,0.2179
2507,16743,0.139153
2507,11778,0.054323
2508,14057,0.199395
2508,16458,0.139383
2509,12282,0.437219
2509,17140,0.052344
2510,11783,0.141567
2511,14061,0.306656
2511,15815,0.148907
2512,11784,0.119286
2513,14063,0.397875
2513,19405,0.05703
2514,11890,0.238184
2514,15166,0.0512
2515,13277,0.233727
2515,14684,0.099282
2515,17842,0.052939
2516,14065,0.161431
2516,14328,0.223774
2516,16309,0.097505
2517,14066,0.193699
2517,20319,0.064672
2518,11890,0.392216
2518,14407,0.269558
2519,12198,0.123472
2519,12188,0.14839
2519,16445,0.081846
2519,21644,0.059545
2520,13185,0.053208
2521,14069,0.151539
2521,15294,0.227852
2521,11970,0.173904
2522,12047,0.069791
2522,16165,0.098474
2522,12072,0.163774
2523,11949,0.259725
2523,11850,0.074811
2524,14071,0.282008
2524,18074,0.060177
2524,18166,0.094549
2524,19226,0.060353
2524,20468,0.060208
2525,14072,0.43472
2526,14074,0.133931
2526,15695,0.144511
2526,19734,0.054153
2527,12026,0.371639
2528,14076,0.088354
2528,15547,0.296698
2528,17293,0.063033
2529,11749,0.310594
2530,11852,0.115611
2531,12700,0.375482
2532,14077,0.132689
2532,12061,0.288053
2532,15552,0.072257
2533,13009,0.129729
2533,15172,0.072208
2534,14078,0.379405
2534,18591,0.178039
2535,13814,0.088921
2535,13020,0.114833
2536,14080,0.246365
2536,15478,0.06077
2536,16454,0.060394
2537,11950,0.252075
2538,11773,0.335518
2539,14081,0.205545
2540,11799,0.387578
2541,12090,0.528614
2542,11786,0.083041
2543,13380,0.231951
2543,16479,0.062121
2543,16602,0.091833
2544,11749,0.09816
2545,14082,0.322988
2546,11749,0.193554
2546,11922,0.169874
2547,11767,0.108341
2547,11913,0.063315
2547,17857,0.055129
2547,13322,0.071012
2548,14086,0.25985
2548,15075,0.121905
2548,16875,0.058786
2549,14087,0.28545
2550,14088,0.264007
2550,16427,0.085033
2550,16848,0.067953
2551,14089,0.241195
2552,14090,0.095618
2552,16635,0.066908
2552,14730,0.088184
2553,14091,0.073498
2553,17871,0.118688
2553,14931,0.065704
2554,14092,0.331118
2554,17585,0.102559
2555,14093,0.111827
2555,15034,0.051645
2555,12392,0.265084
2555,18583,0.07092
2556,14094,0.051898
2556,14639,0.11051
2556,15779,0.071538
2557,14096,0.289173
2558,14097,0.139148
2558,15248,0.109304
2558,13662,0.058563
2559,14098,0.612182
2560,11798,0.110804
2561,11793,0.269936
2561,11794,0.306567
2562,14104,0.259173
2562,16276,0.104334
2563,11772,0.30855
2563,12229,0.097547
2564,14106,0.100234
2564,12138,0.300635
2565,14107,0.498507
2566,13398,0.050667
2566,11976,0.087634
2566,11767,0.149385
2567,11785,0.32148
2568,14110,0.378296
2569,13682,0.181794
2569,14434,0.324004
2569,21634,0.133793
2570,11749,0.051418
2571,11759,0.244747
2571,11794,0.054643
2572,12718,0.053694
2573,14111,0.07955
2573,14178,0.204056
2573,17362,0.191641
2574,13797,0.234622
2574,18115,0.054713
2574,21006,0.053535
2575,14112,0.314538
2576,12662,0.185083
2576,13758,0.066237
2576,11820,0.063824
2576,15468,0.054035
2577,14114,0.467555
2578,11794,0.186768
2579,11995,0.166673
2579,11827,0.206594
2580,14116,0.268147
2580,11827,0.181861
2581,11950,0.313765
2582,14117,0.420202
2583,14118,0.498546
2584,12563,0.272859
2584,12154,0.149383
2585,12387,0.47672
2585,13115,0.204203
2586,14122,0.41828
2587,14123,0.089386
2587,17088,0.059149
2587,17513,0.445348
2588,14124,0.165671
2588,16899,0.196355
2588,21729,0.069586
2589,14125,0.204407
2589,15949,0.218426
2590,13380,0.19866
2590,11771,0.30806
2591,14126,0.210947
2592,14129,0.378322
2592,16753,0.056288
2593,14132,0.151237
2593,14831,0.292155
2593,18567,0.107575
2594,14134,0.345252
2595,14135,0.225289
2595,14136,0.088307
2595,14828,0.108711
2595,14829,0.306187
2596,14137,0.05531
2597,14138,0.156278
2597,17568,0.075067
2597,17788,0.086822
2597,21456,0.080154
2598,11928,0.175533
2598,15941,0.130056
2599,14140,0.09836
2599,16055,0.214935
2600,14141,0.137433
2600,17540,0.225722
2601,12090,0.370457
2602,11794,0.345408
2603,11782,0.120106
2603,12319,0.175422
2603,11969,0.168182
2604,14145,0.551394
2605,11771,0.353985
2605,15590,0.063036
2606,14150,0.158359
2606,15948,0.298066
2607,12880,0.058005
2607,15076,0.202372
2607,13871,0.096025
2608,14151,0.574673
2609,14155,0.056802
2610,14156,0.466761
2611,14157,0.456482
2611,18340,0.176944
2612,14158,0.061269
2612,17117,0.131055
2612,12671,0.168736
2613,11839,0.083051
2613,13114,0.09392
2613,15074,0.050601
2613,15116,0.110314
2613,13710,0.117487
2613,11742,0.113514
2614,14160,0.078582
2614,14910,0.056357
2614,12533,0.15337
2614,14302,0.063584
2614,16226,0.055803
2614,19369,0.167651
2615,14162,0.183221
2615,14163,0.086187
2615,13205,0.06898
2615,13520,0.146711
2615,20606,0.052904
2616,14164,0.193219
2616,16072,0.076936
2616,17648,0.065935
2617,14165,0.275059
2617,13796,0.08584
2618,11793,0.124111
2618,11794,0.219126
2619,14168,0.16745
2619,15078,0.134803
2620,14170,0.405952
2620,16469,0.056191
2620,13202,0.071495
2621,14172,0.17924
2622,14173,0.102962
2622,12058,0.144556
2623,14175,0.106759
2623,19042,0.051787
2624,14176,0.122958
2625,11948,0.256245
2626,12087,0.464199
2627,11781,0.320559
2628,11948,0.444264
2629,11850,0.43647
2630,11874,0.513466
2631,14179,0.178376
2631,14233,0.067695
2631,14549,0.174334
2632,14180,0.180167
2632,13504,0.190867
2632,12533,0.074667
2633,14181,0.413362
2634,14182,0.149312
2634,14245,0.061659
2634,14825,0.054028
2634,12093,0.060107
2635,14183,0.362471
2635,11759,0.099302
2636,14188,0.063371
2636,14385,0.182647
2636,16622,0.073276
2636,15843,0.102443
2636,20833,0.053783
2637,11793,0.1635
2637,11794,0.185031
2638,12149,0.1926
2638,14302,0.145825
2639,14191,0.305343
2640,14195,0.103279
2640,15446,0.082605
2640,16233,0.215723
2640,17123,0.084629
2640,13274,0.113577
2641,14196,0.069459
2641,15895,0.088506
2641,15913,0.108688
2641,11768,0.171923
2642,14197,0.067971
2642,11916,0.093777
2642,15422,0.067718
2643,14198,0.073604
2643,17025,0.061971
2644,14202,0.1271
2644,16004,0.180604
2644,16006,0.073183
2644,15010,0.079919
2645,14204,0.184527
2645,14205,0.467927
2646,11734,0.055369
2647,14206,0.051325
2647,11789,0.472334
2647,14298,0.10259
2648,14207,0.097992
2648,17086,0.209132
2649,14208,0.29795
2649,16444,0.07991
2649,12702,0.079808
2649,14153,0.079334
2650,11995,0.064437
2650,14693,0.080793
2651,11793,0.37587
2652,12090,0.069987
2653,11793,0.329111
2654,12417,0.415458
2655,13179,0.134842
2655,12135,0.07001
2656,14211,0.263983
2656,19792,0.05056
2656,19793,0.079517
2657,11782,0.412923
2658,11885,0.454571
2659,11885,0.356707
2660,12417,0.18343
2660,11799,0.065794
2661,14213,0.089771
2661,14201,0.100326
2661,15671,0.216579
2661,19041,0.068673
2662,12772,0.169246
2662,15018,0.3181
2663,13213,0.193701
2663,11950,0.246333
2664,11781,0.555325
2665,12215,0.435553
2666,12905,0.3636
2667,11785,0.466766
2668,14218,0.491958
2669,14219,0.239834
2669,21805,0.103757
2670,14220,0.171435
2670,13552,0.119136
2670,12337,0.054962
2671,14221,0.213846
2671,18624,0.088704
2672,14222,0.329104
2673,14223,0.13022
2673,13552,0.212847
2674,14224,0.080346
2675,14225,0.254911
2676,13113,0.12558
2677,14227,0.403001
2678,14228,0.256166
2679,14229,0.256153
2679,21950,0.099331
2680,14207,0.287515
2681,14230,0.34821
2682,14232,0.128316
2682,11835,0.149427
2682,19433,0.092751
2682,17187,0.064085
2683,14234,0.757033
2684,11775,0.614161
2685,14235,0.066376
2685,14449,0.173819
2685,14547,0.084477
2685,16086,0.135418
2685,17258,0.065107
2686,14236,0.35314
2686,15677,0.058538
2686,17425,0.081547
2687,12081,0.317588
2687,12178,0.077006
2688,12641,0.300049
2689,14238,0.113767
2689,15138,0.144416
2690,14238,0.204154
2690,14239,0.116291
2690,17791,0.292969
2691,14240,0.060084
2691,17518,0.077369
2691,14925,0.053407
2692,11773,0.105328
2693,11793,0.20861
2693,11794,0.053235
2694,11799,0.179326
2694,19388,0.076075
2695,11749,0.132031
2696,14241,0.477864
2697,14242,0.143022
2697,15705,0.230121
2698,14243,0.233793
2698,14034,0.184682
2698,14035,0.086394
2699,14246,0.117028
2699,13954,0.209211
2700,14247,0.213722
2700,18397,0.130541
2701,13085,0.301517
2702,11851,0.242622
2703,11783,0.072179
2703,13468,0.084998
2704,11999,0.387483
2704,13584,0.071882
2705,11735,0.360375
2706,14250,0.332359
2706,13375,0.076427
2707,14252,0.47053
2707,16623,0.134342
2708,13214,0.306496
2708,14248,0.142101
2708,13674,0.120624
2709,11799,0.353101
2710,12015,0.405381
2711,14254,0.558133
2712,14256,0.50489
2712,21528,0.068751
2713,14258,0.064914
2713,14684,0.432449
2713,17101,0.081009
2714,12012,0.162366
2714,14989,0.050518
2714,11759,0.076748
2715,12563,0.293153
2716,13849,0.452322
2717,14259,0.558059
2718,14261,0.068744
2718,12210,0.108896
2719,13113,0.065066
2719,11969,0.344973
2720,14262,0.429969
2720,18044,0.125348
2721,12089,0.43258
2722,14265,0.270274
2722,18874,0.177815
2723,14266,0.145035
2723,20963,0.316786
2724,14269,0.284896
2724,16195,0.095763
2724,18331,0.133501
2725,12294,0.080964
2725,16273,0.176699
2725,15319,0.130588
2725,14130,0.111982
2726,12012,0.116983
2726,13113,0.051841
2727,13090,0.050814
2727,12042,0.166897
2727,11980,0.089759
2728,12213,0.2156
2729,12819,0.192232
2730,12680,0.357704
2730,12679,0.078293
2731,12445,0.345605
2732,14271,0.159205
2732,17708,0.339752
2732,11969,0.24622
2733,11903,0.070282
2733,18361,0.071493
2733,12954,0.126457
2733,11906,0.151048
2734,14272,0.153515
2734,15040,0.259424
2735,11798,0.075581
2736,14274,0.088161
2736,14276,0.442185
2736,14194,0.100509
2736,12549,0.053794
2737,14275,0.057744
2737,12629,0.108725
2737,16952,0.152384
2737,12869,0.056566
2737,14276,0.182402
2738,12667,0.115542
2738,13108,0.203087
2739,11885,0.335122
2740,12322,0.597443
2741,14277,0.115951
2741,16029,0.067464
2741,16584,0.05691
2741,13861,0.101844
2741,19924,0.056826
2742,11953,0.07066
2743,14279,0.389349
2744,14280,0.178851
2744,18805,0.134922
2745,12101,0.098432
2745,13432,0.226575
2746,11891,0.221616
2747,14281,0.078945
2747,16343,0.134862
2747,11839,0.052595
2748,13415,0.398579
2749,13790,0.092658
2749,11936,0.11516
2749,20109,0.092634
2750,12225,0.244963
2750,14423,0.101024
2751,11852,0.33826
2752,14283,0.169648
2752,14785,0.351558
2752,20768,0.09672
2752,21099,0.081376
2753,11850,0.465207
2754,11798,0.248762
2754,11949,0.28541
2755,14144,0.204336
2755,21660,0.183194
2756,13020,0.063105
2756,14628,0.117868
2756,16405,0.050021
2756,17521,0.093792
2757,14286,0.391892
2757,19926,0.070449
2758,14287,0.092601
2758,15745,0.13461
2758,16135,0.131287
2759,13373,0.093408
2759,12340,0.266077
2759,13404,0.080384
2759,12551,0.086574
2760,14041,0.129831
2760,15203,0.101815
2761,14290,0.157814
2761,14377,0.127029
2761,18582,0.148178
2762,14291,0.127916
2762,15336,0.205654
2762,17142,0.103572
2762,20390,0.055012
2763,14293,0.495441
2764,11773,0.309137
2765,11852,0.168059
2766,11783,0.216112
2767,11948,0.281895
2767,11812,0.097696
2768,14295,0.258254
2769,13113,0.368153
2770,14296,0.327489
2770,15431,0.099723
2770,16918,0.109265
2770,19137,0.080779
2771,11808,0.058859
2771,12841,0.195779
2771,21142,0.11782
2772,14297,0.187276
2772,18124,0.098826
2773,14298,0.675543
2774,14304,0.164753
2774,20814,0.168638
2774,20815,0.168625
2775,12803,0.262459
2776,13681,0.143049
2776,13036,0.22672
2776,14263,0.190483
2777,11783,0.224424
2777,12414,0.068013
2778,14307,0.208455
2778,15863,0.110908
2779,14309,0.109513
2779,14327,0.089658
2779,15052,0.270152
2780,11783,0.411576
2781,14310,0.464207
2781,14311,0.430934
2782,14313,0.082797
2782,14652,0.071683
2782,18142,0.071477
2782,11984,0.113216
2783,14314,0.516581
2783,20983,0.124058
2784,13794,0.088678
2784,15470,0.302864
2785,14315,0.136425
2785,17111,0.249594
2785,15241,0.064552
2786,14316,0.184756
2786,12685,0.116537
2786,12054,0.168037
2786,14430,0.112171
2786,14843,0.107141
2787,14317,0.751344
2788,13969,0.332189
2788,14318,0.332196
2789,11734,0.057223
2790,14320,0.375962
2790,12375,0.138359
2791,14322,0.202444
2791,15980,0.112755
2791,16434,0.062272
2792,14324,0.560497
2793,13588,0.068535
2793,14303,0.197758
2793,12301,0.122163
2793,21689,0.068717
2794,14325,0.071146
2794,15235,0.133529
2794,12718,0.069588
2794,19819,0.058312
2795,14329,0.05998
2795,14612,0.110983
2795,14655,0.127909
2795,17118,0.111043
2796,14330,0.122319
2796,14339,0.221111
2796,19350,0.109603
2797,11785,0.322352
2798,11886,0.23306
2799,14331,0.427651
2800,12217,0.050588
2801,11772,0.291636
2802,14333,0.141118
2802,13034,0.357114
2802,18255,0.119527
2803,14334,0.122929
2803,14688,0.331798
2803,15829,0.125663
2804,13662,0.085347
2804,12151,0.089408
2805,14336,0.081823
2805,20016,0.099899
2805,20065,0.208462
2806,12168,0.3724
2807,13650,0.129088
2807,12032,0.105465
2807,13266,0.213391
2808,11727,0.176264
2808,12830,0.301396
2808,17761,0.066336
2809,12588,0.331112
2809,17159,0.081772
2810,14341,0.528244
2811,14110,0.081968
2812,12138,0.165461
2812,14700,0.084606
2813,13037,0.132945
2813,12776,0.055912
2814,14343,0.060689
2814,12596,0.146424
2814,12042,0.254705
2814,17567,0.098394
2815,14344,0.357311
2815,14948,0.079973
2815,19982,0.103235
2816,14345,0.343709
2816,12004,0.162602
2817,14347,0.234662
2817,17904,0.118317
2818,14348,0.11726
2819,12414,0.124954
2820,12417,0.290065
2821,14350,0.520141
2822,11749,0.129847
2823,14351,0.380719
2824,13060,0.421718
2824,12645,0.31139
2825,14354,0.256884
2825,15302,0.254338
2826,12505,0.21855
2826,13049,0.241246
2827,14356,0.098474
2827,15937,0.357111
2828,14357,0.192662
2829,12905,0.301891
2830,14304,0.27992
2830,19241,0.093025
2831,14358,0.189668
2831,15238,0.240739
2832,14359,0.08404
2832,14907,0.108
2832,14959,0.228
2832,15456,0.072929
2833,14361,0.115586
2833,14426,0.432189
2833,12224,0.056078
2834,14362,0.40824
2834,20404,0.180128
2835,14363,0.066499
2835,16204,0.070677
2835,18505,0.182262
2835,19138,0.220859
2836,11736,0.44415
2837,14368,0.138433
2837,14397,0.336826
2838,12414,0.089385
2839,12136,0.126722
2839,12950,0.054154
2839,16728,0.064655
2840,14370,0.271547
2841,12355,0.152909
2841,14375,0.176346
2841,11902,0.144395
2841,12222,0.144407
2842,14376,0.076412
2842,19681,0.076462
2843,12319,0.349462
2844,14377,0.098527
2844,14290,0.12154
2845,14378,0.322869
2845,18544,0.143092
2845,12506,0.222722
2846,14379,0.52562
2847,11852,0.095469
2847,11850,0.387459
2848,14381,0.308368
2849,14383,0.196302
2849,11776,0.488769
2850,14384,0.121452
2850,12992,0.225377
2851,14386,0.203101
2851,17497,0.054908
2851,17859,0.062316
2851,19174,0.069168
2852,14387,0.159409
2852,12898,0.06763
2853,14388,0.09645
2853,15865,0.2547
2853,17137,0.126387
2853,14411,0.070234
2854,14389,0.199012
2855,11860,0.231513
2856,13942,0.409451
2856,18450,0.067171
2857,13772,0.179054
2857,15014,0.12062
2857,21141,0.066925
2858,14391,0.448517
2858,16854,0.10224
2859,14395,0.159366
2859,15011,0.267213
2859,21616,0.110665
2860,14396,0.173732
2860,15860,0.143724
2861,14399,0.254702
2862,14400,0.184002
2863,14401,0.125809
2863,16350,0.075089
2864,14402,0.073149
2864,14952,0.23054
2864,15786,0.089406
2865,11811,0.051041
2866,11869,0.108445
2867,14228,0.12401
2867,12707,0.127561
2867,18260,0.119876
2868,14404,0.176483
2868,17016,0.193649
2869,14405,0.553184
2870,14406,0.457446
2871,11749,0.17265
2872,14408,0.134013
2872,11743,0.338602
2873,13828,0.168631
2873,13546,0.077017
2873,13941,0.095441
2873,11915,0.081683
2874,14409,0.249941
2875,14410,0.294363
2876,14411,0.18375
2876,15865,0.237257
2876,17137,0.065146
2877,14412,0.067695
2877,16316,0.228176
2877,16125,0.105736
2878,14413,0.213382
2878,20693,0.07349
2879,14414,0.21848
2879,15299,0.07343
2879,11765,0.24638
2879,15237,0.131254
2880,14416,0.140017
2880,13472,0.199688
2881,14417,0.377157
2882,14419,0.4633
2882,18948,0.295715
2883,11799,0.329035
2884,14420,0.444726
2885,13401,0.4394
2886,14421,0.465671
2886,19876,0.074034
2887,11798,0.234887
2888,11734,0.314029
2889,14422,0.24736
2889,13942,0.244542
2889,17964,0.192768
2890,14425,0.358492
2890,20883,0.200282
2891,11953,0.235598
2891,14715,0.079286
2892,11794,0.06992
2893,14427,0.193111
2894,14428,0.26961
2894,17843,0.09881
2894,20808,0.099259
2895,14316,0.472602
2895,15466,0.182364
2896,13573,0.250499
2897,11759,0.078112
2898,13130,0.290745
2899,11784,0.201097
2900,12087,0.377916
2901,14435,0.247796
2902,13214,0.570324
2903,12242,0.174792
2904,11885,0.163379
2904,11759,0.090339
2905,11735,0.069451
2906,13120,0.257651
2906,15398,0.053448
2906,15938,0.103087
2907,14438,0.376792
2907,17006,0.148888
2907,18598,0.077072
2908,14439,0.066242
2908,15727,0.093584
2908,18326,0.072101
2909,14440,0.431454
2909,19899,0.082809
2910,14442,0.710241
2911,13186,0.107499
2911,15198,0.091737
2912,11834,0.320181
2912,21930,0.053809
2913,11759,0.086632
2914,11794,0.405574
2915,12237,0.299659
2916,14445,0.07397
2916,13137,0.054362
2917,13113,0.208143
2917,11780,0.060059
2918,11948,0.353101
2919,12828,0.421251
2920,14446,0.580583
2921,14447,0.099096
2921,16002,0.078453
2921,13675,0.063291
2922,11820,0.096019
2923,11888,0.162532
2924,13113,0.4451
2925,11780,0.130354
2926,14453,0.524331
2927,12164,0.137095
2927,12294,0.058058
2927,13947,0.232004
2927,12051,0.090817
2927,13234,0.078688
2928,11799,0.531391
2929,14455,0.130048
2930,14456,0.05566
2930,14457,0.174769
2930,12102,0.189619
2931,14458,0.148168
2931,17538,0.245809
2931,21261,0.109048
2932,14459,0.423688
2932,19482,0.24059
2933,14460,0.441215
2934,14461,0.130755
2934,17451,0.062698
2934,17923,0.059463
2935,14462,0.059827
2935,15968,0.274361
2935,16591,0.146959
2936,14463,0.064335
2936,17510,0.068332
2936,13760,0.074728
2937,14464,0.61489
2938,13572,0.230536
2938,13571,0.164473
2939,14466,0.066554
2939,16892,0.066554
2939,17896,0.14203
2939,20867,0.057472
2940,11811,0.399162
2941,11953,0.190985
2942,13752,0.061183
2943,13684,0.101375
2943,18197,0.195912
2944,14467,0.249085
2944,13483,0.225012
2944,18344,0.056058
2944,18365,0.055812
2945,14468,0.079376
2945,15363,0.361805
2946,14469,0.100169
2946,14382,0.139568
2946,17993,0.094433
2947,14052,0.262163
2947,14593,0.059496
2947,18026,0.078744
2948,14471,0.156838
2948,16813,0.115
2948,18396,0.10223
2948,18781,0.115088
2949,14255,0.478148
2949,13926,0.147423
2950,13788,0.453947
2950,14472,0.185905
2950,20210,0.073988
2951,11934,0.180996
2951,14346,0.134586
2951,16988,0.150171
2951,20144,0.143718
2951,12299,0.129826
2952,14473,0.1603
2952,16748,0.289086
2953,14474,0.558006
2954,14472,0.06206
2954,16455,0.184283
2954,12674,0.236055
2954,16988,0.10374
2954,19479,0.110001
2955,14476,0.106595
2955,15333,0.145695
2955,17797,0.056137
2956,14477,0.187856
2956,15079,0.071227
2956,15080,0.099443
2957,14479,0.492623
2958,12305,0.256448
2958,16742,0.080734
2958,15305,0.051588
2959,13125,0.239994
2959,13664,0.232058
2960,12414,0.062484
2961,12227,0.132799
2962,14482,0.161161
2962,21090,0.288301
2963,14483,0.097649
2963,15289,0.202323
2963,15597,0.282609
2963,16759,0.064266
2963,20497,0.079477
2964,14484,0.054085
2964,16743,0.211964
2965,14485,0.50034
2966,12563,0.064427
2966,12154,0.061569
2967,12087,0.403056
2968,12090,0.3447
2968,12242,0.137824
2969,14488,0.501791
2970,14489,0.21902
2971,12459,0.327797
2972,14490,0.183744
2973,14492,0.068608
2973,14824,0.145772
2973,16222,0.131958
2973,16792,0.147952
2974,12141,0.29335
2974,13014,0.199297
2974,12057,0.052915
2974,13047,0.070751
2974,15159,0.050053
2975,12987,0.297212
2975,18846,0.204794
2975,21317,0.110056
2975,14265,0.051334
2976,13804,0.095695
2976,16307,0.075742
2976,17520,0.141831
2977,14495,0.805976
2978,11851,0.060477
2979,14498,0.087731
2979,11766,0.371318
2979,13558,0.093834
2980,13046,0.112748
2980,14412,0.090404
2980,19550,0.078837
2981,14499,0.075899
2981,15403,0.140378
2982,11906,0.252024
2982,16658,0.073648
2982,12954,0.102592
2983,12471,0.389003
2983,14666,0.071934
2984,12824,0.174916
2984,13097,0.111035
2984,13716,0.122032
2984,16064,0.057216
2985,14503,0.190301
2985,18146,0.212401
2986,11780,0.057978
2986,11735,0.074974
2987,11948,0.219591
2988,11872,0.154864
2988,16353,0.088613
2989,12041,0.075305
2989,14504,0.125174
2989,14153,0.075136
2989,20569,0.108251
2990,14505,0.0803
2990,14506,0.083236
2990,15083,0.151878
2990,16731,0.051344
2991,11794,0.165342
2992,14508,0.088165
2992,14885,0.374166
2992,18402,0.083474
2993,14511,0.187085
2993,12224,0.081215
2993,13209,0.082124
2994,11838,0.062087
2994,11780,0.090267
2995,11798,0.358732
2996,11798,0.143044
2997,14514,0.187678
2997,12950,0.116311
2998,12047,0.064297
2998,14515,0.157869
2998,12529,0.098361
2999,14516,0.130404
2999,20285,0.20434
3000,14517,0.505744
3001,12072,0.182069
3001,13365,0.149392
3001,16536,0.129983
3002,14519,0.444168
3003,14520,0.422678
3004,14521,0.066639
3004,17072,0.112675
3004,20551,0.142857
3005,12760,0.186682
3005,18220,0.192261
3006,14522,0.149406
3006,19195,0.116221
3006,16206,0.081287
3007,14525,0.106857
3007,15168,0.167767
3007,13242,0.283322
3008,14290,0.11543
3008,11840,0.161699
3008,14016,0.100654
3009,11859,0.340602
3010,12194,0.187067
3010,17289,0.10915
3010,12961,0.109132
3011,14526,0.164207
3012,14527,0.494834
3013,13154,0.251435
3013,14617,0.056503
3013,15592,0.068076
3013,15585,0.102583
3014,14529,0.233018
3015,13185,0.152049
3016,14530,0.058577
3016,15776,0.079597
3016,18843,0.081774
3017,14531,0.242079
3017,15130,0.087875
3017,15489,0.083878
3017,17937,0.087215
3017,19428,0.053355
3017,20902,0.065135
3018,14532,0.228829
3018,17820,0.092869
3019,14533,0.071287
3019,11756,0.059507
3019,14930,0.108226
3019,19992,0.122748
3020,14537,0.114501
3021,14538,0.10304
3021,15655,0.139269
3021,13381,0.0758
3022,13125,0.133565
3022,13509,0.240388
3022,12656,0.191829
3023,12287,0.27897
3024,14539,0.05514
3024,15259,0.164386
3024,11956,0.116873
3024,12116,0.174455
3024,15116,0.125511
3025,14540,0.348032
3025,17677,0.156725
3025,21228,0.060593
3026,14541,0.26079
3026,13733,0.323466
3027,14542,0.239481
3027,16202,0.112058
3027,16846,0.080501
3028,14543,0.055926
3028,16411,0.136163
3028,17138,0.060056
3028,13292,0.053941
3028,11751,0.095194
3028,21591,0.086728
3029,14544,0.415647
3030,14546,0.586777
3031,14547,0.188136
3031,15884,0.144468
3031,14449,0.194438
3031,14235,0.052507
3032,13481,0.155005
3032,17957,0.155178
3032,20934,0.056083
3032,21174,0.055668
3033,14550,0.215824
3033,12004,0.157346
3034,14551,0.239666
3034,18963,0.076916
3034,21300,0.112296
3035,14553,0.590313
3036,11797,0.443185
3037,14554,0.085379
3037,11850,0.173593
3038,11969,0.175622
3039,11797,0.407264
3040,14555,0.106474
3041,14556,0.348492
3042,11838,0.149006
3043,14558,0.246792
3044,14559,0.113451
3044,13617,0.252531
3045,14561,0.196204
3045,15090,0.08163
3046,14564,0.130004
3046,17784,0.343149
3047,13511,0.282722
3048,12237,0.725108
3049,14565,0.074279
3049,15233,0.213583
3050,12088,0.409074
3051,14567,0.145222
3051,17477,0.145222
3051,11756,0.093982
3052,14568,0.312825
3052,16141,0.230921
3052,16796,0.056809
3052,20590,0.077347
3053,11756,0.350698
3053,15824,0.050072
3053,16797,0.066327
3053,18109,0.066024
3053,19356,0.131801
3054,14570,0.130413
3054,13257,0.127965
3055,14183,0.37641
3056,14574,0.131898
3056,19596,0.061806
3057,14575,0.299354
3058,14578,0.051371
3058,13441,0.071403
3058,15955,0.070797
3059,14579,0.274614
3059,18183,0.053037
3059,17651,0.069629
3060,14580,0.128076
3060,16842,0.143943
3060,17571,0.075622
3060,18820,0.088477
3060,21203,0.060573
3061,12213,0.220992
3062,12984,0.430906
3062,21327,0.05813
3063,14581,0.213297
3063,17454,0.199371
3064,11953,0.262879
3065,14582,0.416781
3066,14583,0.187574
3067,12087,0.374848
3067,11734,0.252824
3068,11783,0.196398
3068,17676,0.145852
3069,14227,0.327568
3070,13943,0.226616
3070,15911,0.334118
3071,14585,0.057166
3071,12294,0.073259
3071,15205,0.293617
3071,12549,0.113992
3071,13202,0.087821
3072,14586,0.057919
3072,15173,0.072265
3072,16340,0.096327
3072,16529,0.136704
3072,12617,0.080966
3073,14587,0.160244
3073,12194,0.110296
3074,14106,0.374386
3074,14588,0.190059
3074,19868,0.106431
3075,14589,0.143819
3075,14590,0.077479
3075,16840,0.059567
3075,16901,0.144326
3076,11969,0.311938
3077,11783,0.114831
3078,12493,0.227369
3079,14591,0.087118
3079,12505,0.155627
3079,13049,0.056969
3080,14592,0.315524
3080,12170,0.081429
3081,14593,0.391936
3081,14594,0.075521
3082,14595,0.490117
3083,14597,0.077882
3083,12102,0.104112
3084,13186,0.453611
3085,14599,0.069299
3085,14708,0.099708
3085,19247,0.069285
3085,20438,0.053945
3085,20649,0.175305
3085,16963,0.069248
3086,11784,0.230741
3087,12087,0.251503
3088,11885,0.259835
3088,12087,0.289373
3089,11771,0.372247
3090,11798,0.192067
3091,11749,0.326257
3092,14601,0.213436
3092,14671,0.059443
3092,15260,0.085949
3092,20216,0.059549
3093,14602,0.217567
3093,18962,0.136534
3093,19556,0.061865
3094,14603,0.130219
3094,16271,0.378322
3094,21901,0.100579
3095,11953,0.187721
3096,11969,0.351094
3096,11782,0.262512
3097,11782,0.148125
3097,11969,0.151987
3097,12319,0.188575
3098,11734,0.312722
3099,14604,0.461042
3100,14605,0.484109
3101,11749,0.430911
3102,14606,0.137846
3102,18822,0.199766
3103,14607,0.057291
3103,12306,0.285093
3104,11978,0.206734
3104,14609,0.112938
3104,13727,0.168874
3104,12890,0.079486
3104,16733,0.1201
3105,14611,0.062879
3106,14613,0.43674
3107,12576,0.427713
3107,16081,0.08211
3107,14635,0.097974
3108,11767,0.445911
3109,11785,0.062599
3110,14616,0.076511
3110,16766,0.085205
3111,12403,0.398091
3111,16784,0.061884
3112,14620,0.074733
3112,17171,0.053473
3112,17885,0.159708
3112,12772,0.061778
3112,20613,0.072052
3113,11798,0.123716
3114,11799,0.280632
3114,13213,0.084254
3115,11851,0.12327
3116,11859,0.456747
3117,12013,0.357486
3118,11891,0.91741
3119,14621,0.182474
3119,14768,0.065935
3119,19821,0.095103
3119,13466,0.238058
3120,11781,0.166147
3121,14624,0.24146
3121,18514,0.056011
3122,14625,0.224675
3122,18120,0.07926
3122,19857,0.064975
3123,14626,0.209329
3123,16173,0.119493
3124,11860,0.237272
3125,11850,0.44846
3126,11852,0.251931
3126,11850,0.272496
3127,11828,0.056306
3127,17946,0.231877
3127,17945,0.075135
3128,11781,0.529218
3129,11794,0.225695
3129,11793,0.27036
3130,12012,0.154142
3131,12026,0.395191
3132,12225,0.161725
3133,12854,0.326394
3134,11953,0.080234
3135,14637,0.785408
3136,13113,0.41996
3137,12225,0.332715
3138,12015,0.492461
3139,11860,0.319167
3140,11794,0.138988
3141,14641,0.339959
3142,14642,0.166374
3142,13918,0.091295
3142,17782,0.056198
3143,11798,0.088425
3144,14404,0.063213
3144,14788,0.105005
3144,18238,0.054839
3145,14645,0.236412
3145,16299,0.08514
3146,14646,0.274062
3146,18769,0.057797
3147,13883,0.159668
3147,20514,0.076082
3148,11781,0.065561
3149,14647,0.810312
3150,14290,0.077326
3150,13883,0.162371
3150,13283,0.167497
3151,14650,0.202852
3152,14651,0.060741
3152,17577,0.225567
3152,12027,0.140798
3153,14653,0.603042
3154,14654,0.130631
3154,13016,0.204673
3155,14656,0.128195
3155,14827,0.128125
3156,11953,0.215824
3157,14658,0.497958
3158,12875,0.485094
3159,11759,0.198111
3160,14660,0.346664
3160,19933,0.093437
3161,14661,0.121619
3161,17457,0.211354
3161,19126,0.121592
3162,14664,0.369968
3163,14666,0.209408
3163,17965,0.054142
3164,14667,0.492351
3165,14669,0.31501
3165,19282,0.06401
3165,19892,0.089234
3165,20621,0.06401
3165,11905,0.083791
3165,16960,0.071717
3166,11775,0.66983
3167,14672,0.467165
3168,14674,0.141519
3168,16518,0.332535
3168,19967,0.054889
3168,20417,0.119874
3169,11749,0.29872
3170,11798,0.371056
3171,11860,0.28358
3172,12414,0.210723
3173,12629,0.08051
3173,14683,0.275827
3174,12618,0.069473
3174,16303,0.069775
3174,12260,0.262084
3174,19563,0.069559
3175,14676,0.087844
3175,14682,0.051478
3175,18053,0.066412
3175,14683,0.130047
3175,21336,0.110502
3176,14680,0.097325
3176,14948,0.211538
3176,18253,0.150212
3176,19513,0.079625
3177,14685,0.195464
3177,11800,0.122073
3177,13423,0.111117
3178,14686,0.464281
3179,14689,0.490103
3180,14690,0.066858
3180,16285,0.086405
3180,14016,0.111521
3180,16486,0.144362
3181,14691,0.058682
3181,15206,0.197733
3181,18839,0.174395
3182,14692,0.145349
3182,16690,0.066621
3182,17134,0.066618
3182,21779,0.066102
3183,13684,0.373726
3183,16191,0.125059
3183,19058,0.094648
3184,12417,0.148527
3184,12013,0.052648
3185,11953,0.172655
3186,12573,0.100574
3186,14694,0.084073
3186,12056,0.084421
3186,14695,0.083826
3187,13192,0.211329
3187,12573,0.143324
3187,14696,0.104098
3188,13587,0.292731
3188,20214,0.102129
3188,21606,0.088537
3189,14697,0.219641
3189,20307,0.12278
3189,20423,0.169753
3190,12580,0.461616
3191,11851,0.369362
3192,11953,0.219088
3193,12026,0.447314
3194,11922,0.307021
3195,11949,0.314412
3196,11749,0.30552
3197,14699,0.420568
3197,20257,0.097488
3198,14701,0.189938
3198,16404,0.063441
3198,18151,0.067015
3198,18152,0.123831
3198,18317,0.114765
3199,14702,0.209964
3199,16659,0.145733
3199,17600,0.070123
3199,18448,0.117073
3199,21565,0.057519
3200,14703,0.281954
3201,14705,0.098881
3201,16351,0.317099
3201,17834,0.057346
3201,18662,0.140444
3202,11734,0.090919
3203,12090,0.223968
3204,14709,0.412347
3204,11798,0.160426
3205,14710,0.263798
3206,14561,0.416451
3207,12769,0.642935
3208,14711,0.075425
3208,15032,0.39249
3208,20049,0.057682
3209,14712,0.142971
3209,12327,0.115435
3209,12328,0.091683
3209,15632,0.097426
3210,12088,0.173066
3210,14714,0.444477
3211,11838,0.169412
3212,14715,0.18959
3213,11852,0.058187
3214,11850,0.205599
3214,11852,0.057474
3215,13558,0.228087
3215,14808,0.090367
3215,13031,0.173731
3216,14716,0.144703
3216,14717,0.361154
3216,21274,0.10754
3216,18425,0.131274
3217,14718,0.053978
3217,14038,0.078276
3217,16269,0.120524
3217,14696,0.063838
3217,12170,0.056815
3217,19456,0.062265
3218,14722,0.342844
3218,19317,0.075505
3219,12087,0.185673
3219,11948,0.158149
3220,14723,0.746657
3221,14724,0.232601
3221,14725,0.174745
3222,14727,0.323612
3222,14681,0.169495
3223,14728,0.48019
3224,14729,0.318606
3224,18208,0.162981
3225,14730,0.347535
3226,14732,0.085823
3226,14172,0.181268
3227,13411,0.323955
3227,19406,0.055892
3228,11977,0.068189
3228,12473,0.071632
3228,12210,0.180891
3229,14735,0.368048
3229,20618,0.172465
3230,12417,0.254234
3231,13662,0.092861
3231,15248,0.147239
3231,17378,0.067801
3231,17805,0.079704
3232,12923,0.510162
3233,12083,0.461334
3234,14737,0.079559
3234,18998,0.110434
3234,17838,0.120284
3235,14738,0.078902
3235,14926,0.500157
3236,14740,0.259738
3236,11937,0.303963
3236,16926,0.054107
3237,14741,0.456665
3238,14742,0.340398
3239,14743,0.565075
3240,14745,0.079724
3241,14746,0.208216
3241,17347,0.172843
3241,13261,0.058807
3242,13701,0.219802
3242,17400,0.101876
3242,18851,0.087256
3243,12718,0.393804
3244,13948,0.090407
3244,12111,0.059779
3244,15247,0.435006
3245,14750,0.146718
3245,16543,0.454946
3245,12298,0.058533
3246,12004,0.136743
3246,12746,0.07562
3246,17047,0.059433
3246,17641,0.168392
3247,11921,0.174795
3247,11820,0.125693
3247,11854,0.092453
3247,15423,0.055162
3248,14753,0.341889
3248,19365,0.095726
3248,21646,0.082206
3249,13274,0.098085
3250,14754,0.139683
3250,16685,0.140771
3250,14613,0.092732
3251,13213,0.154458
3252,12012,0.094298
3253,14757,0.061461
3253,14760,0.341206
3253,17439,0.330642
3254,14758,0.300037
3254,13539,0.127522
3254,11976,0.066529
3254,15923,0.068421
3254,15924,0.095239
3254,14867,0.075635
3255,12815,0.501091
3255,15946,0.084669
3255,16942,0.093513
3255,14637,0.063088
3256,14760,0.169194
3257,14761,0.381941
3257,19646,0.055401
3258,14762,0.433141
3258,17472,0.134876
3259,14763,0.386894
3260,11851,0.423023
3261,14764,0.199335
3261,12559,0.224518
3261,13169,0.092857
3261,13706,0.149998
3262,14765,0.311103
3262,18037,0.082609
3262,18262,0.115157
3263,14766,0.512995
3264,14767,0.459421
3265,13726,0.270801
3265,12526,0.179755
3265,14038,0.123333
3266,11785,0.331254
3267,11953,0.063926
3268,13201,0.05345
3269,11997,0.241045
3270,14514,0.313145
3270,18803,0.10556
3271,11885,0.757398
3272,11794,0.158862
3273,14771,0.15962
3273,11830,0.21253
3273,15931,0.077786
3273,13911,0.116846
3274,13261,0.692589
3275,14227,0.282802
3276,11793,0.053964
3277,11953,0.114059
3278,12029,0.132028
3278,16291,0.273687
3279,14772,0.286542
3280,11836,0.482314
3280,17376,0.110756
3280,17609,0.146608
3281,13130,0.090155
3282,14773,0.180412
3282,21478,0.129447
3283,14774,0.115067
3283,13478,0.189808
3283,19281,0.150806
3284,14776,0.177954
3284,14884,0.074477
3284,18519,0.250219
3284,21094,0.052393
3285,14777,0.379483
3286,14778,0.293015
3286,15505,0.108136
3286,14777,0.068421
3286,18661,0.056351
3286,19798,0.051034
3287,11874,0.425106
3288,14780,0.105011
3289,14781,0.102452
3289,15240,0.28713
3290,12499,0.096947
3290,17135,0.066292
3291,14786,0.191044
3291,15753,0.07898
3291,19097,0.055861
3291,17861,0.07902
3291,20659,0.257293
3292,14787,0.126728
3292,15615,0.172736
3292,18149,0.225973
3292,20694,0.093037
3293,14016,0.50091
3293,21307,0.192213
3294,14789,0.170987
3294,16432,0.057183
3295,14791,0.101575
3295,19721,0.146014
3295,20050,0.191538
3295,20051,0.055077
3295,12141,0.076611
3296,12224,0.551089
3297,13749,0.114505
3297,15769,0.128084
3298,14792,0.272025
3298,14316,0.437098
3299,14794,0.157383
3299,15722,0.097706
3299,16897,0.096108
3300,12026,0.277033
3301,14798,0.14984
3301,15521,0.094476
3302,14669,0.078501
3302,12560,0.243329
3302,12223,0.136834
3302,12924,0.171839
3303,14726,0.051731
3303,14799,0.325579
3303,16788,0.102826
3304,14800,0.232876
3304,16242,0.078949
3304,17941,0.079035
3304,20761,0.072177
3305,11872,0.519704
3306,13052,0.351688
3306,15409,0.091236
3306,17032,0.099071
3307,14801,0.205329
3307,18759,0.305465
3308,13195,0.064192
3308,16167,0.089737
3308,13404,0.050527
3309,11850,0.330668
3310,14802,0.414555
3310,21500,0.099883
3311,12237,0.285889
3312,14803,0.161119
3312,21030,0.16456
3313,13691,0.301342
3313,14349,0.215318
3314,13154,0.255864
3315,12671,0.095028
3315,15556,0.118973
3316,14805,0.208216
3316,13953,0.118032
3316,15491,0.224051
3316,16824,0.092241
3317,14807,0.332286
3317,18462,0.188635
3318,14808,0.138895
3318,13031,0.151919
3318,13558,0.234411
3319,13388,0.128856
3319,15043,0.224365
3320,14810,0.101594
3320,14826,0.093716
3320,17765,0.058523
3321,14811,0.385373
3322,14812,0.0769
3322,17261,0.076481
3322,17955,0.193683
3322,18883,0.193229
3323,12319,0.287196
3323,11969,0.108787
3324,11891,0.172317
3325,14815,0.446184
3325,19272,0.122098
3325,20241,0.060692
3326,11955,0.379556
3326,14816,0.247945
3326,12824,0.110687
3327,14817,0.241238
3327,18672,0.158748
3328,14818,0.055859
3328,16199,0.053587
3328,16657,0.280874
3328,13750,0.067107
3328,15656,0.069922
3329,12129,0.400236
3329,14819,0.069929
3329,15652,0.124333
3330,12908,0.163432
3331,14821,0.532434
3331,17518,0.160968
3332,11972,0.142365
3332,12360,0.057447
3332,19285,0.06051
3333,12575,0.312085
3333,18211,0.145414
3334,13352,0.171524
3334,17298,0.158229
3334,15204,0.095089
3335,14081,0.357303
3336,11799,0.374842
3337,14830,0.093891
3337,12575,0.204048
3338,11799,0.3566
3338,13213,0.052387
3339,12273,0.38116
3339,19368,0.067018
3339,13633,0.167427
3340,13608,0.138485
3340,13217,0.087536
3340,18654,0.063471
3340,21697,0.063493
3341,11734,0.154676
3341,15736,0.137537
3342,14833,0.113368
3342,13303,0.220184
3342,21429,0.061069
3343,11948,0.395256
3344,14834,0.055571
3344,16961,0.077498
3344,13365,0.09571
3344,18968,0.098514
3344,16536,0.055296
3344,21963,0.055595
3345,12424,0.184188
3345,15346,0.071725
3345,19858,0.05819
3345,21335,0.051453
3346,14835,0.082591
3346,12126,0.137183
3347,11753,0.125479
3348,11749,0.061097
3349,14836,0.209454
3349,11808,0.153743
3349,16992,0.062284
3350,14837,0.215195
3350,13866,0.261432
3350,20629,0.07464
3351,14838,0.198134
3351,18850,0.329978
3352,14839,0.170761
3352,17181,0.103676
3353,14840,0.221339
3353,12125,0.220143
3354,14841,0.436383
3355,14842,0.164748
3355,21263,0.22967
3355,21684,0.164743
3356,14844,0.274408
3356,18472,0.162695
3357,13339,0.680672
3358,14845,0.255733
3358,17447,0.053444
3358,17938,0.055934
3358,19614,0.074818
3358,18050,0.067863
3359,14846,0.254669
3360,11773,0.178305
3360,11759,0.088638
3361,14847,0.085373
3361,18328,0.236476
3362,14849,0.388422
3363,14850,0.060728
3363,14298,0.267742
3364,14498,0.395177
3364,14851,0.352823
3365,14852,0.247283
3365,19592,0.052606
3365,19993,0.05862
3365,20995,0.068924
3366,14853,0.428318
3366,18045,0.050701
3367,14854,0.09703
3367,16236,0.098284
3367,15032,0.139877
3367,19525,0.053187
3368,13008,0.118842
3368,12625,0.133539
3368,19604,0.119739
3369,12833,0.19076
3370,13822,0.468495
3370,13825,0.119903
3370,20454,0.126081
3371,14105,0.254328
3371,14515,0.077255
3371,16066,0.118424
3372,14856,0.116185
3373,14857,0.235049
3374,12633,0.40585
3374,13425,0.33047
3374,12370,0.113115
3375,11950,0.773122
3376,12581,0.373854
3377,14859,0.094585
3377,17936,0.131449
3377,19789,0.131759
3377,20945,0.094531
3378,14860,0.528462
3379,14861,0.379913
3380,12168,0.754339
3381,11734,0.070104
3382,13113,0.233833
3383,12168,0.440449
3384,14863,0.350246
3385,12225,0.32367
3386,14864,0.09954
3386,11908,0.353557
3387,14865,0.34271
3388,14866,0.203341
3388,20070,0.095387
3388,20832,0.068423
3389,12338,0.406137
3389,15852,0.117464
3390,14869,0.164506
3390,16716,0.060468
3390,12355,0.259705
3390,20908,0.058801
3391,11794,0.12387
3392,13001,0.090092
3392,14367,0.378689
3392,12019,0.102055
3392,15015,0.101928
3393,11964,0.177536
3393,11838,0.111973
3394,11789,0.34741
3394,14872,0.288979
3394,18225,0.073874
3394,20322,0.054725
3395,11734,0.156073
3396,14873,0.380274
3396,15914,0.143848
3396,16919,0.143806
3397,14874,0.145868
3397,18187,0.315799
3398,11860,0.065713
3399,13493,0.530966
3399,17356,0.084923
3400,14875,0.288852
3401,11771,0.442593
3402,11851,0.43428
3403,14879,0.154414
3403,21096,0.106852
3404,14886,0.143644
3404,15604,0.294487
3404,17208,0.070191
3404,17934,0.06836
3405,14887,0.337217
3405,18127,0.100051
3406,14888,0.089362
3406,18403,0.066829
3406,18217,0.062066
3407,14890,0.105265
3407,14252,0.108337
3407,18102,0.056531
3407,18807,0.060199
3407,20348,0.082682
3407,21622,0.107384
3408,11806,0.128448
3408,16380,0.181353
3408,12682,0.087929
3409,14892,0.216989
3409,15531,0.217634
3410,13581,0.118747
3410,15188,0.130831
3410,13110,0.077341
3411,14893,0.220687
3411,12326,0.08177
3412,14894,0.054067
3412,18735,0.09986
3412,21939,0.056326
3412,17651,0.053533
3413,12417,0.05525
3414,11783,0.310718
3415,14895,0.208616
3415,15031,0.110927
3415,16902,0.136931
3415,15406,0.059185
3416,14897,0.169434
3416,21222,0.138702
3417,14898,0.419061
3417,18460,0.095464
3418,11759,0.050234
3419,11783,0.323172
3420,12088,0.134835
3421,14899,0.176902
3421,16492,0.185741
3421,20428,0.108505
3422,14901,0.157039
3422,16123,0.190337
3422,20380,0.157058
3423,13388,0.15629
3423,13472,0.174205
3424,14902,0.658388
3425,14903,0.065269
3425,14904,0.318358
3425,20592,0.065331
3426,14912,0.130752
3426,18921,0.057531
3426,12010,0.090825
3426,21582,0.057984
3427,14913,0.05961
3428,11953,0.394254
3429,14914,0.761307
3430,11781,0.070841
3431,14915,0.081398
3431,12417,0.261006
3431,19559,0.072692
3432,14916,0.157792
3432,16596,0.282299
3433,14917,0.169787
3433,12950,0.300692
3434,14918,0.317931
3435,14919,0.07772
3435,21019,0.053322
3435,16651,0.055383
3436,14920,0.165496
3436,15048,0.245848
3437,14922,0.245163
3437,14923,0.162923
3437,14801,0.110526
3438,14924,0.113812
3438,18749,0.081484
3438,13393,0.112892
3438,20819,0.084387
3439,14927,0.120698
3439,19032,0.553088
3440,12644,0.054007
3440,16064,0.115185
3440,12824,0.113991
3440,17781,0.054759
3440,11935,0.066434
3441,14928,0.077509
3441,15013,0.054671
3441,16388,0.103432
3441,17901,0.091671
3441,15840,0.086269
3442,12242,0.273345
3443,14503,0.503128
3444,14929,0.327627
3444,13888,0.308649
3445,14930,0.066013
3445,17950,0.137194
3446,12015,0.380113
3447,14932,0.143888
3448,14934,0.3731
3449,14935,0.281949
3449,16115,0.077667
3449,19284,0.128435
3450,11860,0.165299
3450,20448,0.091764
3451,12464,0.066256
3451,13506,0.172439
3451,20858,0.115848
3451,14212,0.114988
3452,14937,0.229776
3452,13865,0.079763
3453,13213,0.079459
3454,14939,0.336425
3454,16801,0.104381
3454,17845,0.071026
3455,14940,0.133167
3455,18029,0.06383
3455,18595,0.140908
3456,14941,0.372768
3456,18098,0.110882
3456,18765,0.100257
3457,14942,0.190615
3457,21584,0.197768
3458,14943,0.148756
3458,18131,0.191052
3458,20776,0.26778
3459,14944,0.178812
3459,14950,0.170741
3459,17743,0.06015
3459,18482,0.068797
3460,14945,0.104634
3460,15619,0.104496
3460,17078,0.193606
3460,21313,0.101759
3461,11799,0.216952
3462,13677,0.256097
3463,11852,0.28902
3464,14946,0.342327
3464,17163,0.070053
3464,17198,0.075079
3464,17827,0.137064
3465,12386,0.09297
3466,14374,0.618232
3467,14949,0.220952
3468,13505,0.523419
3469,14951,0.064379
3469,12111,0.43205
3470,12905,0.129847
3471,11852,0.276247
3472,13800,0.131077
3472,18038,0.073831
3472,18498,0.059768
3473,14953,0.082547
3473,12504,0.460942
3473,17840,0.056151
3474,14954,0.07186
3474,18506,0.073385
3475,11850,0.185415
3476,11948,0.284532
3477,14956,0.827831
3478,14957,0.163042
3478,14972,0.262197
3478,16069,0.133962
3479,14958,0.280016
3479,13895,0.053684
3479,17755,0.05704
3479,19142,0.051495
3480,14962,0.37915
3481,14593,0.334961
3482,14963,0.422434
3482,12525,0.380418
3482,18920,0.057967
3483,14964,0.473029
3484,11838,0.3833
3485,14965,0.169731
3485,20056,0.064176
3485,20274,0.094893
3486,11911,0.517361
3486,12009,0.24139
3487,14183,0.316672
3487,13080,0.097152
3488,14966,0.319608
3488,15698,0.125752
3489,11768,0.377863
3489,13648,0.063647
3490,14967,0.077333
3490,17894,0.516283
3491,11782,0.298968
3492,14968,0.637594
3493,14969,0.162446
3493,13492,0.354616
3494,11781,0.138767
3494,16438,0.09262
3495,12237,0.141987
3496,14971,0.336698
3496,13394,0.161058
3497,11795,0.290806
3498,12100,0.174648
3498,14973,0.187681
3498,11773,0.110592
3499,14974,0.053385
3499,20087,0.050697
3499,21494,0.055329
3500,11937,0.242775
3500,14976,0.155691
3500,17363,0.18129
3501,14977,0.194867
3502,14979,0.378278
3502,16740,0.053147
3502,19364,0.057946
3503,14981,0.108868
3503,16970,0.079028
3503,11989,0.053605
3503,18320,0.140335
3504,14982,0.602086
3505,14983,0.30061
3505,17565,0.300109
3506,14984,0.44133
3506,17881,0.147594
3507,14985,0.536778
3507,12103,0.130717
3508,14986,0.081356
3508,14186,0.211418
3508,12136,0.063218
3509,14988,0.140431
3509,13303,0.053749
3510,14990,0.132512
3510,17114,0.139471
3510,18645,0.265782
3511,14991,0.228792
3512,14992,0.1014
3512,16154,0.149679
3512,18729,0.058063
3512,18252,0.21678
3513,11961,0.283246
3514,14994,0.122093
3514,15137,0.299001
3514,18299,0.099907
3515,14995,0.453211
3515,15477,0.064798
3516,13057,0.114247
3516,14012,0.252234
3516,14022,0.078097
3517,12534,0.194333
3517,15122,0.231791
3517,19520,0.067939
3517,20142,0.065265
3518,12982,0.07439
3518,12306,0.238907
3518,20723,0.075389
3519,11759,0.098877
3519,12414,0.123687
3520,11798,0.053316
3521,11794,0.057447
3522,11734,0.229716
3523,12670,0.083245
3523,16756,0.319461
3523,12948,0.059972
3524,14998,0.257628
3524,13860,0.167727
3524,13360,0.069663
3524,16007,0.108622
3524,14770,0.088201
3525,15000,0.201765
3525,14218,0.262239
3525,18932,0.050201
3525,20639,0.06409
3526,15001,0.231881
3526,17786,0.2356
3527,15003,0.324292
3527,15576,0.16497
3528,11812,0.183742
3528,20115,0.159919
3529,12417,0.125653
3529,11734,0.215066
3530,11908,0.268772
3531,15006,0.216776
3531,12013,0.148826
3532,11784,0.334112
3533,15007,0.184833
3533,17031,0.093383
3533,12153,0.076508
3533,19439,0.059666
3534,11793,0.297747
3535,11956,0.550642
3536,15008,0.170794
3536,13308,0.185728
3536,18601,0.062268
3536,19593,0.062235
3536,21574,0.062307
3537,14593,0.203114
3537,15790,0.189477
3537,15870,0.114918
3538,12217,0.101052
3539,12242,0.462611
3539,16999,0.051588
3539,18696,0.06642
3540,11969,0.244134
3541,11749,0.088901
3542,15009,0.272148
3542,15674,0.094103
3542,13377,0.051072
3543,15012,0.380704
3544,15016,0.238552
3544,17890,0.144656
3544,18958,0.059019
3544,19764,0.090114
3545,15017,0.112587
3546,15019,0.085734
3547,11804,0.15469
3548,11780,0.427533
3549,15020,0.089849
3549,15021,0.069097
3549,16254,0.209163
3549,13894,0.070104
3549,19716,0.070124
3550,12442,0.432557
3550,12140,0.402718
3551,13190,0.189367
3551,15023,0.09351
3551,17206,0.050268
3551,14086,0.234629
3552,12731,0.066026
3553,14017,0.420391
3554,11764,0.257831
3555,11874,0.274364
3556,15025,0.067762
3556,18723,0.062083
3557,15026,0.152101
3557,18942,0.152518
3557,19979,0.058936
3558,15028,0.555876
3559,15029,0.057583
3559,16265,0.121199
3559,16720,0.093579
3559,18728,0.146707
3559,20323,0.057516
3560,11739,0.487429
3560,17732,0.119535
3561,15033,0.189236
3561,11937,0.279051
3561,15290,0.277826
3562,13148,0.062468
3562,14630,0.148603
3563,15035,0.168861
3563,19964,0.321773
3564,12406,0.105521
3564,13367,0.061087
3564,19505,0.135027
3564,11841,0.105456
3565,12224,0.234885
3565,19374,0.365489
3566,11756,0.370321
3566,11757,0.370355
3567,15039,0.784293
3568,15041,0.497712
3568,16979,0.106222
3569,15042,0.466873
3569,15056,0.06864
3569,19043,0.095886
3569,21144,0.051837
3570,11794,0.361223
3571,14624,0.320097
3571,15043,0.066406
3572,15044,0.171224
3572,15045,0.24238
3572,17769,0.146831
3573,15046,0.277987
3573,17146,0.129875
3573,20477,0.093441
3574,15047,0.079316
3574,16043,0.126322
3574,17504,0.066356
3575,11889,0.136053
3575,12734,0.075636
3576,13838,0.06073
3576,12679,0.056878
3576,12073,0.050614
3577,13494,0.321024
3577,17074,0.072148
3578,15051,0.095505
3579,15052,0.091077
3579,14309,0.05503
3579,19064,0.054675
3580,15054,0.185697
3581,13289,0.088956
3581,16651,0.070116
3581,19476,0.073115
3581,13280,0.106145
3582,15055,0.064119
3582,13955,0.073862
3582,14956,0.098843
3583,12737,0.106506
3584,15058,0.242234
3584,15081,0.317496
3585,15059,0.135568
3585,14141,0.185116
3585,18392,0.12834
3586,15060,0.632675
3587,14646,0.578301
3588,13340,0.27022
3589,15061,0.248941
3589,17404,0.055317
3590,15063,0.259702
3590,17705,0.078132
3590,18863,0.078132
3591,12578,0.263508
3592,15064,0.07887
3592,13524,0.398819
3593,12434,0.716807
3594,13817,0.29062
3595,15065,0.174787
3595,13280,0.064794
3596,12966,0.305413
3597,15067,0.087228
3597,12719,0.191256
3598,15068,0.199034
3598,12719,0.073881
3598,20657,0.08674
3598,15067,0.115627
3599,12378,0.120772
3599,15882,0.127395
3599,13913,0.307113
3600,13306,0.197733
3601,12213,0.352509
3602,15069,0.42627
3602,18246,0.060392
3603,12236,0.343094
3603,17182,0.076187
3604,15071,0.128975
3604,15835,0.312457
3604,16018,0.129246
3605,15072,0.598922
3606,11872,0.651987
3607,15075,0.106614
3607,14086,0.318186
3608,15077,0.18319
3609,14172,0.44158
3609,20111,0.08662
3610,12100,0.117188
3610,15878,0.231795
3610,19750,0.089037
3610,20287,0.087507
3610,13873,0.087156
3611,14505,0.232259
3611,18290,0.354729
3612,13214,0.631346
3613,13619,0.302296
3614,12090,0.162344
3614,19741,0.108045
3615,11785,0.201276
3616,15084,0.273496
3616,18337,0.111544
3617,15086,0.491534
3618,15087,0.102496
3618,15266,0.05714
3618,16214,0.062408
3618,16853,0.111749
3619,15088,0.356639
3619,12327,0.162962
3620,15089,0.098759
3620,16546,0.166058
3620,18414,0.052252
3620,13884,0.05513
3621,12414,0.407622
3622,15091,0.183952
3622,14991,0.102801
3622,21129,0.102709
3623,11910,0.091046
3623,13779,0.25268
3623,13158,0.056936
3623,14016,0.073492
3624,13259,0.228034
3624,16680,0.13441
3625,15092,0.203722
3625,13424,0.132583
3625,21718,0.092279
3626,12176,0.322733
3627,15094,0.105563
3627,13794,0.207627
3627,15470,0.131789
3628,15095,0.357296
3628,19477,0.120063
3629,14848,0.168289
3629,17800,0.072654
3629,15406,0.104816
3629,21272,0.060567
3629,22001,0.071209
3630,15096,0.344811
3630,14253,0.177494
3630,13390,0.068287
3631,15097,0.215665
3632,15098,0.220136
3633,15099,0.137097
3633,15100,0.213773
3634,11862,0.08125
3635,11780,0.142535
3636,11749,0.062375
3636,11783,0.202161
3637,11874,0.336025
3638,15102,0.16386
3638,12085,0.116535
3638,18776,0.086809
3638,11734,0.059175
3639,15103,0.273061
3639,21723,0.125023
3640,15104,0.486294
3641,11734,0.114849
3642,12242,0.117939
3643,11771,0.272622
3644,15105,0.226881
3644,15892,0.226833
3645,15106,0.391823
3646,15109,0.483363
3647,15111,0.076765
3647,11940,0.27992
3647,15500,0.062882
3648,15112,0.328703
3648,14138,0.089812
3648,17788,0.158351
3649,15113,0.234453
3649,16377,0.052582
3649,20567,0.134265
3650,15114,0.089317
3650,18981,0.152176
3650,11900,0.216787
3651,11780,0.426501
3652,12087,0.328191
3653,12087,0.620773
3654,13471,0.465272
3655,11734,0.133807
3656,11797,0.488865
3657,11948,0.074052
3658,15115,0.472894
3659,12700,0.149913
3660,11860,0.403594
3661,15117,0.054569
3661,13800,0.067128
3662,15119,0.476304
3662,19315,0.104604
3663,15121,0.454677
3664,11851,0.31633
3665,11780,0.437734
3666,15123,0.079007
3666,17603,0.108865
3666,17604,0.366217
3667,15125,0.057761
3667,17157,0.159927
3667,18717,0.093127
3668,12168,0.34876
3668,14408,0.230649
3669,11785,0.331165
3670,11859,0.22141
3671,12417,0.32036
3672,15131,0.079272
3672,18135,0.079272
3672,19808,0.110511
3672,19936,0.109027
3672,21913,0.079272
3673,11736,0.104902
3674,14958,0.333491
3674,11937,0.360404
3675,15132,0.189915
3675,16306,0.139478
3675,16517,0.114239
3675,16686,0.063847
3676,15133,0.120197
3676,15406,0.153094
3676,15413,0.0619
3677,15134,0.065596
3677,15222,0.298962
3677,17876,0.117327
3677,19817,0.065596
3678,14958,0.379667
3678,11889,0.244285
3678,12734,0.118006
3679,15135,0.241586
3679,18222,0.094516
3679,21509,0.131762
3680,12085,0.418105
3681,11951,0.318963
3682,11736,0.053371
3683,12237,0.064267
3683,14331,0.365587
3683,16344,0.056594
3683,16804,0.057019
3683,19713,0.088655
3684,15141,0.149527
3684,14497,0.133948
3684,11760,0.073976
3684,20269,0.055114
3685,15142,0.281749
3685,15143,0.29918
3686,15144,0.099141
3686,16028,0.172536
3686,19909,0.225452
3687,12170,0.078428
3687,15145,0.306469
3687,16220,0.050402
3687,16772,0.060565
3688,13854,0.283229
3689,15147,0.448126
3689,19561,0.07299
3690,15148,0.136452
3691,11785,0.110795
3692,11749,0.068601
3693,11851,0.385485
3694,14263,0.05289
3694,13036,0.139617
3695,11949,0.844619
3696,12824,0.109886
3696,13317,0.095821
3696,13804,0.051583
3697,15150,0.557747
3698,12009,0.357214
3699,13090,0.718112
3700,13309,0.148528
3700,14706,0.277149
3700,13953,0.074906
3700,19469,0.057873
3701,15155,0.266146
3701,21731,0.124718
3702,15156,0.415168
3702,21492,0.062608
3703,11734,0.179349
3704,11872,0.184018
3705,12085,0.419488
3706,15160,0.300466
3706,15164,0.117045
3706,20090,0.13826
3706,21535,0.053601
3707,14600,0.463508
3708,15162,0.100029
3708,11965,0.126864
3708,13881,0.09687
3709,15165,0.419974
3710,15167,0.097917
3710,15244,0.318816
3710,16950,0.10072
3711,13003,0.124347
3712,15169,0.165274
3712,11804,0.051653
3712,18670,0.055413
3713,15170,0.791197
3714,15171,0.098383
3714,14657,0.096371
3714,12310,0.15644
3714,15442,0.115507
3714,16820,0.050797
3714,14474,0.074559
3714,20345,0.057377
3715,12907,0.144465
3715,12527,0.107218
3715,12624,0.06199
3715,12138,0.065051
3715,17420,0.075336
3715,11828,0.082949
3715,14493,0.058408
3716,13094,0.251347
3716,13092,0.165512
3716,13327,0.144121
3717,13529,0.623096
3718,11734,0.229553
3718,15542,0.07003
3719,15176,0.072775
3719,13185,0.089134
3720,15177,0.128367
3720,14298,0.15898
3720,12594,0.075851
3720,11767,0.098036
3720,19684,0.104115
3721,15178,0.110016
3721,18123,0.126884
3721,20922,0.093152
3721,21059,0.059451
3721,21187,0.059457
3722,11760,0.080328
3722,14497,0.166483
3722,15141,0.215551
3723,15179,0.316361
3723,15195,0.077053
3723,15349,0.066914
3723,15496,0.0765
3724,15182,0.061795
3724,14303,0.431473
3725,13773,0.345104
3725,15487,0.091516
3725,15684,0.083486
3725,19795,0.058476
3726,15183,0.551116
3727,11786,0.147749
3727,14746,0.480417
3728,15185,0.23602
3728,15261,0.086238
3728,17322,0.063009
3729,15186,0.150965
3729,20710,0.150971
3730,15187,0.62768
3731,11734,0.195853
3731,12087,0.1366
3732,11891,0.405392
3733,15189,0.164889
3733,12614,0.367817
3734,12083,0.205965
3735,15190,0.265827
3735,12215,0.098528
3736,15191,0.100536
3736,18292,0.10055
3736,20007,0.179876
3736,21076,0.179847
3737,15192,0.475783
3737,17338,0.059776
3738,15193,0.067543
3738,15480,0.06704
3738,15755,0.136894
3739,15194,0.100738
3739,15288,0.094314
3739,18237,0.095397
3739,13158,0.225188
3740,13225,0.097931
3740,19638,0.097823
3741,15196,0.092334
3741,15535,0.073073
3742,14774,0.210517
3743,12818,0.384947
3743,12700,0.101229
3744,15198,0.193714
3744,13186,0.130721
3744,18540,0.061513
3745,15199,0.057009
3745,13562,0.056936
3745,17847,0.186348
3745,20164,0.234904
3745,20487,0.057009
3746,15200,0.193536
3746,16685,0.075876
3746,16962,0.061975
3746,14613,0.118077
3747,15202,0.263095
3747,18325,0.059901
3747,19378,0.075816
3748,15204,0.103023
3748,15807,0.073913
3748,13352,0.132176
3748,19263,0.073908
3749,15207,0.368471
3750,15208,0.306757
3751,14972,0.360119
3752,15209,0.056844
3752,13401,0.102909
3753,11798,0.160654
3754,15210,0.280582
3755,15211,0.47886
3755,12243,0.173777
3755,19133,0.056853
3756,15212,0.105539
3756,12377,0.14551
3757,15213,0.105513
3757,16936,0.098031
3757,19416,0.070793
3758,11874,0.17294
3759,15217,0.327679
3760,15219,0.61234
3761,11759,0.05596
3762,15223,0.275797
3762,12060,0.10107
3762,14316,0.083906
3763,15224,0.452864
3764,11950,0.324539
3765,12957,0.059843
3765,12704,0.211411
3765,12107,0.10726
3766,15227,0.106023
3766,12820,0.364988
3766,12371,0.112074
3766,14528,0.139704
3767,15228,0.200853
3768,14681,0.183959
3768,15000,0.154199
3768,15231,0.060616
3768,14045,0.2364
3769,15232,0.43645
3770,15234,0.14661
3770,15577,0.142613
3770,18609,0.070827
3771,12155,0.309505
3772,13284,0.371569
3773,15237,0.102817
3773,11765,0.176856
3773,21379,0.095997
3774,12099,0.133204
3775,12808,0.681394
3776,15239,0.070682
3776,13814,0.124039
3776,12283,0.07085
3777,15240,0.10939
3778,15241,0.425761
3778,12054,0.275513
3779,15242,0.050228
3779,15298,0.111474
3779,13501,0.266207
3779,20674,0.050326
3780,15243,0.120028
3780,16894,0.156766
3780,16356,0.072177
3780,13552,0.064659
3780,17535,0.083122
3781,14303,0.153459
3782,15245,0.392853
3782,12811,0.080772
3782,15578,0.053778
3782,16654,0.090256
3783,13697,0.380398
3784,12737,0.05573
3785,15246,0.286004
3786,15251,0.289619
3787,11749,0.216869
3788,15252,0.441664
3789,11922,0.109438
3790,15253,0.278393
3791,15254,0.120117
3791,19312,0.190647
3791,20546,0.06064
3791,13616,0.063782
3792,15255,0.093964
3792,16003,0.166697
3793,15256,0.234104
3793,18879,0.211168
3793,19706,0.084486
3793,20718,0.084542
3794,12085,0.151447
3795,11948,0.431852
3796,15257,0.274419
3796,15455,0.090993
3797,11769,0.21158
3797,15915,0.086413
3797,19088,0.12016
3797,20030,0.085551
3798,12882,0.163993
3799,12973,0.178766
3799,11799,0.086952
3800,11950,0.053957
3800,11749,0.067623
3801,13070,0.138303
3801,15263,0.240997
3801,13471,0.160592
3801,17877,0.25622
3802,12443,0.282256
3802,12114,0.192215
3803,15269,0.087726
3803,19633,0.180862
3803,12210,0.074365
3803,20437,0.06413
3804,15270,0.089214
3804,15272,0.095815
3804,15273,0.096342
3804,16785,0.303119
3805,15271,0.126014
3805,17806,0.129726
3806,15276,0.395947
3806,19780,0.084548
3806,21361,0.06894
3807,15277,0.115249
3807,11959,0.15003
3807,13103,0.320373
3808,15278,0.328726
3808,21880,0.087867
3809,12239,0.124734
3809,16032,0.113457
3809,12313,0.056202
3810,13418,0.562884
3811,12609,0.226951
3811,16655,0.094894
3811,18853,0.321069
3812,15281,0.818513
3813,11773,0.339823
3814,12124,0.289349
3814,13400,0.149642
3815,15282,0.161424
3815,14351,0.191845
3815,21474,0.064163
3816,12376,0.093947
3817,12376,0.181462
3818,12414,0.122015
3819,12629,0.685113
3820,15283,0.570275
3821,15284,0.309759
3821,16148,0.120797
3821,17331,0.189919
3822,11874,0.285629
3822,18205,0.198117
3823,11795,0.367589
3824,15287,0.11522
3824,15794,0.052977
3824,17361,0.070383
3824,19953,0.224572
3825,11757,0.442333
3826,11852,0.418726
3827,11852,0.248106
3827,11850,0.192415
3828,12499,0.051456
3828,17836,0.134205
3828,16293,0.104293
3829,13441,0.167717
3829,12218,0.10859
3829,13442,0.059145
3830,15291,0.398899
3830,16758,0.126243
3831,15292,0.15857
3831,15295,0.313301
3832,15293,0.426127
3833,14551,0.396061
3834,15296,0.419967
3834,12854,0.111213
3835,15297,0.309561
3836,11798,0.343132
3837,12662,0.090305
3837,16541,0.347149
3837,18644,0.092304
3838,15027,0.265107
3838,16829,0.081769
3838,12850,0.122333
3838,18659,0.068438
3839,15300,0.078068
3839,19671,0.057979
3839,20416,0.055289
3839,21627,0.067618
3840,11850,0.415987
3840,11771,0.348213
3841,12700,0.40248
3842,11780,0.118253
3842,11781,0.346141
3843,15301,0.473364
3844,13711,0.233286
3844,12598,0.150877
3844,17593,0.054116
3844,16002,0.058561
3845,15306,0.099667
3845,12418,0.066374
3845,18554,0.076568
3845,16948,0.065408
3846,15309,0.409892
3846,16065,0.151721
3847,13036,0.131301
3848,11950,0.151122
3849,11795,0.178052
3850,11783,0.11822
3850,11799,0.155383
3851,15313,0.099649
3851,16560,0.075409
3851,18224,0.178212
3852,13372,0.198861
3852,13541,0.283008
3852,15018,0.070885
3852,17358,0.103245
3853,12650,0.731282
3854,11866,0.410179
3855,13137,0.322014
3856,15318,0.225677
3856,11794,0.080166
3857,11771,0.645138
3858,11749,0.139242
3858,11734,0.063973
3859,12944,0.072334
3859,12419,0.486602
3860,12211,0.216807
3860,15319,0.299348
3860,15433,0.073631
3861,12389,0.185901
3862,14344,0.578835
3863,11772,0.330083
3863,12087,0.060823
3864,15321,0.394256
3864,17284,0.067239
3864,18035,0.067214
3865,15322,0.505017
3865,17083,0.082246
3866,11862,0.262777
3867,12319,0.17905
3867,11782,0.273397
3868,13422,0.135865
3868,15994,0.073486
3868,13472,0.117672
3868,20414,0.073559
3868,21068,0.061646
3869,14185,0.381915
3870,15324,0.270969
3871,15325,0.149762
3871,13898,0.390406
3872,12917,0.274713
3872,13936,0.11222
3872,19755,0.074316
3873,12580,0.659894
3874,13200,0.340333
3875,14913,0.192621
3875,12573,0.137584
3875,19160,0.053556
3876,15326,0.116485
3876,18051,0.050848
3877,12355,0.379341
3877,15327,0.149065
3877,15329,0.126322
3878,15328,0.315143
3879,12111,0.375071
3879,16672,0.103857
3880,11734,0.117363
3881,11969,0.676306
3882,15330,0.380223
3882,17460,0.071166
3883,15331,0.271813
3883,16266,0.132086
3883,16667,0.069855
3884,15335,0.095778
3884,12178,0.462709
3885,15337,0.137959
3885,15338,0.055389
3885,13190,0.172263
3885,18737,0.116706
3886,13562,0.104758
3887,11799,0.396655
3888,15339,0.097289
3888,12087,0.063114
3889,15340,0.188849
3890,15341,0.119174
3890,12501,0.193519
3890,12055,0.122219
3891,13555,0.293573
3891,14777,0.154754
3892,15343,0.232341
3892,20709,0.291986
3893,15344,0.196487
3893,16000,0.196381
3894,12482,0.338013
3895,15348,0.140462
3895,18564,0.062941
3895,20031,0.056125
3895,20032,0.056093
3896,11840,0.545887
3897,15350,0.110116
3897,15358,0.083884
3897,11839,0.06285
3898,15351,0.314315
3899,11851,0.190255
3900,13906,0.144789
3900,21328,0.054208
3901,12242,0.112354
3902,13766,0.151403
3903,15352,0.300499
3903,17011,0.051289
3903,19486,0.11202
3904,15353,0.521688
3905,15354,0.071268
3905,12524,0.228857
3906,15355,0.065782
3906,15356,0.284247
3906,21807,0.059612
3907,11734,0.203116
3907,15542,0.058249
3907,13420,0.062152
3908,15357,0.227494
3908,18709,0.096885
3909,15359,0.113848
3909,15985,0.263361
3909,19686,0.138999
3910,11768,0.466098
3910,12526,0.364117
3911,15360,0.511783
3912,12235,0.107935
3912,12169,0.083161
3912,12715,0.086372
3913,11809,0.532298
3914,13258,0.078814
3914,11767,0.072682
3915,11781,0.329312
3916,15362,0.121102
3917,11811,0.57408
3918,15365,0.152453
3919,15366,0.10771
3919,15364,0.167514
3919,14012,0.069908
3919,15860,0.080044
3919,13887,0.085175
3920,15367,0.068804
3920,14693,0.097699
3920,12395,0.051614
3921,12464,0.187216
3921,16320,0.129703
3921,16550,0.102242
3922,15088,0.182534
3922,21546,0.180658
3923,15368,0.413852
3924,15369,0.197223
3924,16008,0.16666
3924,16110,0.250101
3925,11852,0.156314
3926,15370,0.131346
3926,15657,0.360739
3926,15703,0.061755
3927,15371,0.222148
3927,15372,0.087014
3928,11727,0.349682
3929,13447,0.075518
3929,12231,0.080092
3929,19608,0.083161
3930,15374,0.248829
3930,16140,0.072542
3930,17215,0.120618
3930,11775,0.133501
3931,15375,0.083413
3931,15982,0.093137
3931,17456,0.084983
3931,19475,0.074688
3931,19884,0.052557
3932,12575,0.391496
3932,15198,0.175189
3933,12199,0.066068
3933,17175,0.093785
3933,12300,0.230916
3934,12242,0.368826
3935,15378,0.172496
3936,11949,0.226799
3937,15379,0.17148
3937,16843,0.085645
3938,12026,0.210241
3939,15380,0.516506
3940,15381,0.27218
3941,15382,0.180859
3941,19965,0.179615
3942,15383,0.069169
3942,15419,0.068481
3942,16120,0.063727
3943,15384,0.54523
3944,15385,0.07332
3944,12183,0.062449
3944,16473,0.252966
3944,12316,0.076995
3944,20059,0.062301
3945,15388,0.12173
3946,15389,0.411342
3947,15391,0.434354
3948,11734,0.124428
3949,11969,0.309125
3950,11862,0.202115
3951,15394,0.563978
3952,13360,0.247444
3952,16467,0.068775
3952,18041,0.060887
3952,13860,0.050762
3953,14127,0.120327
3953,16976,0.058653
3953,16977,0.055205
3953,12189,0.092347
3954,13001,0.071418
3954,17374,0.111948
3954,14326,0.081941
3954,20666,0.082147
3955,11852,0.121425
3956,11794,0.054613
3957,14066,0.320802
3957,17724,0.206272
3958,15396,0.35755
3959,12580,0.47591
3960,11783,0.224388
3961,11850,0.338304
3962,12213,0.081477
3962,12674,0.100783
3962,11794,0.050142
3963,15399,0.128083
3963,12688,0.198081
3964,15400,0.218467
3964,12662,0.138061
3964,15468,0.150318
3965,15401,0.132274
3966,11947,0.167316
3966,17274,0.051074
3966,20856,0.065333
3967,13061,0.098803
3967,11794,0.069159
3968,12090,0.36084
3969,12516,0.170163
3969,18750,0.061023
3969,13206,0.114503
3970,15405,0.065694
3970,12573,0.245021
3971,11874,0.107056
3972,11885,0.10933
3973,12882,0.157839
3974,15410,0.157457
3974,14302,0.071064
3974,16650,0.054694
3974,20457,0.052985
3974,20831,0.136503
3974,12597,0.063216
3975,11969,0.166005
3975,12242,0.057315
3976,15411,0.320193
3976,15598,0.110686
3977,12549,0.54129
3977,15205,0.117312
3978,15158,0.372462
3978,18960,0.088099
3978,20622,0.062531
3979,12760,0.478148
3980,15415,0.37614
3981,15417,0.280775
3981,20540,0.058312
3981,21592,0.059775
3982,15418,0.098997
3982,16818,0.362515
3983,15420,0.114003
3983,15784,0.128536
3983,17560,0.220321
3984,12083,0.250136
3985,15422,0.212971
3985,18870,0.136118
3986,15424,0.057176
3986,13530,0.322781
3986,13395,0.072665
3986,12759,0.236135
3986,16308,0.051632
3987,15426,0.066249
3987,11803,0.130033
3987,14607,0.267475
3988,15427,0.417723
3988,16945,0.074956
3988,17430,0.183614
3989,12255,0.220028
3989,18550,0.058015
3989,20344,0.062401
3989,13823,0.059675
3990,15428,0.793006
3991,15430,0.218055
3991,17977,0.066426
3991,16501,0.050547
3992,12967,0.092719
3992,12569,0.087724
3992,17949,0.198002
3992,16800,0.067258
3993,12252,0.084528
3993,15312,0.082904
3993,13233,0.266876
3994,14188,0.111671
3994,18725,0.233475
3994,14385,0.207515
3994,19048,0.051228
3995,12319,0.3764
3996,11859,0.306318
3997,15434,0.073105
3997,16177,0.36008
3997,17730,0.054607
3997,15912,0.11439
3998,11771,0.401051
3999,15435,0.254244
4000,12882,0.263027
4001,15438,0.276551
4002,15439,0.10372
4003,15441,0.163148
4004,12414,0.350516
4005,15014,0.352459
4005,15744,0.061483
4006,15352,0.483273
4007,15443,0.270742
4007,12078,0.272469
4008,15444,0.191618
4008,18993,0.145696
4008,21412,0.057029
4009,15445,0.337203
4009,18885,0.17713
4010,15448,0.091963
4010,18038,0.315695
4010,21685,0.051423
4011,11916,0.195912
4012,14848,0.329717
4012,13554,0.088031
4012,17299,0.064017
4013,13505,0.276736
4014,14183,0.495849
4015,15449,0.411329
4016,14429,0.180412
4016,17079,0.112853
4016,13870,0.065067
4016,18426,0.05126
4017,12581,0.116371
4017,11798,0.221098
4017,12875,0.137988
4018,15451,0.557445
4019,11783,0.461664
4020,11948,0.06789
4021,11891,0.366521
4021,15459,0.050947
4022,11953,0.305853
4023,15453,0.515588
4024,15454,0.160208
4025,11948,0.405186
4026,14408,0.239096
4026,15455,0.110418
4027,11874,0.147242
4027,11873,0.082405
4028,11953,0.351621
4029,15457,0.109136
4029,16245,0.092841
4029,14846,0.092736
4029,13793,0.120552
4030,14245,0.410803
4031,15459,0.234256
4031,11891,0.157664
4032,13510,0.465195
4033,15043,0.105628
4033,18733,0.255529
4033,21284,0.158697
4034,15461,0.086348
4034,18509,0.353154
4035,14619,0.05763
4035,15729,0.105188
4035,16016,0.100045
4035,16111,0.087837
4035,14923,0.078101
4036,15463,0.479053
4036,15464,0.208835
4037,12087,0.09825
4037,11795,0.148335
4038,11795,0.083986
4038,12085,0.064073
4039,11860,0.288301
4040,15466,0.165496
4040,13319,0.053083
4041,11879,0.302595
4041,13726,0.177572
4042,15469,0.317591
4042,20293,0.148245
4043,12214,0.38104
4043,11749,0.084308
4044,11759,0.390034
4045,11850,0.623994
4046,15471,0.247769
4046,18056,0.057374
4046,18079,0.061464
4047,11751,0.167728
4047,17567,0.053455
4048,11780,0.369915
4048,11838,0.108733
4049,12556,0.381904
4050,14248,0.138761
4050,13214,0.131291
4050,13674,0.054202
4051,11794,0.233646
4052,12155,0.353123
4053,15472,0.322024
4054,11950,0.395668
4055,15473,0.299452
4055,17809,0.110118
4056,12213,0.478116
4057,11891,0.091555
4058,15475,0.454812
4058,16627,0.056379
4059,15476,0.073385
4059,16782,0.200404
4059,21078,0.108352
4059,21705,0.108352
4060,15479,0.054149
4060,19786,0.064841
4061,15481,0.086946
4061,16393,0.219485
4061,17496,0.105214
4062,13468,0.295993
4063,15483,0.114178
4063,15484,0.148788
4063,18782,0.085362
4063,18783,0.187753
4063,18784,0.057489
4064,13001,0.115172
4064,19940,0.375767
4065,14369,0.244209
4065,17019,0.294425
4066,12759,0.354634
4066,15486,0.194176
4066,16313,0.063868
4066,16532,0.067663
4067,12323,0.170423
4067,16614,0.179827
4067,19944,0.058721
4068,15488,0.420384
4069,12026,0.190827
4069,16212,0.064416
4070,12073,0.069003
4070,18288,0.206697
4070,15574,0.288737
4071,15490,0.168397
4071,20194,0.077102
4071,20942,0.259178
4072,12237,0.446756
4073,15493,0.359777
4074,15494,0.403708
4075,15495,0.416756
4075,19270,0.151926
4076,14044,0.292062
4077,12549,0.566596
4078,15497,0.482664
4078,21527,0.128152
4079,15498,0.267341
4079,16439,0.066845
4079,19928,0.223043
4080,15499,0.411937
4081,15500,0.177435
4082,15502,0.091964
4082,17945,0.053027
4082,12305,0.121713
4082,19130,0.060861
4082,20609,0.074738
4083,11773,0.120892
4084,12112,0.644119
4085,13937,0.093993
4085,16056,0.080597
4085,17524,0.052716
4085,13815,0.176168
4086,15503,0.482583
4087,15504,0.256117
4088,15085,0.13659
4088,14528,0.181569
4088,12371,0.111363
4089,11851,0.326747
4090,15506,0.406022
4091,11953,0.167489
4092,14416,0.11038
4092,13472,0.088282
4093,15508,0.426829
4093,18536,0.07835
4093,19039,0.099188
4093,19501,0.161705
4094,15510,0.100164
4094,21071,0.364729
4095,15511,0.124
4095,18020,0.084525
4095,18240,0.103388
4096,15512,0.652765
4097,15513,0.486022
4098,15514,0.190238
4098,20212,0.284563
4099,15012,0.262533
4100,11922,0.562243
4101,15515,0.239872
4101,17156,0.144242
4101,20245,0.101812
4102,13504,0.104311
4103,15516,0.157774
4103,16120,0.079949
4104,12838,0.061057
4104,16508,0.056213
4104,19127,0.0971
4105,15518,0.42523
4105,18036,0.097698
4106,13530,0.469034
4106,16308,0.108572
4107,15519,0.346189
4108,15520,0.087341
4108,17619,0.081137
4108,13754,0.136068
4108,12787,0.066961
4109,15449,0.054943
4110,11793,0.373477
4111,15522,0.236625
4111,15523,0.180945
4111,11764,0.101513
4112,15524,0.155446
4112,16394,0.131608
4112,16093,0.057884
4112,15443,0.146313
4113,13037,0.585286
4114,11885,0.321769
4115,15527,0.154582
4116,15528,0.127856
4117,15529,0.065204
4117,15586,0.376886
4118,11734,0.246962
4119,15533,0.163358
4119,15002,0.063701
4119,12680,0.050858
4119,11829,0.154771
4119,13664,0.187576
4119,12736,0.14257
4120,11749,0.085639
4121,12386,0.191544
4122,12242,0.468426
4123,13494,0.192972
4123,19502,0.198408
4123,14814,0.123132
4124,15537,0.172317
4124,13986,0.260248
4125,15540,0.062303
4125,15541,0.356861
4125,18907,0.063556
4125,19067,0.077597
4125,18212,0.063346
4126,12417,0.2993
4127,15544,0.150264
4127,15545,0.331678
4127,18182,0.087954
4127,18362,0.071365
4128,11872,0.157541
4129,15549,0.076428
4129,12924,0.051599
4130,12087,0.390264
4131,15551,0.229673
4132,15553,0.192851
4132,19787,0.192856
4133,12806,0.247771
4134,12225,0.286932
4135,12087,0.131857
4136,15557,0.135874
4136,14177,0.161848
4137,11782,0.256707
4138,15561,0.327994
4138,16114,0.143865
4139,13473,0.266759
4139,16015,0.122455
4140,15562,0.088426
4140,15707,0.074173
4140,12929,0.171255
4141,15563,0.113217
4141,17424,0.212769
4141,21796,0.086881
4142,12883,0.164354
4143,12124,0.422268
4143,13400,0.061432
4144,15005,0.423313
4144,12675,0.191455
4145,14212,0.549651
4146,15566,0.252865
4147,11968,0.295886
4148,15569,0.131144
4148,16131,0.051499
4148,11994,0.257244
4148,14533,0.070937
4149,14097,0.318113
4150,15572,0.424938
4151,15573,0.06354
4151,17739,0.114982
4151,21848,0.114403
4152,12213,0.236651
4153,12414,0.360292
4154,12563,0.208576
4155,15575,0.471876
4156,13284,0.098035
4156,11785,0.326835
4157,15577,0.08579
4157,15578,0.086985
4157,18254,0.223957
4158,12739,0.298627
4158,18251,0.05699
4159,15579,0.663498
4160,11771,0.470124
4161,11850,0.128325
4162,15580,0.102585
4162,12395,0.054696
4163,15581,0.12068
4163,12414,0.159034
4164,12545,0.07775
4165,11838,0.059579
4165,12532,0.184276
4165,11922,0.085688
4166,15582,0.082797
4167,12015,0.366001
4168,15583,0.2339
4168,21659,0.065689
4168,21708,0.065689
4168,14391,0.068283
4168,21859,0.096232
4168,14383,0.082657
4169,15342,0.097572
4170,14357,0.080975
4170,14529,0.061712
4171,15584,0.544806
4172,15588,0.356871
4172,12639,0.06757
4173,12545,0.195329
4174,13713,0.115538
4175,11764,0.218
4176,15589,0.233975
4177,15590,0.237904
4178,11804,0.100717
4179,15593,0.607264
4179,11931,0.279999
4180,11827,0.165484
4180,12304,0.193881
4180,20421,0.075169
4181,15594,0.376216
4181,19415,0.222337
4181,21131,0.117995
4182,12488,0.314544
4183,15595,0.130211
4183,15728,0.139327
4183,13906,0.104194
4184,15596,0.274822
4184,18382,0.166452
4184,19030,0.116263
4184,21448,0.051491
4185,15599,0.075503
4185,15601,0.249751
4186,15600,0.176076
4186,13854,0.062424
4186,17960,0.058967
4186,15656,0.19674
4187,12944,0.095729
4187,12220,0.299632
4188,14668,0.2917
4188,13400,0.195208
4189,12365,0.357479
4190,14474,0.462017
4190,13947,0.276211
4190,18069,0.07173
4191,15602,0.211071
4191,18064,0.060622
4191,19499,0.081663
4191,11812,0.144928
4192,15603,0.298418
4193,14467,0.221317
4193,11839,0.103785
4193,16608,0.057793
4193,20698,0.063176
4194,12101,0.123955
4194,12684,0.052306
4195,14201,0.56127
4195,17166,0.09934
4196,15607,0.362095
4196,16296,0.065293
4196,19251,0.052246
4196,17060,0.103597
4197,15608,0.277437
4197,18323,0.082332
4197,19211,0.058853
4198,12862,0.365401
4199,15610,0.379724
4199,15611,0.365686
4200,14998,0.391943
4201,15612,0.257674
4201,16503,0.180944
4202,11969,0.111584
4203,15613,0.491142
4204,13714,0.095497
4205,15616,0.258043
4205,18866,0.059672
4205,19059,0.072907
4206,15617,0.460332
4207,15618,0.05249
4207,11782,0.104658
4207,17423,0.149021
4207,19049,0.055162
4208,13154,0.27654
4209,11781,0.092883
4210,15620,0.336153
4210,18381,0.054022
4211,15622,0.118665
4211,17798,0.185907
4211,20105,0.085106
4212,15625,0.11649
4212,15880,0.315007
4212,12141,0.078025
4213,12141,0.451318
4213,19000,0.07295
4213,19853,0.073429
4214,15627,0.191862
4214,12793,0.102441
4214,18738,0.050469
4214,19025,0.084068
4214,20823,0.072947
4215,11749,0.34271
4216,15628,0.592219
4217,11783,0.180322
4218,15301,0.412475
4219,15630,0.12548
4219,17155,0.268993
4219,21449,0.126056
4220,15631,0.135793
4220,17669,0.239886
4220,19235,0.052552
4220,20900,0.052644
4220,21654,0.094157
4221,15632,0.595634
4222,11759,0.118376
4223,13494,0.108143
4223,16664,0.079614
4223,17106,0.136921
4223,19502,0.073035
4223,21665,0.065352
4224,15634,0.182694
4225,11799,0.290748
4226,13989,0.262233
4226,19286,0.17355
4227,15637,0.177979
4227,16255,0.240475
4227,19040,0.050293
4228,11953,0.133284
4229,14630,0.097117
4230,13059,0.231034
4230,11914,0.197954
4231,12706,0.061577
4231,13797,0.234756
4231,18115,0.098139
4232,12087,0.216932
4233,12417,0.283407
4234,11798,0.099594
4234,12227,0.065241
4234,12087,0.077538
4235,14514,0.096696
4235,15935,0.103095
4235,12950,0.163332
4236,15640,0.144575
4237,13837,0.133942
4237,15641,0.226926
4237,15643,0.05427
4237,15644,0.097567
4237,13509,0.10478
4237,20667,0.075019
4238,11859,0.131626
4239,11785,0.116315
4240,14110,0.176055
4241,15645,0.666524
4242,15439,0.306824
4243,11953,0.31852
4244,11776,0.21763
4244,18105,0.157613
4245,15646,0.058
4245,16501,0.246257
4245,17977,0.101253
4246,15647,0.123227
4246,18465,0.096118
4246,20096,0.176847
4247,15648,0.475856
4248,15649,0.12782
4248,15617,0.401156
4249,15650,0.492313
4249,20772,0.102466
4249,21257,0.120953
4250,12897,0.129056
4251,15651,0.311337
4252,13001,0.090039
4253,15653,0.087917
4253,17471,0.418878
4253,21325,0.087302
4254,12201,0.249063
4255,15654,0.220213
4256,12237,0.074282
4257,15656,0.266314
4257,16237,0.134243
4257,20227,0.06118
4257,17960,0.056782
4258,12090,0.36614
4259,12090,0.361165
4260,12090,0.361313
4261,12090,0.454332
4262,13635,0.165334
4262,17336,0.072946
4262,12160,0.138997
4262,13692,0.056976
4262,12327,0.083752
4263,15658,0.264557
4263,16588,0.103837
4263,18526,0.080923
4264,12605,0.352953
4264,17049,0.172612
4265,15659,0.115077
4265,19907,0.115077
4265,20883,0.053879
4266,15660,0.120283
4266,18604,0.060152
4266,13749,0.084158
4267,15661,0.389404
4267,12224,0.176013
4268,15664,0.327463
4269,15665,0.091571
4269,15960,0.065688
4269,12243,0.064509
4270,11922,0.179118
4270,12287,0.057109
4271,15667,0.657086
4272,12759,0.488951
4272,15014,0.411156
4273,11874,0.054785
4274,14062,0.541456
4275,15668,0.164908
4275,13519,0.13798
4275,18823,0.063004
4275,19575,0.055522
4276,15669,0.164791
4276,16894,0.065105
4276,14220,0.09552
4276,18941,0.052152
4277,15670,0.098406
4277,16130,0.076637
4277,19803,0.098341
4277,20272,0.120152
4277,20490,0.055012
4278,15672,0.080456
4278,12924,0.44911
4278,14896,0.050724
4278,21262,0.081337
4279,13348,0.333564
4279,19156,0.132614
4280,15673,0.181382
4280,16967,0.087828
4280,18280,0.080932
4280,15010,0.057586
4281,15675,0.224641
4282,13274,0.121921
4282,12685,0.307697
4283,14731,0.074894
4283,17092,0.058678
4284,11785,0.197142
4285,15676,0.105298
4285,17039,0.163415
4286,15678,0.067482
4286,12530,0.16957
4286,12549,0.178587
4286,12869,0.13847
4287,15679,0.101299
4287,16277,0.067221
4287,12452,0.06177
4287,16854,0.07247
4287,17992,0.061264
4288,13766,0.136999
4288,15680,0.231974
4288,16567,0.137138
4288,14053,0.084187
4289,15681,0.098322
4289,13678,0.245014
4289,17063,0.124169
4290,13436,0.191083
4290,14053,0.10438
4290,17574,0.096701
4291,15682,0.08802
4292,11922,0.14807
4293,15685,0.171643
4294,15687,0.05484
4294,12581,0.214503
4294,11872,0.167134
4295,15688,0.086893
4295,16621,0.297387
4295,12763,0.073513
4296,15689,0.163236
4296,16355,0.346667
4297,11783,0.349504
4298,11749,0.140335
4299,13080,0.406026
4300,15692,0.512923
4301,14790,0.452797
4301,11739,0.078758
4301,20360,0.050895
4302,15693,0.126424
4302,12652,0.322678
4302,18824,0.088671
4302,21744,0.057038
4303,15694,0.229312
4303,20866,0.227845
4304,12875,0.456526
4305,11734,0.246881
4306,13033,0.107977
4306,20370,0.150981
4307,15697,0.181756
4307,15621,0.083381
4307,21424,0.0746
4307,21795,0.19535
4308,12024,0.497064
4308,12672,0.140988
4309,11866,0.180754
4310,15700,0.428495
4311,15701,0.491271
4312,15450,0.259087
4313,15702,0.79339
4314,11886,0.219749
4315,15704,0.061104
4315,14248,0.131605
4315,13674,0.098299
4315,13214,0.249225
4316,11798,0.296176
4316,12386,0.240848
4317,15706,0.497468
4318,15708,0.142894
4318,18902,0.065249
4318,20453,0.086208
4319,15709,0.051224
4319,13777,0.138011
4319,13090,0.051249
4319,12328,0.065268
4320,15010,0.272897
4320,12152,0.096628
4321,15712,0.066484
4321,16472,0.050662
4321,16974,0.068095
4322,15714,0.203177
4323,15715,0.398786
4324,15717,0.085476
4324,14926,0.376
4325,11785,0.092312
4326,11850,0.438505
4327,11795,0.451438
4328,11794,0.405793
4328,11793,0.45495
4329,11785,0.233193
4330,15718,0.116448
4330,15760,0.182298
4330,15761,0.0758
4330,15762,0.054833
4330,17966,0.0761
4330,20188,0.059529
4331,15719,0.131567
4332,13849,0.069193
4333,15720,0.221056
4333,21464,0.220537
4334,15721,0.29449
4334,21802,0.068019
4335,11781,0.205313
4336,13134,0.164738
4336,16321,0.107822
4337,12819,0.554108
4338,15724,0.267734
4338,19664,0.071108
4338,20990,0.095111
4339,15726,0.661951
4340,12563,0.060358
4341,11951,0.253189
4342,15585,0.415609
4343,15045,0.146248
4343,21617,0.206621
4344,13472,0.218694
4344,18701,0.073414
4344,13388,0.07084
4345,15730,0.210414
4345,18090,0.096824
4346,13086,0.356547
4347,15733,0.121927
4347,14925,0.09937
4347,17591,0.053014
4347,14928,0.086928
4347,19252,0.065943
4348,14926,0.223427
4348,17455,0.15851
4348,18113,0.057805
4349,12141,0.391992
4349,17209,0.236249
4350,15736,0.460972
4350,11911,0.143897
4351,12237,0.201062
4352,12083,0.055262
4353,15737,0.141155
4353,15739,0.063484
4353,17700,0.113604
4353,18773,0.063505
4353,19102,0.137855
4354,12792,0.443797
4355,15741,0.210576
4355,15522,0.084994
4356,15742,0.078725
4356,12018,0.347688
4356,12260,0.055546
4357,15634,0.414854
4358,12015,0.276037
4359,13440,0.309122
4359,15743,0.303477
4360,13440,0.387713
4360,15743,0.372954
4361,12713,0.193897
4361,14878,0.058952
4362,12499,0.436853
4363,11922,0.239795
4363,11759,0.281442
4364,11749,0.146055
4365,12088,0.578141
4366,12080,0.692867
4367,15747,0.093893
4367,18651,0.063982
4367,19893,0.073278
4368,15748,0.210079
4368,20201,0.195372
4369,15749,0.09705
4369,17082,0.061922
4369,20149,0.078617
4369,17462,0.149772
4370,15750,0.094292
4371,12090,0.326433
4372,12545,0.360026
4373,12015,0.336401
4374,15751,0.281408
4374,16323,0.067238
4375,14037,0.105785
4375,16808,0.0852
4375,15540,0.229416
4376,12242,0.093053
4377,14702,0.101756
4377,12549,0.194993
4377,18448,0.09832
4377,19927,0.093844
4378,15752,0.116082
4378,11997,0.054443
4378,20244,0.096321
4379,11794,0.323237
4380,11997,0.482387
4381,15754,0.209567
4382,11859,0.416436
4383,11727,0.446268
4384,15756,0.761847
4385,11749,0.253757
4386,15758,0.081188
4386,17065,0.069855
4387,15763,0.05198
4387,17343,0.052069
4387,19005,0.054144
4387,19569,0.113822
4387,16733,0.050657
4387,14382,0.050433
4388,14893,0.253569
4389,15765,0.067381
4389,17839,0.173456
4389,12704,0.058148
4389,11839,0.079605
4389,21152,0.065921
4390,12594,0.193047
4390,19333,0.07901
4391,13747,0.253754
4391,19038,0.119185
4391,19228,0.051092
4392,12450,0.082205
4392,15850,0.093191
4392,13635,0.082015
4392,13214,0.062751
4392,13205,0.174708
4393,13025,0.539772
4394,13746,0.411709
4395,15766,0.068481
4395,17480,0.122509
4395,17482,0.068483
4396,13070,0.23289
4396,13751,0.218467
4396,17633,0.08035
4396,13471,0.181703
4396,12472,0.05414
4397,14092,0.188087
4397,11736,0.072925
4398,15767,0.348698
4399,15768,0.104216
4399,19376,0.107095
4400,12600,0.06962
4400,11994,0.108568
4400,19366,0.062583
4401,15770,0.116362
4401,20186,0.311708
4402,11850,0.338351
4402,11949,0.057476
4403,12772,0.360397
4404,11798,0.495425
4404,13213,0.15969
4404,11799,0.136103
4405,14183,0.413957
4405,17310,0.101194
4405,19959,0.077643
4406,15772,0.158305
4406,16706,0.055515
4406,16814,0.166698
4406,19489,0.056984
4407,11798,0.200302
4408,13601,0.21128
4409,11969,0.250822
4410,11886,0.32743
4411,15775,0.119145
4412,15725,0.466908
4413,11839,0.098984
4413,18705,0.157533
4414,15776,0.293784
4415,15777,0.099577
4415,16955,0.410011
4416,15778,0.155467
4416,15722,0.209834
4416,21486,0.071197
4417,15780,0.099083
4417,15782,0.170852
4417,21034,0.117041
4418,15781,0.16512
4418,18972,0.241137
4418,20266,0.062916
4419,14444,0.159554
4419,13970,0.08188
4419,19443,0.140674
4419,19444,0.056006
4420,11781,0.386046
4421,12417,0.388627
4422,15787,0.379644
4423,15788,0.160167
4423,18272,0.103992
4424,15792,0.150363
4424,17014,0.395504
4424,21604,0.068556
4425,12597,0.255905
4425,13368,0.137753
4426,15795,0.235487
4426,16983,0.091379
4426,21777,0.127365
4427,12414,0.27708
4428,11734,0.240465
4429,13424,0.14143
4429,12328,0.173238
4430,15801,0.268254
4430,16346,0.33945
4431,15802,0.237224
4432,15803,0.18996
4432,20444,0.116254
4433,14413,0.261859
4434,15805,0.062655
4434,16226,0.261642
4435,11852,0.259445
4436,15439,0.075047
4437,11799,0.193765
4437,13213,0.074763
4438,15808,0.281473
4438,15809,0.356886
4439,12155,0.65411
4440,11780,0.057987
4441,11781,0.215904
4442,15609,0.130881
4442,15810,0.094311
4442,15811,0.094272
4443,14917,0.071232
4444,15812,0.405563
4445,15813,0.083603
4445,15088,0.460316
4445,21792,0.05997
4446,12652,0.468634
4447,11859,0.359511
4448,11783,0.080345
4448,11850,0.074521
4448,11852,0.063695
4449,12012,0.088959
4449,11804,0.125433
4450,15816,0.073278
4450,16761,0.081669
4450,19379,0.073439
4451,11953,0.259611
4452,15817,0.233037
4452,16441,0.196607
4452,16694,0.060727
4452,16729,0.060816
4453,14127,0.240898
4453,20974,0.157292
4454,12042,0.791345
4455,15819,0.405688
4455,20770,0.187239
4456,15821,0.126437
4456,20946,0.065232
4456,15684,0.05545
4457,14699,0.232227
4457,11798,0.118159
4458,15822,0.140065
4458,16453,0.219441
4458,21282,0.100454
4459,15823,0.254952
4459,13070,0.239187
4459,21186,0.076472
4460,15824,0.134701
4460,13070,0.071763
4460,11756,0.205994
4460,18383,0.056109
4461,15825,0.191511
4461,15827,0.069688
4461,12564,0.201058
4462,12759,0.254753
4462,13411,0.261176
4462,17562,0.064751
4463,13478,0.124129
4463,15718,0.165458
4463,17354,0.093418
4464,12734,0.128161
4464,12655,0.104103
4464,13553,0.082852
4465,12242,0.425877
4466,11773,0.387366
4467,11734,0.260121
4468,15830,0.103211
4468,12924,0.384053
4469,14303,0.437688
4469,17544,0.057968
4470,15832,0.062189
4470,18178,0.058843
4470,18766,0.132715
4470,21430,0.061673
4470,21945,0.062075
4471,11851,0.380451
4472,12054,0.20051
4472,15223,0.340153
4472,14316,0.117954
4473,15439,0.120276
4474,15837,0.098047
4474,16324,0.110169
4474,19492,0.0524
4474,20132,0.168389
4475,15838,0.135246
4475,14227,0.188292
4476,15839,0.388413
4477,15397,0.664001
4478,12554,0.087233
4478,16727,0.094736
4478,20367,0.063551
4478,20554,0.063554
4479,12083,0.34294
4480,15842,0.17938
4480,12755,0.057449
4480,12137,0.05522
4480,12387,0.17094
4481,15843,0.30596
4481,18847,0.085832
4481,18848,0.0936
4481,20082,0.169743
4482,15844,0.499179
4483,15845,0.065444
4483,16640,0.102555
4483,13801,0.066482
4483,12294,0.091548
4484,15846,0.071865
4484,16767,0.211354
4484,16389,0.124689
4485,15849,0.129463
4485,19610,0.180492
4486,11771,0.433066
4486,11850,0.137389
4486,15590,0.05661
4487,13922,0.302299
4488,15851,0.131064
4489,12532,0.186268
4490,15853,0.557925
4491,11862,0.343544
4492,15855,0.584118
4493,15856,0.055436
4493,15857,0.356315
4493,15858,0.067651
4494,15859,0.086756
4494,13472,0.237184
4495,12747,0.30786
4495,15860,0.196508
4496,12944,0.377717
4496,13365,0.291714
4497,15861,0.100796
4497,16913,0.300538
4497,17553,0.156929
4498,15152,0.228731
4498,20025,0.182949
4499,15867,0.361115
4500,15868,0.248983
4501,15869,0.123195
4501,15905,0.120057
4501,18119,0.12424
4502,12019,0.105994
4502,14367,0.192179
4503,12087,0.111459
4504,15871,0.610705
4505,15872,0.573631
4506,15873,0.122002
4506,14302,0.075261
4506,16775,0.085941
4507,11759,0.099972
4507,12213,0.126728
4508,15875,0.452125
4509,15876,0.174275
4509,13809,0.144343
4510,15879,0.63821
4511,15880,0.068991
4511,12841,0.126428
4512,11846,0.278686
4512,19978,0.175105
4512,11847,0.11359
4513,12085,0.1326
4514,14211,0.4982
4515,11780,0.310004
4516,11773,0.100013
4517,15885,0.587243
4518,15887,0.198152
4518,16640,0.11971
4518,19277,0.056096
4519,15888,0.152016
4519,11766,0.254791
4520,13366,0.126399
4521,11953,0.094266
4521,11851,0.308449
4522,15733,0.07414
4522,12776,0.052516
4522,17777,0.058537
4522,14925,0.127267
4522,14928,0.060224
4522,12220,0.059905
4523,15889,0.052293
4523,16791,0.116723
4523,12332,0.092162
4524,11734,0.218974
4525,15890,0.11347
4525,15891,0.286184
4526,11780,0.312794
4527,13893,0.372617
4527,16982,0.139737
4528,15894,0.162851
4528,16486,0.183102
4528,17259,0.064248
4528,19601,0.063722
4529,15897,0.611583
4530,15898,0.508733
4531,14302,0.058297
4531,15899,0.059124
4531,18438,0.10101
4531,18611,0.16583
4532,15900,0.092717
4532,15902,0.380307
4533,13658,0.055822
4533,15901,0.238482
4533,20108,0.101201
4534,15903,0.392899
4534,16839,0.08758
4535,14928,0.245559
4535,12220,0.182755
4536,13367,0.163517
4536,13016,0.088755
4536,12898,0.323907
4537,15906,0.081748
4537,16715,0.114487
4537,16888,0.365481
4538,12208,0.378138
4538,13733,0.258399
4539,15907,0.197946
4539,18332,0.180835
4540,15908,0.420755
4540,14547,0.064907
4541,15909,0.119327
4542,12015,0.363502
4543,11851,0.333477
4544,14780,0.220475
4545,12746,0.134107
4545,15912,0.225328
4545,13664,0.252931
4545,16177,0.075331
4545,21898,0.05873
4546,13317,0.199428
4546,13817,0.089704
4546,18354,0.121686
4546,12305,0.124312
4546,14999,0.073646
4547,12348,0.30567
4547,12154,0.061719
4548,15916,0.482975
4548,12002,0.062935
4548,13818,0.139351
4549,15917,0.16255
4549,11765,0.058922
4550,11772,0.13797
4551,15918,0.518068
4552,12549,0.351056
4552,12095,0.183616
4553,13511,0.134939
4554,15920,0.233957
4554,15921,0.191624
4554,19144,0.107117
4555,15922,0.233002
4555,15925,0.053952
4555,16809,0.077785
4555,14766,0.070542
4555,18818,0.053965
4556,15927,0.083584
4556,13009,0.082096
4557,15928,0.136323
4557,12357,0.058444
4557,12169,0.069251
4558,15929,0.067901
4558,19651,0.419395
4559,15932,0.144395
4559,16562,0.122934
4559,16563,0.088722
4559,16564,0.055202
4559,19209,0.09526
4560,15933,0.236372
4560,16565,0.089114
4560,16631,0.073663
4560,18369,0.112244
4561,15934,0.166156
4562,15936,0.342255
4562,12120,0.210698
4562,21428,0.058497
4563,15939,0.063929
4563,18507,0.090294
4564,11749,0.091304
4565,15942,0.062809
4565,17971,0.386721
4566,15944,0.557124
4567,15945,0.133776
4567,11910,0.216525
4567,15311,0.103944
4568,14684,0.215227
4569,13793,0.328066
4569,13813,0.05961
4569,13295,0.106839
4569,16245,0.132267
4570,15947,0.487685
4570,21751,0.100852
4571,12008,0.204173
4572,11937,0.377475
4572,14209,0.065122
4572,14481,0.264644
4573,12319,0.176916
4574,11771,0.586262
4575,15951,0.214478
4575,12563,0.241255
4576,13796,0.189488
4577,15952,0.383557
4578,15953,0.682496
4579,15954,0.14559
4579,18213,0.100986
4579,19562,0.257267
4579,19866,0.056435
4580,15956,0.256977
4581,12414,0.122226
4581,14641,0.205173
4582,12237,0.284211
4583,15957,0.149729
4584,15363,0.378111
4585,12631,0.092282
4585,16206,0.054276
4585,12078,0.081948
4585,21363,0.097706
4585,21674,0.054223
4586,13214,0.456532
4586,17907,0.096668
4587,15958,0.443667
4588,13854,0.167633
4588,14190,0.1963
4588,20157,0.061813
4589,15961,0.306266
4590,15962,0.119089
4590,21567,0.066571
4591,15963,0.133398
4591,21100,0.284555
4592,13873,0.360923
4592,13875,0.106876
4593,11936,0.345314
4594,15964,0.582968
4595,12920,0.388749
4596,11926,0.311461
4597,15965,0.556604
4597,18703,0.13681
4598,13441,0.414632
4599,11908,0.256938
4600,11749,0.181534
4601,15966,0.459896
4601,18953,0.146083
4602,11798,0.297801
4603,12905,0.470656
4604,15967,0.1313
4605,12700,0.139929
4606,11872,0.06284
4606,11891,0.07272
4607,11874,0.207362
4608,12087,0.284154
4609,12657,0.445222
4610,15969,0.100314
4610,16101,0.199502
4610,12434,0.071734
4610,12901,0.070558
4610,20507,0.086087
4611,13693,0.107803
4611,16419,0.150279
4612,11799,0.223119
4613,15973,0.123256
4613,21109,0.171835
4614,15974,0.252921
4614,16338,0.129524
4614,20300,0.068126
4614,21479,0.062055
4615,14357,0.222693
4615,16894,0.058756
4616,12681,0.516383
4617,11799,0.145568
4618,11951,0.274905
4619,12521,0.084229
4620,12593,0.2616
4620,20806,0.122828
4621,11795,0.696181
4622,15976,0.10641
4622,20692,0.144348
4623,15977,0.083516
4623,15047,0.118251
4623,20328,0.11371
4624,11969,0.341171
4625,11785,0.073943
4625,11780,0.118051
4626,11780,0.14506
4627,11780,0.257221
4628,15978,0.381908
4628,16606,0.142644
4628,17264,0.117268
4629,15979,0.415748
4629,17647,0.128045
4630,14835,0.363866
4630,14671,0.068134
4631,12242,0.138661
4632,11785,0.200562
4633,14766,0.107801
4634,13818,0.06618
4635,15983,0.070617
4635,16042,0.181763
4635,16337,0.063464
4636,14062,0.139711
4637,12575,0.069153
4638,15986,0.172771
4638,17746,0.306119
4638,18687,0.067195
4638,20756,0.067195
4639,12580,0.09073
4639,11782,0.171421
4640,15988,0.547665
4641,14110,0.477942
4642,11922,0.233889
4643,15991,0.108599
4643,17207,0.057323
4643,18289,0.146802
4643,12706,0.056788
4643,12029,0.083424
4643,11983,0.063544
4644,15992,0.146313
4644,19425,0.146033
4645,15993,0.62805
4646,15995,0.476921
4646,16224,0.090781
4647,15260,0.242232
4647,16363,0.288714
4648,15996,0.106522
4648,16806,0.072268
4648,17719,0.076406
4648,16452,0.109828
4648,21671,0.106539
4649,15788,0.262268
4650,13080,0.311374
4651,12649,0.140356
4651,16552,0.113655
4651,17275,0.05562
4652,11961,0.159867
4652,17210,0.058258
4653,15997,0.433274
4653,20508,0.089207
4654,15998,0.270693
4655,15999,0.438093
4656,11888,0.265362
4657,11950,0.40055
4658,12581,0.211035
4658,20181,0.090037
4659,11951,0.318316
4660,12815,0.691366
4661,16001,0.159228
4661,18314,0.310721
4661,20467,0.051975
4662,16011,0.058738
4662,12082,0.052652
4662,12706,0.058658
4663,16012,0.079116
4663,16078,0.235904
4663,16834,0.11053
4664,16013,0.328053
4664,16153,0.115096
4664,18455,0.097626
4665,11951,0.253272
4666,16014,0.14769
4666,19613,0.084076
4666,20556,0.174319
4667,16017,0.250114
4667,16881,0.105114
4667,17533,0.060595
4668,16019,0.498346
4669,12242,0.061941
4670,16020,0.164962
4670,19298,0.25444
4671,15634,0.250344
4672,13367,0.178424
4672,17807,0.178691
4673,16023,0.15523
4674,13217,0.063659
4674,13080,0.058683
4675,13127,0.174059
4675,11955,0.202004
4675,19219,0.065658
4676,16024,0.071903
4676,18003,0.255437
4677,16025,0.089542
4677,16279,0.282149
4678,16026,0.451114
4679,16027,0.368773
4680,11997,0.081561
4680,20802,0.089666
4681,16030,0.292401
4682,16034,0.280978
4683,12213,0.23606
4684,11851,0.366393
4685,16035,0.173671
4685,21285,0.245318
4686,12087,0.218153
4687,12319,0.771511
4688,16036,0.100051
4688,12141,0.528983
4688,12005,0.093236
4689,16037,0.085421
4689,13494,0.053447
4689,14097,0.105835
4689,20037,0.087695
4690,13608,0.430165
4690,13458,0.194906
4690,14204,0.08957
4690,21743,0.050969
4691,12819,0.24593
4692,16038,0.402559
4692,14540,0.208462
4693,12563,0.157143
4694,16040,0.347914
4695,12207,0.273375
4695,16041,0.067416
4695,20119,0.100218
4695,20583,0.084525
4696,12088,0.284211
4697,16046,0.087169
4697,21249,0.087174
4697,21715,0.087178
4698,16000,0.184085
4698,17605,0.114108
4698,15344,0.096635
4699,16047,0.32827
4700,16048,0.090219
4700,17641,0.1239
4701,16049,0.335464
4702,11874,0.326299
4703,16050,0.313442
4704,16051,0.450588
4705,11781,0.321692
4706,13918,0.171267
4706,12367,0.059713
4707,11859,0.093799
4708,12574,0.223068
4708,15177,0.154293
4709,12015,0.461062
4710,12819,0.189255
4711,11793,0.413168
4711,11794,0.353596
4712,11950,0.319586
4713,11852,0.394077
4714,12085,0.331847
4715,11749,0.250369
4716,16057,0.113439
4716,20689,0.113036
4716,21892,0.113355
4717,14357,0.054207
4717,16093,0.211506
4717,11824,0.08282
4717,17749,0.061416
4717,12718,0.187162
4718,16058,0.134787
4718,16252,0.135164
4719,16059,0.190993
4720,16060,0.376145
4721,16061,0.079736
4721,16493,0.239005
4721,19106,0.085647
4722,11771,0.505658
4723,16062,0.831668
4724,11875,0.167095
4724,17685,0.312657
4724,13050,0.069541
4725,12217,0.223646
4726,14715,0.057616
4727,16067,0.148269
4727,14260,0.302804
4727,13101,0.10614
4728,16068,0.291974
4728,17713,0.065795
4728,18898,0.092129
4729,16071,0.051281
4729,17485,0.152529
4729,17557,0.108945
4730,16073,0.207644
4730,20687,0.132208
4731,11852,0.206074
4732,16075,0.326012
4733,16078,0.33845
4734,16080,0.101509
4734,16597,0.077621
4734,19647,0.053279
4734,20449,0.065873
4735,14097,0.169219
4735,20737,0.097715
4736,12362,0.268853
4736,15915,0.090206
4737,16082,0.144757
4737,17914,0.106808
4737,18877,0.065077
4738,15300,0.512414
4739,12242,0.205537
4740,15995,0.142983
4740,12994,0.219771
4740,12349,0.088461
4741,15671,0.360635
4741,19041,0.069524
4741,21431,0.068855
4741,14213,0.069713
4742,14250,0.153639
4742,18845,0.155903
4742,21838,0.155903
4743,12013,0.34081
4744,16089,0.092896
4745,16090,0.63299
4746,16091,0.341182
4747,14458,0.332725
4747,17360,0.122076
4747,21101,0.068026
4748,12237,0.494844
4749,15260,0.268601
4750,16092,0.413039
4750,18017,0.093497
4750,20238,0.135575
4751,16094,0.286499
4751,19423,0.084392
4752,14669,0.599011
4753,15257,0.155487
4753,15240,0.394947
4754,12815,0.617238
4755,11969,0.281929
4755,11782,0.342426
4756,11780,0.168411
4757,11852,0.206068
4758,11838,0.419114
4759,15634,0.315348
4760,16095,0.145139
4760,16841,0.07846
4760,18067,0.056315
4760,18170,0.05632
4760,20303,0.056331
4761,16097,0.447242
4762,16098,0.590448
4763,16099,0.062466
4763,21845,0.118297
4764,11859,0.050713
4765,11771,0.331059
4766,11851,0.423911
4767,11850,0.494215
4768,16102,0.703493
4769,16103,0.856835
4770,13091,0.318122
4770,13074,0.143806
4770,12992,0.111708
4771,16106,0.09905
4772,16107,0.089108
4772,14199,0.064936
4772,17429,0.079561
4773,11851,0.293013
4774,16109,0.160098
4774,17213,0.12788
4775,16113,0.378475
4776,12090,0.29679
4777,15839,0.183216
4777,21355,0.0837
4778,11749,0.182049
4779,11749,0.281923
4780,12417,0.241992
4781,11812,0.170382
4782,13401,0.248148
4782,11922,0.056613
4783,12225,0.075705
4784,12013,0.553969
4785,16116,0.340929
4785,14918,0.298203
4786,16117,0.309097
4787,13402,0.2261
4787,17575,0.173082
4788,14385,0.077516
4789,12001,0.260165
4789,12000,0.362301
4790,15907,0.187681
4790,12704,0.085101
4791,12215,0.361628
4792,15607,0.317979
4792,16133,0.061795
4792,17060,0.068202
4792,16296,0.114252
4792,13862,0.080125
4793,16122,0.112296
4793,19083,0.335246
4794,14963,0.343331
4794,12525,0.286353
4794,12526,0.186587
4795,16124,0.128224
4795,19357,0.128247
4796,16125,0.096634
4796,16316,0.101065
4797,16126,0.652735
4798,16127,0.090696
4798,16966,0.264858
4798,17854,0.125324
4799,15654,0.164231
4800,11811,0.337794
4801,11785,0.273955
4802,16129,0.28045
4802,20654,0.146178
4802,21369,0.087934
4803,16132,0.156403
4804,11953,0.066743
4805,11798,0.298687
4805,12386,0.280195
4806,13401,0.270964
4807,12905,0.223617
4807,11795,0.189162
4808,11795,0.374903
4809,12087,0.210877
4809,11795,0.090294
4810,16134,0.338193
4811,14659,0.088676
4811,14702,0.100503
4811,21525,0.088816
4812,11773,0.255003
4812,12089,0.262706
4813,13401,0.255284
4814,12993,0.158277
4814,18270,0.374387
4814,13115,0.075349
4815,14514,0.53418
4816,16136,0.243551
4816,17109,0.285438
4817,11749,0.16396
4818,14062,0.633165
4819,11798,0.099868
4820,16137,0.551947
4821,16138,0.555723
4822,16142,0.088115
4822,14600,0.067296
4822,20656,0.122478
4823,16143,0.398071
4824,16144,0.475661
4824,20885,0.188144
4825,13733,0.447593
4825,12208,0.396389
4826,13192,0.187762
4826,17231,0.088022
4827,16146,0.111733
4827,16771,0.054298
4827,18210,0.063174
4827,18757,0.101366
4827,17728,0.063124
4828,16147,0.13163
4828,17241,0.131712
4829,16150,0.341742
4830,16151,0.702287
4831,16152,0.111752
4831,12951,0.104534
4831,20167,0.09986
4832,11949,0.200675
4833,11799,0.215305
4834,11798,0.246242
4835,16156,0.259884
4836,11922,0.195822
4837,12087,0.158579
4838,15184,0.243531
4838,18654,0.091892
4838,17321,0.055497
4839,12090,0.107846
4840,11749,0.1386
4841,11737,0.126853
4841,17889,0.062369
4841,19677,0.083988
4842,16157,0.386089
4843,16158,0.273476
4843,17102,0.126449
4844,16160,0.194859
4845,16162,0.058963
4845,18417,0.152075
4845,20064,0.105436
4845,20783,0.105464
4846,16163,0.095756
4846,18039,0.328618
4846,21485,0.06524
4847,12057,0.601996
4848,11850,0.231918
4849,16164,0.268319
4850,14781,0.227704
4850,12854,0.284225
4851,11885,0.293402
4852,12882,0.175636
4853,12095,0.204365
4853,15763,0.134057
4853,13074,0.063967
4854,13604,0.197075
4854,18477,0.058554
4854,20165,0.081627
4855,15011,0.249764
4855,16605,0.064414
4855,14395,0.281172
4856,16166,0.221893
4857,11794,0.179595
4858,15634,0.286493
4859,15634,0.327538
4860,12087,0.253955
4861,12818,0.241951
4862,16171,0.127893
4862,17973,0.104608
4863,16172,0.501511
4863,20644,0.111337
4864,12397,0.294826
4865,12224,0.198099
4866,11734,0.064239
4866,11785,0.090082
4867,12382,0.407405
4867,12258,0.308501
4868,16178,0.379458
4869,15917,0.33204
4870,16179,0.178007
4871,16180,0.217994
4871,16181,0.20181
4871,18347,0.056812
4871,19682,0.056812
4872,16183,0.058787
4873,13706,0.157006
4873,16184,0.192785
4873,21620,0.075377
4874,16185,0.341837
4874,20844,0.104745
4875,16186,0.616243
4876,11874,0.075906
4877,11771,0.218105
4878,11771,0.258425
4879,12081,0.33585
4879,12249,0.22714
4879,17458,0.110299
4880,16190,0.406718
4881,16194,0.10521
4881,14401,0.05876
4881,17236,0.073039
4882,15202,0.458772
4882,13070,0.373322
4883,16198,0.397506
4883,17124,0.126483
4884,11875,0.143491
4885,16200,0.502016
4886,11780,0.08436
4886,11785,0.073026
4887,13940,0.138093
4888,11875,0.506761
4888,17685,0.157803
4889,11969,0.162209
4889,12882,0.113139
4890,11969,0.187306
4891,16203,0.423138
4891,19517,0.226554
4892,11888,0.20993
4893,13113,0.100771
4894,16205,0.092715
4894,17161,0.171562
4894,12534,0.066479
4895,16207,0.164479
4896,13585,0.142186
4896,14535,0.196615
4896,14004,0.119515
4897,14699,0.146608
4898,16209,0.077015
4898,11983,0.105638
4898,17866,0.077107
4898,11839,0.069714
4899,16210,0.182207
4900,14706,0.318093
4900,14441,0.126433
4900,19963,0.065151
4901,11995,0.052745
4901,14052,0.10377
4901,16210,0.075465
4901,19696,0.092124
4902,12015,0.258935
4903,12952,0.099214
4903,11802,0.305221
4904,16211,0.32487
4905,11799,0.156001
4906,11851,0.081442
4907,16213,0.248121
4907,16877,0.067171
4908,16216,0.072358
4908,13979,0.167904
4908,19012,0.102743
4908,20278,0.053293
4909,16217,0.446493
4909,16218,0.082729
4909,16986,0.215676
4910,15711,0.309289
4910,12360,0.217223
4911,16221,0.062527
4911,16223,0.166079
4911,16224,0.127542
4911,16225,0.078956
4911,17051,0.085048
4912,11997,0.178835
4912,19333,0.063259
4912,20822,0.064909
4913,16227,0.493377
4913,16462,0.061032
4914,16057,0.675256
4915,16228,0.346536
4915,13441,0.241654
4916,16229,0.254
4917,16231,0.246085
4917,11749,0.236809
4918,16232,0.517692
4919,11891,0.245198
4920,16234,0.105752
4920,15393,0.17057
4920,12139,0.078618
4921,11798,0.241458
4922,12847,0.169553
4923,16235,0.107487
4923,16338,0.090977
4923,15974,0.090946
4923,20129,0.058091
4924,15550,0.328184
4924,16225,0.286321
4924,14237,0.059802
4924,17218,0.063269
4925,14117,0.145988
4926,11793,0.239065
4926,11794,0.216882
4927,12083,0.315067
4928,13107,0.054782
4928,12897,0.189892
4929,15757,0.373516
4929,11889,0.093333
4929,13294,0.071761
4929,15716,0.085033
4930,16238,0.097082
4930,17297,0.097082
4931,11874,0.380359
4931,18205,0.260282
4932,16240,0.150755
4932,13854,0.103523
4933,11799,0.072053
4934,13130,0.182397
4935,12319,0.322875
4936,16243,0.217564
4936,18741,0.072783
4936,19355,0.169314
4936,21370,0.072826
4937,16244,0.064956
4937,16683,0.116264
4937,16906,0.088785
4938,12088,0.257023
4939,12414,0.142553
4940,12818,0.141742
4941,12145,0.331605
4941,18709,0.283104
4942,16246,0.192721
4942,14656,0.255782
4942,19508,0.05161
4943,16247,0.104835
4943,16372,0.179055
4943,17256,0.06299
4943,17257,0.071187
4944,16249,0.070973
4944,14510,0.151703
4944,20660,0.087872
4945,11795,0.241125
4946,11773,0.10846
4946,13495,0.069742
4947,14255,0.529104
4948,16250,0.233197
4948,20095,0.228815
4949,14090,0.306466
4949,21422,0.170708
4950,16253,0.131242
4950,19496,0.102275
4950,19709,0.159534
4950,16024,0.131238
4950,21643,0.159554
4951,14016,0.426071
4952,12938,0.429867
4953,16257,0.319269
4953,20840,0.163599
4954,16258,0.597011
4955,11852,0.462942
4955,14554,0.229875
4956,16262,0.08686
4956,18122,0.085842
4957,16263,0.082557
4957,18034,0.06843
4958,16264,0.334583
4958,16263,0.0825
4958,16718,0.206708
4959,16268,0.116379
4959,12557,0.098266
4960,16270,0.111197
4960,13163,0.120499
4960,20127,0.051195
4960,20197,0.075429
4961,15043,0.095445
4961,12547,0.052686
4962,12581,0.279755
4963,11851,0.339436
4963,11860,0.382654
4964,11872,0.142596
4965,12818,0.0996
4966,11785,0.13651
4967,12008,0.178366
4967,12111,0.131623
4967,14294,0.066167
4968,16272,0.494281
4969,16273,0.190939
4969,19264,0.092054
4970,12563,0.191582
4971,11794,0.310873
4972,13940,0.105666
4972,12563,0.066623
4973,15330,0.400606
4973,18934,0.155022
4974,16278,0.384469
4974,16470,0.114757
4974,16708,0.095242
4975,11749,0.0966
4975,12417,0.061733
4976,16280,0.449308
4976,12214,0.348642
4977,16281,0.288679
4978,16282,0.280273
4979,12382,0.423908
4979,12484,0.431902
4980,16283,0.069822
4981,16284,0.148765
4981,12935,0.118202
4982,13390,0.152428
4982,14253,0.217848
4982,12107,0.055029
4982,12845,0.064433
4983,14941,0.157377
4984,11895,0.11781
4984,17795,0.083697
4985,16288,0.404925
4985,19856,0.120143
4986,16289,0.376956
4987,16290,0.176973
4987,18277,0.177003
4987,19143,0.082919
4987,20672,0.153358
4987,21854,0.060527
4988,11736,0.099363
4988,14092,0.124701
4989,16293,0.316263
4989,20568,0.093002
4990,12903,0.557936
4991,12875,0.104062
4991,18796,0.054976
4992,16294,0.235122
4992,19720,0.062404
4992,13557,0.087104
4992,20544,0.062482
4993,13172,0.393042
4994,16295,0.317306
4994,21799,0.081931
4995,11859,0.400932
4996,15257,0.216778
4996,12692,0.153343
4997,16298,0.149654
4997,18080,0.079416
4997,20503,0.07939
4998,12064,0.445583
4999,12287,0.228731
5000,14715,0.356137
5001,11797,0.079829
5002,16301,0.562019
5003,16304,0.05594
5003,13629,0.345104
5004,12598,0.29158
5004,12005,0.133411
5005,15396,0.05503
5006,13113,0.338517
5007,11734,0.122626
5008,12214,0.295576
5009,16305,0.193618
5009,18023,0.058228
5009,13442,0.073588
5009,19620,0.059995
5009,20541,0.057343
5010,11839,0.159772
5010,11995,0.164325
5010,12144,0.146812
5011,16310,0.183989
5012,11874,0.182382
5013,16311,0.354974
5014,16312,0.149587
5014,18720,0.083607
5015,11969,0.112024
5016,13317,0.390802
5017,16314,0.365598
5017,20410,0.193476
5018,16315,0.386007
5019,14574,0.173791
5019,18129,0.302828
5020,12085,0.298854
5021,16317,0.587897
5022,11798,0.347115
5022,16318,0.186768
5023,12015,0.378147
5024,15043,0.314869
5024,15305,0.065462
5025,11781,0.391963
5026,13940,0.264068
5027,11744,0.124994
5027,13790,0.221485
5027,20626,0.086215
5028,12155,0.392511
5029,11885,0.157664
5029,21339,0.078827
5030,11771,0.263127
5031,11780,0.22025
5032,16325,0.052647
5032,16505,0.227856
5032,19632,0.086502
5033,16326,0.134434
5033,17214,0.110785
5033,19969,0.079453
5034,11852,0.41533
5035,12215,0.3951
5036,12086,0.324724
5037,16328,0.32223
5037,19572,0.308276
5038,16329,0.089261
5038,11757,0.18935
5038,13192,0.063801
5038,16094,0.063737
5039,16330,0.26528
5039,18928,0.188558
5039,11935,0.051314
5039,17541,0.088199
5040,16331,0.218646
5040,16332,0.13797
5040,14360,0.170937
5041,12087,0.268883
5042,11811,0.376052
5043,16334,0.099232
5043,18179,0.064588
5043,12512,0.113386
5043,19989,0.096688
5044,11798,0.174893
5045,12072,0.427268
5046,16335,0.240715
5046,19162,0.09379
5047,14431,0.092252
5048,16339,0.578438
5049,16342,0.173437
5049,13402,0.164848
5050,12859,0.341127
5051,16345,0.069959
5051,16216,0.485288
5052,15961,0.130418
5053,11953,0.26524
5054,13940,0.43254
5055,11782,0.482083
5056,11888,0.674812
5057,12232,0.237279
5058,16348,0.249696
5058,12155,0.096974
5059,12417,0.227097
5060,16349,0.304133
5060,16921,0.081736
5060,20147,0.066947
5060,20474,0.081843
5061,11785,0.282265
5062,16350,0.172117
5063,16352,0.451512
5064,12083,0.384419
5065,16354,0.168583
5066,16356,0.188622
5066,18195,0.134414
5066,12601,0.091539
5066,21709,0.056864
5067,12601,0.183159
5067,16072,0.068647
5067,16356,0.057761
5067,20356,0.08246
5068,11859,0.315316
5069,16357,0.459539
5070,11811,0.439291
5071,11837,0.083004
5072,16358,0.622945
5073,12141,0.281675
5073,18437,0.278747
5074,13688,0.240838
5074,15014,0.222402
5074,13686,0.261163
5075,14012,0.120643
5075,15226,0.294522
5075,19502,0.098809
5076,16360,0.781442
5077,16361,0.123867
5077,13447,0.123609
5078,16362,0.350158
5079,16364,0.767245
5080,16365,0.13177
5080,20102,0.089295
5081,13873,0.071943
5081,16274,0.097719
5081,15090,0.070593
5081,14561,0.07705
5081,21296,0.137295
5082,13221,0.227692
5082,17093,0.09105
5082,17004,0.143741
5083,14828,0.314582
5083,14933,0.098049
5083,13465,0.098142
5083,18689,0.076489
5084,16371,0.396042
5084,14792,0.125835
5084,20335,0.076555
5085,16372,0.257105
5086,16373,0.509318
5087,16374,0.160301
5088,11902,0.261796
5089,16375,0.16553
5089,12043,0.165673
5090,16376,0.060312
5090,14355,0.180434
5090,19995,0.059206
5090,20971,0.090697
5091,16378,0.061003
5091,17038,0.086453
5091,19293,0.135469
5091,19345,0.208975
5092,14575,0.189852
5092,18021,0.209955
5092,13868,0.119943
5093,16381,0.545744
5094,13134,0.436496
5095,14208,0.304136
5095,20392,0.153945
5095,20393,0.070508
5095,18999,0.091519
5096,12225,0.263479
5097,16382,0.064315
5097,16653,0.186458
5097,18492,0.061199
5098,12282,0.41441
5099,16383,0.221829
5100,13169,0.13351
5100,12559,0.243332
5101,13284,0.275408
5102,14696,0.251954
5102,16269,0.211879
5102,21354,0.075491
5103,11781,0.057487
5104,16385,0.464754
5105,13552,0.133358
5105,13959,0.115543
5105,18318,0.085176
5106,16386,0.352544
5106,16923,0.230942
5106,20408,0.063408
5107,16387,0.232146
5108,11838,0.553107
5109,11783,0.380232
5110,11759,0.169072
5111,11794,0.116759
5112,12090,0.100687
5113,12237,0.335364
5114,12277,0.158529
5114,12384,0.198235
5115,12987,0.089914
5115,16389,0.07444
5116,12824,0.133159
5116,13367,0.065096
5117,16391,0.731995
5118,16392,0.202311
5118,15989,0.157736
5119,11978,0.185344
5120,13441,0.148414
5120,12044,0.151392
5120,15955,0.129936
5120,12573,0.059159
5121,11773,0.276485
5122,16395,0.359123
5122,19051,0.358578
5123,16396,0.165728
5123,16556,0.060094
5123,16932,0.157571
5123,17423,0.058286
5124,16397,0.536487
5125,16398,0.156622
5125,17762,0.073547
5126,16399,0.474688
5126,17950,0.061331
5126,21996,0.101265
5127,12213,0.705267
5128,16400,0.576905
5129,13420,0.069639
5130,16401,0.806033
5131,16402,0.457087
5132,16403,0.092794
5132,11949,0.196658
5132,16674,0.052441
5133,12013,0.419764
5134,11771,0.390037
5135,16408,0.610035
5136,12394,0.175443
5136,14285,0.17494
5137,14222,0.099179
5138,16410,0.524483
5139,16412,0.443608
5139,17308,0.05833
5139,16256,0.15192
5140,15012,0.314161
5141,16414,0.389368
5141,16451,0.07279
5142,12573,0.079993
5142,14894,0.060099
5142,18735,0.060667
5142,21526,0.060448
5143,11749,0.145568
5144,15604,0.279241
5144,17154,0.278235
5144,17717,0.065407
5145,16415,0.051612
5145,16490,0.199998
5145,17368,0.051612
5145,22036,0.120056
5146,16417,0.538906
5147,16418,0.452415
5148,16421,0.612051
5149,16422,0.2459
5150,16423,0.410633
5150,18897,0.246291
5151,16424,0.268641
5151,17490,0.072752
5152,16425,0.154644
5152,15258,0.095589
5152,18259,0.066454
5152,20237,0.076249
5153,16426,0.542529
5154,16428,0.45466
5155,16429,0.310963
5155,19696,0.081449
5155,16210,0.051115
5156,11804,0.08442
5157,16101,0.166974
5157,18615,0.096311
5157,19854,0.061819
5157,19855,0.055836
5158,12137,0.249809
5158,17823,0.071733
5158,14514,0.087748
5159,14035,0.288682
5159,18957,0.065571
5159,12615,0.084596
5160,11852,0.228534
5160,11850,0.183517
5161,16435,0.194536
5162,16437,0.340116
5163,16438,0.053209
5163,11771,0.133252
5164,16440,0.08376
5164,18274,0.199718
5164,21724,0.14991
5165,11799,0.509205
5166,16442,0.572901
5167,16443,0.33628
5168,12417,0.340374
5169,13044,0.4602
5169,16447,0.255659
5169,21652,0.104519
5170,12015,0.103656
5171,12213,0.060785
5172,16448,0.161618
5172,14277,0.225271
5172,18825,0.161547
5173,12547,0.436426
5174,16449,0.364806
5175,16450,0.721599
5176,16452,0.060439
5176,17828,0.307168
5177,16456,0.576533
5177,21735,0.110529
5178,16457,0.227932
5179,14352,0.61616
5180,16459,0.130322
5180,17151,0.202645
5180,17449,0.162271
5181,16460,0.160738
5181,17389,0.119159
5181,13312,0.066127
5181,18952,0.055232
5182,16463,0.24387
5182,17712,0.158024
5182,20797,0.099433
5182,21740,0.072352
5183,11798,0.093254
5183,17434,0.102918
5183,12227,0.059942
5183,20024,0.080907
5184,11948,0.319598
5185,12488,0.120479
5186,15260,0.336812
5186,21010,0.148595
5187,14784,0.5067
5188,15450,0.32325
5189,11838,0.384125
5190,12417,0.149619
5191,11860,0.391846
5191,11851,0.431256
5192,11811,0.575497
5193,16468,0.656172
5194,11874,0.124936
5194,17320,0.062133
5195,11734,0.231284
5196,12225,0.226845
5197,11953,0.298941
5198,11794,0.15843
5199,15337,0.193765
5199,17758,0.059599
5199,19630,0.169287
5200,13988,0.209276
5200,15262,0.062515
5200,20028,0.0736
5200,21347,0.125843
5201,11773,0.297944
5202,16471,0.204706
5202,18075,0.294917
5203,12355,0.699124
5204,16474,0.107288
5204,16534,0.168635
5204,17882,0.309536
5205,15721,0.544822
5206,16475,0.174376
5206,19485,0.097435
5207,11953,0.248198
5208,13080,0.766886
5209,11782,0.066671
5210,16476,0.186865
5210,16883,0.200492
5210,17139,0.054872
5211,11749,0.093483
5212,11784,0.075401
5213,16478,0.275004
5213,12094,0.103589
5214,11812,0.124071
5215,16480,0.398462
5216,12026,0.087042
5217,13752,0.061122
5218,13714,0.264522
5219,16482,0.236547
5219,17459,0.125543
5220,16483,0.336237
5221,16485,0.124385
5222,14127,0.129216
5222,12189,0.082766
5222,18346,0.069588
5222,19547,0.096754
5222,19549,0.097292
5223,16487,0.556217
5224,16488,0.538732
5225,16489,0.10928
5225,20972,0.089884
5226,12213,0.387495
5227,16491,0.199712
5227,18391,0.317103
5227,20471,0.071125
5228,12158,0.416562
5229,12327,0.110228
5230,16493,0.062004
5230,18600,0.19355
5230,18072,0.052064
5231,13327,0.118524
5231,16494,0.092668
5231,12120,0.074839
5231,13575,0.179073
5231,14276,0.060576
5232,16497,0.194835
5232,18579,0.134358
5232,19283,0.109509
5233,12841,0.098124
5233,15152,0.074021
5234,16498,0.242865
5235,16499,0.134441
5236,16500,0.07252
5236,16593,0.093002
5236,16270,0.064521
5237,16502,0.171974
5237,17928,0.223012
5237,18487,0.063656
5237,21806,0.063652
5238,16503,0.065008
5239,12625,0.221202
5239,12706,0.137055
5240,16506,0.084989
5240,16931,0.085058
5240,20790,0.085056
5241,16507,0.528599
5242,16509,0.151512
5243,16510,0.248421
5243,21537,0.096485
5244,13984,0.21853
5244,13663,0.392168
5245,16511,0.278719
5245,18577,0.235002
5246,16512,0.343537
5247,16513,0.530192
5248,11759,0.094566
5249,16514,0.390634
5250,15006,0.267721
5250,12819,0.066224
5251,16515,0.067797
5251,18691,0.064913
5251,20253,0.207985
5251,21318,0.097727
5252,12087,0.293881
5253,16516,0.202578
5253,21524,0.14541
5254,11794,0.219859
5255,11953,0.102662
5256,11953,0.18113
5256,13113,0.073986
5257,11749,0.092504
5258,11782,0.136291
5259,12319,0.692093
5260,11874,0.579164
5261,11780,0.150469
5262,11860,0.238444
5263,15290,0.43892
5264,16519,0.090689
5264,21350,0.12637
5265,11872,0.464738
5266,11735,0.286548
5267,16527,0.220963
5267,16688,0.133312
5267,12112,0.131333
5268,12838,0.098048
5269,13401,0.343183
5270,16438,0.232264
5271,12632,0.365065
5272,12083,0.084041
5273,13179,0.284481
5274,16537,0.331638
5275,15841,0.088067
5275,13824,0.418004
5275,16145,0.118652
5276,15163,0.062385
5276,12617,0.16983
5276,13279,0.090476
5276,14154,0.074876
5277,16542,0.760499
5278,12755,0.395919
5278,16331,0.311225
5279,14519,0.520403
5280,16545,0.142122
5280,16751,0.050364
5280,16811,0.0676
5281,12370,0.367181
5281,11856,0.214497
5281,12942,0.066817
5281,21748,0.075541
5282,14519,0.382645
5283,16547,0.171298
5283,16548,0.069946
5283,19318,0.095248
5283,21558,0.065302
5284,16549,0.239094
5284,14840,0.302151
5285,16550,0.286711
5285,18739,0.076238
5285,19538,0.131022
5286,12400,0.437453
5287,16555,0.127091
5287,19122,0.091158
5288,12753,0.221321
5289,12237,0.57551
5290,16559,0.782746
5291,16561,0.152499
5291,17718,0.12491
5291,21121,0.096411
5292,11888,0.691683
5293,11850,0.120814
5293,11852,0.114536
5294,12225,0.244192
5295,13015,0.383133
5296,12400,0.406983
5297,13077,0.317947
5298,12970,0.297149
5299,16566,0.158786
5300,12085,0.403998
5301,11782,0.239022
5301,15590,0.068068
5302,13187,0.144936
5302,17463,0.144936
5303,11953,0.275111
5304,12569,0.428436
5305,11980,0.20843
5305,18535,0.0861
5305,12149,0.070708
5305,13982,0.051855
5306,16569,0.306677
5307,16572,0.147367
5307,14893,0.113213
5307,18418,0.132152
5307,20265,0.087059
5308,16573,0.182125
5308,18066,0.318733
5308,20895,0.084682
5309,16575,0.085262
5310,12113,0.064106
5311,11772,0.280731
5312,12319,0.081378
5312,11969,0.216739
5313,16576,0.42859
5313,17277,0.205434
5314,16578,0.149727
5314,16724,0.133585
5314,19956,0.051398
5314,18316,0.113131
5315,11734,0.298015
5316,11771,0.275552
5317,12545,0.10817
5317,17199,0.0864
5317,18528,0.076527
5318,12270,0.28059
5318,17042,0.179714
5318,12327,0.060873
5319,11820,0.067169
5319,19788,0.074492
5320,11784,0.241262
5321,16583,0.33011
5322,16585,0.410171
5322,12390,0.214769
5323,12407,0.145756
5324,16587,0.156805
5324,17386,0.422764
5325,11793,0.051355
5326,12305,0.069907
5326,16589,0.314812
5326,18085,0.073936
5326,12306,0.103836
5326,13733,0.073806
5327,16590,0.140667
5327,14339,0.133195
5327,18173,0.059841
5328,16592,0.597829
5329,12048,0.061125
5329,16733,0.156711
5329,13950,0.099256
5329,18171,0.10255
5329,11978,0.074044
5330,16594,0.281231
5330,12753,0.15174
5331,11953,0.113491
5332,16595,0.10593
5333,11772,0.395295
5334,15336,0.141525
5334,17142,0.324159
5335,13370,0.07148
5336,16597,0.10878
5336,12231,0.144624
5336,19431,0.108914
5336,21638,0.108942
5337,13273,0.657208
5338,12089,0.260475
5338,15450,0.238006
5339,14004,0.493613
5340,13176,0.087807
5340,16538,0.089247
5341,13105,0.110285
5341,16599,0.134586
5341,17294,0.115033
5341,16826,0.081305
5341,21387,0.05791
5342,16600,0.257069
5342,18136,0.057415
5342,19655,0.092634
5343,16601,0.383837
5344,11780,0.076751
5345,13130,0.225977
5346,16603,0.153902
5346,21628,0.290861
5346,21936,0.081592
5346,21120,0.072189
5347,16604,0.098064
5348,12085,0.370446
5349,16607,0.360595
5349,20042,0.105738
5349,21245,0.059377
5350,16608,0.300187
5350,21091,0.056315
5351,16609,0.232776
5351,12650,0.284196
5352,12225,0.198041
5353,16610,0.116912
5354,11799,0.108537
5355,14997,0.155603
5355,17097,0.087067
5355,13982,0.156901
5356,16613,0.362986
5356,12743,0.071711
5356,16549,0.070261
5356,12923,0.180358
5357,11954,0.401753
5358,16615,0.076915
5358,11809,0.350849
5359,11859,0.457319
5360,16616,0.2367
5361,11953,0.133599
5362,11783,0.225824
5363,16617,0.101941
5363,17980,0.139216
5363,19447,0.05595
5364,15348,0.156134
5364,18564,0.268453
5365,16618,0.210593
5365,20671,0.210247
5366,16619,0.263553
5367,11782,0.205804
5368,11798,0.106437
5369,14211,0.486459
5370,16620,0.0909
5370,15851,0.35654
5370,17134,0.079154
5371,13999,0.084265
5372,16624,0.181222
5372,17235,0.065339
5373,11772,0.208533
5374,11782,0.338159
5375,12225,0.136511
5376,16626,0.077221
5376,17916,0.090273
5376,20174,0.071832
5376,21497,0.051526
5377,16627,0.367031
5378,14227,0.371189
5379,11969,0.203701
5380,16630,0.536178
5381,12549,0.349913
5381,12869,0.303531
5381,13108,0.081559
5381,20281,0.064723
5382,13906,0.134107
5382,15728,0.319237
5383,16632,0.23744
5384,16633,0.318412
5384,13299,0.260368
5385,16634,0.122629
5385,21220,0.366085
5385,21221,0.108313
5385,20913,0.087954
5386,16636,0.089639
5386,16935,0.109372
5386,18599,0.050012
5386,16812,0.05003
5387,16637,0.427768
5388,12439,0.305297
5388,15018,0.174087
5389,11954,0.353161
5389,11735,0.190129
5389,20726,0.092003
5390,12529,0.294266
5390,14515,0.104616
5390,20135,0.087529
5391,16641,0.724954
5392,16643,0.149894
5392,17101,0.386339
5393,11912,0.06477
5393,15386,0.227934
5393,13120,0.127588
5394,16644,0.285387
5395,16645,0.364328
5396,16646,0.577216
5397,16647,0.590971
5398,12087,0.077721
5399,16652,0.583068
5400,11734,0.098781
5401,16654,0.065094
5401,12569,0.066656
5402,16656,0.507912
5403,13491,0.213263
5403,19845,0.208076
5404,16660,0.106173
5404,18172,0.148395
5404,19997,0.09209
5404,12850,0.134292
5405,16661,0.117107
5405,12313,0.176349
5405,16093,0.054237
5405,21454,0.070393
5406,16662,0.204997
5406,19025,0.292135
5407,16664,0.063988
5407,11754,0.238242
5407,17106,0.335367
5407,14264,0.061182
5408,16666,0.36119
5409,11953,0.090742
5410,12841,0.285841
5410,12571,0.060301
5410,11808,0.126462
5411,13401,0.091167
5412,15015,0.208808
5412,15238,0.191935
5413,11782,0.235289
5413,12384,0.092434
5414,12478,0.512396
5415,16668,0.227142
5415,21429,0.110004
5416,16669,0.209511
5416,18712,0.160148
5416,12275,0.074291
5416,20749,0.086661
5417,12154,0.095649
5418,13468,0.118007
5419,16670,0.184449
5420,16671,0.501353
5421,16177,0.058522
5421,18732,0.06929
5421,15912,0.202258
5421,18967,0.065837
5422,11783,0.486994
5423,11749,0.187841
5424,11781,0.251289
5424,11780,0.151389
5425,13940,0.426001
5426,11953,0.21526
5427,16673,0.174802
5427,19809,0.052078
5427,19810,0.105103
5427,19811,0.053054
5428,12753,0.408894
5429,11949,0.155105
5430,11953,0.215594
5431,11795,0.344997
5432,16675,0.120532
5432,18345,0.088986
5433,11997,0.310128
5434,16677,0.151347
5434,12919,0.205157
5435,11874,0.082705
5436,16678,0.696617
5437,16670,0.058305
5437,14651,0.090906
5438,16679,0.247987
5439,12053,0.240383
5440,11888,0.278736
5440,11771,0.09976
5441,12549,0.636129
5442,12101,0.135008
5443,16681,0.314699
5444,16682,0.774157
5445,11852,0.244867
5446,16684,0.593572
5447,14699,0.452333
5447,11798,0.118048
5448,12417,0.281653
5449,16687,0.268211
5449,13070,0.321261
5450,16689,0.177132
5451,11969,0.151545
5451,12319,0.236752
5451,11782,0.089125
5452,16691,0.392812
5453,13447,0.162727
5453,18386,0.134066
5453,16361,0.110114
5454,16692,0.349116
5454,17174,0.176591
5455,12290,0.234343
5455,12278,0.151356
5456,12012,0.183049
5457,11798,0.26866
5457,12386,0.137653
5458,12083,0.360076
5459,12242,0.146469
5460,12087,0.346328
5461,12844,0.267223
5461,17326,0.063526
5461,20595,0.099528
5461,12797,0.080837
5462,15982,0.184593
5462,15995,0.395095
5462,16695,0.184682
5463,11785,0.409744
5464,11969,0.261179
5464,11782,0.091251
5464,12319,0.11719
5465,16696,0.477117
5465,13684,0.077795
5465,13156,0.086034
5466,16697,0.440782
5467,16698,0.44426
5468,16699,0.129777
5468,16793,0.097005
5469,16700,0.549713
5470,16701,0.16422
5471,11771,0.352851
5472,16702,0.885026
5473,13940,0.123156
5474,16703,0.711674
5475,16704,0.15509
5475,12915,0.077433
5476,13190,0.522983
5477,13191,0.669365
5478,15594,0.30581
5479,12417,0.197873
5480,13472,0.248347
5480,19008,0.306144
5481,15897,0.318326
5482,14315,0.308655
5483,12675,0.465634
5484,16709,0.291884
5484,20146,0.059351
5485,16710,0.247506
5485,13480,0.054353
5485,16869,0.064555
5486,16712,0.179278
5486,12977,0.36319
5486,13132,0.134305
5487,16713,0.465413
5487,18574,0.069449
5487,18636,0.084784
5488,14391,0.186968
5488,15226,0.072737
5488,13485,0.052699
5489,16714,0.104774
5489,13364,0.095103
5489,17846,0.073888
5489,12706,0.074226
5490,12375,0.229868
5490,12237,0.258242
5491,16719,0.301553
5491,21067,0.141162
5492,13455,0.356151
5492,17234,0.113915
5493,16721,0.357765
5494,16722,0.590638
5495,16723,0.448818
5496,16725,0.36262
5496,17232,0.093292
5496,12443,0.064757
5497,12610,0.300214
5497,11986,0.228107
5497,20941,0.059238
5498,11851,0.179104
5499,11947,0.103054
5499,15574,0.065301
5499,13172,0.090606
5500,16726,0.052902
5501,15799,0.240963
5502,11781,0.37751
5503,13660,0.192887
5503,16730,0.223868
5503,16731,0.134833
5503,16007,0.219354
5503,17996,0.102951
5504,12013,0.212703
5505,16735,0.561867
5506,16736,0.230229
5506,21086,0.084846
5506,21087,0.105155
5507,13970,0.423482
5507,16737,0.236613
5508,11829,0.599735
5509,14263,0.065294
5509,13036,0.202471
5510,16738,0.30868
5511,16739,0.128415
5511,19537,0.26797
5512,14117,0.377091
5513,16741,0.14917
5513,19774,0.109518
5513,20342,0.130643
5513,21044,0.050144
5513,21766,0.054303
5514,13388,0.233821
5514,13472,0.073013
5515,16745,0.109327
5515,13633,0.051784
5515,14920,0.050926
5516,16746,0.26264
5516,19881,0.074305
5517,16747,0.239807
5518,11851,0.442001
5519,12015,0.282553
5520,11785,0.433669
5521,11949,0.327728
5522,16752,0.292693
5523,16754,0.140674
5523,21593,0.132584
5524,14357,0.095788
5525,12441,0.330582
5525,19179,0.080353
5526,16411,0.177332
5527,11812,0.232743
5528,16757,0.407713
5529,16760,0.149879
5530,16763,0.073863
5530,19371,0.052967
5530,19930,0.115585
5530,21884,0.05294
5531,16764,0.306
5532,14179,0.132439
5532,15669,0.174235
5533,12085,0.299683
5534,13080,0.192167
5535,12227,0.067281
5535,11798,0.108295
5536,16768,0.186018
5536,17087,0.398874
5537,16769,0.352816
5538,16770,0.075953
5538,17801,0.092821
5538,18891,0.059246
5538,20843,0.21051
5539,13113,0.26863
5540,14798,0.129219
5540,15521,0.072496
5540,20445,0.198921
5541,12225,0.211479
5542,12854,0.375826
5542,15240,0.095421
5543,15257,0.291376
5544,16774,0.983726
5545,15012,0.189079
5546,12707,0.266586
5546,16898,0.176997
5547,15124,0.083336
5547,17398,0.347063
5548,16158,0.403429
5549,15466,0.054197
5549,15145,0.352883
5549,16775,0.082475
5549,16772,0.0873
5550,16776,0.258384
5551,16777,0.323234
5552,11782,0.336624
5553,16778,0.088093
5553,18721,0.262079
5553,21745,0.192406
5554,16779,0.634704
5555,13865,0.086484
5555,17910,0.083082
5556,16780,0.391867
5557,11793,0.380192
5557,11794,0.096149
5558,14623,0.060346
5559,16787,0.391554
5560,16789,0.246738
5560,18580,0.114749
5560,19138,0.139935
5560,13114,0.074728
5561,14413,0.289378
5561,12455,0.153685
5562,16790,0.382908
5563,14171,0.325941
5564,16794,0.102942
5564,16795,0.193961
5564,21914,0.057545
5565,12923,0.693475
5566,12414,0.402876
5567,16798,0.251619
5568,16800,0.178326
5568,20827,0.144689
5569,12363,0.091188
5569,18271,0.13453
5570,12319,0.228797
5570,11969,0.103436
5571,11784,0.264358
5572,14249,0.118721
5572,17379,0.057694
5572,17498,0.171639
5572,18242,0.12507
5572,21457,0.0804
5573,12090,0.201779
5573,11794,0.166637
5574,11799,0.129797
5574,11794,0.078997
5575,11850,0.138771
5576,12227,0.078041
5577,16802,0.349616
5578,11852,0.208725
5578,14554,0.214139
5579,12090,0.111464
5579,12242,0.102577
5580,11793,0.160928
5580,11794,0.350288
5581,11953,0.157626
5581,13130,0.070629
5582,13032,0.111701
5582,18868,0.204573
5582,12224,0.185899
5582,21695,0.062581
5583,16805,0.291126
5583,19555,0.179163
5583,20076,0.181034
5584,12563,0.417966
5585,16807,0.711663
5586,16810,0.495669
5587,16812,0.179461
5587,16636,0.164659
5588,14702,0.122764
5588,17020,0.123624
5589,14170,0.169575
5589,20312,0.061433
5589,13504,0.123377
5589,21376,0.061601
5590,16815,0.246896
5590,12821,0.417862
5591,16816,0.159999
5592,16817,0.27987
5593,11799,0.243512
5594,16819,0.123625
5594,17349,0.072222
5594,18995,0.085168
5594,19849,0.089199
5595,11749,0.112085
5596,13223,0.346193
5597,16821,0.465948
5597,12869,0.150577
5597,13108,0.08524
5597,21301,0.06389
5598,16822,0.066299
5598,12778,0.118282
5598,21480,0.117877
5599,13184,0.383995
5600,11787,0.236032
5600,19999,0.168547
5601,16383,0.160962
5601,16366,0.14616
5601,13634,0.089599
5602,16823,0.419754
5603,11759,0.137006
5604,12087,0.380427
5605,11753,0.052581
5605,14585,0.355984
5605,20714,0.053337
5606,12217,0.153232
5607,12090,0.28499
5608,16826,0.184468
5608,16957,0.131063
5608,14221,0.102224
5608,21713,0.073435
5609,16827,0.15157
5609,14683,0.150965
5610,16828,0.745474
5611,11783,0.794265
5612,11783,0.087921
5613,16830,0.506394
5614,16831,0.186863
5614,18081,0.186904
5615,13726,0.12579
5615,17704,0.068234
5615,11879,0.067055
5616,16832,0.212297
5616,13424,0.09844
5616,20022,0.155888
5617,13036,0.063672
5618,12865,0.308267
5618,14212,0.168839
5619,16834,0.270136
5619,19873,0.194182
5620,16454,0.590178
5621,16835,0.086566
5621,19535,0.06746
5621,19663,0.06746
5621,20349,0.162929
5622,13662,0.287458
5623,16836,0.475369
5624,11798,0.221596
5625,16837,0.205636
5625,17333,0.114408
5625,17778,0.068766
5625,11737,0.090131
5625,20787,0.053616
5626,16838,0.138772
5626,17742,0.142429
5626,13187,0.071093
5627,12448,0.398393
5628,16839,0.727446
5629,11798,0.411395
5629,12386,0.20599
5630,11950,0.197691
5631,13562,0.572284
5632,16055,0.262898
5632,20512,0.073918
5633,16843,0.346186
5633,18571,0.082118
5633,20904,0.083176
5634,16844,0.082853
5634,12915,0.147278
5634,16343,0.059286
5634,18372,0.377612
5634,19370,0.082853
5635,16845,0.352072
5636,12860,0.192895
5637,16846,0.116786
5638,12282,0.335437
5638,17144,0.105934
5638,11791,0.153058
5639,14234,0.38343
5640,16847,0.462597
5641,12828,0.39357
5641,19125,0.132127
5642,16849,0.099839
5642,17536,0.098585
5642,20057,0.088117
5642,12684,0.208466
5643,14600,0.154943
5643,19767,0.059549
5643,11751,0.094188
5643,16591,0.074859
5644,16850,0.306751
5645,15084,0.14172
5645,18337,0.077083
5646,16852,0.65008
5647,16855,0.097046
5647,16887,0.096425
5647,18632,0.06174
5647,20744,0.061755
5648,16856,0.142676
5648,17013,0.27515
5649,16858,0.636091
5650,14110,0.079906
5650,14605,0.118209
5651,16859,0.285658
5652,16860,0.803731
5653,16861,0.167599
5654,16862,0.083918
5654,11897,0.108407
5655,12855,0.342316
5656,11799,0.384182
5657,16863,0.247321
5657,17415,0.104563
5657,17417,0.072032
5657,19580,0.071896
5658,16864,0.082954
5658,15486,0.238034
5659,16865,0.434865
5660,16866,0.579176
5661,16868,0.150542
5661,13698,0.194941
5661,12675,0.2046
5662,11969,0.166587
5662,12417,0.105511
5663,16870,0.547444
5664,13135,0.599159
5665,16871,0.342724
5665,12381,0.122198
5665,13859,0.067956
5666,13107,0.107547
5666,18301,0.104639
5667,16872,0.114438
5667,20151,0.050471
5667,18737,0.108765
5668,14002,0.35241
5668,18445,0.076305
5669,16873,0.082661
5669,17924,0.106197
5669,18973,0.051401
5669,12489,0.069845
5670,12512,0.45033
5670,19939,0.074036
5670,12123,0.05324
5671,13837,0.455853
5672,16874,0.358908
5673,16876,0.782212
5674,12516,0.166597
5674,21319,0.113449
5675,13113,0.195863
5675,11780,0.117448
5676,16878,0.377239
5677,16879,0.051331
5677,18971,0.078583
5678,12600,0.173001
5678,12201,0.240841
5679,11786,0.217519
5679,18241,0.091866
5680,13883,0.091119
5681,14758,0.199201
5681,18335,0.067471
5681,15214,0.067485
5681,15924,0.094082
5682,16882,0.312575
5683,16884,0.217536
5683,20456,0.071881
5683,20838,0.075901
5684,16885,0.579475
5685,16886,0.179218
5685,18719,0.250274
5686,11888,0.154895
5687,16365,0.159177
5688,13037,0.06131
5689,16888,0.14354
5689,15906,0.13545
5689,20092,0.208864
5690,16889,0.463125
5690,13493,0.110353
5691,16890,0.729716
5692,12086,0.340483
5692,12087,0.458335
5693,13264,0.389911
5694,16212,0.114376
5694,12026,0.163146
5695,15961,0.396412
5696,16367,0.092498
5696,20980,0.103412
5696,21014,0.128949
5697,15796,0.264327
5697,17997,0.098261
5697,17998,0.098064
5698,12414,0.290553
5699,16832,0.292951
5700,12164,0.298233
5700,15112,0.290832
5701,16903,0.513494
5702,11964,0.231585
5703,16904,0.132355
5703,21293,0.13238
5704,16905,0.289555
5704,18530,0.069707
5705,12215,0.18444
5706,11852,0.176941
5707,16907,0.385877
5708,16908,0.31831
5709,12946,0.24205
5710,16909,0.223001
5710,17300,0.056756
5710,12549,0.116456
5710,13120,0.075252
5711,15482,0.29615
5711,13040,0.282273
5712,16910,0.067166
5712,17220,0.132897
5712,12991,0.134888
5712,17626,0.114705
5712,19557,0.135528
5713,12085,0.265822
5714,11888,0.117295
5715,16911,0.265984
5715,21329,0.148579
5716,11948,0.377776
5717,16912,0.098185
5717,14194,0.05864
5717,20096,0.05913
5718,11759,0.185368
5719,12237,0.394152
5720,13256,0.415782
5721,12554,0.292322
5721,16747,0.206142
5721,19920,0.112987
5722,12168,0.548601
5723,16914,0.052165
5723,17616,0.152211
5723,17617,0.11663
5723,19158,0.201673
5724,12554,0.268268
5724,15236,0.087245
5724,17641,0.186434
5725,15430,0.056699
5726,11891,0.071555
5727,16915,0.54735
5728,11872,0.243819
5729,14972,0.110759
5730,13456,0.360058
5731,16916,0.457165
5731,16261,0.126535
5731,12105,0.058653
5731,19291,0.059189
5731,21491,0.057176
5732,16917,0.27721
5733,15898,0.124414
5733,20423,0.194695
5734,16920,0.444341
5734,17096,0.315225
5735,12155,0.449983
5736,14790,0.315897
5736,13269,0.136377
5737,16922,0.655575
5738,11734,0.120167
5739,16923,0.40711
5739,16386,0.145711
5740,16924,0.313471
5741,16925,0.445073
5741,19339,0.149092
5742,14659,0.164781
5742,11836,0.271797
5743,12091,0.173878
5744,16927,0.055305
5744,12237,0.156774
5744,18955,0.073522
5745,16928,0.21812
5745,11777,0.115461
5746,16929,0.174937
5746,16951,0.313179
5746,21218,0.138094
5747,11860,0.118318
5748,14298,0.050212
5749,16933,0.329065
5750,16934,0.217715
5750,18326,0.267223
5750,21675,0.077486
5751,11781,0.335776
5751,11780,0.246999
5752,11874,0.071303
5753,16937,0.583362
5754,13039,0.098912
5754,12797,0.089553
5754,12844,0.089158
5754,12731,0.135957
5755,16938,0.153084
5756,13627,0.201137
5757,16939,0.092392
5757,13223,0.050705
5757,20044,0.073557
5758,16940,0.082576
5759,16941,0.121771
5759,14351,0.41019
5760,16943,0.509851
5760,17549,0.08897
5761,16949,0.116866
5761,17651,0.053126
5761,18183,0.057726
5761,14579,0.114616
5762,11799,0.226023
5763,16953,0.351558
5764,16954,0.089345
5764,19669,0.062672
5764,20516,0.114663
5765,13898,0.375587
5765,13618,0.098802
5765,12146,0.051928
5766,16956,0.405109
5767,16958,0.082407
5767,11997,0.095801
5768,11852,0.373329
5768,11850,0.414101
5769,12818,0.405907
5769,12700,0.079634
5770,11734,0.29406
5771,14781,0.146638
5771,15240,0.187878
5772,12287,0.222851
5772,11850,0.066719
5773,16963,0.073517
5773,12704,0.064961
5773,21656,0.072079
5773,21755,0.073547
5774,16964,0.168827
5774,19087,0.116629
5774,20730,0.116937
5775,16965,0.374505
5776,11781,0.327139
5777,11852,0.197343
5778,16971,0.084276
5778,18511,0.064762
5778,19696,0.065401
5779,16972,0.396542
5780,15851,0.202264
5780,20425,0.14541
5781,14081,0.277626
5782,11795,0.194417
5783,16975,0.269211
5784,15802,0.08821
5784,18610,0.125718
5784,21180,0.073757
5785,16980,0.085831
5785,18970,0.122882
5785,20219,0.085827
5785,20979,0.055982
5786,16981,0.209517
5786,18581,0.268179
5787,11799,0.435625
5788,16984,0.110768
5788,17754,0.18337
5788,20799,0.086261
5789,13601,0.412872
5790,16262,0.23289
5790,12445,0.068589
5790,18856,0.103007
5790,11856,0.08599
5791,12235,0.481446
5792,16986,0.155994
5792,12001,0.199052
5792,16839,0.185522
5793,16503,0.317934
5793,12594,0.070027
5794,15257,0.108398
5795,16987,0.294608
5795,19047,0.410704
5796,15042,0.608103
5797,16989,0.754868
5798,16990,0.52471
5799,12229,0.349633
5800,11872,0.086633
5801,16991,0.53734
5802,16992,0.416539
5803,16993,0.1938
5803,20645,0.346688
5804,16995,0.350628
5805,16996,0.312497
5806,13200,0.075902
5807,13793,0.070987
5808,12646,0.268166
5809,15012,0.235744
5810,12087,0.214195
5810,11795,0.210719
5811,12899,0.308705
5812,12083,0.306129
5813,11735,0.282635
5814,11951,0.336095
5815,13200,0.413867
5816,13664,0.636717
5817,11798,0.141932
5818,17000,0.062029
5819,17001,0.05773
5819,17644,0.055929
5819,18575,0.298732
5820,15379,0.528118
5821,16260,0.529644
5822,13859,0.239575
5822,16871,0.236982
5823,11783,0.201437
5824,17002,0.228
5825,12563,0.152473
5826,11759,0.110906
5827,17005,0.511579
5827,20616,0.10756
5828,11980,0.59377
5829,12521,0.28686
5829,13113,0.074557
5830,11953,0.42025
5831,14389,0.238759
5832,17008,0.081145
5833,17009,0.286327
5834,13809,0.094469
5835,11969,0.431329
5835,11782,0.411954
5836,11851,0.37789
5837,12753,0.277008
5838,17012,0.053997
5838,19718,0.054067
5838,20357,0.075373
5838,20388,0.054067
5838,21092,0.075373
5839,17013,0.390404
5840,11828,0.055331
5840,13586,0.188737
5840,12953,0.076429
5841,11995,0.179297
5841,11836,0.230151
5841,17566,0.099462
5842,11862,0.059121
5843,17015,0.258438
5843,17141,0.143806
5843,17172,0.122003
5843,17173,0.138281
5844,11804,0.106727
5844,20375,0.054997
5845,17018,0.249305
5845,14909,0.534926
5846,13003,0.457407
5846,15169,0.050925
5846,14332,0.091223
5847,16167,0.347984
5848,11852,0.314211
5848,11850,0.296259
5849,11759,0.356928
5850,12287,0.275508
5850,11953,0.204497
5851,12090,0.348182
5851,11735,0.053294
5852,11798,0.094484
5853,16738,0.38797
5854,17021,0.232792
5855,12228,0.43723
5856,17022,0.32947
5857,17023,0.075123
5857,18525,0.138645
5857,18552,0.093098
5858,17024,0.077406
5858,17983,0.128798
5858,17984,0.199578
5859,17028,0.072882
5859,18377,0.092497
5859,17513,0.052187
5859,19176,0.052272
5859,21397,0.095559
5859,21561,0.108654
5860,17029,0.601395
5861,17033,0.218281
5862,17034,0.286929
5863,12090,0.282002
5864,12090,0.250822
5865,17035,0.277904
5865,14741,0.249055
5865,20268,0.110701
5866,11852,0.247917
5867,13277,0.250434
5868,17040,0.45884
5869,17041,0.168074
5870,11795,0.224473
5870,12217,0.087692
5871,11793,0.085779
5872,11759,0.187158
5873,17044,0.264673
5873,12036,0.087816
5873,12674,0.101477
5874,17045,0.173104
5874,19515,0.096766
5875,17046,0.155627
5876,12923,0.353388
5876,17622,0.165651
5877,17048,0.161529
5878,13979,0.255189
5878,16215,0.081222
5878,12503,0.095193
5878,14458,0.134148
5879,12578,0.481829
5880,17052,0.080267
5881,16767,0.179095
5881,17994,0.090832
5881,20716,0.070813
5882,17053,0.256784
5883,15578,0.211502
5883,12556,0.085861
5884,17054,0.526344
5885,14925,0.559687
5886,14396,0.132839
5886,18394,0.301882
5887,11749,0.053867
5888,11773,0.211004
5889,17055,0.076331
5889,13612,0.407943
5889,19724,0.071038
5890,12242,0.426087
5891,17056,0.199195
5891,14694,0.199151
5891,21323,0.056059
5892,13145,0.100094
5892,13152,0.108908
5893,13784,0.093905
5894,17057,0.176767
5895,17058,0.351716
5896,14558,0.245114
5896,15627,0.096569
5897,17059,0.083385
5897,18077,0.19176
5897,11997,0.062074
5897,18719,0.064528
5897,14877,0.064237
5897,21764,0.089778
5898,11749,0.429034
5898,12214,0.278124
5899,17061,0.144779
5899,15210,0.259222
5900,14276,0.498423
5901,17062,0.185829
5902,11798,0.270198
5903,17067,0.209815
5903,18264,0.068881
5904,15228,0.453962
5905,17068,0.233601
5905,19894,0.388478
5906,11839,0.074074
5906,18086,0.051729
5907,16198,0.336314
5907,19628,0.130346
5908,17069,0.085777
5908,16623,0.119564
5909,17070,0.30229
5909,17662,0.247593
5910,12417,0.302235
5911,16738,0.39349
5912,11969,0.396595
5913,11749,0.255383
5914,11851,0.223942
5915,12994,0.123412
5915,13114,0.208898
5915,20754,0.079222
5916,11811,0.518813
5917,17076,0.207391
5918,13135,0.24734
5918,12759,0.172078
5919,11852,0.217706
5920,17077,0.119846
5920,19769,0.062638
5920,12573,0.059182
5920,15122,0.050599
5921,17080,0.123363
5921,19078,0.367009
5922,11851,0.396606
5923,11785,0.093038
5923,11780,0.104134
5924,17081,0.370927
5924,12054,0.415593
5925,13264,0.235117
5926,17084,0.29739
5927,13420,0.261864
5928,12384,0.577977
5929,14989,0.089996
5930,11852,0.247873
5931,13933,0.232366
5932,17085,0.443841
5933,11795,0.272327
5934,11852,0.391057
5935,17089,0.461055
5935,18046,0.134323
5936,12171,0.363851
5937,17090,0.225015
5938,17094,0.282008
5939,12753,0.293993
5940,17095,0.641211
5941,16779,0.15624
5941,17523,0.109179
5941,12435,0.095698
5942,17098,0.215249
5942,17803,0.271805
5943,17099,0.103546
5943,20771,0.072667
5944,17100,0.123389
5944,18180,0.143562
5944,18463,0.260436
5945,15370,0.773023
5946,13208,0.348266
5946,12871,0.13101
5946,13180,0.126168
5947,12753,0.052765
5948,11953,0.232727
5949,11734,0.296176
5950,11885,0.051517
5951,17107,0.206051
5952,17108,0.380639
5953,12865,0.507542
5954,17112,0.140989
5954,17113,0.140909
5954,17334,0.140974
5955,12609,0.711309
5956,17115,0.890191
5957,14342,0.147357
5958,14441,0.147829
5958,12951,0.147377
5958,16538,0.227601
5959,11756,0.297515
5960,17119,0.360512
5960,17120,0.237063
5961,17121,0.203905
5961,16007,0.075021
5962,17122,0.100293
5962,17134,0.053654
5962,17893,0.066053
5963,13965,0.348394
5963,17852,0.229448
5964,11772,0.238003
5965,13023,0.338612
5966,17125,0.484311
5967,11851,0.262693
5968,13239,0.119575
5968,14665,0.077592
5969,17128,0.512919
5970,12000,0.177311
5970,12791,0.097838
5971,15236,0.158386
5971,17130,0.062466
5972,12133,0.642802
5973,13098,0.069511
5973,20582,0.124322
5974,17131,0.199962
5975,17132,0.140553
5975,19451,0.112378
5975,19799,0.071735
5975,13021,0.147109
5975,21020,0.051457
5976,17133,0.275048
5976,17441,0.061992
5976,16041,0.119274
5976,20786,0.060855
5977,11885,0.452655
5978,11948,0.057124
5978,11811,0.070129
5979,11811,0.727853
5980,17136,0.307325
5980,19376,0.052788
5981,13283,0.157319
5982,11956,0.40342
5983,14423,0.249028
5984,11749,0.107036
5985,17145,0.383479
5986,17147,0.67889
5987,17150,0.475944
5988,17152,0.344924
5988,18355,0.056421
5988,18797,0.067141
5989,17153,0.161195
5989,17154,0.188328
5989,16385,0.061056
5989,18567,0.155447
5990,12903,0.815607
5991,12904,0.533747
5992,11851,0.177045
5993,17158,0.271995
5993,17353,0.066399
5993,20439,0.081068
5994,13745,0.241291
5995,11798,0.553304
5996,13044,0.130911
5996,16167,0.215426
5996,17751,0.086132
5996,17975,0.163787
5997,17164,0.225154
5998,17165,0.133095
5998,19398,0.228678
5999,11862,0.373504
6000,11793,0.297372
6001,17167,0.169999
6002,12944,0.298337
6002,12047,0.109902
6003,11953,0.116605
6004,17168,0.064514
6004,17445,0.072767
6004,17453,0.099597
6004,17652,0.376119
6005,17169,0.147208
6005,18441,0.082212
6006,17170,0.114192
6006,17381,0.115613
6006,21498,0.115462
6007,11749,0.052399
6007,11734,0.13922
6008,16810,0.3239
6008,20501,0.090898
6008,20504,0.126808
6009,11885,0.394454
6010,11771,0.402139
6011,11851,0.341537
6012,12563,0.288867
6013,11888,0.126174
6014,11783,0.222825
6014,11749,0.078877
6015,17176,0.362181
6016,11781,0.194695
6017,11771,0.380381
6018,16230,0.075242
6018,13246,0.129374
6018,12711,0.139152
6019,17177,0.1097
6019,17665,0.138533
6019,21140,0.171851
6019,21312,0.078695
6020,17178,0.115868
6021,17179,0.183776
6021,17750,0.071325
6021,20878,0.09645
6022,12417,0.374652
6023,17180,0.36735
6023,13233,0.41641
6024,11780,0.098463
6025,15578,0.122377
6026,17184,0.116723
6026,11888,0.070766
6027,12350,0.459407
6027,13596,0.123789
6028,17185,0.365383
6029,17186,0.233053
6030,17188,0.122546
6031,12053,0.328115
6032,17190,0.087443
6033,11958,0.577612
6034,12056,0.062835
6034,13750,0.161906
6034,18966,0.097944
6034,21501,0.054713
6035,13520,0.219758
6035,14163,0.203207
6036,17195,0.354889
6036,17771,0.071649
6036,21712,0.071649
6037,11781,0.07184
6038,17197,0.063942
6038,11839,0.056791
6038,20138,0.101383
6039,12213,0.131322
6040,12213,0.081462
6041,12987,0.566702
6041,16389,0.127998
6042,12539,0.134759
6042,13124,0.119364
6042,20218,0.074854
6042,16693,0.055925
6043,17203,0.484931
6044,17205,0.20317
6044,16030,0.138843
6044,21726,0.053976
6045,13601,0.364525
6046,13806,0.070177
6046,13965,0.14928
6046,14273,0.142729
6047,12057,0.412583
6047,14185,0.292725
6048,13253,0.220409
6049,12085,0.260769
6049,12083,0.080398
6050,12104,0.44712
6051,13158,0.412754
6052,16928,0.553085
6053,17209,0.75298
6054,11782,0.348942
6055,17210,0.08605
6055,15356,0.131617
6056,11798,0.234244
6057,13822,0.3617
6058,17211,0.077525
6059,17212,0.162295
6059,18906,0.269726
6059,21058,0.090723
6060,12083,0.23327
6061,14292,0.056492
6061,17757,0.056638
6062,13233,0.370776
6063,12417,0.125344
6064,11772,0.088811
6065,17217,0.167604
6065,20043,0.092557
6065,20250,0.094124
6065,18602,0.077497
6066,15149,0.077819
6066,13824,0.067467
6067,11769,0.234723
6068,17219,0.324776
6068,19902,0.125807
6069,17221,0.185736
6069,19227,0.114085
6070,17223,0.510471
6071,17224,0.456904
6072,12012,0.64175
6073,17225,0.787761
6074,13135,0.357518
6074,12059,0.427203
6075,17226,0.175256
6076,17227,0.561529
6077,17228,0.184437
6077,14874,0.288875
6078,17229,0.264586
6078,17390,0.114825
6079,17230,0.087046
6079,20722,0.327263
6079,21435,0.155978
6080,11781,0.246346
6081,17233,0.386215
6082,14581,0.06005
6083,14749,0.398935
6084,17237,0.100302
6084,17867,0.209559
6084,18198,0.085573
6085,17239,0.374021
6086,17243,0.377721
6087,11764,0.122305
6087,13170,0.281571
6087,19445,0.095371
6088,17245,0.105718
6088,17273,0.135047
6088,11924,0.209429
6089,12772,0.172574
6089,13541,0.455641
6089,15018,0.198491
6090,17246,0.737628
6091,11885,0.446412
6092,11828,0.59202
6093,12990,0.602261
6094,13284,0.501302
6094,19973,0.075235
6095,17248,0.086989
6095,15355,0.094361
6095,16268,0.113625
6095,20944,0.086269
6096,13879,0.281543
6097,17249,0.187597
6098,11773,0.223617
6098,18134,0.161576
6099,12599,0.111173
6099,14963,0.238397
6099,14016,0.062161
6099,16984,0.058081
6100,15138,0.067177
6100,17766,0.120135
6100,18474,0.173276
6101,12090,0.170809
6102,13582,0.205136
6102,17694,0.126537
6103,14041,0.13617
6103,20067,0.260519
6104,17252,0.172766
6105,17253,0.16513
6105,12450,0.165751
6105,13365,0.135547
6106,15928,0.205946
6106,17794,0.160479
6107,17255,0.415452
6107,20180,0.067184
6108,16132,0.170867
6109,16259,0.379447
6109,21518,0.100532
6110,14024,0.142713
6110,11933,0.086351
6111,17260,0.244175
6111,12887,0.133607
6111,20562,0.206931
6112,11793,0.31439
6113,13586,0.084711
6113,12953,0.169468
6113,18475,0.185548
6113,12475,0.060126
6114,17265,0.096208
6114,18374,0.057592
6115,17266,0.25691
6116,17268,0.469632
6117,17269,0.05245
6117,13090,0.251257
6118,17270,0.457048
6119,17276,0.532943
6120,17278,0.462467
6121,17279,0.195434
6122,17280,0.578837
6123,14293,0.347226
6124,17281,0.33803
6124,18978,0.123425
6124,20261,0.074666
6125,17282,0.685726
6126,11794,0.224473
6127,17283,0.368818
6128,15150,0.382904
6129,11922,0.440017
6130,17285,0.401506
6131,11735,0.221629
6132,17286,0.189098
6132,17403,0.128865
6132,18048,0.129691
6132,18686,0.053338
6133,17287,0.184212
6133,17578,0.13525
6133,17789,0.257687
6134,17288,0.501557
6135,12083,0.398871
6136,11736,0.328644
6137,12790,0.330001
6138,12790,0.396735
6138,18276,0.284162
6139,17290,0.26955
6139,17737,0.295215
6139,19031,0.090285
6139,21507,0.064782
6140,16125,0.257818
6140,14830,0.154918
6141,17291,0.123441
6142,12554,0.364747
6142,17641,0.059153
6143,17295,0.583927
6144,17296,0.096598
6144,17752,0.155969
6145,14564,0.053943
6146,17301,0.226036
6147,17302,0.059557
6147,17630,0.228534
6148,11885,0.467101
6149,12581,0.252339
6150,12279,0.096628
6150,19780,0.123994
6150,15276,0.429707
6151,13504,0.075501
6151,14364,0.053217
6151,20851,0.055782
6152,13040,0.562374
6153,17303,0.239882
6154,16375,0.256671
6155,11782,0.207177
6156,17305,0.202092
6157,11798,0.200124
6158,11888,0.080138
6159,11749,0.324364
6159,11783,0.284708
6160,17306,0.118704
6161,12897,0.304666
6161,13562,0.219487
6162,12482,0.279129
6162,18395,0.061257
6162,20982,0.061181
6162,21356,0.109536
6163,17308,0.110183
6163,16412,0.336859
6164,12087,0.061223
6165,12085,0.279904
6166,17312,0.115039
6166,20550,0.278215
6167,17313,0.453643
6168,11949,0.25474
6169,17314,0.176407
6169,13432,0.1764
6170,17315,0.479619
6170,12951,0.098472
6170,21644,0.17676
6171,17316,0.60582
6172,13080,0.253962
6173,11795,0.401463
6174,13177,0.417477
6175,17319,0.801092
6176,13134,0.084201
6176,16321,0.097478
6176,18956,0.054246
6176,13489,0.116757
6176,21421,0.056431
6177,17321,0.180108
6177,15184,0.193208
6178,11948,0.207037
6178,11782,0.164396
6179,17325,0.309663
6179,17194,0.147296
6179,20596,0.064999
6180,12514,0.124779
6181,17328,0.059506
6181,19680,0.059323
6181,14489,0.059328
6182,17329,0.523561
6183,13790,0.259111
6183,15258,0.123037
6183,12976,0.09539
6184,11978,0.322153
6184,20777,0.082801
6185,17335,0.416614
6186,11749,0.411853
6187,12191,0.103526
6187,15222,0.303866
6187,18096,0.056737
6188,12622,0.544229
6189,14976,0.19177
6190,12414,0.157484
6190,11852,0.133551
6191,11953,0.189547
6192,12087,0.338656
6193,11794,0.478454
6193,11793,0.096117
6194,17337,0.332638
6195,14498,0.210084
6195,17660,0.148775
6196,11795,0.099613
6197,17339,0.147821
6197,11756,0.156229
6197,21578,0.147821
6198,15076,0.082761
6198,20126,0.060715
6198,20441,0.050839
6198,20859,0.064321
6199,17340,0.631333
6200,17341,0.331327
6201,11798,0.501403
6202,12087,0.221246
6203,15829,0.117182
6203,14688,0.254527
6203,11984,0.084965
6204,11799,0.296173
6205,12619,0.070689
6205,14552,0.118824
6205,19096,0.052587
6206,17154,0.432468
6206,13438,0.202576
6207,17344,0.070372
6208,17345,0.205356
6208,21124,0.119372
6208,21432,0.166477
6208,21433,0.119419
6209,17346,0.443873
6209,18549,0.162371
6209,20023,0.059481
6210,12087,0.074704
6211,15634,0.358707
6212,17348,0.209199
6212,20440,0.178619
6213,16322,0.125971
6213,14518,0.19555
6213,13695,0.238652
6214,11838,0.188567
6215,17039,0.260845
6215,13102,0.094385
6215,20601,0.115528
6216,15014,0.14616
6216,12604,0.074759
6216,21149,0.053616
6217,12026,0.087136
6217,11735,0.116749
6218,12287,0.08407
6218,12026,0.372498
6218,18657,0.10354
6219,17350,0.26199
6220,12905,0.381953
6221,17351,0.191469
6222,17352,0.28285
6223,17355,0.205194
6224,11969,0.377275
6225,17357,0.085101
6225,16765,0.286814
6226,17359,0.068344
6226,17489,0.145507
6226,19506,0.257509
6227,13036,0.147283
6228,12753,0.203775
6229,12087,0.479438
6230,12090,0.231127
6231,16216,0.315736
6231,17360,0.144271
6231,21834,0.132816
6232,15083,0.309122
6232,19826,0.137349
6233,17364,0.486936
6234,17366,0.133943
6234,21700,0.133942
6235,11851,0.362388
6236,12541,0.281124
6236,18605,0.067548
6236,16193,0.094101
6237,17369,0.497788
6238,12563,0.586266
6239,17370,0.584817
6240,12819,0.316703
6241,17371,0.29728
6241,19101,0.050701
6242,17372,0.237253
6243,17373,0.328822
6244,13541,0.198821
6245,11799,0.16095
6246,17375,0.391421
6247,14481,0.068194
6248,17377,0.347309
6249,17380,0.233882
6250,17382,0.557585
6251,17383,0.462938
6252,17384,0.451554
6253,17385,0.489271
6254,12970,0.254224
6254,19542,0.058606
6255,17387,0.084947
6255,21234,0.15815
6255,21837,0.061391
6256,17388,0.342248
6257,11852,0.189573
6258,17392,0.163772
6259,17393,0.117594
6259,19434,0.117594
6259,20529,0.193248
6260,17394,0.516747
6261,17396,0.294343
6261,17470,0.100795
6261,12593,0.067018
6262,13468,0.453164
6263,17134,0.128211
6263,12702,0.147801
6264,13601,0.106362
6265,15439,0.184503
6265,12015,0.055243
6266,12700,0.091379
6267,17399,0.214064
6267,18790,0.213981
6268,17401,0.074984
6268,21148,0.063507
6269,12090,0.076344
6270,17406,0.613701
6271,17407,0.245217
6272,17408,0.321567
6273,11799,0.560035
6274,17410,0.120772
6274,18107,0.087969
6274,13843,0.263182
6275,11771,0.300112
6275,11885,0.107041
6276,11885,0.09778
6277,12488,0.153671
6278,11749,0.085843
6279,12213,0.142341
6280,17412,0.32628
6280,16689,0.12775
6281,17413,0.377827
6282,12293,0.35241
6283,11736,0.557334
6284,12155,0.349207
6285,17416,0.366913
6285,13425,0.091114
6285,12370,0.194248
6285,18693,0.067953
6286,17418,0.280399
6287,12970,0.350652
6288,17419,0.166068
6288,18640,0.055808
6288,13915,0.056938
6289,17405,0.243198
6289,14923,0.065183
6289,18811,0.073791
6289,17520,0.099544
6290,11797,0.485336
6291,17424,0.227403
6291,12994,0.078551
6291,15563,0.086017
6292,11953,0.307605
6293,17426,0.10283
6293,20780,0.31903
6293,21544,0.102146
6294,14182,0.37818
6294,13965,0.240939
6295,12015,0.060059
6296,17427,0.479009
6296,20372,0.078513
6297,11910,0.421436
6297,11826,0.052918
6298,12120,0.154772
6298,20791,0.158454
6299,11799,0.332399
6300,17429,0.080662
6300,14811,0.333748
6300,20959,0.098729
6301,11794,0.353027
6302,16263,0.14615
6303,11891,0.217928
6304,11798,0.201336
6305,11820,0.312182
6306,11798,0.404601
6307,17431,0.355902
6308,12176,0.360508
6309,13668,0.368334
6310,17433,0.234247
6311,11948,0.180246
6312,11785,0.363695
6313,14110,0.158332
6313,20587,0.055859
6314,17435,0.690339
6315,13629,0.210401
6316,17436,0.428482
6317,17438,0.430517
6318,17440,0.07342
6318,14760,0.233522
6318,17439,0.197657
6318,15464,0.065628
6319,11908,0.34904
6320,17443,0.170705
6320,15732,0.201378
6320,19380,0.078157
6321,12946,0.242841
6321,19958,0.111281
6322,17444,0.555936
6323,17446,0.29222
6324,12227,0.647401
6325,17448,0.217699
6325,20933,0.142281
6326,13233,0.097759
6326,16094,0.431655
6327,14588,0.071233
6328,11888,0.109371
6329,12237,0.350319
6330,14131,0.26877
6330,19004,0.071669
6330,20143,0.071669
6330,19393,0.071614
6331,11771,0.115242
6331,15590,0.085237
6332,15707,0.125895
6332,15644,0.080411
6332,13000,0.08041
6332,12929,0.102969
6332,15643,0.057559
6333,14081,0.157432
6334,17461,0.540289
6335,17462,0.140034
6336,14433,0.193652
6337,17464,0.476077
6338,12370,0.314001
6338,11757,0.134852
6338,20939,0.198789
6339,14973,0.380563
6340,17465,0.188966
6341,17467,0.465753
6342,12700,0.12097
6343,12700,0.08636
6344,14993,0.055946
6344,17469,0.055435
6344,12140,0.30664
6344,17657,0.055471
6345,13401,0.065515
6346,11885,0.428066
6347,11785,0.2189
6348,17474,0.197446
6348,14398,0.248483
6349,17475,0.16682
6349,17944,0.099594
6349,20011,0.078171
6349,21618,0.099818
6349,21783,0.056074
6350,15846,0.325101
6350,13627,0.090146
6350,19943,0.185222
6351,17477,0.465963
6352,17478,0.375601
6352,19945,0.107749
6353,17479,0.275968
6353,20184,0.057537
6353,20452,0.05715
6354,17481,0.238261
6354,20750,0.261571
6355,17483,0.127052
6355,12703,0.132925
6355,21122,0.058266
6355,21123,0.050418
6355,21774,0.104232
6356,17484,0.116561
6356,21022,0.208505
6356,21530,0.208516
6357,14972,0.267125
6358,17486,0.223315
6358,18230,0.221162
6359,17487,0.726585
6360,17488,0.117992
6360,18563,0.088479
6360,16056,0.24416
6360,20925,0.090396
6361,17491,0.120112
6361,18858,0.216185
6361,20199,0.136127
6361,21776,0.053581
6362,17492,0.767944
6363,17263,0.242683
6363,21093,0.052297
6364,11851,0.326051
6365,17493,0.082488
6365,14715,0.369946
6366,12087,0.427341
6367,17449,0.100759
6367,18150,0.101013
6367,21149,0.27293
6367,21672,0.072464
6368,11874,0.321345
6368,11873,0.10128
6369,11771,0.055985
6370,17494,0.060721
6370,11732,0.241975
6370,12237,0.147165
6371,12012,0.085539
6371,11804,0.06515
6372,12211,0.367402
6373,17495,0.308224
6373,12008,0.113808
6374,15547,0.838418
6375,17499,0.301622
6376,17500,0.105778
6376,18384,0.417524
6376,19157,0.056341
6376,20301,0.065239
6377,11850,0.394388
6377,11771,0.242203
6378,11948,0.362888
6379,11799,0.41993
6380,11794,0.145095
6381,17501,0.278046
6381,19635,0.092722
6382,12085,0.235902
6383,17503,0.050303
6384,11993,0.195616
6384,14175,0.062389
6384,19141,0.062648
6384,12194,0.103509
6385,11777,0.182921
6386,11953,0.154096
6386,12920,0.243595
6387,12242,0.08424
6388,17507,0.310013
6388,21860,0.222382
6389,15353,0.083778
6389,19756,0.083777
6389,22023,0.083792
6390,17508,0.189666
6391,14966,0.276363
6392,17509,0.27337
6393,17511,0.317836
6394,11781,0.161402
6395,17514,0.544373
6396,17516,0.455111
6397,12563,0.372452
6398,15714,0.646694
6399,11888,0.184785
6400,11885,0.44795
6401,11783,0.393964
6402,12015,0.432303
6403,17523,0.055848
6403,18666,0.056247
6404,11771,0.230713
6405,17525,0.347438
6406,17527,0.273857
6406,19652,0.07286
6406,20788,0.052281
6407,14041,0.138847
6407,21246,0.096704
6408,17528,0.211061
6409,17529,0.221603
6409,17649,0.221603
6410,17249,0.217271
6411,12580,0.460935
6412,12085,0.210694
6413,11799,0.310979
6414,17534,0.31385
6414,13943,0.175733
6415,14540,0.529424
6416,11850,0.449831
6417,11771,0.189073
6418,17537,0.699754
6419,17539,0.091325
6419,19800,0.110995
6419,21223,0.051011
6420,13269,0.166031
6421,11950,0.2046
6422,17543,0.405114
6423,12218,0.191256
6423,13441,0.139707
6423,13442,0.078418
6424,15549,0.129264
6425,11839,0.219826
6425,19491,0.06458
6425,12787,0.077866
6426,17545,0.113019
6426,18597,0.11319
6426,21314,0.112775
6427,17546,0.103771
6427,18446,0.279909
6427,21696,0.103782
6428,11781,0.173522
6429,17547,0.053907
6429,15352,0.160048
6430,14408,0.236691
6430,19996,0.083506
6430,15455,0.06386
6430,15257,0.121953
6431,15455,0.323599
6432,11773,0.186203
6433,17549,0.150329
6433,16943,0.280262
6433,12645,0.212779
6434,17550,0.421587
6435,17310,0.209316
6435,14183,0.077246
6436,12633,0.411495
6436,12655,0.28607
6437,12886,0.321197
6438,17551,0.064683
6438,18949,0.05657
6439,17552,0.449454
6440,11912,0.081909
6440,17429,0.17034
6440,14199,0.113834
6441,17555,0.198339
6442,17556,0.511687
6442,13217,0.141447
6443,13728,0.06985
6443,17558,0.106452
6443,12009,0.057077
6443,11947,0.35624
6443,21733,0.059865
6444,12496,0.215624
6444,18750,0.139334
6444,11767,0.102634
6445,17559,0.251046
6446,12090,0.377859
6447,11851,0.348175
6448,17563,0.25754
6448,17976,0.115573
6448,16836,0.099301
6449,12475,0.160654
6449,11983,0.332535
6450,12003,0.57979
6451,11734,0.07615
6452,17564,0.209147
6453,11749,0.090759
6454,11759,0.168756
6455,17567,0.056552
6456,16350,0.636422
6457,16411,0.362047
6457,14349,0.362047
6458,12669,0.366777
6459,11798,0.231228
6460,12026,0.093644
6461,11749,0.242208
6461,15407,0.131629
6462,11812,0.324218
6462,20115,0.079458
6463,17570,0.509651
6464,12087,0.383063
6465,11759,0.244026
6466,17572,0.359288
6466,19216,0.073629
6467,17573,0.579746
6468,12213,0.081117
6469,17576,0.128081
6470,12417,0.107814
6471,17579,0.652967
6472,17580,0.221567
6473,17341,0.359759
6474,17582,0.291467
6475,12474,0.254842
6475,17583,0.201741
6476,17584,0.277013
6476,17633,0.080904
6476,17634,0.147731
6476,13070,0.113968
6477,11795,0.193409
6478,13940,0.132498
6479,11891,0.285338
6480,11794,0.255516
6481,17587,0.081225
6481,13784,0.141345
6481,19210,0.0616
6482,17588,0.174579
6482,12111,0.21283
6483,12111,0.361255
6483,13327,0.292898
6484,15574,0.298705
6485,17589,0.418458
6486,12135,0.248545
6486,13179,0.079155
6486,20663,0.078699
6487,11851,0.089384
6488,12386,0.120527
6488,11798,0.063514
6489,17592,0.271512
6490,11797,0.381834
6491,15634,0.265806
6492,11851,0.096191
6493,17594,0.055068
6493,21007,0.052518
6493,13662,0.081452
6493,12151,0.105983
6494,17595,0.104143
6494,19019,0.071778
6494,21169,0.148829
6495,13627,0.271936
6495,18751,0.075808
6495,13924,0.051595
6495,16437,0.069975
6495,20509,0.070622
6496,17596,0.438015
6497,17597,0.572183
6498,11859,0.284029
6499,12085,0.063732
6500,17598,0.408512
6501,17599,0.115174
6501,18969,0.178657
6501,20162,0.110018
6501,20169,0.1158
6501,20643,0.073899
6502,17601,0.151088
6502,16385,0.084493
6502,20362,0.171487
6502,21505,0.117768
6503,17602,0.485793
6504,12573,0.397446
6505,11953,0.163677
6506,17606,0.107646
6506,17925,0.14987
6506,18157,0.235108
6506,21406,0.107646
6507,15988,0.223449
6508,16138,0.178426
6508,21134,0.132417
6509,17607,0.429843
6510,17608,0.119866
6510,21128,0.119876
6511,17611,0.466178
6511,14937,0.078786
6512,11886,0.331141
6513,11782,0.393148
6514,11836,0.445372
6515,11995,0.12311
6515,14305,0.131002
6516,17612,0.582858
6517,17614,0.254743
6518,17615,0.487376
6519,11799,0.416674
6520,12100,0.368832
6520,16903,0.084584
6520,15878,0.194833
6521,17620,0.340184
6521,19882,0.059697
6522,17621,0.073023
6522,12252,0.058475
6522,21375,0.064327
6522,18059,0.089572
6522,21655,0.050962
6523,12168,0.395461
6524,15961,0.396074
6525,13782,0.343201
6525,12196,0.329259
6525,12871,0.086562
6526,17623,0.177664
6527,17624,0.159245
6528,11851,0.183937
6529,11804,0.09947
6529,12227,0.062767
6530,17627,0.105947
6531,17628,0.351797
6532,13576,0.078788
6532,18603,0.069365
6532,13078,0.06701
6532,20412,0.069317
6532,14194,0.06292
6533,14081,0.129879
6534,13502,0.253861
6534,14324,0.156956
6534,21508,0.055734
6535,12223,0.122324
6535,19374,0.449183
6536,17632,0.541077
6537,12439,0.144812
6538,17635,0.061641
6538,19616,0.080247
6538,19748,0.119468
6539,17637,0.601502
6540,17112,0.169797
6540,17639,0.169767
6540,13039,0.169736
6541,11775,0.612376
6542,11798,0.226935
6542,12414,0.059964
6543,17640,0.219593
6543,19872,0.157623
6543,21254,0.127344
6544,12563,0.239271
6545,15179,0.462822
6545,17642,0.183866
6546,17645,0.30508
6547,14698,0.242045
6548,11794,0.259059
6549,13706,0.179443
6549,11835,0.112825
6550,12505,0.38351
6550,16839,0.244346
6550,13049,0.105973
6551,13940,0.170824
6552,14263,0.259238
6553,17646,0.212263
6553,18416,0.065776
6553,18673,0.104459
6553,20009,0.059712
6554,12581,0.195753
6555,11794,0.209065
6556,12819,0.402173
6557,12343,0.503961
6557,14059,0.069247
6557,17304,0.099652
6558,17653,0.26126
6558,13093,0.176441
6559,17654,0.218557
6559,21037,0.218316
6560,17656,0.223528
6561,17659,0.085651
6561,13900,0.122682
6562,17661,0.300553
6562,21734,0.220652
6562,22038,0.085829
6563,12214,0.494655
6564,11890,0.330714
6565,17664,0.616123
6566,17666,0.342816
6567,17194,0.39869
6568,12400,0.290509
6569,14342,0.14787
6569,18569,0.140689
6569,18821,0.058
6570,17667,0.334379
6571,17668,0.162582
6571,18018,0.182093
6571,20288,0.067401
6571,20751,0.143833
6572,17670,0.091915
6572,18620,0.295083
6573,17671,0.089844
6573,16279,0.130405
6573,19009,0.243159
6574,12430,0.396258
6575,17672,0.055035
6576,17673,0.546975
6577,17674,0.298275
6577,19701,0.226034
6578,17675,0.254967
6579,11795,0.328001
6580,12319,0.057001
6581,17676,0.097398
6582,14668,0.100917
6582,13284,0.250549
6583,16510,0.158884
6583,20919,0.347212
6584,12818,0.584597
6585,11949,0.427956
6586,17678,0.61967
6587,16790,0.365222
6588,12563,0.526744
6589,17681,0.205728
6590,17013,0.356404
6591,17682,0.474358
6591,20424,0.078721
6592,11953,0.135674
6592,11759,0.053363
6593,13036,0.150416
6594,17683,0.155155
6594,14026,0.111245
6595,17274,0.27623
6596,15362,0.548374
6597,17686,0.14214
6598,17687,0.468301
6599,17688,0.127147
6599,21374,0.277682
6600,13873,0.395746
6600,17911,0.07767
6600,18975,0.078265
6601,13127,0.783307
6602,12083,0.196204
6603,12485,0.228717
6603,17689,0.283563
6603,15468,0.179321
6604,11811,0.710018
6605,17690,0.653353
6606,17692,0.41032
6607,17693,0.329147
6608,11953,0.059964
6609,17695,0.358044
6610,17696,0.170891
6610,19649,0.338937
6611,17697,0.248302
6612,17701,0.366389
6613,12319,0.294452
6614,15713,0.368524
6615,12451,0.087909
6615,19007,0.053318
6616,17702,0.608385
6617,17706,0.217726
6618,11772,0.179461
6619,13468,0.259131
6620,11771,0.182786
6621,17711,0.170886
6621,11885,0.164787
6622,12787,0.167589
6622,18399,0.093697
6622,20731,0.171499
6623,11860,0.278268
6624,17715,0.056903
6624,13128,0.285932
6624,18880,0.052931
6624,17717,0.081361
6625,17717,0.266727
6625,17715,0.173708
6626,17720,0.34991
6626,19244,0.0575
6627,17721,0.118125
6627,19695,0.100588
6627,14919,0.096031
6628,17722,0.290419
6629,13865,0.621103
6630,17723,0.132537
6630,21857,0.132455
6631,17725,0.23873
6632,12575,0.151096
6632,16268,0.106499
6632,13253,0.236956
6633,17726,0.643953
6634,17727,0.595777
6635,17728,0.099294
6636,12417,0.06304
6637,11794,0.478515
6638,17729,0.144436
6638,12905,0.146361
6639,17731,0.34181
6640,17733,0.398157
6640,18699,0.254049
6641,17736,0.155262
6641,15039,0.220506
6642,12370,0.144874
6642,18693,0.05978
6642,13425,0.125248
6642,11757,0.301435
6642,12509,0.161031
6643,14026,0.347229
6644,11860,0.367475
6645,17740,0.316412
6645,14302,0.223736
6646,13593,0.141787
6646,13040,0.100727
6646,21817,0.10093
6647,17741,0.093964
6647,18844,0.093961
6648,15714,0.08734
6649,11885,0.46836
6650,17744,0.399779
6651,14795,0.208403
6652,12155,0.467298
6653,12237,0.451318
6654,11908,0.114628
6655,17745,0.181462
6655,13233,0.180951
6656,12951,0.251445
6656,12125,0.112793
6656,21629,0.086772
6657,15362,0.518606
6658,13670,0.597625
6659,17747,0.243568
6660,17749,0.122621
6660,16526,0.258792
6660,12865,0.122806
6661,12235,0.06953
6661,17753,0.069072
6661,12594,0.117714
6662,13998,0.537011
6663,17756,0.152328
6663,19922,0.185951
6664,17759,0.222798
6664,21302,0.124678
6665,13390,0.448791
6665,18430,0.113073
6665,18476,0.084689
6666,15723,0.12364
6666,19591,0.155959
6666,19987,0.122486
6667,17760,0.511496
6668,11953,0.353154
6669,12865,0.314459
6670,17770,0.407851
6671,11953,0.308782
6672,12599,0.304446
6672,17985,0.065219
6673,17774,0.356953
6673,18070,0.095614
6674,11851,0.218264
6675,16657,0.487422
6675,16199,0.086536
6676,13920,0.114688
6676,21583,0.082342
6676,21871,0.082352
6677,12336,0.619292
6678,11749,0.29332
6679,17776,0.40348
6679,19609,0.18471
6680,13264,0.133613
6681,12915,0.253085
6681,13095,0.262753
6681,12163,0.253386
6682,11781,0.390024
6683,17408,0.439192
6684,17779,0.17575
6684,18130,0.17575
6684,19134,0.126071
6685,16866,0.446021
6685,14935,0.395641
6686,17780,0.082902
6686,21809,0.077197
6686,22021,0.083007
6687,17783,0.647528
6688,12549,0.336284
6689,17785,0.534335
6690,12083,0.076433
6691,17786,0.142599
6691,14587,0.305318
6692,17787,0.863941
6693,11785,0.082777
6694,11885,0.225517
6695,12085,0.219887
6696,12026,0.268174
6697,12090,0.184675
6698,15634,0.315726
6699,12087,0.474682
6700,13080,0.635654
6701,12121,0.493011
6702,17790,0.348304
6703,17791,0.333794
6704,17792,0.281983
6705,12426,0.402147
6706,12154,0.10368
6706,11736,0.166098
6706,18812,0.056981
6707,17796,0.400855
6708,12837,0.304051
6709,16052,0.106384
6709,12350,0.28852
6709,21757,0.11083
6710,17442,0.419377
6711,12087,0.089367
6712,17799,0.180061
6712,20499,0.060536
6712,21165,0.108292
6713,12141,0.477076
6713,13608,0.052447
6713,12458,0.073201
6714,17800,0.524706
6714,21272,0.182532
6715,11885,0.22141
6716,11961,0.466948
6717,17802,0.105466
6717,14892,0.104016
6717,19627,0.165532
6718,17803,0.240458
6719,17804,0.08296
6719,21295,0.181134
6719,21657,0.08296
6719,21717,0.115652
6720,11799,0.079426
6721,12087,0.183487
6722,12414,0.172835
6723,11785,0.398343
6724,17806,0.163733
6724,18748,0.101462
6724,20264,0.079345
6724,21445,0.101499
6724,21775,0.056678
6725,11874,0.175156
6726,17808,0.329216
6727,12237,0.250702
6727,19472,0.242457
6728,17809,0.450465
6728,21309,0.146748
6729,12801,0.372671
6730,15106,0.441108
6731,17811,0.381887
6732,12045,0.381936
6733,14321,0.299908
6734,15834,0.338883
6734,20254,0.338744
6735,17812,0.177091
6735,12524,0.27989
6736,17813,0.216874
6736,21495,0.343362
6737,12224,0.140438
6738,17814,0.059404
6738,18203,0.073604
6738,19203,0.111947
6738,21259,0.057246
6739,11845,0.202014
6740,11860,0.250637
6741,17815,0.120102
6741,17900,0.119035
6741,12651,0.053694
6742,17816,0.520422
6743,17817,0.298212
6743,13098,0.122157
6743,18753,0.122127
6743,20582,0.122201
6744,17818,0.186182
6744,16240,0.14264
6744,13884,0.066103
6745,17819,0.17317
6745,19164,0.061345
6745,21455,0.060816
6746,11950,0.226181
6747,11798,0.105193
6748,11734,0.114107
6749,12087,0.553783
6750,17821,0.531984
6751,17822,0.333868
6752,15079,0.455545
6753,13788,0.288068
6753,17824,0.161057
6753,15641,0.160896
6754,11798,0.384955
6755,17826,0.369549
6756,17166,0.376162
6756,19768,0.109822
6757,17829,0.186966
6757,19752,0.248911
6757,20106,0.248966
6758,17830,0.267381
6758,13250,0.20434
6758,15038,0.165234
6759,17833,0.839356
6760,17835,0.099025
6761,16836,0.387085
6761,12409,0.239271
6762,12242,0.059391
6763,17837,0.219091
6763,12163,0.270433
6764,17838,0.423136
6765,14431,0.085936
6765,19271,0.085759
6765,12669,0.120089
6766,13501,0.071451
6766,18033,0.07651
6767,12425,0.447945
6767,13930,0.05116
6768,17841,0.160104
6768,18460,0.080932
6768,11839,0.073071
6769,17843,0.081928
6769,14428,0.505358
6770,17844,0.268891
6770,18483,0.228756
6770,20981,0.070078
6771,16614,0.115793
6771,21413,0.121266
6772,17848,0.104011
6772,18390,0.29332
6772,17878,0.104831
6773,13940,0.317176
6774,11891,0.097335
6775,13780,0.350225
6775,17849,0.076932
6776,17850,0.200717
6776,14459,0.203014
6777,12488,0.320873
6778,17853,0.09774
6779,17855,0.141844
6779,18286,0.204567
6779,20079,0.330067
6780,17858,0.465418
6781,15008,0.410657
6781,19828,0.074673
6782,13677,0.723632
6783,17860,0.145171
6784,17861,0.138631
6784,20659,0.466843
6785,13401,0.334948
6786,11794,0.428134
6787,12944,0.10405
6788,13270,0.218651
6788,16244,0.125014
6788,16683,0.10125
6788,11835,0.097507
6789,17863,0.215204
6789,18439,0.173415
6789,20491,0.051856
6789,21049,0.072277
6790,12818,0.097431
6791,12215,0.27764
6792,17864,0.525438
6793,17865,0.384604
6794,12646,0.123224
6794,13484,0.236577
6794,21260,0.088575
6794,21280,0.100871
6795,13860,0.359788
6795,13536,0.375241
6796,17868,0.092418
6796,18289,0.223429
6796,19422,0.118583
6797,17869,0.133154
6797,19092,0.343472
6798,17870,0.418055
6799,17872,0.212567
6799,19261,0.059036
6799,19645,0.110945
6800,13128,0.160539
6801,13370,0.345605
6801,14681,0.070274
6802,15136,0.305615
6802,12020,0.168485
6803,17873,0.297902
6804,11886,0.372302
6805,17875,0.292053
6805,18250,0.076372
6805,20763,0.165342
6806,13629,0.690944
6807,11759,0.11286
6808,17877,0.212922
6808,18350,0.071309
6808,18695,0.223666
6808,21081,0.071179
6809,17878,0.128758
6810,11771,0.26733
6811,13130,0.181662
6812,12003,0.129265
6812,14038,0.184221
6812,17880,0.157508
6812,19061,0.086551
6812,21603,0.06225
6813,11771,0.261469
6814,14183,0.075856
6815,11950,0.364882
6816,15961,0.358689
6817,11953,0.287027
6818,12563,0.061933
6819,17772,0.50516
6820,16863,0.293937
6821,17884,0.354276
6822,17886,0.129868
6822,14043,0.074834
6822,15716,0.263677
6823,11804,0.226763
6823,12012,0.053407
6823,14989,0.057408
6824,15634,0.375016
6825,12012,0.114867
6826,17889,0.480337
6827,17891,0.301432
6828,16754,0.295003
6829,17892,0.138304
6830,12213,0.335639
6831,11859,0.432889
6832,17895,0.52956
6833,17897,0.423369
6834,12425,0.221297
6835,17898,0.064465
6835,18360,0.11561
6835,13937,0.078054
6836,16121,0.730216
6837,11969,0.201233
6838,12225,0.175513
6839,17902,0.156378
6840,17903,0.111259
6840,17987,0.074911
6840,19871,0.157716
6841,12308,0.110465
6841,12047,0.187497
6842,15551,0.231032
6842,13131,0.379971
6843,12237,0.214441
6844,12237,0.415771
6845,11775,0.694052
6846,15177,0.059127
6846,15419,0.081431
6846,15383,0.073253
6847,17906,0.384098
6847,21746,0.12911
6848,11953,0.06581
6849,12350,0.399989
6850,13114,0.269629
6851,17909,0.375583
6852,11734,0.126018
6853,17912,0.09083
6854,11794,0.147349
6855,11852,0.295638
6856,12818,0.321377
6856,11749,0.234554
6857,14514,0.251866
6857,12950,0.1042
6857,18883,0.059598
6858,13213,0.25081
6859,17407,0.255059
6859,17913,0.066539
6860,12237,0.264247
6861,12229,0.200056
6861,16486,0.052812
6862,12015,0.362243
6863,17915,0.614167
6864,17917,0.478491
6865,13190,0.459661
6866,12015,0.262257
6867,17918,0.221023
6867,18890,0.056585
6867,19829,0.078884
6868,17919,0.203873
6868,19467,0.062351
6869,13090,0.371735
6870,12087,0.056738
6871,11785,0.200314
6871,11794,0.198148
6872,11793,0.385742
6872,11794,0.365909
6873,15126,0.349315
6874,17922,0.130314
6874,17781,0.113035
6875,14860,0.233358
6875,18991,0.181914
6875,20985,0.130299
6876,11911,0.312832
6876,13233,0.313731
6877,17927,0.137861
6878,11781,0.301023
6879,17929,0.186314
6880,12880,0.46383
6880,12073,0.360411
6881,17931,0.686242
6882,17841,0.170016
6882,18460,0.135977
6882,12039,0.093109
6882,12009,0.097059
6883,17932,0.187243
6883,20584,0.177075
6884,13504,0.241465
6884,18052,0.148549
6885,12073,0.331194
6885,20158,0.060925
6886,13165,0.54431
6887,17939,0.14382
6887,18389,0.091801
6887,18628,0.091744
6888,12835,0.268077
6888,20134,0.115223
6889,11851,0.43169
6890,17940,0.540044
6891,17942,0.631963
6892,17943,0.377805
6893,12704,0.09855
6893,21594,0.05448
6894,11794,0.143047
6895,12242,0.138939
6896,13504,0.138021
6896,13044,0.08025
6896,11764,0.181972
6897,11798,0.170287
6898,12744,0.284831
6899,17948,0.596846
6900,14740,0.115293
6900,13937,0.079343
6901,11736,0.088197
6902,12414,0.178421
6903,17953,0.580502
6904,17954,0.083194
6904,18349,0.142963
6905,11872,0.767165
6906,17956,0.109276
6906,18740,0.484766
6906,13009,0.077341
6907,17958,0.625434
6908,11812,0.391812
6909,17959,0.376261
6909,20068,0.162667
6910,14181,0.423242
6910,13191,0.273641
6911,17962,0.238752
6911,21163,0.088215
6911,17216,0.089477
6912,11749,0.248349
6913,16748,0.193918
6913,19062,0.162539
6914,12083,0.31513
6915,17963,0.706892
6916,17967,0.203116
6916,18584,0.090034
6916,19181,0.123837
6917,17970,0.338809
6918,12872,0.244229
6918,13351,0.132804
6918,19464,0.091007
6919,17560,0.167916
6919,19123,0.170925
6920,14085,0.347563
6921,14328,0.072488
6921,20173,0.077255
6921,11870,0.068643
6922,14722,0.063274
6922,11997,0.351541
6923,17972,0.118433
6923,19279,0.114196
6923,19935,0.085011
6924,11885,0.399949
6925,17975,0.243892
6926,12087,0.239034
6927,12111,0.222669
6927,21803,0.250617
6928,13185,0.520255
6928,12505,0.161308
6929,17978,0.06305
6929,18386,0.19984
6929,13447,0.069209
6930,17979,0.280388
6931,14993,0.390998
6932,17982,0.061583
6932,14252,0.057029
6932,19914,0.16594
6933,11949,0.399821
6934,12580,0.381001
6935,11969,0.429371
6936,11874,0.106707
6937,17737,0.59339
6938,17988,0.323256
6939,12015,0.442147
6940,11850,0.116105
6940,11852,0.189333
6941,17989,0.526484
6942,17990,0.103145
6942,11994,0.15854
6943,13851,0.305248
6943,18021,0.105915
6944,14693,0.367313
6945,17994,0.163076
6946,17995,0.073017
6946,18016,0.184819
6946,16557,0.199588
6947,13474,0.270855
6947,21516,0.0743
6948,13190,0.259007
6948,15048,0.097021
6949,13191,0.168283
6949,19273,0.138299
6949,20204,0.136529
6950,17999,0.234941
6950,19733,0.097537
6951,18000,0.053124
6951,18825,0.244921
6951,21861,0.053473
6952,14988,0.366557
6952,13304,0.366557
6953,12772,0.169954
6953,17885,0.295263
6954,14471,0.662877
6955,15570,0.377804
6955,14284,0.408077
6956,11749,0.252375
6956,12214,0.38907
6957,11734,0.195425
6958,18005,0.180054
6958,15810,0.128025
6958,19763,0.230889
6959,18007,0.454651
6960,14547,0.213824
6960,13936,0.175434
6960,13177,0.199712
6960,19182,0.088568
6960,15265,0.084777
6961,18010,0.572919
6962,14914,0.099879
6963,13130,0.358811
6964,18011,0.87561
6965,11784,0.098934
6966,12417,0.255935
6967,18012,0.32139
6968,18013,0.54326
6969,18014,0.382035
6970,18015,0.401847
6970,20653,0.071332
6971,11885,0.271615
6972,13284,0.143159
6973,11860,0.305373
6974,15439,0.067665
6975,11734,0.082791
6975,12818,0.078247
6976,18019,0.364011
6977,17062,0.113491
6977,14428,0.104354
6978,13495,0.337952
6979,18024,0.40023
6980,18025,0.086417
6980,13822,0.084157
6980,11723,0.190792
6980,20695,0.086393
6981,12360,0.208629
6981,13851,0.139846
6982,18027,0.61921
6983,18028,0.194775
6983,21453,0.139691
6984,18030,0.21424
6985,16231,0.383724
6986,18031,0.645143
6987,18032,0.219376
6988,13441,0.276925
6989,12348,0.116145
6990,16551,0.12878
6991,12326,0.328986
6992,12567,0.264586
6992,16523,0.200793
6993,12488,0.359752
6994,14770,0.489376
6995,11749,0.066126
6996,16111,0.338788
6996,18181,0.13432
6996,15545,0.093019
6996,21840,0.092678
6997,12319,0.173439
6998,18040,0.165203
6998,16545,0.168706
6999,18042,0.421453
7000,18043,0.129207
7001,13116,0.313709
7002,13650,0.749344
7003,12242,0.150885
7004,13184,0.316504
7004,18258,0.060365
7005,14013,0.160669
7005,16791,0.16441
7005,20347,0.119047
7006,11798,0.126936
7006,15961,0.097123
7007,18050,0.512364
7008,12545,0.511082
7009,12844,0.184272
7009,18839,0.182284
7009,15206,0.087534
7010,11783,0.341506
7011,14715,0.497359
7012,18054,0.29795
7013,18055,0.136986
7013,18745,0.053287
7013,18889,0.137219
7014,12227,0.232341
7015,13802,0.164011
7015,15916,0.21303
7015,12002,0.156009
7016,18057,0.313223
7016,18470,0.204109
7017,16627,0.120145
7017,13505,0.071981
7017,14325,0.094964
7018,14016,0.239826
7019,11735,0.323062
7019,11954,0.29142
7019,20991,0.055439
7020,18058,0.590031
7021,14293,0.286204
7021,15641,0.255912
7022,18059,0.088486
7022,19212,0.163905
7022,21189,0.062616
7023,18060,0.224558
7024,13447,0.186132
7025,13020,0.075126
7025,17521,0.07836
7025,13814,0.187995
7025,14058,0.127873
7026,18062,0.263429
7026,18063,0.317534
7026,20968,0.119779
7027,18065,0.507323
7027,19516,0.086838
7028,14817,0.086803
7028,18408,0.170056
7029,11997,0.22633
7030,15190,0.322278
7031,11798,0.08242
7032,18071,0.36814
7033,18072,0.365799
7034,11948,0.556127
7035,18073,0.422119
7035,18104,0.265718
7036,14772,0.19331
7037,18076,0.133869
7037,20179,0.110468
7037,20646,0.153839
7038,15912,0.634128
7039,18078,0.121799
7040,12762,0.291741
7041,12304,0.177755
7041,13370,0.143523
7041,12308,0.233111
7042,12087,0.148479
7043,18083,0.349106
7044,14016,0.052772
7044,17639,0.114613
7044,19091,0.139363
7045,11782,0.268034
7046,14853,0.372038
7047,11799,0.225506
7048,11799,0.746073
7049,12242,0.072315
7050,12439,0.310957
7051,14628,0.363495
7052,11794,0.088002
7053,11798,0.506224
7054,18088,0.762025
7055,18089,0.105679
7056,12598,0.256597
7056,14346,0.059497
7056,15002,0.106576
7056,21181,0.129641
7056,21559,0.056739
7057,12154,0.124823
7058,18091,0.393138
7059,11838,0.282516
7060,11953,0.119597
7061,18092,0.070375
7061,19052,0.265137
7061,20384,0.052629
7061,20912,0.053461
7062,15083,0.297616
7062,18834,0.145405
7062,20913,0.078603
7063,18093,0.216034
7063,19950,0.100398
7064,11759,0.420562
7065,18095,0.67662
7066,18097,0.159053
7067,18099,0.254376
7067,18100,0.146299
7067,15849,0.071588
7068,18102,0.317179
7069,11795,0.275461
7070,18103,0.05547
7070,19615,0.092505
7071,13685,0.100912
7071,14119,0.073493
7071,19919,0.082922
7072,11859,0.281847
7073,12301,0.199696
7073,14783,0.079274
7073,14303,0.202266
7074,18026,0.1025
7074,14052,0.186633
7074,20619,0.065593
7074,20476,0.057146
7075,11948,0.357643
7076,11811,0.234069
7077,16998,0.111294
7077,13665,0.171918
7078,17449,0.184815
7078,17151,0.126214
7079,14015,0.229255
7079,19248,0.218493
7079,19776,0.115977
7080,14654,0.458244
7081,14693,0.166267
7082,18108,0.256972
7083,15988,0.097068
7083,19309,0.123097
7083,19751,0.070817
7084,13229,0.332399
7084,12619,0.335146
7085,12213,0.066085
7086,18110,0.512015
7087,18111,0.65658
7088,18112,0.43382
7089,18114,0.261984
7090,11773,0.330579
7091,18116,0.21047
7092,15542,0.178717
7093,18117,0.076112
7093,12059,0.379074
7093,20189,0.062873
7094,18118,0.835381
7095,18124,0.058478
7095,18364,0.141422
7095,14297,0.219938
7096,18125,0.39472
7097,17795,0.573878
7097,13871,0.229365
7098,12545,0.092571
7099,18126,0.277682
7100,15611,0.198128
7101,12015,0.311564
7102,18128,0.892211
7103,18132,0.204655
7103,12065,0.072681
7103,13272,0.120096
7104,11940,0.268343
7104,20931,0.091411
7105,11811,0.462789
7106,12026,0.372434
7107,12237,0.200344
7108,12625,0.31742
7108,18743,0.32641
7109,18133,0.199225
7110,15887,0.10955
7111,11949,0.270493
7112,17367,0.156501
7113,18137,0.369871
7114,13677,0.432212
7115,18138,0.077424
7116,11789,0.46505
7117,11951,0.196939
7117,11851,0.103969
7118,13940,0.431838
7119,18139,0.505488
7120,16730,0.21698
7120,21205,0.099727
7120,12321,0.070068
7121,18140,0.254216
7121,21305,0.142111
7122,18141,0.219617
7123,18143,0.283892
7123,20559,0.147078
7123,20560,0.068791
7124,13417,0.267951
7124,13559,0.148528
7124,12345,0.132584
7125,18144,0.599048
7126,12145,0.403865
7127,11851,0.202967
7128,13284,0.099054
7129,12287,0.401826
7130,18147,0.510271
7131,18148,0.081731
7131,20075,0.433605
7131,21083,0.210588
7132,12088,0.070542
7133,18153,0.34153
7134,12237,0.32185
7135,18154,0.248458
7135,21980,0.203274
7136,18155,0.053972
7137,15717,0.533644
7138,14081,0.313019
7139,17537,0.266404
7140,18157,0.372819
7141,18158,0.073709
7141,14593,0.085714
7142,12941,0.449583
7142,12501,0.087496
7143,11759,0.248632
7144,18159,0.432819
7145,15698,0.294093
7145,14248,0.098266
7145,18468,0.09898
7145,13214,0.098393
7146,18160,0.360573
7146,19523,0.133427
7147,18161,0.451757
7148,12015,0.419004
7149,18162,0.458776
7150,18163,0.218841
7150,16818,0.06207
7150,19985,0.090865
7151,18164,0.275623
7152,18165,0.103426
7152,18321,0.347608
7153,11851,0.157033
7154,11851,0.052474
7155,18167,0.134772
7155,16751,0.187858
7156,11953,0.262068
7157,18168,0.620028
7158,18169,0.443212
7159,12305,0.146412
7159,15014,0.26733
7159,19130,0.142776
7159,19418,0.110829
7160,13656,0.730852
7161,11798,0.204694
7162,18175,0.755826
7163,12087,0.423349
7164,12124,0.433129
7164,12880,0.222655
7164,18223,0.089411
7165,12352,0.132832
7166,18177,0.136172
7167,18184,0.755823
7168,13664,0.161034
7168,18185,0.18893
7168,18186,0.070931
7168,19975,0.168849
7168,14601,0.121754
7169,18187,0.573473
7170,17422,0.276335
7170,12689,0.338592
7171,13200,0.201026
7172,13692,0.125712
7173,12920,0.348154
7174,11781,0.132115
7175,12090,0.378969
7176,18189,0.173127
7176,19266,0.121294
7177,18190,0.13788
7177,15392,0.118922
7177,21036,0.135243
7178,18191,0.499045
7179,18193,0.631539
7180,11885,0.417077
7181,18194,0.321673
7182,11995,0.053418
7182,13452,0.113775
7182,20008,0.091349
7182,14975,0.178682
7183,18199,0.148516
7184,18200,0.227699
7184,18873,0.101526
7184,19599,0.130207
7185,18201,0.256168
7186,12609,0.272535
7186,12136,0.333514
7186,12306,0.210976
7187,18202,0.360292
7188,13590,0.122346
7188,13727,0.277965
7188,11809,0.183132
7188,14609,0.117516
7189,12148,0.590855
7190,18204,0.444713
7191,18206,0.337952
7192,18207,0.08824
7192,21585,0.192719
7193,11852,0.310979
7193,11850,0.311499
7194,15439,0.423474
7195,17676,0.096219
7196,12441,0.345611
7197,14892,0.678537
7198,13033,0.48185
7199,12348,0.350719
7200,11749,0.302021
7201,18214,0.160212
7202,11734,0.504895
7203,18215,0.093822
7203,12235,0.119305
7203,17219,0.130786
7204,11793,0.234097
7204,11749,0.1384
7205,15575,0.691718
7206,11749,0.231295
7207,18216,0.291641
7208,18217,0.268123
7208,14941,0.107812
7209,11798,0.114975
7210,18219,0.104305
7210,21749,0.104329
7211,11798,0.204401
7212,11949,0.157413
7213,18221,0.479005
7214,14316,0.592402
7215,12242,0.272336
7216,13052,0.325439
7217,12055,0.218327
7217,13052,0.31157
7218,12456,0.127203
7218,12760,0.087536
7219,18226,0.102374
7219,14513,0.103893
7220,15407,0.06219
7220,13243,0.138268
7220,12238,0.138167
7221,11969,0.180672
7222,18228,0.276341
7223,18229,0.182029
7223,20426,0.222224
7224,15641,0.497857
7224,12929,0.091477
7225,11850,0.210951
7226,12213,0.179036
7227,12563,0.318014
7228,18231,0.159594
7228,19427,0.068584
7229,18232,0.11972
7229,18233,0.065632
7229,14713,0.069243
7230,11937,0.445432
7230,13664,0.343108
7231,18234,0.053296
7232,18235,0.542186
7233,18236,0.225075
7233,19073,0.082464
7233,18237,0.093438
7233,21411,0.071237
7234,13184,0.213468
7235,18239,0.211177
7236,11953,0.208185
7237,18245,0.5576
7238,12225,0.066556
7238,13420,0.142152
7239,17134,0.13355
7239,13854,0.130089
7240,11953,0.233389
7241,11798,0.199139
7242,18247,0.436615
7242,18408,0.060265
7243,18248,0.123303
7243,20767,0.057811
7244,18249,0.238802
7245,18252,0.051392
7245,19089,0.324682
7245,20586,0.13634
7246,12613,0.258404
7246,13172,0.2304
7247,14761,0.307515
7247,12423,0.066834
7248,13590,0.419576
7249,11799,0.297506
7250,11874,0.450096
7251,18257,0.510787
7251,14040,0.113696
7252,11874,0.290329
7253,12487,0.077021
7253,14471,0.147268
7253,14702,0.08504
7254,12090,0.175842
7255,18261,0.19123
7255,15231,0.055025
7255,20262,0.057404
7255,20418,0.062006
7255,14587,0.118859
7256,15471,0.196159
7256,18262,0.284939
7256,17121,0.163464
7257,18265,0.24608
7258,14827,0.239051
7259,15611,0.40016
7259,18267,0.053724
7259,18817,0.158307
7260,18268,0.406353
7261,18269,0.394325
7262,11978,0.326861
7262,13796,0.099014
7263,14227,0.479544
7264,11794,0.353483
7265,18273,0.821963
7266,18275,0.229209
7267,18276,0.103729
7268,14126,0.425097
7268,19367,0.0536
7268,20215,0.065434
7269,18278,0.182903
7270,12238,0.329575
7271,11995,0.101256
7272,12041,0.183095
7272,15220,0.182874
7273,18279,0.103742
7273,18356,0.270279
7274,18281,0.377073
7275,14377,0.172229
7275,18936,0.104186
7275,20608,0.18924
7276,18282,0.542451
7277,18283,0.601987
7278,12319,0.559775
7279,11732,0.589684
7280,18284,0.609492
7281,18285,0.230031
7281,19533,0.067478
7281,18705,0.056063
7281,17826,0.109659
7281,16214,0.050816
7282,16321,0.123425
7282,20551,0.065441
7282,13134,0.055611
7283,15099,0.13688
7284,12100,0.103703
7284,14973,0.173619
7284,11773,0.140253
7285,18291,0.238497
7286,18293,0.246819
7287,13604,0.167596
7288,18294,0.368281
7289,15879,0.246442
7290,12386,0.239189
7291,12386,0.187145
7292,11859,0.151568
7293,11852,0.308427
7294,18295,0.169762
7294,16819,0.161395
7295,15590,0.163875
7295,21995,0.084679
7296,13677,0.422392
7297,11850,0.272417
7298,11949,0.165253
7299,18296,0.582615
7300,18297,0.07835
7301,18300,0.507105
7302,18302,0.142057
7302,19057,0.198027
7302,20864,0.254125
7303,18303,0.185708
7303,18304,0.366122
7304,15175,0.142214
7305,18305,0.172134
7306,18306,0.541392
7307,18307,0.575435
7308,17125,0.328312
7308,20451,0.205603
7309,18308,0.413659
7310,18309,0.446553
7311,18310,0.551656
7312,18311,0.516082
7313,18312,0.055512
7314,11888,0.101533
7315,11799,0.329542
7316,13005,0.345632
7317,18315,0.133498
7317,17054,0.124666
7318,16042,0.119567
7319,11885,0.439476
7320,13264,0.067746
7321,18322,0.053637
7321,17592,0.128734
7322,18324,0.067232
7322,16544,0.059077
7322,18329,0.083082
7322,20411,0.092831
7322,21981,0.05267
7323,11968,0.187619
7324,13505,0.057765
7324,19912,0.059685
7325,12865,0.435135
7326,13997,0.303286
7327,12087,0.507843
7328,13061,0.245696
7329,11997,0.134386
7329,16522,0.336829
7330,18336,0.130352
7330,18951,0.119637
7331,18338,0.30416
7332,13113,0.241794
7333,13749,0.0935
7334,18339,0.516297
7335,12417,0.064166
7336,12473,0.343527
7336,14185,0.1892
7337,16707,0.136003
7338,18342,0.322652
7339,13202,0.102356
7340,12237,0.466128
7341,17575,0.10185
7342,12915,0.620862
7343,18348,0.529534
7344,11798,0.085651
7345,11781,0.106234
7346,13156,0.116993
7346,16697,0.16671
7346,13163,0.161974
7347,18351,0.686295
7348,11771,0.294988
7349,13071,0.437254
7350,18357,0.277504
7351,11771,0.482933
7352,11783,0.158725
7353,13001,0.21406
7353,19890,0.065875
7353,11916,0.0767
7354,13766,0.707155
7355,12026,0.122781
7356,18363,0.094575
7356,18617,0.174988
7357,11781,0.154096
7358,12085,0.39652
7359,13080,0.461804
7360,13026,0.405502
7361,15966,0.330248
7361,21847,0.172676
7362,12772,0.526267
7363,18367,0.611707
7364,18368,0.306775
7365,17405,0.602747
7365,14923,0.206245
7366,18371,0.413437
7367,11811,0.453938
7368,15162,0.333838
7369,18373,0.229278
7370,18375,0.178707
7370,20346,0.067186
7371,18376,0.370084
7372,11953,0.092767
7373,18378,0.225096
7374,12228,0.257692
7375,13943,0.205387
7375,14765,0.143623
7376,11780,0.06172
7377,14302,0.106428
7377,19676,0.072687
7378,11885,0.136832
7379,18380,0.328398
7380,13160,0.5469
7381,18385,0.137271
7382,12015,0.3492
7383,18387,0.109913
7383,20141,0.358901
7383,21612,0.109913
7384,15274,0.108493
7384,12915,0.285427
7385,12015,0.416063
7386,12083,0.248123
7387,18388,0.222395
7387,18409,0.142405
7387,19346,0.10215
7388,15634,0.13918
7389,15988,0.383947
7390,18393,0.552985
7391,12591,0.2089
7392,17445,0.327669
7392,17453,0.163671
7393,11782,0.143105
7394,18398,0.215559
7395,11851,0.232301
7396,18400,0.100334
7396,14355,0.061082
7396,16276,0.056103
7397,18401,0.236523
7398,18402,0.488964
7399,18404,0.320331
7399,19079,0.262685
7400,11964,0.180369
7401,11838,0.055343
7402,11937,0.339134
7403,11885,0.277815
7404,18405,0.750557
7405,12045,0.30923
7405,17901,0.302347
7406,16121,0.451271
7407,18406,0.077649
7407,18407,0.19957
7407,14766,0.185637
7408,11759,0.064679
7409,14448,0.395468
7409,12533,0.439951
7410,12242,0.109351
7411,16256,0.124168
7412,18411,0.078413
7412,18573,0.061106
7412,19347,0.130404
7412,20020,0.095736
7413,11799,0.669867
7414,12083,0.292176
7415,18412,0.053355
7415,14212,0.051019
7416,16484,0.366451
7417,12013,0.139116
7418,18413,0.25858
7418,18671,0.19495
7419,12773,0.713805
7420,18419,0.153026
7421,12073,0.249864
7421,16610,0.320783
7422,11772,0.124339
7422,12229,0.167244
7422,21819,0.051672
7423,18421,0.459649
7424,16602,0.113934
7425,18422,0.335877
7426,18423,0.144348
7426,19373,0.315133
7427,15582,0.135827
7428,12227,0.136161
7429,18425,0.160507
7429,12141,0.116902
7429,13965,0.190055
7430,11955,0.118034
7430,11894,0.124158
7430,13127,0.175728
7430,11790,0.242583
7431,12944,0.134666
7431,11738,0.484611
7432,16871,0.432056
7433,12473,0.341008
7434,18428,0.06191
7434,13086,0.169241
7434,21028,0.122808
7434,21529,0.068992
7435,11749,0.351154
7435,12214,0.18924
7436,18431,0.223843
7436,21940,0.174736
7437,18432,0.580533
7438,13337,0.058432
7438,16132,0.103555
7438,19862,0.058646
7438,18792,0.129163
7439,15190,0.38236
7440,14760,0.417446
7441,13811,0.332801
7442,15122,0.173731
7442,13384,0.079633
7443,11749,0.307715
7444,12270,0.148309
7444,18667,0.079997
7444,20053,0.079987
7445,11852,0.233924
7445,11850,0.099642
7445,14554,0.121307
7446,18434,0.604527
7447,18435,0.602483
7448,18436,0.323949
7449,12215,0.340333
7450,11953,0.368824
7451,12414,0.270823
7452,18440,0.304541
7453,12213,0.056847
7454,17802,0.248739
7455,13404,0.245213
7455,13554,0.431076
7456,15720,0.521555
7457,12208,0.194824
7457,13471,0.226009
7457,13070,0.281231
7458,13106,0.054178
7458,20253,0.177001
7459,16201,0.176199
7459,12085,0.177778
7460,11739,0.232422
7461,18442,0.281369
7461,19801,0.208093
7462,12482,0.199548
7462,18444,0.139334
7462,18395,0.196563
7463,18443,0.493195
7464,11772,0.187674
7465,12082,0.12494
7465,13169,0.130098
7465,12559,0.284017
7466,16232,0.123063
7467,13469,0.519092
7468,12087,0.262013
7469,18447,0.338639
7470,15240,0.225765
7471,16513,0.424478
7471,18448,0.216135
7472,13256,0.443669
7473,12217,0.354978
7474,12531,0.386009
7474,17308,0.106614
7475,18449,0.146139
7475,13518,0.204477
7476,13417,0.383012
7476,16389,0.147092
7477,18452,0.158438
7477,15927,0.157413
7478,18453,0.324082
7479,18454,0.101889
7480,18456,0.15607
7481,18457,0.413467
7481,19115,0.075119
7482,16687,0.116291
7482,13315,0.195708
7483,15812,0.468273
7484,11995,0.114248
7485,18461,0.508216
7486,11950,0.088263
7486,11734,0.094535
7487,12213,0.262383
7488,13277,0.089219
7488,18464,0.050719
7488,21127,0.070706
7489,18466,0.30483
7490,18467,0.329035
7491,18468,0.149291
7492,18469,0.08779
7492,19024,0.185493
7493,11850,0.210725
7493,11852,0.247801
7494,13656,0.384701
7495,18471,0.401501
7496,18473,0.471083
7497,12933,0.185318
7497,19438,0.061836
7497,15694,0.104731
7498,16637,0.253777
7499,14722,0.393206
7500,12080,0.539798
7501,18478,0.160489
7501,18882,0.195943
7502,18479,0.368632
7502,21107,0.121753
7503,18480,0.508812
7504,11798,0.551703
7505,18485,0.492353
7506,11874,0.31696
7507,11793,0.207374
7508,11794,0.542574
7509,11795,0.505905
7510,18488,0.602934
7511,18489,0.137712
7511,18048,0.139102
7511,20034,0.101309
7511,13622,0.107373
7512,18490,0.180936
7512,19961,0.181074
7512,21311,0.12987
7513,18228,0.436013
7514,18493,0.3077
7515,18496,0.49783
7516,11794,0.199832
7517,12154,0.196685
7518,18497,0.066843
7518,18552,0.238234
7518,21919,0.067114
7519,11811,0.372249
7520,12214,0.112224
7521,11783,0.547156
7522,11783,0.262596
7523,13495,0.149335
7524,12417,0.238189
7525,13455,0.244965
7525,17234,0.109997
7525,18520,0.107922
7525,20460,0.065172
7526,18499,0.326123
7526,19797,0.373983
7527,17652,0.186531
7528,18500,0.348949
7529,18502,0.509062
7530,12087,0.538885
7531,18503,0.327814
7531,18504,0.326593
7532,13691,0.402961
7533,18506,0.372076
7534,11771,0.341632
7535,18510,0.134705
7535,12344,0.094926
7536,15608,0.056066
7537,14555,0.113945
7538,11798,0.069549
7539,11862,0.269397
7540,18515,0.05751
7540,15844,0.077274
7541,18516,0.273542
7541,20182,0.145182
7542,12004,0.289069
7543,18517,0.172691
7543,18842,0.096527
7543,14342,0.134331
7544,18522,0.298537
7545,18523,0.140963
7545,14627,0.154105
7546,15961,0.190181
7547,11872,0.227492
7548,11798,0.479594
7549,18108,0.212952
7549,19994,0.162831
7550,11852,0.078015
7551,18531,0.287524
7552,18532,0.293177
7552,18646,0.163887
7553,11795,0.242962
7554,18533,0.520529
7555,18534,0.102781
7556,17371,0.52434
7557,13093,0.483123
7557,15249,0.068764
7558,12844,0.295153
7558,12684,0.185691
7558,12731,0.154768
7559,11773,0.293279
7560,18537,0.204774
7560,21112,0.156159
7561,18538,0.339765
7561,21619,0.186365
7562,15295,0.599603
7563,18539,0.385303
7564,11953,0.220024
7565,11852,0.435085
7566,18541,0.077486
7566,20577,0.141557
7566,21830,0.077486
7567,15372,0.093748
7568,13711,0.309508
7569,18542,0.374447
7570,11749,0.060612
7571,11852,0.351973
7572,12624,0.105999
7572,18927,0.072401
7572,13560,0.100747
7573,13501,0.356205
7574,18547,0.530238
7575,18548,0.278293
7576,13144,0.253465
7576,12079,0.345328
7577,13258,0.470887
7578,18551,0.563551
7579,16177,0.31853
7580,12866,0.309858
7581,11736,0.133151
7582,18553,0.430052
7582,14441,0.390142
7583,16111,0.594482
7584,11950,0.458176
7585,18556,0.192077
7586,11794,0.35654
7587,18557,0.549108
7588,12012,0.102409
7589,11773,0.188884
7590,13061,0.481705
7591,12213,0.142776
7592,16603,0.290553
7593,12499,0.217477
7593,18558,0.272559
7594,18559,0.344204
7595,18560,0.277385
7595,21971,0.093238
7596,18562,0.163208
7597,18565,0.639077
7598,18566,0.060052
7598,13650,0.343726
7598,21481,0.121888
7599,11791,0.912116
7600,12242,0.050172
7601,17943,0.487983
7602,18568,0.125901
7603,11759,0.1759
7604,11950,0.249619
7605,12532,0.22319
7606,12671,0.301496
7606,17117,0.398929
7607,13473,0.201741
7608,18576,0.256679
7609,12322,0.340933
7610,18577,0.341639
7611,18578,0.066915
7611,19484,0.082634
7611,19918,0.071534
7611,18109,0.059566
7611,20599,0.104593
7612,15396,0.124698
7613,13153,0.21654
7614,17035,0.28531
7615,18585,0.150475
7615,20625,0.107121
7615,21633,0.111659
7616,18586,0.337969
7616,21955,0.188966
7617,18587,0.482552
7618,18588,0.125844
7618,16485,0.122432
7619,18589,0.29544
7619,18590,0.22882
7619,16787,0.215088
7620,12571,0.20311
7621,18592,0.293373
7622,18593,0.709823
7623,18594,0.106607
7624,15847,0.175427
7624,19080,0.125817
7624,13617,0.05713
7625,12549,0.356183
7626,14593,0.174528
7626,15754,0.111245
7627,17479,0.29337
7627,20685,0.169468
7628,18602,0.295724
7628,18806,0.13851
7629,17640,0.426917
7630,11854,0.15215
7630,15004,0.169882
7630,13190,0.076404
7631,12104,0.206464
7632,12737,0.243256
7633,11759,0.193223
7634,12417,0.273515
7635,11785,0.252835
7636,18607,0.08976
7636,13918,0.416004
7636,15970,0.064198
7637,12737,0.233636
7637,20834,0.068176
7638,11798,0.528937
7639,18422,0.414828
7640,17646,0.29039
7641,16316,0.247345
7642,18612,0.066525
7643,18613,0.156846
7643,11916,0.065021
7644,18614,0.151414
7644,15370,0.267568
7644,13033,0.192181
7645,16582,0.200942
7645,12785,0.200677
7646,18616,0.170159
7646,19416,0.274463
7647,16964,0.284267
7648,11798,0.241535
7648,19670,0.114725
7649,11734,0.369456
7650,18618,0.43847
7651,13251,0.061971
7652,12083,0.25148
7653,18619,0.276159
7653,15880,0.23269
7653,21013,0.17657
7654,18612,0.173772
7655,14613,0.617875
7656,11850,0.199558
7657,18621,0.17388
7658,15275,0.378844
7658,20916,0.062969
7659,18622,0.185589
7660,18623,0.066353
7660,19044,0.095653
7660,14357,0.104076
7660,20732,0.051568
7661,18626,0.103062
7661,18627,0.120128
7662,18629,0.075635
7663,11771,0.390993
7664,12897,0.408575
7665,11860,0.433838
7666,18631,0.078533
7667,18555,0.381387
7667,13406,0.06385
7668,18633,0.295727
7669,18635,0.493431
7670,18638,0.109391
7671,16551,0.68588
7672,14275,0.319621
7673,18641,0.68131
7674,12581,0.392204
7675,12753,0.117844
7676,12753,0.483896
7677,18642,0.166255
7678,18643,0.204522
7679,15634,0.712602
7680,18647,0.346986
7681,18648,0.05073
7682,18649,0.688793
7683,14535,0.3245
7684,12012,0.141413
7685,15018,0.199624
7686,18650,0.314774
7687,12225,0.139696
7688,15286,0.821576
7689,14702,0.184662
7690,18652,0.065908
7690,18653,0.138444
7690,19140,0.151699
7690,17133,0.055781
7691,13113,0.238785
7692,12319,0.383875
7693,11795,0.160904
7694,11749,0.300499
7695,13102,0.30108
7696,18656,0.085508
7696,20966,0.22915
7697,17306,0.377192
7698,17372,0.376366
7698,21758,0.15576
7699,14423,0.251443
7700,18658,0.509093
7701,18660,0.385578
7702,18663,0.082987
7702,19319,0.182742
7703,18665,0.33801
7703,18755,0.089778
7704,18666,0.08305
7705,18668,0.200783
7705,21398,0.279904
7706,15033,0.298926
7706,21161,0.052034
7707,12237,0.448905
7708,16712,0.12401
7709,12473,0.387362
7709,18669,0.326365
7710,18674,0.491632
7711,12087,0.450362
7712,18676,0.327211
7713,18677,0.334416
7714,11771,0.599606
7715,12057,0.41836
7715,17032,0.130081
7715,13052,0.154099
7716,12737,0.060495
7717,18678,0.35046
7718,18679,0.438488
7719,13213,0.108617
7720,18680,0.508356
7721,18681,0.400474
7722,18682,0.089043
7722,20381,0.265346
7723,18684,0.465966
7724,11734,0.215251
7725,18685,0.401116
7726,11874,0.459909
7727,12386,0.597687
7728,15698,0.062499
7728,15733,0.057173
7728,14966,0.106651
7728,21271,0.100172
7728,11947,0.05564
7729,12227,0.255825
7729,11804,0.115989
7730,18690,0.795603
7731,18692,0.085795
7731,15757,0.348119
7732,18694,0.333908
7733,13284,0.276065
7734,12552,0.212613
7735,12087,0.05746
7736,18700,0.448117
7737,18704,0.193333
7738,12155,0.127602
7739,11794,0.195763
7740,11749,0.128981
7741,14665,0.21773
7742,15524,0.252936
7743,18707,0.119549
7743,15899,0.213882
7744,13266,0.169282
7744,13650,0.16852
7744,12032,0.106293
7745,12753,0.31092
7746,11783,0.208729
7747,18708,0.094794
7747,19393,0.060405
7747,20313,0.060565
7747,14131,0.089711
7748,18709,0.106391
7748,19055,0.106553
7749,18710,0.222333
7749,13789,0.101446
7750,18711,0.209561
7751,18713,0.12446
7751,14386,0.142062
7751,19288,0.071638
7751,21864,0.079698
7752,11855,0.273173
7752,20624,0.168566
7753,18715,0.416048
7753,19519,0.101191
7754,18716,0.361335
7755,18718,0.23114
7755,19915,0.06138
7756,18722,0.181455
7757,11749,0.180931
7757,12214,0.270996
7758,13025,0.129195
7758,21690,0.129231
7758,12102,0.139525
7759,18724,0.054739
7759,14277,0.079261
7760,18726,0.137444
7761,18730,0.062981
7762,11948,0.444648
7762,11852,0.050537
7763,18731,0.530107
7764,12303,0.064456
7764,13323,0.076693
7764,13506,0.050037
7765,16610,0.331068
7765,20901,0.203101
7766,18734,0.217924
7766,12652,0.280834
7767,11780,0.068469
7768,18736,0.130172
7768,16178,0.245222
7768,21922,0.130161
7769,18740,0.294844
7769,14129,0.26392
7770,13062,0.251818
7770,15391,0.166116
7770,12968,0.143925
7771,11782,0.145833
7771,12580,0.221716
7772,18742,0.223953
7772,19119,0.18343
7772,20563,0.102538
7773,13130,0.28104
7774,12417,0.23351
7775,14515,0.236928
7775,17818,0.205266
7775,12547,0.055958
7775,15043,0.08779
7775,20957,0.082458
7775,16240,0.053579
7776,12874,0.401883
7777,11783,0.293805
7778,11749,0.232569
7779,17891,0.232883
7780,18746,0.591194
7781,15257,0.724053
7782,13733,0.323848
7782,12956,0.217321
7782,21299,0.050034
7782,14541,0.076493
7783,16042,0.348032
7784,18038,0.14026
7785,18754,0.520904
7786,11851,0.239894
7787,18756,0.549145
7788,12030,0.483934
7789,11771,0.481051
7789,18758,0.216339
7790,11811,0.461277
7791,12790,0.222522
7792,18761,0.069189
7792,16939,0.151072
7793,12228,0.398938
7794,11888,0.171566
7795,12608,0.375133
7796,11783,0.42188
7797,13469,0.433109
7798,11759,0.127862
7799,18767,0.100604
7799,13736,0.149125
7799,20729,0.152366
7800,12026,0.290515
7801,18768,0.061782
7802,18770,0.57072
7803,18771,0.150362
7804,18772,0.333998
7804,19224,0.213013
7805,14797,0.209383
7805,12303,0.123725
7805,13192,0.121363
7806,18774,0.721532
7807,18775,0.685859
7808,12827,0.285598
7808,20872,0.096467
7809,12087,0.384824
7810,18777,0.224545
7811,12475,0.404979
7812,11735,0.111025
7813,12753,0.285156
7814,18778,0.096127
7814,12555,0.129927
7814,19455,0.178162
7815,11809,0.186106
7815,14952,0.243113
7815,13590,0.08081
7816,12013,0.205015
7817,12087,0.217147
7818,13264,0.247635
7819,18785,0.551891
7820,12149,0.218196
7821,11969,0.268171
7822,18786,0.669919
7823,18787,0.565921
7824,18788,0.084123
7824,18789,0.084525
7824,17597,0.273293
7825,12176,0.549677
7826,12253,0.273753
7826,16928,0.076882
7826,13593,0.076544
7826,14659,0.076569
7827,14183,0.730965
7828,18791,0.127601
7828,18048,0.124689
7828,18292,0.127601
7828,15191,0.127152
7829,12581,0.412919
7830,18792,0.390766
7830,13706,0.173286
7830,19862,0.097006
7831,18794,0.182118
7831,19551,0.273515
7831,20220,0.060926
7832,18795,0.234685
7832,21065,0.234678
7833,11798,0.25097
7834,11749,0.065387
7834,12154,0.0698
7835,12227,0.223376
7835,11804,0.285444
7836,18798,0.585201
7837,12573,0.202014
7838,18799,0.1925
7838,20363,0.344349
7839,11851,0.443159
7840,14174,0.195003
7841,18802,0.279411
7842,12217,0.386786
7843,12227,0.275941
7843,11872,0.06698
7844,12417,0.232399
7845,12493,0.211752
7846,13495,0.082978
7846,14495,0.061896
7847,11969,0.264641
7848,18804,0.127925
7848,19891,0.279026
7849,14412,0.210561
7849,15558,0.077306
7849,12158,0.136536
7850,14709,0.210475
7851,14709,0.246977
7852,12013,0.266282
7853,17998,0.190375
7853,15796,0.134155
7854,12581,0.243312
7855,18654,0.274375
7856,18809,0.29927
7857,18810,0.21641
7857,15354,0.120585
7858,11780,0.435555
7859,12844,0.445855
7860,11781,0.20182
7861,14575,0.417146
7862,16816,0.261273
7863,18812,0.4897
7864,11793,0.245173
7865,18813,0.195149
7866,18814,0.304264
7867,18815,0.365105
7868,17623,0.073899
7868,12806,0.115027
7868,15622,0.051028
7869,14722,0.273383
7870,18819,0.219222
7871,13276,0.223282
7872,11953,0.275593
7873,16616,0.514566
7874,18826,0.517127
7875,18421,0.211517
7875,20999,0.094394
7876,18829,0.413611
7877,18830,0.290646
7878,18833,0.110242
7878,15231,0.103751
7878,19351,0.077384
7878,18537,0.164391
7879,11780,0.34675
7880,16978,0.11369
7880,11911,0.455873
7881,18835,0.331483
7882,13319,0.216146
7883,18836,0.217414
7884,18837,0.535589
7885,18838,0.085585
7885,12047,0.096968
7885,20464,0.16471
7885,13020,0.132258
7886,11734,0.34638
7887,11773,0.305434
7887,11782,0.307472
7888,11950,0.100073
7889,11850,0.400367
7890,11785,0.155498
7891,18841,0.288722
7892,13849,0.349019
7892,12085,0.075474
7893,13849,0.203577
7894,15704,0.474045
7895,12519,0.357325
7895,12419,0.347876
7896,11888,0.312675
7897,16171,0.330295
7898,12026,0.216129
7898,13629,0.175447
7899,15213,0.818838
7900,18852,0.11934
7900,16217,0.299449
7900,21551,0.110667
7901,13418,0.475058
7901,18853,0.295401
7902,18854,0.732482
7903,13256,0.3565
7904,12088,0.322172
7905,18855,0.61324
7906,14656,0.274424
7907,11785,0.179437
7907,11851,0.291863
7908,12952,0.135928
7908,20015,0.136154
7909,16767,0.105377
7910,18859,0.396181
7911,18860,0.607577
7912,18714,0.360386
7912,16083,0.330857
7913,18861,0.422199
7914,16541,0.374551
7914,21931,0.180038
7915,13677,0.076118
7916,14642,0.175254
7916,19066,0.134363
7917,11759,0.377612
7917,11922,0.378184
7918,12026,0.477474
7919,12154,0.206462
7920,18862,0.252903
7920,21686,0.102906
7921,11769,0.165973
7921,15915,0.077323
7921,15225,0.088021
7922,18864,0.109635
7922,15039,0.074061
7923,12090,0.304008
7924,18865,0.352325
7925,18869,0.089962
7925,11839,0.080067
7926,18870,0.218445
7926,17306,0.065454
7926,21924,0.065789
7927,18871,0.1355
7927,21232,0.121827
7927,21789,0.080906
7928,11782,0.101403
7929,12083,0.430667
7930,11954,0.490138
7931,16132,0.256168
7932,11759,0.052646
7933,11798,0.176435
7934,12085,0.374768
7935,11885,0.154303
7936,11860,0.357321
7937,14385,0.405831
7937,19048,0.184566
7938,13573,0.223387
7938,13445,0.149347
7938,20846,0.11071
7939,12787,0.165367
7940,12232,0.174979
7940,14780,0.140365
7941,18876,0.32413
7942,14989,0.105234
7942,11749,0.067499
7943,11851,0.393468
7944,11862,0.259967
7945,18878,0.438221
7946,18880,0.236504
7946,19760,0.063021
7946,19761,0.061229
7946,12633,0.186999
7947,11783,0.281828
7948,13697,0.10889
7948,15444,0.342019
7948,19948,0.077944
7949,11798,0.126129
7950,13041,0.259209
7951,11797,0.28464
7952,18881,0.22141
7953,11888,0.666096
7954,18397,0.41564
7955,13700,0.319864
7956,18643,0.0528
7957,18884,0.607424
7958,12319,0.64633
7959,11838,0.116787
7960,11772,0.112912
7961,12217,0.063323
7962,16603,0.37166
7963,18886,0.625818
7964,12227,0.21924
7964,12386,0.211004
7964,11804,0.250998
7965,18887,0.292623
7965,13818,0.295694
7966,18888,0.115836
7966,13193,0.159871
7967,11799,0.339005
7968,11798,0.34798
7969,11793,0.32745
7970,15722,0.69244
7971,18892,0.229505
7971,19527,0.149061
7972,18893,0.207362
7973,18894,0.315571
7974,18895,0.190979
7975,11811,0.677727
7976,12215,0.25137
7977,18896,0.102509
7978,17569,0.259777
7979,18899,0.619107
7980,18900,0.249098
7980,20673,0.345753
7981,14684,0.581765
7982,16901,0.537767
7983,12085,0.522191
7984,18901,0.191591
7984,19459,0.072415
7984,19746,0.074172
7985,18903,0.484771
7986,11951,0.175045
7987,18904,0.30608
7988,18905,0.23036
7989,11785,0.225087
7989,11794,0.23007
7990,18908,0.086284
7991,18909,0.053172
7991,13662,0.098014
7991,20355,0.068283
7991,21610,0.053217
7992,11749,0.097492
7993,16429,0.116467
7993,12258,0.346553
7994,18911,0.517546
7994,21566,0.101515
7995,11852,0.284213
7996,12671,0.232601
7997,11852,0.594296
7998,14715,0.092897
7999,13080,0.156067
8000,18913,0.448086
8001,16878,0.623463
8002,18914,0.108111
8003,16637,0.297477
8004,18915,0.21347
8005,18916,0.256102
8005,21434,0.107765
8006,18917,0.442096
8007,18919,0.47219
8008,12824,0.277871
8009,11785,0.141321
8010,11773,0.092281
8011,11811,0.218996
8012,12319,0.139351
8013,11781,0.140932
8013,11780,0.180066
8014,18922,0.180662
8014,16362,0.465296
8015,18923,0.117664
8015,20976,0.07882
8015,20183,0.065961
8016,18924,0.242137
8017,18925,0.127381
8018,18926,0.302977
8019,11799,0.120935
8020,12253,0.52772
8021,12057,0.580608
8022,11969,0.357861
8023,11795,0.184636
8024,11781,0.547585
8025,13706,0.293411
8026,13107,0.317223
8026,16242,0.177421
8027,15966,0.253594
8028,12737,0.100029
8029,18930,0.18684
8029,21110,0.08569
8029,21487,0.153291
8030,18931,0.29583
8031,17013,0.46822
8032,12614,0.381772
8033,11969,0.376323
8034,11948,0.402389
8035,11798,0.462131
8036,11734,0.465175
8037,18935,0.273178
8038,13936,0.696341
8039,18062,0.297218
8040,12563,0.120905
8041,17910,0.24794
8042,18939,0.077355
8043,13907,0.054155
8043,18940,0.101753
8043,20442,0.127164
8043,21266,0.170567
8044,18943,0.523607
8045,18944,0.569901
8046,18611,0.124785
8046,21175,0.069045
8046,21176,0.074813
8046,21608,0.170289
8047,11772,0.265739
8048,18945,0.329572
8048,13733,0.117738
8048,21039,0.111059
8049,18946,0.470034
8050,18947,0.144658
8051,16259,0.447944
8052,11798,0.319161
8052,12386,0.249906
8053,17611,0.236558
8054,18449,0.41596
8055,12129,0.300746
8056,12818,0.355511
8057,18950,0.190464
8057,19831,0.224945
8058,12063,0.191278
8059,18954,0.221496
8060,18955,0.1307
8061,12417,0.308729
8062,18959,0.211213
8063,18961,0.327077
8064,16069,0.156254
8064,14972,0.063601
8065,18964,0.463895
8066,18965,0.221614
8067,12706,0.230921
8068,13553,0.399342
8068,11955,0.206559
8068,13127,0.082138
8069,11773,0.200334
8070,15961,0.336032
8071,16637,0.448876
8072,11949,0.382183
8073,13890,0.229937
8074,12819,0.220105
8075,11785,0.072405
8076,11772,0.376727
8077,14129,0.309181
8078,11771,0.518754
8079,18976,0.581243
8080,12417,0.204307
8081,18977,0.686567
8082,18980,0.311598
8083,11888,0.201014
8084,18983,0.566496
8085,18984,0.301011
8086,18252,0.136557
8086,14992,0.191452
8087,13261,0.46591
8088,18986,0.497888
8088,21038,0.098688
8088,21645,0.098688
8089,18987,0.376639
8090,18988,0.433476
8090,18989,0.381965
8091,18990,0.661522
8092,15578,0.058536
8093,17405,0.112365
8093,17885,0.39128
8094,18992,0.449324
8094,20289,0.267336
8095,13541,0.498765
8096,12581,0.173607
8097,18994,0.101901
8097,20680,0.130997
8097,17203,0.073206
8097,21948,0.070592
8098,14778,0.32224
8099,12141,0.446521
8099,18996,0.077183
8099,12498,0.236433
8100,18997,0.087415
8100,20255,0.063532
8100,21132,0.190209
8100,16833,0.16747
8101,14491,0.168333
8101,11853,0.12861
8102,19001,0.304727
8102,19503,0.166011
8103,12678,0.173092
8103,19275,0.240595
8104,12237,0.581748
8105,19010,0.210292
8106,11773,0.07006
8106,11888,0.081851
8107,15626,0.2608
8108,11960,0.501068
8109,19011,0.241765
8109,19450,0.09996
8109,22007,0.095272
8110,17388,0.188097
8110,20682,0.242775
8111,12753,0.258402
8112,11835,0.390964
8113,19013,0.152925
8113,19566,0.239309
8114,19015,0.251908
8114,21548,0.11598
8115,19016,0.198797
8116,15961,0.151427
8116,11798,0.103254
8117,19017,0.089915
8118,11794,0.496235
8119,11771,0.547486
8120,12580,0.588142
8121,19018,0.539603
8122,11874,0.241197
8123,13108,0.5602
8124,16654,0.305181
8125,19020,0.771926
8126,17807,0.327047
8127,14471,0.344301
8128,11782,0.258495
8129,12155,0.628997
8130,19022,0.189727
8131,19023,0.182319
8132,13695,0.475186
8133,13849,0.435257
8134,19026,0.495772
8135,19027,0.447752
8136,19028,0.467377
8137,19029,0.203999
8137,19539,0.203995
8138,13709,0.278527
8139,11852,0.223552
8140,12819,0.215236
8141,11852,0.297619
8142,17772,0.366851
8142,13008,0.124738
8143,16930,0.488268
8144,13061,0.141563
8145,19034,0.512903
8145,21383,0.10324
8146,19035,0.222876
8146,13488,0.10494
8146,15904,0.126211
8146,11905,0.193685
8146,12689,0.142776
8147,19037,0.498387
8147,16903,0.06734
8148,11794,0.444541
8149,11798,0.242731
8150,12086,0.354687
8151,11812,0.0649
8152,12081,0.257576
8153,14156,0.226747
8153,13706,0.069806
8154,12015,0.29903
8155,19045,0.37992
8156,12085,0.178307
8156,21289,0.082855
8157,19046,0.074842
8157,19223,0.074842
8157,19490,0.163373
8158,19048,0.180472
8159,13688,0.243911
8160,12702,0.078476
8160,17134,0.065051
8161,13036,0.052486
8162,19049,0.059039
8162,17423,0.082276
8163,19050,0.306441
8164,17019,0.448241
8165,11969,0.3756
8166,19053,0.256276
8167,19054,0.134303
8168,15252,0.422487
8169,12213,0.306699
8170,12090,0.21915
8171,14551,0.314095
8172,19056,0.362638
8173,13184,0.22621
8174,11749,0.208741
8175,11827,0.361288
8176,19063,0.259985
8176,19548,0.186506
8177,12237,0.387466
8178,12154,0.094022
8179,12140,0.5693
8180,15742,0.259611
8181,19065,0.112509
8181,20605,0.112436
8181,15546,0.100076
8181,21852,0.086107
8182,19068,0.591663
8183,11874,0.486491
8184,19070,0.114846
8185,19072,0.164957
8185,21410,0.256954
8186,12319,0.080555
8186,11969,0.278182
8187,13080,0.233118
8187,19076,0.184366
8188,19077,0.12997
8188,15287,0.069063
8189,11969,0.135166
8189,12417,0.070019
8190,11888,0.403931
8191,11794,0.089551
8192,19081,0.237132
8193,19082,0.807666
8194,11780,0.051555
8195,11794,0.193571
8196,19084,0.50144
8197,11885,0.178127
8198,19085,0.267515
8199,12155,0.251144
8200,14605,0.187291
8201,19086,0.404764
8201,20406,0.051072
8202,19090,0.176279
8202,11766,0.081413
8202,21003,0.137466
8203,19093,0.218257
8204,19094,0.547915
8205,14673,0.123433
8205,12838,0.362279
8206,12704,0.124249
8206,13308,0.197397
8207,19098,0.138431
8207,19704,0.130421
8207,13604,0.24236
8208,12085,0.246488
8209,11781,0.301426
8210,19099,0.46182
8211,12417,0.272747
8212,11851,0.190443
8213,19100,0.070616
8214,16412,0.186003
8215,12242,0.142352
8216,19103,0.506939
8217,19104,0.578215
8218,11788,0.448703
8219,17255,0.146006
8219,12869,0.170396
8219,20548,0.166076
8220,17255,0.18719
8220,19775,0.100144
8220,21750,0.145042
8221,13629,0.325433
8222,19105,0.128376
8222,20035,0.058676
8222,15113,0.081703
8222,17756,0.092094
8222,20899,0.100301
8223,13033,0.561565
8224,11953,0.348231
8225,19107,0.062533
8226,16234,0.081427
8226,12554,0.090625
8227,12908,0.175482
8228,19108,0.414387
8228,20678,0.067008
8229,12210,0.223349
8229,15666,0.069518
8229,11786,0.139329
8229,11977,0.196145
8230,19109,0.620925
8231,14554,0.107739
8232,19110,0.414513
8233,11734,0.108911
8234,12319,0.074789
8235,13080,0.291609
8236,19111,0.438032
8237,17633,0.30711
8237,19112,0.206299
8238,18050,0.294278
8238,17633,0.05011
8238,15093,0.09679
8239,11793,0.08644
8240,19114,0.059624
8240,20055,0.270531
8240,21391,0.062915
8241,13316,0.425058
8241,13142,0.292106
8242,17467,0.567727
8243,19116,0.121051
8243,20769,0.133105
8243,17428,0.077265
8243,21961,0.076584
8244,13511,0.08116
8245,18946,0.205977
8246,12087,0.182415
8247,19117,0.11615
8248,11899,0.394623
8249,11886,0.281861
8250,19118,0.129916
8251,18812,0.666844
8252,12704,0.082196
8252,19558,0.130011
8252,20574,0.148274
8253,17135,0.199253
8254,19120,0.307512
8255,19121,0.078473
8255,13680,0.258402
8255,20793,0.052291
8255,13645,0.051186
8256,13806,0.264594
8256,20852,0.170669
8257,11948,0.543064
8258,11736,0.103289
8258,11734,0.198807
8259,12085,0.114627
8260,19124,0.405208
8261,14801,0.265505
8261,19675,0.084455
8261,11856,0.093305
8261,12148,0.119548
8261,12097,0.082354
8262,12026,0.680083
8263,12419,0.096064
8263,14262,0.301248
8264,19128,0.298705
8265,19129,0.798618
8266,14016,0.20426
8266,14156,0.096309
8267,11749,0.067663
8268,16207,0.350965
8269,11734,0.544914
8270,11956,0.44109
8271,11783,0.160738
8272,19135,0.394604
8273,19136,0.533902
8274,14053,0.449967
8275,19140,0.365847
8276,11798,0.337966
8276,19732,0.101354
8277,14693,0.164056
8278,12083,0.356829
8279,15951,0.441482
8279,14956,0.212346
8280,19145,0.306276
8281,19147,0.22959
8281,17860,0.225397
8282,19148,0.159585
8282,20594,0.159585
8283,19149,0.375872
8284,19150,0.626999
8285,19151,0.127152
8285,19250,0.184641
8286,19152,0.618067
8287,11852,0.255915
8288,12015,0.124373
8289,19153,0.395238
8290,19154,0.575245
8291,19155,0.507595
8292,19159,0.107118
8292,13026,0.167059
8293,11798,0.288731
8293,12386,0.241043
8294,19161,0.727622
8295,13990,0.294687
8296,13451,0.073039
8297,14669,0.549299
8298,19163,0.060197
8298,16549,0.323415
8298,14840,0.13206
8299,11798,0.055752
8299,16264,0.057967
8300,11908,0.106851
8301,19165,0.5331
8302,19166,0.385785
8303,19167,0.260079
8304,19168,0.464347
8305,12164,0.406017
8305,14130,0.241294
8305,21533,0.084108
8306,11905,0.478024
8307,11906,0.41553
8308,12581,0.359838
8309,18142,0.317191
8310,19169,0.572918
8311,12944,0.193893
8311,12112,0.232429
8312,19170,0.318052
8313,19171,0.093185
8313,19694,0.193034
8313,20276,0.050617
8313,20382,0.064683
8314,11886,0.340275
8315,19173,0.563428
8316,14181,0.243663
8317,17832,0.354744
8318,19175,0.261398
8319,19177,0.229498
8320,16000,0.417638
8321,11908,0.250557
8322,19180,0.386029
8323,11771,0.244556
8324,17663,0.514525
8325,11734,0.256799
8326,11783,0.05759
8326,11850,0.07598
8327,19183,0.626493
8328,17879,0.479924
8328,20561,0.10235
8328,20789,0.073427
8329,14016,0.367049
8329,11764,0.054798
8330,12213,0.38098
8331,11785,0.283955
8332,11885,0.105752
8333,19187,0.411949
8334,12581,0.237642
8335,19188,0.295561
8335,18534,0.135297
8336,12533,0.176506
8336,13014,0.412877
8337,11891,0.079346
8338,19189,0.653431
8339,19190,0.113445
8339,19765,0.204909
8339,21143,0.068826
8339,21906,0.078955
8340,11947,0.339959
8341,19192,0.432919
8342,19194,0.066494
8342,19336,0.145212
8342,21021,0.066514
8342,21230,0.066514
8342,21808,0.092724
8343,12248,0.097751
8343,13478,0.174699
8344,19197,0.490779
8345,19198,0.366836
8346,19199,0.166537
8346,20379,0.166537
8347,19200,0.135961
8348,13001,0.255521
8349,12629,0.276244
8350,19201,0.421406
8351,19202,0.342419
8352,19204,0.197655
8352,19742,0.328726
8353,19205,0.43502
8354,19207,0.295901
8354,21365,0.225319
8355,19208,0.104448
8355,18756,0.056432
8355,21286,0.053244
8356,11953,0.477514
8357,12319,0.130464
8358,12015,0.385675
8359,19213,0.319206
8359,21345,0.064459
8360,19215,0.384555
8361,11799,0.447784
8362,19217,0.209716
8363,14321,0.095046
8363,13662,0.082522
8364,19220,0.121293
8364,19921,0.452355
8365,11785,0.182747
8366,13401,0.464603
8367,19225,0.065264
8368,11850,0.327778
8369,11784,0.234106
8370,11764,0.123092
8371,12828,0.512213
8372,19229,0.290204
8372,12828,0.239108
8373,17800,0.398869
8373,11775,0.184736
8374,14227,0.080085
8375,19230,0.294932
8376,19231,0.249539
8376,21111,0.114272
8377,19233,0.393285
8378,17439,0.286791
8379,19234,0.373038
8380,11874,0.397388
8381,19236,0.172329
8381,19437,0.095847
8381,20290,0.176393
8382,18737,0.296218
8383,12563,0.431926
8384,12155,0.659715
8385,12229,0.368038
8386,11782,0.124091
8386,11969,0.235897
8387,12753,0.145032
8388,19239,0.381734
8389,11734,0.235829
8390,19240,0.23292
8391,11874,0.380455
8392,19243,0.553163
8393,12521,0.27409
8394,19138,0.157773
8394,19691,0.07399
8394,16204,0.053072
8394,14363,0.053185
8395,11771,0.277274
8396,11891,0.232925
8397,19245,0.394127
8398,11785,0.817064
8399,19249,0.271914
8400,11798,0.648455
8401,18139,0.409038
8402,19253,0.277166
8403,19124,0.075427
8403,19536,0.163554
8403,20284,0.135235
8403,21941,0.075588
8404,19254,0.56061
8405,11749,0.29272
8405,12214,0.467555
8406,19256,0.318714
8407,13444,0.212911
8408,19257,0.422569
8409,15314,0.205128
8409,13086,0.050194
8409,18428,0.050497
8410,11734,0.39072
8411,14837,0.386692
8411,20886,0.109936
8412,11772,0.222671
8413,13284,0.364952
8414,13113,0.234875
8415,13113,0.08298
8416,19259,0.69556
8417,11798,0.211947
8417,13619,0.524654
8418,16273,0.518291
8419,12367,0.455121
8420,19260,0.415369
8421,13760,0.482676
8422,19262,0.141977
8422,13441,0.054319
8423,12819,0.408685
8424,12085,0.082233
8424,20331,0.280784
8425,17935,0.403291
8426,19267,0.43204
8427,12314,0.332382
8428,19268,0.445841
8429,12015,0.242899
8430,11874,0.060965
8431,19269,0.445644
8431,20458,0.132216
8432,15143,0.683209
8433,12737,0.242913
8434,19274,0.820303
8435,17372,0.186046
8436,12882,0.261469
8437,12087,0.210658
8438,12012,0.246464
8439,19278,0.420187
8439,19279,0.419745
8440,12237,0.092773
8441,19280,0.705406
8442,11949,0.242926
8443,19287,0.183518
8443,17400,0.253171
8443,21380,0.091268
8444,11949,0.086567
8444,12013,0.11323
8445,19289,0.539108
8446,12155,0.164759
8447,19290,0.064603
8448,12235,0.245563
8449,14395,0.067503
8449,19636,0.245217
8450,19292,0.223937
8450,21408,0.292646
8451,12237,0.238848
8452,12004,0.747078
8453,13680,0.160576
8454,19295,0.273556
8455,13026,0.141282
8456,19296,0.149986
8456,20704,0.149986
8456,21235,0.131937
8457,19297,0.424137
8458,15370,0.297215
8458,12387,0.093403
8459,12488,0.332555
8460,13629,0.444099
8461,12015,0.414491
8462,19299,0.189384
8463,19300,0.442149
8463,20604,0.147743
8464,15527,0.425153
8465,19301,0.47061
8466,19303,0.549277
8467,11734,0.057097
8468,19304,0.403909
8468,19850,0.184909
8469,19305,0.254628
8470,19306,0.189939
8471,15354,0.210574
8472,19307,0.385341
8473,19308,0.232734
8473,14006,0.134617
8473,15307,0.077515
8474,19310,0.711287
8475,19311,0.48389
8476,12086,0.324704
8477,13401,0.337169
8478,11953,0.302498
8479,19314,0.291726
8480,19104,0.445369
8481,19316,0.432716
8482,11772,0.262409
8483,13555,0.369754
8484,11953,0.060067
8485,19320,0.084969
8486,19322,0.50192
8487,11736,0.238828
8488,12213,0.321992
8489,19323,0.496451
8490,19324,0.276592
8491,19325,0.442897
8492,19326,0.663407
8493,13824,0.23168
8494,19327,0.183335
8494,20130,0.131534
8495,12225,0.34666
8496,12443,0.376633
8496,19328,0.377403
8497,19330,0.10389
8498,12776,0.173453
8498,13577,0.236525
8499,13131,0.112815
8499,12367,0.267496
8500,19331,0.874831
8501,11734,0.080788
8502,19332,0.101934
8502,20907,0.287219
8503,14062,0.159318
8504,12850,0.276966
8505,19334,0.332821
8506,19335,0.600736
8507,11785,0.357704
8508,12179,0.225968
8509,11954,0.602245
8510,11997,0.325905
8510,12080,0.090804
8511,19337,0.750335
8512,19337,0.226854
8513,19338,0.398808
8514,16132,0.307088
8514,19740,0.176628
8515,19340,0.192841
8516,19342,0.084959
8517,19343,0.218701
8517,20380,0.130551
8517,14901,0.102293
8518,15439,0.139908
8519,17434,0.448651
8520,19348,0.097055
8520,14490,0.057122
8520,19127,0.086831
8520,14135,0.095161
8521,15634,0.434154
8522,19349,0.808859
8523,19352,0.488815
8524,13468,0.438584
8525,11781,0.404578
8526,13278,0.498141
8527,18944,0.538267
8528,16756,0.587358
8529,17884,0.433355
8530,13427,0.673579
8531,11953,0.111825
8532,19358,0.658811
8533,11969,0.478348
8534,13505,0.193734
8535,12217,0.155691
8536,11795,0.544736
8537,18986,0.489685
8537,21933,0.241255
8538,19359,0.373012
8539,19360,0.196892
8539,21405,0.196892
8540,12214,0.538441
8541,19361,0.248702
8542,19362,0.411654
8543,19363,0.280795
8544,16810,0.474146
8545,12242,0.068238
8546,15353,0.182519
8547,13173,0.249344
8548,13284,0.172417
8549,15439,0.063899
8550,12096,0.195624
8550,13363,0.195963
8551,12282,0.342803
8552,19372,0.480847
8553,11765,0.442406
8554,11798,0.179166
8555,19375,0.709784
8556,14747,0.543463
8557,12514,0.432488
8558,11852,0.35153
8559,14135,0.353494
8559,14828,0.353469
8560,17085,0.809054
8561,12087,0.246965
8562,12088,0.209767
8563,15150,0.249631
8563,20495,0.166468
8564,19377,0.289161
8565,17760,0.131118
8565,19823,0.385155
8566,14932,0.474222
8567,18758,0.079497
8568,12083,0.145889
8569,12660,0.378692
8570,11850,0.123981
8571,11850,0.168722
8572,16167,0.407553
8573,12440,0.257759
8574,19381,0.733831
8575,11852,0.251997
8575,11850,0.296345
8576,19382,0.133637
8576,19473,0.23911
8577,19224,0.251435
8578,19383,0.075438
8579,16256,0.446188
8580,13629,0.361281
8581,19386,0.107373
8581,19689,0.108853
8581,19035,0.11204
8582,12227,0.16047
8583,19387,0.261398
8584,11949,0.220959
8585,19389,0.43989
8586,17566,0.263812
8587,19392,0.529662
8588,12563,0.171912
8589,11798,0.22805
8590,19394,0.178342
8590,19395,0.313026
8591,19396,0.153676
8591,19397,0.370203
8592,11850,0.159783
8593,11891,0.190171
8594,11953,0.342676
8595,19399,0.101106
8595,14028,0.181246
8596,19400,0.120438
8596,19626,0.211183
8597,19402,0.079126
8597,12905,0.53001
8598,12087,0.273635
8599,11781,0.123609
8599,11780,0.05953
8600,19404,0.37295
8600,20038,0.181429
8600,22020,0.097945
8601,15873,0.272644
8602,12225,0.097826
8603,12549,0.396686
8603,13120,0.196841
8603,16109,0.080387
8604,15439,0.105534
8605,13827,0.248282
8606,18333,0.093158
8606,21247,0.130164
8606,13567,0.093159
8606,14085,0.129713
8607,12739,0.474914
8608,19409,0.641011
8609,11795,0.064051
8610,19413,0.182993
8611,11859,0.352685
8612,11852,0.339192
8613,13470,0.423768
8614,12493,0.219545
8615,13706,0.145753
8616,14211,0.259417
8617,12445,0.290593
8618,18524,0.372934
8618,19782,0.225177
8619,19417,0.466233
8620,19419,0.103186
8620,20364,0.369541
8621,11822,0.305117
8622,19421,0.593391
8623,12130,0.059152
8623,12111,0.062892
8624,19422,0.175726
8624,20675,0.121819
8624,20997,0.094773
8624,20998,0.068208
8625,19424,0.299515
8626,19426,0.148634
8627,12087,0.12935
8628,11793,0.08475
8628,11794,0.122691
8629,17202,0.121611
8629,21798,0.181978
8630,17551,0.45264
8631,19430,0.159821
8631,19431,0.146692
8631,21079,0.159829
8632,11783,0.278795
8633,11903,0.396847
8634,19436,0.391406
8635,14086,0.362526
8636,17114,0.143912
8636,13954,0.10801
8637,11874,0.36885
8638,13113,0.311792
8639,12593,0.237782
8640,19441,0.798672
8641,19442,0.34362
8642,12903,0.336381
8643,12652,0.076309
8644,12154,0.246373
8645,13839,0.078137
8646,19448,0.157875
8647,11767,0.154954
8648,13851,0.122688
8648,19524,0.066729
8648,18021,0.176243
8648,13868,0.099897
8648,21437,0.07168
8649,13401,0.330113
8650,11953,0.198
8651,12142,0.30258
8652,13032,0.135243
8652,12412,0.099307
8653,11838,0.544562
8654,11812,0.403109
8655,11872,0.063531
8656,19452,0.336075
8656,20387,0.086566
8656,13360,0.095666
8657,12753,0.332818
8658,11910,0.136719
8658,20924,0.067698
8659,16313,0.136557
8659,14624,0.250106
8659,20707,0.102129
8659,21875,0.102104
8660,19454,0.454263
8661,18278,0.329124
8661,20365,0.097774
8662,19457,0.393093
8662,21182,0.219736
8663,11782,0.863119
8664,19458,0.367163
8665,19460,0.602303
8666,12398,0.441127
8667,12753,0.317356
8668,12213,0.234088
8669,13441,0.486007
8669,16228,0.202094
8670,11799,0.220777
8671,13284,0.381014
8672,11891,0.050073
8673,19461,0.359824
8674,19462,0.124742
8674,21765,0.271816
8675,12414,0.257036
8676,12306,0.389744
8676,12735,0.300779
8677,16072,0.271908
8678,19463,0.265256
8678,20060,0.265256
8679,12287,0.053771
8680,14128,0.253285
8680,21846,0.115975
8681,19466,0.408167
8682,19468,0.145787
8683,11734,0.093032
8684,19470,0.604805
8685,19471,0.365712
8686,19474,0.329183
8687,15587,0.332668
8688,19476,0.129051
8689,19478,0.594335
8690,19480,0.552156
8691,19481,0.149998
8691,12769,0.060593
8691,13258,0.151339
8692,11783,0.409017
8693,12581,0.324351
8694,19488,0.241246
8694,15311,0.146535
8695,12951,0.072257
8695,14137,0.093891
8695,20850,0.073173
8695,20167,0.073149
8696,16719,0.250344
8697,11749,0.115695
8698,12480,0.276922
8699,11812,0.358818
8700,19493,0.455223
8701,11780,0.338866
8702,11874,0.122241
8703,19494,0.332113
8704,13105,0.49049
8705,12970,0.320149
8706,18275,0.622174
8707,12797,0.241714
8708,19497,0.199285
8708,19699,0.358119
8709,11888,0.557596
8710,11773,0.368869
8711,11734,0.090422
8712,19498,0.186579
8712,13969,0.242012
8713,12657,0.281946
8713,12062,0.281909
8714,12213,0.32253
8715,13220,0.130724
8716,12563,0.247984
8717,19500,0.478261
8718,12090,0.134557
8719,12912,0.39573
8720,12616,0.575354
8721,11949,0.539577
8722,14408,0.396683
8722,15257,0.279699
8723,11783,0.10406
8724,11749,0.071657
8725,11784,0.31468
8726,13261,0.468815
8727,15966,0.195085
8728,19506,0.192304
8728,17566,0.080523
8729,19507,0.179662
8730,19510,0.708723
8731,19511,0.570337
8732,11874,0.068171
8733,11953,0.445549
8734,19512,0.234057
8735,13220,0.473179
8736,19514,0.495993
8737,14165,0.350123
8737,11766,0.101875
8738,12242,0.279873
8739,11809,0.127026
8740,12015,0.050436
8741,11838,0.343699
8742,12905,0.215281
8743,13916,0.139802
8743,18912,0.108658
8744,19518,0.146918
8745,19521,0.127854
8745,20409,0.129273
8746,12085,0.147861
8747,19522,0.574487
8748,15336,0.426181
8748,18765,0.277746
8749,12087,0.129695
8750,12744,0.232727
8750,13259,0.167233
8751,13495,0.348987
8752,11783,0.130733
8753,19526,0.259183
8754,11749,0.079928
8755,12214,0.507401
8756,19529,0.451728
8757,19530,0.139274
8758,14617,0.335065
8759,15003,0.478973
8760,19125,0.166553
8760,12278,0.340701
8760,12513,0.30196
8761,19532,0.530639
8762,14346,0.277973
8762,20524,0.502474
8763,13001,0.216809
8764,11795,0.112541
8764,11794,0.060921
8764,11749,0.139768
8765,11908,0.164596
8766,19539,0.497543
8767,15247,0.466149
8768,19540,0.450559
8768,21113,0.090789
8769,14767,0.157703
8769,19904,0.06984
8769,20816,0.072163
8769,17424,0.146026
8770,19541,0.203185
8770,14663,0.113701
8771,19543,0.247546
8771,19544,0.302232
8771,13390,0.13827
8772,11911,0.344914
8773,12345,0.12447
8773,15907,0.168581
8774,12805,0.238144
8775,19545,0.448121
8776,12090,0.218351
8777,11782,0.304349
8778,18981,0.333568
8779,19546,0.294055
8779,19940,0.258849
8780,11872,0.102826
8781,11785,0.444254
8782,13401,0.102913
8783,19552,0.053131
8783,20004,0.129498
8783,20492,0.056996
8784,12305,0.23662
8784,17485,0.152369
8784,21531,0.092037
8785,19553,0.137685
8785,15040,0.176798
8785,12689,0.112397
8786,11798,0.061893
8787,11969,0.149506
8788,13803,0.098273
8788,19864,0.248652
8789,12140,0.704753
8790,16336,0.549821
8791,11785,0.100085
8792,17611,0.500596
8793,12704,0.152342
8794,18912,0.120548
8794,20847,0.224157
8794,15258,0.087082
8795,11778,0.186609
8796,13130,0.203248
8797,18910,0.088128
8798,11771,0.378685
8799,19564,0.442609
8800,12319,0.879443
8801,12417,0.128737
8801,14915,0.072172
8802,19565,0.169952
8802,19737,0.177551
8803,19567,0.487983
8804,13455,0.335297
8804,21291,0.243305
8805,19568,0.290753
8806,18099,0.249669
8807,19571,0.097999
8807,21158,0.311088
8808,18452,0.270747
8809,19573,0.388174
8810,19574,0.425511
8811,19575,0.445832
8812,19576,0.069666
8812,19577,0.079436
8812,19796,0.102005
8812,17533,0.079491
8812,20956,0.140966
8813,11783,0.414698
8814,13284,0.466278
8815,15839,0.156583
8816,19578,0.053989
8816,12167,0.082459
8817,19579,0.38429
8818,13269,0.060081
8819,11885,0.41036
8820,17727,0.586085
8821,19581,0.202574
8821,11812,0.190221
8822,19582,0.100281
8823,11799,0.341738
8824,11798,0.457159
8825,19584,0.359188
8826,19585,0.477239
8827,19587,0.390508
8828,19588,0.472597
8829,19589,0.407257
8830,19590,0.050318
8831,15439,0.138964
8832,14666,0.220165
8833,19594,0.335954
8833,14204,0.227128
8833,21167,0.094711
8833,21761,0.097209
8834,12386,0.200968
8835,12087,0.371925
8836,19597,0.20056
8837,19598,0.699
8838,15190,0.335659
8839,11891,0.490533
8840,14748,0.344259
8841,11751,0.345726
8842,19600,0.596705
8843,11852,0.186699
8844,19602,0.564149
8845,15547,0.226206
8846,11811,0.734122
8847,19605,0.427158
8848,16557,0.414647
8849,19606,0.382301
8850,12213,0.10655
8851,19607,0.422059
8852,15634,0.654641
8853,19611,0.701442
8854,12376,0.087488
8855,11852,0.423021
8855,11850,0.40012
8856,19617,0.159893
8856,19618,0.473275
8857,19619,0.211058
8858,19621,0.345629
8859,19622,0.2744
8859,21932,0.106363
8860,11771,0.272725
8861,19624,0.443396
8862,19625,0.349371
8863,15439,0.141727
8864,13788,0.267242
8864,16616,0.171778
8864,21562,0.23935
8865,19629,0.292439
8866,15839,0.17468
8867,11773,0.459161
8868,19631,0.164432
8869,18479,0.294343
8870,12213,0.199884
8871,19634,0.370574
8871,20784,0.056141
8871,21135,0.05617
8872,18228,0.255455
8872,12425,0.091505
8873,12087,0.198164
8874,19637,0.460679
8875,12808,0.15268
8875,19749,0.153539
8876,11781,0.199181
8877,12609,0.32892
8877,12797,0.286734
8878,19639,0.466394
8878,19643,0.088055
8879,19641,0.432547
8880,19642,0.1425
8880,19957,0.311222
8880,20746,0.1425
8881,19644,0.052686
8881,12176,0.115685
8882,11749,0.186424
8883,11850,0.105215
8884,19648,0.479278
8885,11862,0.419376
8886,19650,0.37121
8887,14302,0.276673
8887,13728,0.215753
8888,11775,0.345535
8888,14185,0.15827
8888,12487,0.111218
8888,20713,0.073962
8889,19653,0.181754
8890,11783,0.213459
8891,13441,0.182169
8892,12015,0.24368
8893,12882,0.149667
8894,19656,0.233393
8895,16256,0.663695
8896,11885,0.258955
8897,13371,0.316279
8897,15071,0.166575
8898,18063,0.478758
8898,14058,0.071169
8899,19659,0.460321
8900,16164,0.180274
8901,12026,0.150278
8902,19660,0.415894
8903,12082,0.164064
8904,11759,0.1973
8905,19665,0.483249
8906,13936,0.499321
8906,16472,0.208162
8907,19668,0.481776
8908,19056,0.102981
8909,12417,0.327722
8909,19056,0.295499
8910,19672,0.104224
8910,20602,0.066524
8911,12155,0.423126
8912,11798,0.263514
8913,19673,0.462049
8914,18146,0.173253
8914,11921,0.109519
8914,14503,0.12137
8915,19674,0.188477
8915,21001,0.154435
8916,11837,0.060594
8917,12087,0.125608
8918,19678,0.145548
8918,20727,0.17013
8919,14442,0.445367
8920,14252,0.174277
8921,16253,0.588452
8922,12287,0.399536
8923,15966,0.052924
8924,15261,0.396463
8925,14605,0.268069
8926,19685,0.312175
8926,20334,0.26947
8927,11781,0.317061
8928,11859,0.420174
8929,19688,0.345397
8930,12581,0.325573
8931,19443,0.493744
8932,16438,0.134749
8933,19690,0.510692
8934,15362,0.399969
8935,11783,0.346615
8936,12882,0.176692
8937,19692,0.330807
8938,19693,0.377761
8939,19697,0.179996
8939,13317,0.321818
8940,12860,0.127063
8941,12252,0.341468
8941,18445,0.095648
8942,12085,0.213355
8943,14576,0.352167
8944,11969,0.334219
8945,19698,0.521842
8946,11852,0.203341
8947,19703,0.120301
8948,15498,0.358553
8949,19707,0.387039
8950,12428,0.200695
8951,12213,0.475766
8952,13026,0.234845
8953,12833,0.394046
8954,19708,0.145793
8954,19080,0.269499
8955,19710,0.289625
8955,21983,0.112279
8956,14846,0.303243
8956,20748,0.151223
8957,19712,0.08822
8958,11872,0.066827
8959,13080,0.185647
8960,19714,0.76529
8961,19715,0.105852
8961,16923,0.098665
8962,19719,0.371944
8963,19722,0.143754
8964,19723,0.312919
8965,19724,0.392843
8965,19725,0.151689
8965,14017,0.210826
8966,12229,0.23249
8967,15002,0.458652
8968,19726,0.43075
8969,19727,0.290957
8969,20603,0.163455
8970,19728,0.124139
8970,20892,0.089167
8971,19729,0.211528
8972,11811,0.434068
8973,18397,0.270533
8974,14598,0.081636
8975,11953,0.335766
8976,12619,0.370308
8976,13710,0.12582
8977,13540,0.443583
8978,13519,0.406782
8979,19730,0.597415
8980,11783,0.191056
8981,16339,0.204768
8982,11859,0.447816
8983,11995,0.082109
8983,11746,0.144046
8984,19735,0.191323
8985,19738,0.328901
8985,20781,0.256507
8986,11798,0.151456
8986,11749,0.051091
8987,14748,0.086144
8987,12189,0.155352
8987,12430,0.125359
8988,17135,0.183122
8989,13656,0.364503
8990,19744,0.494449
8991,11851,0.051805
8992,14894,0.245328
8993,19745,0.193488
8994,19746,0.464461
8995,11799,0.295461
8996,19747,0.130661
8997,15116,0.117468
8997,20321,0.107993
8997,21371,0.159476
8997,21843,0.053858
8998,18072,0.301387
8999,19751,0.421857
9000,12313,0.517292
9001,12087,0.104966
9002,16733,0.234843
9003,19754,0.595314
9004,15802,0.376307
9005,12503,0.28738
9006,12287,0.125308
9007,12756,0.413645
9008,11783,0.391782
9009,14126,0.439728
9010,19757,0.301821
9010,19758,0.314777
9010,16227,0.212057
9011,19759,0.195419
9012,19762,0.471563
9013,15203,0.343427
9013,21372,0.197693
9014,19766,0.390482
9014,20066,0.270804
9015,11891,0.10905
9016,14712,0.791106
9017,19770,0.102918
9017,19387,0.102857
9018,19771,0.075379
9018,19820,0.075347
9018,16489,0.193965
9019,15371,0.499066
9020,12082,0.40165
9021,18518,0.906526
9022,19777,0.196222
9022,21333,0.196226
9023,15961,0.320469
9024,19778,0.318036
9024,21563,0.365957
9025,14819,0.14223
9025,20597,0.141916
9025,19763,0.142546
9026,19779,0.678236
9027,19783,0.098214
9027,21543,0.06998
9028,19784,0.375867
9029,14665,0.301797
9030,15600,0.174608
9030,15656,0.311845
9031,19785,0.254738
9032,11780,0.510927
9033,11948,0.366818
9034,15126,0.267935
9035,12217,0.294478
9036,13401,0.120785
9037,12237,0.556382
9038,19790,0.579621
9039,19791,0.47421
9040,19794,0.20011
9040,14693,0.199189
9041,17167,0.146399
9042,15634,0.380521
9043,11953,0.180216
9044,12655,0.158408
9044,18963,0.084555
9044,12353,0.300827
9044,12619,0.105088
9045,19802,0.090705
9045,12923,0.185637
9045,19739,0.095519
9045,20015,0.063247
9046,15084,0.183632
9047,12087,0.186671
9047,19951,0.152052
9048,19805,0.148729
9048,18137,0.185695
9049,13788,0.37566
9049,17791,0.271686
9050,19806,0.140666
9050,13442,0.14108
9051,19807,0.715301
9052,11954,0.238652
9052,11735,0.217837
9053,16878,0.151052
9054,11860,0.261121
9055,11782,0.723088
9056,12158,0.447516
9057,19812,0.088692
9057,14772,0.27836
9058,14929,0.242227
9059,19813,0.170896
9060,19814,0.213747
9061,19815,0.24406
9062,19816,0.735212
9063,11793,0.143474
9064,11949,0.178796
9065,19822,0.35469
9066,11860,0.094567
9067,11799,0.341561
9068,19824,0.259619
9069,19825,0.672978
9070,13257,0.347083
9071,11772,0.476594
9072,19827,0.7223
9073,13201,0.422411
9074,11783,0.418924
9075,11804,0.392975
9076,17021,0.267512
9077,11969,0.307064
9077,11782,0.142312
9077,12319,0.061638
9078,13519,0.198075
9078,19575,0.271116
9079,19830,0.43386
9080,13695,0.269305
9080,17162,0.118483
9081,12391,0.699963
9082,19834,0.204303
9082,13899,0.174975
9083,12143,0.22515
9083,19836,0.215462
9083,19837,0.153703
9084,19835,0.252789
9085,11862,0.113138
9086,12217,0.300148
9087,11827,0.41415
9087,19841,0.297239
9088,19839,0.133275
9088,19840,0.238965
9089,19842,0.255508
9090,19843,0.246346
9090,20320,0.246348
9091,19844,0.155239
9091,21692,0.155239
9092,12531,0.360606
9093,11794,0.120936
9094,11885,0.19904
9094,11759,0.062774
9095,11798,0.160154
9095,12386,0.158282
9096,13806,0.232948
9096,20407,0.101288
9096,13108,0.092554
9097,19848,0.515006
9098,19016,0.145712
9099,19849,0.138754
9100,19851,0.559087
9101,19852,0.363415
9101,13178,0.212499
9102,11953,0.212433
9103,11852,0.107602
9104,19859,0.458368
9105,19860,0.134645
9105,15233,0.221751
9105,20875,0.099784
9106,19863,0.449104
9107,19346,0.372521
9108,16032,0.09116
9108,13463,0.12838
9108,21831,0.082111
9109,14800,0.216103
9109,19865,0.216339
9110,12154,0.194888
9111,11860,0.18326
9112,11749,0.112085
9113,11781,0.293687
9114,11749,0.570776
9115,15455,0.300388
9115,14781,0.174183
9116,14781,0.267992
9117,11859,0.091627
9118,19870,0.547434
9119,11797,0.227299
9120,11798,0.658522
9121,11859,0.089101
9122,19874,0.199173
9123,12217,0.131996
9124,11859,0.050139
9125,19877,0.126315
9126,12563,0.093902
9127,19878,0.32514
9128,19879,0.431259
9129,19880,0.348701
9130,14247,0.570567
9131,14170,0.574377
9132,12227,0.217382
9133,11771,0.317858
9134,11851,0.367284
9135,15443,0.202204
9136,12967,0.249001
9136,21184,0.083275
9137,19886,0.414352
9138,15961,0.239189
9138,12242,0.089381
9139,12242,0.810985
9140,19887,0.132159
9140,20721,0.132159
9140,17063,0.129193
9141,19888,0.058786
9141,12700,0.139672
9142,19889,0.410969
9142,20824,0.230241
9143,11856,0.259933
9143,20195,0.229868
9144,12882,0.243354
9145,14227,0.056676
9146,14131,0.194563
9146,18129,0.311963
9147,11769,0.333457
9147,15915,0.155213
9148,11799,0.339019
9149,12087,0.589199
9150,19895,0.133626
9150,21344,0.20914
9151,19897,0.293502
9152,19898,0.398047
9153,12213,0.842948
9154,14761,0.44812
9155,19900,0.334573
9156,12198,0.326433
9157,19901,0.494838
9158,13655,0.223121
9159,13264,0.100234
9160,19638,0.302377
9161,19903,0.523111
9162,19905,0.116415
9163,11794,0.07188
9164,19906,0.162807
9164,20153,0.162999
9165,16959,0.090634
9166,19910,0.306824
9166,18220,0.270644
9166,20880,0.09101
9167,19911,0.547209
9168,12287,0.155831
9169,14012,0.461602
9170,19917,0.312985
9170,21910,0.174961
9171,12923,0.481289
9172,11734,0.302166
9173,11749,0.242426
9174,12914,0.176169
9175,11749,0.221886
9176,18077,0.122305
9176,20986,0.087875
9177,11793,0.20715
9178,19923,0.549285
9179,19925,0.270198
9180,12282,0.298845
9180,14113,0.186009
9181,19929,0.552142
9182,15961,0.056434
9183,19932,0.351144
9184,11784,0.351632
9185,19934,0.354854
9185,20521,0.354854
9186,13441,0.766123
9187,19937,0.378149
9187,21822,0.378844
9188,19938,0.507162
9189,19941,0.533071
9190,19943,0.118545
9190,16767,0.171814
9191,16984,0.291852
9192,14432,0.199706
9193,11953,0.155863
9194,13044,0.322207
9194,20202,0.116719
9195,12760,0.126821
9195,13245,0.075981
9196,13340,0.129326
9196,20273,0.114993
9197,11953,0.267951
9198,12488,0.338575
9199,13714,0.282963
9199,19983,0.058069
9199,15455,0.052712
9200,19947,0.231754
9201,19493,0.590735
9202,16228,0.309329
9203,11798,0.437188
9203,12012,0.3532
9204,19949,0.617059
9205,11885,0.245959
9206,11838,0.35178
9207,19951,0.859408
9208,19952,0.089425
9209,13688,0.37685
9209,13686,0.238394
9210,13026,0.458958
9211,19954,0.526696
9212,12808,0.173883
9213,12026,0.231921
9214,13080,0.282211
9215,12090,0.212252
9216,12772,0.483012
9217,19955,0.375026
9217,21630,0.375021
9218,17736,0.370463
9219,13549,0.554959
9220,17433,0.15666
9221,12215,0.186977
9222,13311,0.465852
9223,19962,0.369931
9224,19261,0.414521
9225,12090,0.352371
9226,12090,0.368192
9227,18408,0.358298
9228,14029,0.620025
9229,12850,0.437716
9230,11888,0.405385
9231,15757,0.051726
9232,19968,0.27703
9232,20246,0.152752
9232,20876,0.09897
9233,19970,0.086679
9233,20252,0.076767
9234,11798,0.291936
9235,19971,0.498073
9236,11847,0.256422
9236,19976,0.333217
9237,19977,0.168746
9238,19751,0.074172
9238,17035,0.057756
9239,11773,0.313759
9239,19980,0.061994
9240,19981,0.271352
9241,19984,0.188447
9242,11859,0.407803
9243,12213,0.387567
9244,19988,0.283768
9244,21207,0.285852
9245,12287,0.753284
9246,11948,0.482622
9247,11852,0.135909
9248,12707,0.068108
9249,14709,0.477618
9250,17495,0.216313
9251,11851,0.472578
9252,12026,0.310153
9253,13070,0.484845
9253,13647,0.364295
9254,12228,0.12118
9255,11786,0.40048
9255,15198,0.153743
9256,19998,0.143438
9256,20683,0.143401
9257,12414,0.450968
9258,14020,0.273127
9259,20000,0.080239
9259,20973,0.277668
9260,12417,0.386801
9261,20001,0.410772
9262,15231,0.314784
9262,20002,0.203789
9263,15223,0.16774
9264,20003,0.397636
9265,15223,0.660489
9265,14316,0.19331
9266,13201,0.285944
9267,20005,0.658855
9268,12903,0.095923
9269,20006,0.150054
9270,12088,0.493635
9271,20010,0.196904
9271,20700,0.197414
9272,11997,0.331867
9273,11798,0.140791
9274,11885,0.104685
9275,11782,0.353048
9276,12581,0.11872
9277,20012,0.3661
9278,13086,0.230956
9278,13719,0.230526
9279,20013,0.345729
9279,12356,0.158289
9280,20014,0.56174
9281,11851,0.387911
9282,20018,0.182696
9283,12242,0.235214
9284,20019,0.198529
9285,12417,0.260056
9286,11888,0.427181
9287,11862,0.438642
9288,13869,0.601553
9289,20025,0.342522
9290,20026,0.054161
9291,11953,0.33139
9292,11860,0.314651
9293,20027,0.139503
9294,11850,0.067934
9295,16621,0.274279
9296,11773,0.118818
9297,12154,0.186984
9298,20033,0.397441
9299,11804,0.230156
9300,20036,0.422661
9301,14455,0.062539
9302,16617,0.298782
9303,12087,0.265402
9304,13283,0.177732
9304,20929,0.178109
9305,20039,0.188294
9306,20040,0.54095
9307,14519,0.114613
9307,13733,0.170548
9308,20045,0.287788
9309,11794,0.235397
9310,20046,0.492
9311,20047,0.781446
9312,20048,0.097247
9313,16232,0.455062
9314,14613,0.128288
9315,11851,0.308122
9316,18575,0.085837
9316,14593,0.094354
9316,15790,0.17903
9317,20058,0.375773
9318,20060,0.445758
9319,20061,0.197426
9319,21352,0.194861
9319,21648,0.197426
9320,20062,0.333384
9321,18940,0.15509
9321,15090,0.175851
9322,14668,0.527098
9323,13291,0.342375
9324,20063,0.485048
9325,11937,0.390684
9325,14976,0.325801
9326,11798,0.07786
9327,13736,0.287176
9328,20071,0.284666
9328,20701,0.117979
9328,20702,0.117979
9329,17233,0.266703
9330,20072,0.19679
9330,20308,0.182616
9330,21511,0.114269
9331,11852,0.474184
9332,11799,0.31895
9333,20078,0.346854
9333,20863,0.106162
9334,11734,0.131209
9335,20080,0.373672
9336,13167,0.109801
9337,12944,0.144061
9337,12723,0.303777
9338,20081,0.387424
9339,11949,0.704853
9340,14086,0.389565
9340,20119,0.3042
9341,11891,0.261145
9341,13546,0.224139
9342,12213,0.095886
9343,12540,0.359788
9344,20083,0.628385
9345,16320,0.234831
9346,11874,0.258738
9347,12516,0.156342
9347,20084,0.162786
9348,11951,0.531073
9349,13371,0.446228
9349,20720,0.224325
9350,16720,0.231788
9350,17101,0.231191
9351,20085,0.413471
9352,11782,0.313135
9353,12384,0.442712
9354,12213,0.177598
9355,20086,0.817784
9356,20088,0.580805
9357,20089,0.151473
9358,12977,0.328329
9358,21160,0.28788
9359,20091,0.262184
9360,11949,0.539803
9361,20093,0.805326
9362,18544,0.463723
9363,15252,0.268603
9364,11812,0.280069
9365,12414,0.360397
9366,20094,0.469715
9367,15214,0.343211
9368,12619,0.356237
9368,13135,0.298275
9369,20097,0.732535
9370,20099,0.227783
9370,20100,0.210048
9371,20101,0.18204
9371,20294,0.085061
9372,20103,0.211234
9373,11772,0.355674
9374,12821,0.291254
9375,20104,0.247251
9376,12026,0.162779
9377,12818,0.321438
9378,11734,0.145215
9379,20107,0.621186
9380,14528,0.290042
9381,12327,0.091448
9382,14110,0.060704
9383,13221,0.118857
9383,20110,0.115888
9383,13260,0.119229
9384,11953,0.436537
9385,14185,0.407144
9386,13381,0.923064
9387,11759,0.260548
9388,12015,0.114395
9388,13036,0.054453
9389,12287,0.291245
9390,12083,0.162975
9391,20006,0.297494
9392,20116,0.357604
9393,13765,0.219404
9393,13185,0.065144
9393,21053,0.096166
9394,11977,0.153996
9395,16832,0.172696
9396,20117,0.21708
9397,20118,0.310364
9398,16372,0.262386
9398,14618,0.262393
9398,21276,0.167463
9399,18944,0.104966
9400,12229,0.391334
9401,11734,0.227278
9402,20121,0.422645
9403,20122,0.060005
9404,20123,0.342611
9405,11764,0.241557
9406,20124,0.211695
9407,20125,0.513618
9408,11784,0.065417
9409,20128,0.253546
9410,12794,0.333211
9410,17952,0.169692
9411,16321,0.314045
9412,19037,0.430085
9413,13016,0.383856
9414,20133,0.545605
9415,20133,0.389068
9416,11749,0.280035
9417,12237,0.110122
9418,12593,0.388594
9418,13733,0.401759
9419,20136,0.32824
9419,20664,0.169233
9420,20139,0.246055
9421,13371,0.5075
9422,17408,0.384228
9423,15498,0.336317
9424,20145,0.396176
9425,11736,0.396094
9426,11948,0.571729
9427,13401,0.172341
9428,12003,0.231404
9428,12652,0.165335
9429,18422,0.228034
9429,13969,0.228239
9430,11811,0.643177
9431,20150,0.737609
9432,20151,0.090554
9433,15362,0.49112
9434,20152,0.379738
9435,11961,0.298884
9436,14062,0.311471
9437,20154,0.156287
9437,20275,0.060589
9437,12105,0.18493
9437,14792,0.147125
9437,18823,0.094706
9437,21801,0.058517
9437,21812,0.060589
9438,13422,0.064287
9439,13550,0.303969
9440,20155,0.266434
9441,12417,0.212441
9441,12319,0.124473
9442,12882,0.524678
9443,20159,0.732275
9444,12521,0.357754
9445,20161,0.099408
9446,11994,0.54501
9447,20163,0.261362
9448,18786,0.196501
9449,19407,0.28676
9449,18801,0.270055
9450,11794,0.149182
9451,12570,0.416421
9452,18406,0.602957
9453,14715,0.300577
9454,14280,0.468922
9455,20166,0.337459
9456,20168,0.306061
9456,20724,0.165509
9457,11851,0.524171
9458,12865,0.288815
9458,12883,0.289709
9458,20171,0.151957
9459,20172,0.535351
9460,11754,0.25411
9461,20175,0.060827
9462,11811,0.335867
9463,11953,0.225226
9464,12348,0.191065
9465,11820,0.29709
9466,11822,0.695725
9467,15891,0.272671
9468,20177,0.239101
9468,21557,0.264327
9469,13865,0.678089
9470,20178,0.823741
9471,15179,0.884627
9472,12417,0.116594
9472,11969,0.104417
9473,11759,0.073639
9474,16336,0.058408
9475,20183,0.188177
9476,12083,0.10939
9476,13244,0.131408
9477,11859,0.441162
9478,12087,0.310373
9479,19285,0.203885
9479,20706,0.096331
9479,20992,0.098476
9480,12155,0.05232
9481,11771,0.192976
9482,15590,0.183939
9482,11771,0.428042
9482,21080,0.122815
9483,15622,0.348642
9484,11850,0.280475
9485,11888,0.285475
9486,20189,0.108541
9486,20391,0.079918
9486,21869,0.104639
9487,12724,0.186801
9488,20190,0.402481
9489,20191,0.563804
9490,20192,0.295718
9491,13729,0.349798
9492,20193,0.11708
9492,21403,0.065008
9493,12218,0.292793
9494,15099,0.401811
9495,12213,0.184167
9496,12238,0.171463
9496,13243,0.207403
9497,20196,0.062556
9497,13163,0.130581
9497,21580,0.13309
9498,15362,0.753298
9499,11885,0.316881
9500,12064,0.200594
9501,20200,0.188091
9502,12121,0.423313
9503,11951,0.085468
9504,15634,0.429422
9505,17434,0.214576
9506,19436,0.209817
9507,12563,0.079648
9508,20203,0.308946
9509,20205,0.272532
9510,13091,0.10787
9511,11773,0.214304
9512,20206,0.199227
9513,12593,0.261289
9513,13733,0.268609
9513,12208,0.305029
9514,12013,0.409946
9515,20208,0.221647
9516,20209,0.717825
9517,18329,0.306285
9518,18329,0.150927
9519,20211,0.250507
9520,20213,0.12804
9520,21362,0.128038
9521,11874,0.066399
9522,15590,0.252655
9522,11948,0.429072
9523,11771,0.32378
9524,11852,0.233643
9525,11953,0.767095
9526,20217,0.361386
9527,14252,0.078001
9527,20697,0.055078
9528,11922,0.204663
9529,13320,0.331049
9530,20221,0.643413
9531,11852,0.093844
9532,20222,0.211031
9533,20224,0.283504
9534,11785,0.348279
9535,20225,0.136019
9535,21600,0.1961
9536,13170,0.552967
9537,11794,0.391377
9538,11872,0.182114
9539,17836,0.369028
9540,20228,0.414351
9541,13214,0.130243
9541,20229,0.153143
9541,20230,0.177224
9541,17154,0.132998
9542,20231,0.598333
9543,11771,0.242397
9544,20232,0.350081
9545,20234,0.09148
9546,20050,0.37593
9546,21694,0.310485
9547,11798,0.680024
9548,19149,0.233676
9549,11804,0.18758
9550,17793,0.152453
9550,20882,0.118025
9551,18853,0.345667
9552,20239,0.359612
9553,11910,0.419861
9554,20240,0.215398
9554,12227,0.050218
9555,20014,0.50439
9556,19311,0.299566
9557,20242,0.624141
9558,20243,0.159582
9559,12883,0.63337
9560,20247,0.387533
9561,13931,0.542044
9562,11799,0.283053
9563,20248,0.325667
9563,21818,0.230478
9564,20249,0.314265
9565,15875,0.245576
9566,11781,0.334858
9567,13113,0.199112
9567,13080,0.132205
9567,20251,0.170231
9568,12015,0.245588
9569,18295,0.229234
9570,19804,0.302147
9570,12428,0.116915
9571,13026,0.050936
9571,12855,0.183616
9572,20256,0.246688
9572,20315,0.095147
9572,21050,0.117069
9573,11785,0.543469
9574,11809,0.35343
9575,11759,0.143795
9576,11922,0.070018
9577,20258,0.715511
9578,20259,0.328785
9579,20260,0.646134
9580,20263,0.070658
9580,20405,0.090046
9580,18748,0.204985
9581,17041,0.444816
9582,13936,0.483868
9582,20267,0.214158
9583,20270,0.518407
9584,20271,0.91851
9585,14156,0.077936
9586,17519,0.410164
9587,12314,0.762633
9588,11969,0.23245
9589,11949,0.292649
9590,11860,0.262732
9591,20277,0.426379
9592,13392,0.283014
9593,17101,0.309233
9594,11734,0.3556
9595,20279,0.370387
9596,20280,0.668127
9597,20282,0.413601
9598,14741,0.084748
9599,20283,0.211126
9599,12299,0.169818
9600,13166,0.285532
9601,11780,0.315272
9602,15913,0.378637
9603,12099,0.47455
9604,20285,0.472182
9605,20286,0.379005
9605,14441,0.254858
9605,12793,0.097067
9606,11781,0.156042
9607,12820,0.242819
9608,12214,0.45683
9609,17084,0.382983
9610,12012,0.071225
9611,11734,0.219058
9612,11781,0.074999
9613,11852,0.36599
9614,13202,0.417729
9615,20291,0.24132
9616,15312,0.389428
9616,11775,0.271479
9617,12004,0.552501
9618,13865,0.187882
9619,12753,0.361353
9620,11772,0.326792
9621,20295,0.731507
9622,12225,0.194374
9623,20296,0.205551
9624,13041,0.068313
9625,13733,0.3943
9626,13108,0.605276
9627,16228,0.324942
9628,20297,0.729301
9629,20298,0.308763
9629,17405,0.16752
9630,17187,0.289364
9631,13940,0.316162
9632,20302,0.458148
9633,20304,0.448642
9634,14624,0.076631
9635,11885,0.712156
9636,12414,0.148329
9637,12700,0.460945
9638,13628,0.409405
9639,20306,0.302722
9640,11794,0.053093
9641,18488,0.537946
9642,20309,0.100681
9643,20310,0.150102
9644,20311,0.258262
9645,20314,0.172263
9646,15252,0.130768
9647,13323,0.139626
9648,20316,0.264419
9649,15951,0.431777
9649,14956,0.144994
9650,15042,0.464337
9651,20317,0.307654
9652,20318,0.304097
9653,15901,0.371346
9654,14429,0.193714
9655,17565,0.413319
9656,11798,0.223879
9657,20326,0.309886
9657,12355,0.555003
9658,11794,0.30365
9659,20327,0.327922
9660,20329,0.413444
9661,20330,0.586873
9662,12820,0.423977
9663,15517,0.202915
9664,11785,0.381438
9665,13468,0.322678
9666,20332,0.287009
9667,20333,0.467971
9668,11759,0.261895
9669,12423,0.506404
9670,11953,0.452095
9671,20336,0.16337
9671,20337,0.090127
9671,21381,0.095509
9672,20338,0.462681
9673,20339,0.432362
9674,20340,0.544696
9675,20341,0.173144
9676,11951,0.364861
9677,19166,0.278806
9678,20343,0.399006
9679,12059,0.151755
9680,16711,0.84361
9681,17191,0.198843
9682,12277,0.425652
9682,12828,0.429258
9683,19297,0.496673
9684,13677,0.234897
9685,11829,0.693335
9686,20351,0.272714
9687,11798,0.357489
9687,12087,0.067488
9688,20353,0.316884
9689,20354,0.05018
9690,18204,0.349546
9691,11785,0.333181
9692,20359,0.562878
9693,20361,0.210563
9694,17611,0.223892
9695,19886,0.673366
9696,12355,0.321586
9697,17788,0.152188
9698,13284,0.320229
9699,12155,0.614366
9700,11782,0.301188
9701,20368,0.379212
9702,14385,0.220724
9703,20369,0.178544
9703,21025,0.229088
9704,20371,0.116825
9704,12884,0.088086
9705,12675,0.502983
9706,20373,0.186452
9706,20374,0.580152
9707,12819,0.07704
9708,12818,0.405483
9709,11951,0.551177
9710,13940,0.277171
9710,12087,0.230616
9711,12581,0.396888
9712,20377,0.269114
9712,21891,0.159708
9713,20378,0.192831
9714,12154,0.431813
9715,11953,0.426646
9716,11852,0.323625
9716,11850,0.300076
9717,20383,0.459229
9718,20385,0.83325
9719,20386,0.408409
9720,11794,0.262987
9721,11969,0.231066
9722,12493,0.27254
9723,12493,0.10952
9724,20389,0.578152
9725,20394,0.344562
9725,20993,0.157776
9726,20395,0.563102
9727,11949,0.350894
9728,12013,0.45023
9729,11799,0.387251
9730,11739,0.25077
9731,20397,0.104905
9731,12803,0.162674
9732,11771,0.206427
9733,20398,0.457727
9734,15550,0.208804
9734,16225,0.144095
9735,20399,0.427848
9736,20401,0.191333
9736,17633,0.156426
9737,11891,0.257159
9738,20402,0.371745
9739,15961,0.272564
9740,11794,0.095189
9741,14062,0.374874
9742,13073,0.187794
9743,11771,0.299237
9744,12237,0.51757
9745,20413,0.236824
9746,13783,0.297206
9747,15722,0.291126
9748,20415,0.161242
9749,11781,0.331287
9750,13511,0.367611
9751,13883,0.48317
9752,19936,0.331927
9752,14928,0.104382
9753,20419,0.165512
9753,21550,0.259349
9754,20420,0.619231
9755,18060,0.290431
9755,18792,0.11748
9755,16268,0.058717
9756,12417,0.175879
9757,20422,0.321509
9758,17423,0.061307
9759,19639,0.316285
9760,14263,0.144483
9761,20429,0.567778
9762,20430,0.190396
9763,14423,0.684171
9764,12213,0.198537
9765,15540,0.076977
9766,11969,0.061053
9767,20432,0.331267
9768,13890,0.343242
9769,14856,0.092744
9770,14130,0.337382
9771,20433,0.355216
9772,20434,0.470813
9773,11795,0.464404
9774,20435,0.447898
9775,15240,0.136095
9776,20436,0.538832
9777,11804,0.125895
9778,19338,0.353214
9779,11872,0.155595
9780,20443,0.371038
9781,11949,0.332668
9782,12087,0.294829
9783,20446,0.558097
9784,12232,0.211644
9785,12482,0.251533
9786,12242,0.078355
9786,11948,0.325735
9787,12350,0.503589
9788,11799,0.246565
9789,12013,0.490104
9790,12215,0.224529
9791,17786,0.420512
9792,15003,0.252213
9793,11734,0.199066
9794,12309,0.546442
9794,17657,0.231492
9795,13912,0.357339
9796,11749,0.604367
9797,18901,0.165762
9797,22006,0.085903
9798,20459,0.217573
9799,20461,0.150515
9800,11798,0.332681
9801,12224,0.323014
9802,13910,0.297375
9803,20462,0.385226
9804,20463,0.169911
9805,20465,0.22468
9806,11859,0.054686
9807,20466,0.227802
9808,17074,0.317458
9808,13851,0.171327
9809,12287,0.412976
9810,11885,0.316811
9811,12155,0.105105
9812,18354,0.381232
9812,21621,0.314582
9813,11885,0.249709
9814,11852,0.301493
9815,20469,0.098362
9815,20630,0.098362
9816,11949,0.610069
9817,20470,0.260024
9818,20472,0.254369
9819,15439,0.203628
9820,12417,0.272445
9821,11799,0.195616
9822,20473,0.084833
9823,11783,0.312022
9824,20475,0.081621
9824,20589,0.081621
9824,21496,0.081676
9825,11794,0.176951
9826,17729,0.234266
9827,20478,0.385027
9827,20479,0.262126
9828,20480,0.159657
9829,20482,0.41777
9830,13213,0.122861
9831,11781,0.052314
9832,20483,0.522243
9833,20484,0.516263
9834,20485,0.442426
9835,11860,0.137833
9836,20488,0.190703
9837,12237,0.423794
9838,19010,0.230949
9839,16067,0.27269
9840,11773,0.40297
9841,20492,0.091987
9841,20493,0.161232
9841,20496,0.054159
9841,12183,0.054158
9841,15046,0.075552
9842,20494,0.264559
9843,12009,0.366546
9844,20498,0.397951
9845,18513,0.098963
9846,14790,0.403615
9847,20500,0.455329
9848,11953,0.469198
9849,14444,0.151653
9849,12576,0.224397
9850,20502,0.105576
9850,20593,0.28187
9850,21342,0.075733
9851,12088,0.115782
9852,20505,0.254516
9853,11872,0.413166
9854,13178,0.31902
9855,11734,0.186835
9856,20506,0.430125
9857,19045,0.350979
9858,19958,0.427964
9859,13371,0.445288
9859,13505,0.232769
9860,13940,0.449865
9861,20510,0.319899
9861,20511,0.282375
9862,20513,0.178145
9863,18796,0.78082
9864,15634,0.056652
9865,20515,0.49815
9866,11850,0.262192
9867,20517,0.611519
9868,20519,0.382582
9869,20522,0.503297
9870,20523,0.286987
9870,21849,0.154437
9871,15546,0.319142
9871,17535,0.050753
9871,15981,0.068725
9872,17433,0.309803
9873,13026,0.315726
9874,11812,0.124918
9875,11798,0.369545
9876,20525,0.086743
9877,20526,0.435019
9878,20527,0.20708
9879,20528,0.277532
9880,17796,0.479542
9881,14002,0.246254
9882,13389,0.152515
9882,19528,0.138882
9883,11885,0.334576
9884,12090,0.207041
9885,20531,0.964509
9886,20532,0.779289
9887,19581,0.398062
9888,20533,0.405999
9889,20534,0.553659
9890,12087,0.076994
9891,13130,0.326959
9892,16597,0.270926
9893,20535,0.123858
9894,12287,0.168643
9895,20536,0.157555
9895,20753,0.282835
9896,20537,0.424791
9897,11922,0.241801
9898,20539,0.691498
9899,14421,0.305743
9900,15012,0.076314
9901,13261,0.863392
9902,11995,0.110842
9902,20542,0.222242
9902,20424,0.099779
9903,11795,0.257512
9904,20545,0.232762
9905,13809,0.373296
9906,20547,0.234102
9906,21815,0.193221
9907,12087,0.07755
9908,11804,0.186372
9908,19213,0.078242
9909,20553,0.729906
9910,20555,0.400029
9911,20557,0.427739
9912,15439,0.394326
9913,11733,0.260287
9913,21649,0.1469
9914,20558,0.285176
9914,20745,0.257314
9915,12923,0.438478
9915,16388,0.301312
9916,12215,0.173401
9917,17372,0.295351
9917,13052,0.163985
9918,12580,0.200224
9919,17652,0.204946
9920,15875,0.44667
9921,11852,0.094769
9922,19012,0.358994
9923,16536,0.474677
9924,20564,0.578222
9925,20565,0.226908
9926,20373,0.471545
9926,20374,0.374056
9927,20566,0.391896
9928,20570,0.355141
9929,20571,0.439781
9930,15961,0.403609
9931,18194,0.83825
9932,13085,0.638227
9932,20573,0.227462
9933,14587,0.224161
9934,13080,0.617954
9935,20575,0.216839
9936,20576,0.263859
9937,20578,0.275067
9938,12090,0.156053
9939,20579,0.304574
9940,11891,0.327837
9941,12580,0.334336
9942,14110,0.063711
9943,15578,0.202594
9944,19697,0.58353
9945,20581,0.229225
9946,14742,0.267871
9946,18672,0.170993
9946,21239,0.078379
9946,13710,0.07712
9947,16447,0.309066
9947,13700,0.255455
9948,11773,0.589006
9949,11852,0.187316
9949,11850,0.096437
9950,11734,0.208501
9951,20585,0.283626
9952,12083,0.273575
9953,11799,0.737011
9954,20588,0.127565
9954,19745,0.101128
9954,21441,0.101128
9955,13707,0.471654
9956,12414,0.111115
9957,20591,0.287386
9958,11736,0.386274
9959,11759,0.056346
9960,20598,0.408955
9961,11888,0.135201
9962,12700,0.056435
9963,11888,0.156959
9964,11784,0.148089
9965,12124,0.223879
9965,12446,0.263087
9966,12525,0.293931
9966,13788,0.27384
9967,11953,0.108406
9968,11838,0.320136
9969,20607,0.701442
9970,13668,0.541787
9971,11949,0.274762
9971,20611,0.285258
9972,13494,0.320594
9973,20614,0.313126
9974,20615,0.55519
9975,20620,0.157596
9976,14894,0.184319
9977,14339,0.228185
9978,11953,0.472386
9979,12650,0.355042
9979,21851,0.161366
9980,20623,0.439026
9981,11953,0.194431
9982,20627,0.54192
9983,20628,0.260866
9984,17432,0.09866
9985,19394,0.211048
9986,11872,0.218395
9987,11798,0.285295
9988,11885,0.352883
9989,12191,0.282697
9989,20289,0.086478
9989,13704,0.189552
9989,21853,0.189566
9990,20631,0.329938
9991,11799,0.097686
9992,13256,0.242416
9993,20632,0.503551
9994,20633,0.231939
9995,20634,0.223307
9996,20635,0.154811
9996,21918,0.154811
9997,20636,0.221385
9997,11910,0.13885
9997,20637,0.14631
9998,20638,0.292319
9999,11953,0.233267
10000,13027,0.248138
10000,11779,0.186482
10001,20640,0.207366
10002,12045,0.414332
10003,17434,0.701643
10004,16034,0.152048
10005,20641,0.644413
10006,16637,0.334376
10007,20642,0.409439
10008,11833,0.608061
10009,13038,0.119999
10010,17365,0.411331
10011,20647,0.583137
10012,20648,0.152358
10013,11969,0.383658
10014,12087,0.212074
10015,11923,0.858062
10016,19186,0.051436
10016,12806,0.096693
10016,12367,0.284381
10016,13001,0.11513
10017,20650,0.489618
10018,20651,0.124514
10019,13135,0.370929
10019,20119,0.289127
10020,19943,0.319576
10021,12298,0.453507
10022,20652,0.250905
10023,20624,0.238011
10024,12188,0.302211
10025,15327,0.209714
10026,11851,0.284748
10027,12662,0.232701
10028,12237,0.754371
10029,11759,0.25093
10030,12319,0.457704
10031,12516,0.060875
10032,12090,0.139439
10033,20661,0.339731
10034,11900,0.151774
10034,12220,0.336661
10035,12820,0.482589
10036,20665,0.063897
10036,21493,0.173423
10037,11908,0.348844
10038,18329,0.360653
10039,17477,0.585103
10040,11948,0.353798
10041,20668,0.441547
10042,20669,0.623964
10043,20670,0.438911
10044,11736,0.254369
10045,20111,0.414448
10046,12818,0.29583
10047,12129,0.276842
10048,13938,0.301888
10049,20676,0.253085
10050,11804,0.298567
10051,20677,0.099182
10052,13284,0.141831
10053,12944,0.362243
10054,12417,0.273862
10054,19056,0.197409
10055,14183,0.079297
10056,20681,0.612223
10057,19202,0.234488
10058,20684,0.193784
10059,11768,0.355859
10060,13278,0.051749
10061,19581,0.77304
10062,11888,0.065506
10063,11773,0.08356
10064,20686,0.572398
10065,18250,0.187511
10065,17875,0.094705
10066,20688,0.166277
10067,15837,0.285538
10068,19453,0.524408
10069,20690,0.262646
10070,11975,0.507414
10071,17666,0.240862
10072,12155,0.087142
10073,15757,0.471475
10074,12141,0.207233
10074,21982,0.132344
10075,20696,0.561482
10076,13167,0.795301
10077,20699,0.338291
10078,16271,0.527044
10079,13979,0.376822
10079,13544,0.371866
10080,12819,0.327267
10081,13432,0.547958
10082,17001,0.069844
10082,18575,0.09722
10083,12213,0.423256
10083,11873,0.373534
10084,20703,0.169573
10084,19786,0.389467
10085,12093,0.118063
10085,17885,0.267619
10086,20705,0.254876
10086,20830,0.142438
10087,13270,0.217132
10087,20708,0.319407
10088,13070,0.331559
10089,16616,0.345169
10090,11794,0.245662
10091,20170,0.276288
10092,12217,0.29003
10093,12054,0.42075
10094,20711,0.342792
10095,12488,0.42979
10096,12242,0.763347
10097,15508,0.571155
10098,15920,0.73851
10099,11953,0.240785
10100,17994,0.423096
10101,20717,0.821963
10102,17303,0.30004
10103,12808,0.134473
10104,13085,0.258658
10104,17057,0.117111
10104,14199,0.17931
10105,12435,0.483759
10106,13371,0.283997
10106,20719,0.255148
10107,12448,0.585511
10108,13446,0.774306
10109,15015,0.332515
10110,13684,0.512619
10110,20347,0.177403
10111,20725,0.619182
10112,12224,0.136007
10112,17502,0.193961
10113,11799,0.436455
10114,12785,0.531613
10115,18368,0.540675
10116,20728,0.535451
10117,11793,0.766209
10118,15439,0.274057
10119,16282,0.193461
10120,11851,0.272927
10121,20733,0.123286
10121,14321,0.174842
10121,13001,0.08271
10122,20734,0.592733
10123,13080,0.225837
10124,11943,0.280038
10125,12213,0.296526
10126,15634,0.230156
10127,11772,0.807975
10128,11772,0.622797
10129,17809,0.642716
10130,20738,0.273714
10131,14408,0.351625
10132,11794,0.26161
10133,20739,0.373327
10134,20740,0.081828
10135,15401,0.525541
10136,12083,0.275263
10136,11799,0.236398
10137,17809,0.463806
10138,15714,0.181181
10138,13384,0.150619
10139,11759,0.078553
10140,16507,0.206809
10141,14956,0.141821
10141,14145,0.378533
10142,20743,0.512149
10143,15240,0.687628
10144,12257,0.526963
10144,12944,0.24408
10145,20747,0.209481
10146,11795,0.479224
10147,20752,0.61091
10148,20755,0.907455
10149,12087,0.088628
10150,20757,0.298729
10150,13061,0.082413
10151,20758,0.699505
10152,20759,0.699486
10153,12488,0.395766
10154,20760,0.244786
10155,20762,0.238261
10156,11727,0.296577
10157,20764,0.330367
10157,13736,0.236831
10158,11994,0.356939
10159,20765,0.157502
10160,20766,0.299171
10161,11874,0.18322
10162,20006,0.557099
10163,12764,0.575871
10164,11785,0.083829
10165,13950,0.518458
10166,11851,0.372095
10167,20240,0.359709
10168,20773,0.512518
10169,13080,0.081707
10170,20774,0.241929
10171,11773,0.18414
10172,20775,0.2192
10173,11908,0.237414
10174,11799,0.226477
10175,11874,0.168323
10176,11734,0.050117
10177,20778,0.322394
10178,12088,0.573073
10179,18571,0.779642
10180,12087,0.276443
10181,11785,0.69988
10182,20782,0.430414
10183,20785,0.419159
10184,12414,0.076706
10185,11829,0.499003
10186,18072,0.510467
10187,15654,0.457631
10188,18043,0.349022
10189,14590,0.353402
10189,14589,0.083554
10190,16002,0.469568
10191,20792,0.618473
10192,12661,0.782454
10193,20794,0.234348
10194,12700,0.373866
10195,20795,0.243264
10196,20796,0.139297
10196,21596,0.194166
10197,11734,0.119474
10198,20798,0.402851
10199,11948,0.464879
10200,20800,0.417752
10201,13984,0.549695
10202,11850,0.073219
10203,15252,0.130227
10204,11771,0.164931
10205,20801,0.290881
10206,14103,0.185044
10206,12820,0.281447
10207,12214,0.622016
10208,11852,0.498525
10209,15830,0.509094
10210,11798,0.301029
10211,12012,0.057612
10212,11953,0.16336
10213,20803,0.170664
10213,22040,0.246092
10214,11961,0.239469
10215,16843,0.23258
10216,12090,0.252832
10217,12164,0.167995
10217,20804,0.184053
10218,11922,0.12553
10219,20809,0.834038
10220,20810,0.076369
10221,20811,0.518597
10222,20813,0.425326
10223,12090,0.345684
10224,20817,0.498106
10225,12319,0.145116
10226,20818,0.395702
10227,20820,0.463908
10228,20821,0.21179
10229,11794,0.301734
10230,16543,0.585083
10231,20826,0.597246
10232,14212,0.535525
10233,20828,0.076654
10234,20829,0.127221
10235,13931,0.244449
10236,11862,0.257919
10237,11799,0.155081
10238,13455,0.693232
10239,12556,0.258337
10240,20835,0.17594
10240,14461,0.193136
10241,20836,0.650665
10242,20837,0.531947
10243,12367,0.413381
10244,20839,0.543349
10245,13189,0.154449
10245,12404,0.151144
10246,11782,0.362573
10247,14120,0.186639
10247,13116,0.219663
10248,13002,0.340919
10249,12818,0.720488
10250,13701,0.223595
10251,20841,0.415603
10252,12242,0.329866
10253,11785,0.069294
10254,11785,0.074788
10255,20842,0.184379
10255,21887,0.184341
10256,20845,0.621453
10257,20848,0.123297
10258,15380,0.571059
10259,20849,0.219268
10259,12685,0.163053
10259,14430,0.162459
10260,15334,0.382345
10261,12700,0.72339
10262,20119,0.505288
10263,12700,0.309834
10264,20853,0.634196
10265,19394,0.255756
10265,19397,0.234737
10265,21442,0.074297
10266,11773,0.30563
10267,20854,0.212267
10267,21868,0.297372
10268,20855,0.152013
10268,21832,0.109042
10269,11785,0.086776
10270,20857,0.218015
10271,12950,0.208345
10272,13479,0.431775
10273,14252,0.143027
10274,11885,0.373802
10274,12087,0.168888
10275,11749,0.051983
10275,20860,0.060521
10275,21057,0.059534
10275,12227,0.060091
10276,12168,0.785591
10277,20584,0.064208
10277,12706,0.068037
10278,20862,0.325163
10279,12171,0.480133
10280,11922,0.383553
10281,11734,0.122186
10282,20865,0.243315
10283,15257,0.23183
10284,20867,0.198577
10285,16518,0.620029
10286,20868,0.418465
10287,20869,0.411431
10288,20870,0.395878
10289,20871,0.506501
10290,11969,0.265859
10291,15439,0.06165
10292,20873,0.408493
10293,11771,0.194139
10294,20877,0.446409
10295,11771,0.405314
10295,11850,0.452545
10296,20879,0.14592
10297,20881,0.212036
10297,20891,0.21207
10298,20884,0.166585
10299,12085,0.266924
10300,11888,0.271485
10301,15781,0.086085
10302,20888,0.785762
10303,12793,0.337281
10304,20889,0.234355
10305,11797,0.551217
10306,20893,0.171717
10307,20894,0.352925
10307,13218,0.334011
10308,20897,0.930252
10309,20898,0.320443
10310,12056,0.14497
10311,11852,0.193026
10312,20903,0.315758
10312,21960,0.226865
10313,11860,0.163525
10314,20905,0.100027
10314,21937,0.128381
10315,11794,0.33719
10316,13170,0.397061
10317,20906,0.118877
10318,14391,0.229287
10319,13347,0.14398
10319,21084,0.120991
10320,20587,0.238418
10321,12547,0.189934
10322,19061,0.413092
10323,12083,0.089563
10324,20909,0.188418
10325,20910,0.277362
10326,11798,0.176323
10327,11783,0.429987
10328,16270,0.337898
10328,21835,0.145465
10329,11781,0.087347
10330,20914,0.324409
10331,19359,0.28595
10332,13039,0.196167
10333,20915,0.321509
10334,20917,0.628368
10335,20918,0.159542
10336,20920,0.124048
10337,20921,0.268778
10338,12417,0.25888
10339,20923,0.430551
10340,12013,0.313261
10341,11874,0.39173
10342,12700,0.408909
10343,19317,0.564815
10344,20927,0.432652
10345,20928,0.399486
10345,12716,0.240208
10346,20930,0.33695
10346,13001,0.328319
10347,20932,0.382758
10348,11798,0.294237
10349,11794,0.344115
10350,12287,0.233868
10351,16943,0.295059
10351,20935,0.155607
10352,13284,0.411041
10353,20936,0.251106
10354,20937,0.153202
10355,20938,0.292819
10356,17697,0.370227
10357,20940,0.663502
10358,12563,0.218815
10359,12215,0.480413
10360,20943,0.443775
10361,11749,0.09264
10362,13405,0.379192
10362,13501,0.445021
10363,11783,0.249449
10364,20947,0.675872
10365,12213,0.581571
10366,20948,0.593214
10367,13070,0.456441
10368,12083,0.245622
10369,12600,0.1869
10369,16527,0.201062
10370,11953,0.138339
10371,16683,0.159639
10371,13713,0.18743
10372,14119,0.336126
10373,20950,0.216075
10374,20951,0.348217
10375,20952,0.085136
10375,21978,0.120106
10376,20953,0.440321
10377,20954,0.126919
10377,16299,0.065877
10378,20955,0.163736
10379,14250,0.311502
10380,15039,0.386826
10381,15108,0.548081
10382,12443,0.270303
10383,20958,0.884769
10384,20960,0.467202
10385,16273,0.09017
10385,20961,0.100354
10385,21470,0.098874
10386,20962,0.571998
10387,13495,0.095413
10388,11771,0.114619
10389,11950,0.249499
10390,13576,0.427457
10391,20964,0.375247
10392,18716,0.542237
10393,11758,0.408395
10393,20923,0.242503
10394,20965,0.496987
10395,20967,0.068375
10396,20969,0.600607
10397,11953,0.091431
10398,12088,0.26955
10399,11865,0.528144
10400,11736,0.33801
10401,12089,0.062538
10402,11781,0.23764
10403,14665,0.51314
10404,12154,0.29301
10405,11799,0.051866
10406,20975,0.251533
10406,21855,0.18629
10407,12384,0.770103
10408,20648,0.586631
10409,20978,0.085375
10410,17325,0.084652
10410,21046,0.251835
10410,14194,0.089416
10411,20111,0.299881
10411,21367,0.29986
10412,19948,0.110278
10413,20984,0.644968
10414,20988,0.300124
10415,20989,0.348684
10416,11794,0.227556
10417,16425,0.161518
10417,17133,0.094521
10417,21907,0.080839
10418,11954,0.28503
10419,11850,0.780766
10420,11874,0.596449
10421,20996,0.723468
10422,17412,0.051686
10423,20864,0.304097
10423,19057,0.193376
10424,19751,0.059771
10425,13554,0.205821
10425,13016,0.159121
10426,13081,0.215734
10427,21000,0.702392
10428,12757,0.609973
10429,21002,0.377165
10430,11953,0.146332
10431,15716,0.815064
10432,21004,0.493364
10433,11943,0.340289
10434,12899,0.40026
10435,21005,0.415722
10436,11852,0.44129
10437,11785,0.161569
10438,21008,0.303513
10439,21009,0.824818
10440,11948,0.380022
10441,21011,0.66539
10442,17597,0.231175
10443,21012,0.778001
10444,21015,0.463258
10444,21425,0.217132
10445,21016,0.188856
10445,21732,0.263195
10446,21017,0.688092
10447,14810,0.184619
10447,14537,0.187009
10448,21018,0.211365
10449,21023,0.169626
10450,16438,0.166395
10451,21024,0.437276
10452,11874,0.258986
10453,16493,0.05864
10454,21027,0.511389
10455,18228,0.198017
10456,11781,0.266327
10457,21029,0.419245
10458,11799,0.293752
10459,21031,0.165099
10459,21032,0.158751
10460,21033,0.104964
10461,20234,0.173645
10462,12302,0.406733
10463,12015,0.503943
10464,21035,0.685245
10465,12690,0.246452
10466,21040,0.102224
10466,21353,0.142135
10466,21522,0.053507
10467,11734,0.14907
10468,13059,0.264453
10468,11786,0.146924
10469,21041,0.428381
10470,21042,0.658809
10471,21043,0.334052
10472,15108,0.312525
10473,12015,0.399251
10474,21045,0.202913
10475,21047,0.083339
10476,11794,0.141169
10477,16657,0.31412
10478,21052,0.572164
10479,21054,0.32643
10480,11950,0.157149
10481,21060,0.289468
10482,21062,0.647961
10483,21063,0.815293
10484,21064,0.244843
10484,21483,0.360368
10485,21066,0.412973
10486,11771,0.241927
10487,20368,0.154516
10488,12090,0.356932
10489,15628,0.258332
10490,21069,0.15208
10490,21070,0.318297
10491,12215,0.456231
10492,11953,0.151135
10493,17434,0.834692
10494,21072,0.201616
10494,21075,0.201616
10495,12086,0.299596
10496,11969,0.423555
10497,11734,0.314148
10497,11872,0.075389
10498,14117,0.1355
10499,11735,0.159258
10500,21074,0.211356
10501,11888,0.298087
10502,11943,0.72046
10503,19494,0.292038
10504,21077,0.357071
10505,14230,0.263479
10506,12747,0.091834
10507,17830,0.268786
10507,13250,0.267994
10507,15824,0.268748
10508,12558,0.214843
10509,15006,0.190194
10509,12013,0.142027
10510,16838,0.086321
10511,16268,0.352054
10511,14352,0.14564
10512,11764,0.494904
10513,21085,0.205403
10514,13789,0.48921
10514,15263,0.252473
10515,11949,0.206088
10516,21088,0.269354
10517,21089,0.365781
10518,14853,0.389961
10519,12680,0.828833
10520,21095,0.289352
10521,11795,0.418761
10522,21097,0.39643
10523,11798,0.15894
10524,21098,0.149303
10524,20510,0.15003
10525,13862,0.218887
10526,13940,0.485591
10527,21102,0.227738
10528,20739,0.194964
10529,21103,0.274529
10530,12819,0.156885
10531,21104,0.129142
10532,15999,0.422866
10533,12237,0.339107
10534,21105,0.667752
10535,12552,0.196825
10536,21108,0.09751
10537,18757,0.306165
10538,11772,0.420287
10539,12905,0.256704
10539,11795,0.254618
10540,11851,0.338223
10541,19170,0.476435
10542,11852,0.648103
10543,16085,0.235558
10544,11773,0.672915
10545,12320,0.372863
10546,13149,0.169777
10547,21115,0.467906
10548,12087,0.290614
10549,21116,0.858099
10550,21117,0.461741
10551,12155,0.210268
10552,21118,0.73086
10553,21119,0.341588
10554,21120,0.423839
10555,13925,0.379013
10555,13664,0.274441
10556,11860,0.247491
10557,17589,0.225643
10557,18724,0.077986
10557,22009,0.142528
10557,22010,0.142528
10557,22011,0.098318
10558,18422,0.377255
10559,11811,0.466732
10560,11908,0.247345
10561,11851,0.190567
10562,21125,0.326851
10562,14956,0.268423
10562,21126,0.208806
10563,20080,0.490048
10564,11771,0.353483
10565,11771,0.519704
10566,11874,0.285156
10567,21130,0.274317
10568,11795,0.823361
10569,17089,0.319928
10570,11794,0.236327
10571,12425,0.457436
10572,21136,0.331575
10572,21297,0.192908
10573,21137,0.43692
10574,21138,0.418687
10575,11885,0.231513
10576,12977,0.231423
10576,14963,0.368178
10577,11781,0.120285
10578,12194,0.145522
10579,11948,0.27701
10580,11886,0.388476
10581,11782,0.441363
10582,14255,0.846579
10583,21145,0.422275
10584,14837,0.27899
10585,21146,0.15961
10586,13196,0.12317
10587,21147,0.701782
10588,12287,0.2444
10589,12488,0.246861
10590,18796,0.181172
10591,11953,0.213771
10592,12217,0.236301
10593,14474,0.499001
10594,21150,0.104962
10595,14185,0.215842
10595,21151,0.154796
10595,13493,0.215079
10596,16880,0.12458
10597,12087,0.271121
10598,21153,0.202773
10599,21154,0.583248
10600,21155,0.189938
10600,13514,0.132332
10601,21156,0.839707
10602,21157,0.202008
10603,20899,0.190438
10604,21159,0.46018
10605,11759,0.228002
10606,21164,0.120406
10607,15613,0.36702
10608,12154,0.129433
10609,11969,0.843677
10610,11949,0.314419
10611,11749,0.091554
10612,21168,0.43321
10613,15006,0.387352
10614,21170,0.394904
10615,13656,0.364099
10616,17589,0.419999
10617,11804,0.462692
10618,14310,0.535751
10619,15014,0.597263
10620,13890,0.245654
10621,12563,0.131156
10622,21172,0.155721
10623,21173,0.274229
10624,14958,0.247044
10624,17601,0.262593
10625,13888,0.29631
10625,13553,0.151458
10626,12224,0.500199
10627,21177,0.298352
10628,12083,0.141669
10629,12243,0.348192
10630,15232,0.245539
10631,14219,0.140045
10632,14211,0.249494
10633,15604,0.60933
10634,21178,0.213203
10635,14797,0.175384
10636,21183,0.243018
10637,14285,0.397364
10638,15540,0.376471
10639,13969,0.39248
10640,11785,0.751356
10641,17121,0.317331
10642,21185,0.325397
10643,11749,0.052796
10644,12015,0.055375
10645,21188,0.22351
10646,12227,0.128456
10647,21190,0.380333
10648,21191,0.113407
10649,16537,0.341803
10650,21192,0.341298
10651,21193,0.689945
10652,12681,0.360227
10653,11794,0.41543
10654,21194,0.730287
10655,21195,0.606995
10656,21196,0.471284
10657,21197,0.47765
10657,12724,0.280318
10658,11969,0.659015
10659,21198,0.27101
10660,21197,0.153288
10661,21199,0.508822
10662,21200,0.632556
10663,21201,0.333401
10664,11812,0.320514
10665,16764,0.378608
10666,21206,0.440514
10667,12521,0.072367
10668,20883,0.199478
10669,21208,0.446474
10670,14613,0.467952
10671,21209,0.578162
10672,13061,0.695538
10673,21210,0.329599
10674,21211,0.176759
10675,21212,0.119579
10675,21322,0.064802
10676,21213,0.638247
10677,21214,0.161015
10678,12090,0.405563
10679,21215,0.635123
10680,21216,0.333321
10681,21217,0.332279
10682,21219,0.381158
10683,16161,0.573248
10684,12772,0.275395
10685,11781,0.427875
10686,21224,0.612241
10687,21225,0.662903
10688,21226,0.297753
10689,12249,0.159197
10690,21227,0.511871
10691,11749,0.219843
10692,21229,0.475482
10693,13590,0.352185
10694,12087,0.08125
10695,11794,0.402705
10696,17584,0.260201
10697,21233,0.482128
10698,21236,0.14969
10699,21237,0.139096
10699,21824,0.094948
10700,12417,0.186154
10701,13594,0.422008
10701,17263,0.421883
10702,11838,0.281957
10703,21238,0.17189
10704,21240,0.255912
10705,12087,0.198247
10706,11782,0.645656
10707,14110,0.348757
10708,11885,0.273036
10709,21243,0.642705
10710,21244,0.476143
10711,11885,0.245038
10712,13261,0.39749
10713,11759,0.089279
10714,11749,0.070478
10715,15551,0.215742
10716,12446,0.40199
10717,21248,0.763695
10718,17278,0.35435
10719,14741,0.14316
10720,11798,0.248012
10721,21250,0.217767
10722,21251,0.624712
10723,15509,0.146726
10724,21255,0.641936
10725,21256,0.624527
10726,21258,0.421023
10727,15002,0.056696
10728,16435,0.086267
10729,11784,0.099567
10730,12155,0.177918
10731,11969,0.207617
10732,16594,0.268735
10733,21268,0.270433
10734,21269,0.555783
10735,12319,0.711247
10736,12530,0.196102
10737,12655,0.316849
10738,21270,0.429216
10739,12087,0.093634
10740,12090,0.308875
10741,21275,0.153656
10742,12213,0.53709
10743,21277,0.420273
10743,22025,0.111352
10744,13080,0.154642
10745,21278,0.26036
10746,21279,0.385938
10747,16930,0.423205
10748,12463,0.447924
10749,11736,0.193244
10750,21281,0.356618
10751,12015,0.428627
10752,17652,0.364427
10753,16207,0.210807
10754,12874,0.217458
10754,21283,0.199914
10755,21287,0.158602
10756,11850,0.080983
10757,21288,0.130811
10758,19579,0.272714
10758,21290,0.214291
10759,12822,0.056398
10760,11872,0.181148
10760,12581,0.298081
10761,21292,0.182293
10762,20375,0.267475
10763,21294,0.177819
10764,17774,0.214961
10765,19644,0.101286
10766,15317,0.287351
10767,21298,0.438011
10768,20540,0.184169
10769,11908,0.126792
10770,19807,0.340418
10771,11793,0.36451
10772,11773,0.215641
10773,17408,0.192558
10774,11949,0.31139
10775,21303,0.35949
10775,12442,0.083368
10776,21304,0.248861
10777,12882,0.297783
10778,12326,0.158954
10779,11949,0.356233
10780,12086,0.415682
10781,21306,0.614332
10782,21308,0.311617
10783,11874,0.124955
10784,11874,0.275315
10785,16207,0.368751
10786,12083,0.315404
10787,16016,0.46546
10788,17808,0.25642
10789,21309,0.900463
10790,18425,0.104713
10791,21310,0.786146
10792,18717,0.217773
10793,11885,0.338914
10794,21315,0.262034
10795,21316,0.570314
10796,12819,0.428036
10797,11798,0.449125
10798,12227,0.394933
10799,21320,0.664642
10800,14624,0.334386
10801,11793,0.359116
10802,14293,0.454911
10802,16320,0.339782
10803,12700,0.196128
10804,15495,0.380453
10805,21324,0.587323
10806,11922,0.171992
10807,21326,0.415728
10808,12227,0.223257
10809,11891,0.395709
10810,13931,0.351804
10811,11969,0.26702
10812,12991,0.080677
10812,13746,0.10456
10812,12327,0.077599
10813,11953,0.603381
10814,12087,0.232362
10815,21330,0.228927
10816,17527,0.213833
10817,21332,0.796165
10818,18910,0.328614
10819,12629,0.362312
10819,13108,0.317407
10819,13624,0.154142
10820,11890,0.332612
10820,21334,0.437422
10821,21337,0.340316
10822,21338,0.505319
10823,21340,0.367929
10824,21341,0.219595
10825,13372,0.359583
10826,21343,0.175412
10827,12078,0.422939
10828,21346,0.126361
10829,12771,0.332545
10830,21348,0.250905
10831,21349,0.486001
10832,18548,0.364219
10833,21351,0.121203
10834,12319,0.188304
10834,11969,0.239553
10835,11886,0.20731
10836,21357,0.187721
10836,11850,0.17289
10837,12863,0.275626
10838,21358,0.445742
10839,21359,0.7064
10840,12228,0.216289
10841,20045,0.361501
10842,21360,0.503412
10843,12580,0.503843
10844,21364,0.426425
10845,15547,0.442645
10846,21366,0.290748
10846,15873,0.196762
10847,13080,0.199016
10848,21368,0.649309
10849,12083,0.331479
10850,16928,0.403686
10851,21373,0.417158
10852,11798,0.105303
10853,11947,0.249611
10853,21360,0.1292
10854,16839,0.557369
10855,21377,0.693895
10856,21378,0.346179
10856,21517,0.244082
10857,11736,0.059087
10858,12753,0.227337
10859,12155,0.237984
10860,11931,0.307654
10860,12525,0.28833
10861,21382,0.582833
10862,11794,0.489071
10863,16653,0.56573
10864,21384,0.388095
10865,12237,0.240564
10866,16879,0.367769
10867,21385,0.674419
10868,21386,0.342601
10869,11835,0.26673
10870,11826,0.37943
10871,21388,0.785794
10872,21389,0.084293
10873,11852,0.146548
10873,11850,0.10027
10874,21390,0.602703
10875,11759,0.403355
10876,13113,0.433127
10877,13203,0.442476
10878,14933,0.584831
10879,18187,0.65089
10880,13693,0.777394
10881,11794,0.392434
10882,13840,0.20489
10883,12808,0.255437
10884,21392,0.233664
10885,21393,0.62067
10886,12571,0.335347
10887,13389,0.827042
10888,21395,0.155768
10889,21396,0.102954
10890,11781,0.177613
10891,21399,0.219531
10892,21400,0.616262
10893,15961,0.234237
10894,21402,0.360548
10895,14958,0.386784
10895,21404,0.42956
10896,11804,0.164113
10897,13656,0.608519
10898,13124,0.373069
10899,21407,0.235928
10900,13241,0.201786
10901,11911,0.428572
10902,21409,0.472999
10903,11734,0.056479
10904,20745,0.297944
10905,13608,0.275753
10906,12394,0.473094
10907,11749,0.487817
10908,21415,0.229935
10909,21416,0.470142
10910,21417,0.09401
10910,21920,0.131039
10911,21418,0.650042
10912,21419,0.237049
10912,21420,0.237049
10913,12643,0.258446
10914,11872,0.060285
10915,18260,0.148301
10916,20115,0.290971
10917,11838,0.260212
10918,15812,0.372069
10919,21423,0.359691
10920,13130,0.314661
10921,21426,0.147211
10922,21427,0.199556
10923,11749,0.135679
10924,11786,0.228077
10925,15295,0.257898
10925,17451,0.171952
10926,21190,0.300277
10927,11948,0.075029
10928,14630,0.210201
10929,13002,0.368647
10930,19166,0.35278
10931,11953,0.302522
10932,21436,0.287573
10932,21437,0.1627
10933,21438,0.600009
10934,12085,0.195347
10935,21439,0.732217
10936,14029,0.560814
10937,21440,0.272363
10938,13080,0.395158
10939,21443,0.408991
10940,14192,0.435856
10940,13125,0.217834
10941,13070,0.87929
10942,12237,0.386548
10943,21446,0.26295
10944,21447,0.286545
10945,11771,0.42932
10946,12213,0.620788
10947,21450,0.473959
10948,12753,0.084224
10949,18369,0.35479
10950,21451,0.529515
10951,11953,0.170978
10952,19436,0.259427
10953,11949,0.850593
10954,21452,0.131563
10955,11852,0.21685
10956,20223,0.237566
10957,21458,0.428931
10958,21459,0.387023
10959,13714,0.35968
10960,11851,0.283461
10961,11859,0.417598
10962,11795,0.196273
10963,21460,0.498537
10964,11749,0.302559
10965,21461,0.262995
10966,18013,0.288734
10967,21462,0.385285
10968,11804,0.385604
10969,21463,0.654947
10970,12026,0.58384
10971,21465,0.419481
10972,21466,0.120343
10973,21468,0.240472
10974,21469,0.44249
10975,12242,0.086338
10976,11798,0.120387
10977,21471,0.501416
10978,11783,0.118206
10979,12015,0.409095
10980,12649,0.62551
10981,21472,0.868573
10982,11850,0.077012
10983,21473,0.380098
10984,12015,0.325166
10985,11850,0.264978
10986,12282,0.239228
10987,13940,0.314598
10988,12229,0.290945
10989,21086,0.208848
10989,21475,0.278185
10989,21476,0.296179
10990,20058,0.356664
10990,17742,0.22769
10991,11795,0.544249
10992,11798,0.110322
10993,21477,0.770776
10994,14431,0.164636
10995,15144,0.371149
10996,15950,0.227221
10997,21482,0.417835
10998,12088,0.546415
10999,21484,0.20607
10999,14928,0.135347
11000,13401,0.088239
11001,11888,0.322207
11002,11885,0.45128
11003,11851,0.411002
11004,21489,0.394538
11005,11809,0.097215
11006,15166,0.172776
11006,12120,0.11911
11006,16586,0.134713
11007,12414,0.244862
11008,12563,0.229836
11009,17135,0.132171
11010,16836,0.53002
11011,15575,0.386852
11012,15590,0.196906
11013,16132,0.066185
11014,21499,0.729286
11015,12087,0.40979
11016,14287,0.092028
11016,21502,0.16667
11016,21503,0.166702
11017,11953,0.240405
11018,11767,0.355383
11019,21506,0.277019
11020,12141,0.50795
11021,13160,0.515973
11022,18152,0.563549
11023,11885,0.819913
11024,11736,0.331599
11025,11851,0.227372
11026,16946,0.090145
11026,12931,0.125916
11026,22026,0.085341
11027,11852,0.19393
11028,21510,0.060982
11028,17584,0.102701
11029,12169,0.256987
11029,20308,0.14981
11030,19095,0.339793
11031,11784,0.077419
11032,21512,0.486353
11033,11811,0.29544
11034,11850,0.427924
11035,12581,0.386422
11036,15039,0.366418
11036,12498,0.366294
11037,21514,0.065829
11038,11772,0.200657
11039,21515,0.588852
11040,13418,0.332223
11040,18853,0.331761
11041,11783,0.636542
11042,11872,0.272714
11043,13541,0.130512
11044,21519,0.567436
11045,14508,0.253998
11045,21520,0.237623
11045,21521,0.110321
11046,21523,0.58377
11047,21532,0.329262
11048,21534,0.561964
11049,21536,0.268794
11050,12227,0.656359
11051,13681,0.099282
11052,11850,0.596702
11053,15520,0.179865
11054,21539,0.235888
11055,11950,0.260902
11056,21540,0.393052
11057,21541,0.650978
11058,21542,0.943698
11059,17434,0.334018
11060,14682,0.227633
11060,14676,0.227888
11061,21545,0.162251
11061,18243,0.213297
11062,15006,0.232067
11062,12013,0.320491
11063,21547,0.066296
11064,12087,0.218284
11065,21549,0.633114
11066,15417,0.119162
11067,12287,0.303207
11068,11799,0.205233
11069,11749,0.184883
11070,12026,0.586774
11071,21553,0.317233
11071,14696,0.275062
11072,21555,0.145139
11073,17452,0.346016
11074,21556,0.611707
11075,12090,0.418565
11076,21560,0.216114
11077,12015,0.427108
11078,11783,0.216544
11079,21564,0.89675
11080,14408,0.42778
11081,11852,0.291303
11082,12257,0.471835
11082,12419,0.300415
11083,14117,0.703226
11084,11749,0.271696
11085,13784,0.193463
11086,14591,0.285935
11087,13259,0.455316
11088,14746,0.402392
11089,21568,0.38531
11090,21569,0.24023
11091,21570,0.189577
11092,12087,0.812571
11093,21571,0.277196
11094,21572,0.106988
11095,21573,0.663354
11096,14171,0.422777
11097,11798,0.257839
11098,21575,0.142512
11099,11759,0.316197
11100,21576,0.254916
11101,20678,0.450152
11102,21577,0.246343
11103,19447,0.123492
11104,11798,0.681142
11105,21579,0.472459
11106,11783,0.235925
11107,11885,0.197545
11108,21586,0.740116
11109,13113,0.488369
11110,21587,0.362663
11111,21588,0.227274
11112,12472,0.058787
11113,11852,0.122909
11114,12087,0.348199
11115,21589,0.272589
11116,12155,0.474505
11117,21590,0.187381
11118,14777,0.090364
11119,18178,0.494227
11120,13080,0.122082
11121,21595,0.240508
11122,21597,0.134286
11123,13200,0.375228
11124,21598,0.749124
11125,11862,0.169585
11126,14086,0.486672
11127,21599,0.425499
11128,12087,0.189693
11129,20430,0.167943
11130,21600,0.332037
11131,21601,0.10883
11132,21605,0.249018
11133,12105,0.252302
11133,14007,0.352844
11134,11850,0.61525
11135,20493,0.120505
11136,11762,0.523154
11137,11780,0.130004
11138,21607,0.485599
11139,14016,0.433164
11140,16738,0.127445
11141,15894,0.531451
11142,21609,0.115514
11143,15289,0.24606
11144,12012,0.409344
11145,11771,0.167112
11146,21611,0.379565
11147,12082,0.229503
11148,13656,0.123555
11149,21613,0.575524
11150,21614,0.075801
11151,21615,0.498426
11152,11850,0.452473
11153,16508,0.120196
11153,13665,0.093673
11154,21617,0.704206
11155,11794,0.205901
11155,12228,0.213005
11156,21623,0.534309
11157,12390,0.411317
11158,12915,0.332439
11158,12163,0.278496
11158,21842,0.093874
11159,11949,0.19732
11160,21625,0.138184
11161,13866,0.442108
11162,13677,0.397425
11163,11852,0.427475
11164,21631,0.227813
11164,21632,0.227813
11165,17924,0.190781
11166,12242,0.195571
11167,21635,0.668909
11168,12083,0.236053
11169,11885,0.096638
11170,21637,0.066657
11171,11886,0.33982
11172,12237,0.264655
11173,15773,0.115486
11173,18022,0.190453
11174,21639,0.103051
11175,21640,0.078704
11176,21641,0.266492
11177,12248,0.609746
11178,11786,0.327306
11179,12242,0.694451
11180,13940,0.422077
11181,21220,0.231923
11182,13061,0.215215
11183,11794,0.300235
11184,21647,0.550348
11185,21650,0.123502
11185,13758,0.108669
11185,21975,0.088591
11186,18290,0.229026
11187,21651,0.31601
11188,11798,0.347372
11189,21653,0.265957
11190,21658,0.23969
11191,11771,0.234552
11192,14587,0.183436
11193,19170,0.279641
11194,16537,0.428226
11195,21661,0.16939
11196,21662,0.232943
11197,21663,0.21279
11198,12012,0.092197
11199,21664,0.680864
11200,11812,0.330054
11201,12737,0.374151
11202,21666,0.180958
11203,15439,0.636704
11204,11885,0.330794
11205,21667,0.373474
11206,21668,0.350765
11207,21669,0.646203
11208,11798,0.056479
11209,14450,0.58847
11210,11851,0.320456
11211,17638,0.055547
11212,21670,0.571666
11213,12882,0.186026
11214,11891,0.41764
11215,12085,0.110335
11216,21673,0.521706
11217,12012,0.404107
11218,19056,0.71812
11219,21677,0.384024
11220,21678,0.848614
11221,12488,0.100904
11222,12087,0.065393
11223,21680,0.155037
11223,12737,0.085019
11223,16173,0.110578
11224,12563,0.087459
11225,17063,0.152071
11226,21681,0.882773
11227,21682,0.355173
11228,21683,0.218079
11229,13113,0.093563
11230,16861,0.117774
11231,12087,0.158359
11232,12563,0.376096
11233,19636,0.061435
11233,21687,0.391001
11234,13052,0.468118
11235,21688,0.446055
11236,12012,0.901358
11237,12012,0.112775
11238,11798,0.072909
11239,11771,0.363186
11240,19581,0.550374
11241,17087,0.787606
11242,12090,0.267173
11243,15722,0.079473
11244,21691,0.349239
11245,11798,0.301553
11246,18298,0.321412
11247,21693,0.304718
11247,14766,0.282564
11248,13108,0.311184
11249,13619,0.336001
11250,14407,0.516426
11251,21698,0.251684
11252,14862,0.270079
11252,11986,0.258979
11253,13030,0.170212
11254,20362,0.865253
11255,14117,0.438637
11256,11798,0.273345
11257,21701,0.385633
11258,21702,0.368564
11259,21703,0.341114
11260,21704,0.176566
11261,11888,0.785329
11262,18673,0.208593
11263,15436,0.699308
11264,21706,0.21654
11265,18790,0.360033
11266,12883,0.070041
11267,13113,0.374047
11268,21710,0.574427
11269,11799,0.067749
11270,12090,0.207781
11271,11732,0.287823
11272,21711,0.587563
11273,15668,0.234364
11274,11771,0.407728
11275,11874,0.604871
11276,21714,0.246942
11277,21716,0.385954
11278,12832,0.210588
11279,21719,0.248859
11280,15006,0.252554
11281,11784,0.054787
11282,21720,0.69758
11283,21721,0.435727
11284,21722,0.121433
11285,13677,0.194758
11286,11852,0.32513
11287,12237,0.247002
11288,21725,0.353419
11289,11783,0.075462
11290,12225,0.191367
11291,16259,0.5014
11292,18519,0.268953
11293,11771,0.400755
11294,20006,0.104743
11295,20907,0.201451
11296,13662,0.780999
11297,11771,0.210746
11298,12970,0.38128
11299,21727,0.167019
11300,19304,0.415136
11301,21728,0.209299
11302,12818,0.388156
11303,21730,0.564014
11304,11794,0.116611
11305,12277,0.342422
11306,19738,0.057493
11307,12414,0.38768
11308,12575,0.095653
11309,12939,0.620646
11310,11948,0.518142
11311,12759,0.506506
11312,13159,0.055223
11313,11783,0.291846
11314,19057,0.143941
11315,11771,0.393368
11316,21736,0.505597
11317,21737,0.206361
11318,21738,0.229303
11319,14894,0.351108
11319,12573,0.28433
11320,13401,0.165857
11321,13987,0.762432
11322,21739,0.323344
11323,11772,0.190571
11324,12097,0.261623
11325,17434,0.574278
11326,13633,0.194882
11326,12273,0.319602
11327,13773,0.285324
11328,21747,0.682137
11329,11852,0.432937
11330,11785,0.144874
11331,20333,0.356034
11332,14012,0.44637
11333,12090,0.343706
11334,11885,0.506567
11335,21752,0.352974
11336,21753,0.223195
11336,15307,0.196603
11337,21754,0.424765
11338,11793,0.294237
11338,21756,0.243887
11339,11969,0.082404
11340,11798,0.498624
11341,13839,0.050276
11342,11953,0.245004
11343,13026,0.184472
11344,21759,0.772128
11345,21760,0.682548
11346,12237,0.561464
11347,21762,0.135755
11348,11852,0.117522
11349,21763,0.666204
11350,21767,0.467737
11351,11772,0.367196
11352,12191,0.761302
11353,18235,0.3548
11354,13165,0.392487
11355,13415,0.218813
11356,21768,0.687058
11357,21769,0.783272
11358,12959,0.253975
11358,21770,0.133455
11358,13635,0.169172
11358,21771,0.123531
11359,21772,0.67459
11360,18635,0.410458
11361,21773,0.502309
11362,11783,0.210191
11363,12314,0.504282
11364,12087,0.29384
11365,17129,0.592232
11366,11804,0.137029
11367,11783,0.433987
11368,11852,0.375005
11369,21780,0.231997
11370,21781,0.392521
11371,21782,0.510059
11372,12220,0.149943
11373,14865,0.742252
11374,21784,0.392154
11375,11969,0.178205
11376,21785,0.202335
11377,21786,0.629321
11378,15716,0.304142
11379,13264,0.287018
11379,21787,0.287895
11380,18643,0.271501
11381,13425,0.268131
11381,14684,0.457352
11382,13249,0.619665
11383,18232,0.38066
11384,21148,0.199237
11385,11954,0.588969
11386,12220,0.801038
11387,21790,0.958958
11388,21791,0.218384
11389,11888,0.491009
11390,15017,0.222711
11391,12237,0.226967
11392,15122,0.273936
11393,12089,0.208733
11394,21797,0.225761
11395,21800,0.491292
11396,15203,0.18168
11397,12580,0.489446
11398,20963,0.319442
11399,21804,0.286187
11400,11851,0.288217
11401,15849,0.471987
11402,12984,0.194849
11403,13793,0.333965
11404,21810,0.259822
11405,20976,0.554131
11406,11838,0.281011
11407,11838,0.245019
11408,20466,0.122114
11409,11862,0.157576
11410,12015,0.152552
11411,21813,0.44507
11412,11852,0.228845
11413,21814,0.531686
11414,12105,0.344611
11415,17525,0.321531
11416,21816,0.333601
11417,12144,0.152389
11418,18605,0.464836
11419,11949,0.450995
11420,14554,0.10789
11421,21820,0.406995
11422,21821,0.350768
11423,21825,0.206352
11424,17736,0.363979
11425,18425,0.288494
11426,21826,0.251679
11426,21827,0.251679
11427,21828,0.15335
11428,21829,0.709775
11429,19454,0.625265
11430,14858,0.256858
11431,11908,0.243273
11432,21833,0.602277
11433,13108,0.878873
11434,11749,0.892149
11435,21836,0.36144
11436,18944,0.2921
11437,12217,0.168205
11438,12083,0.202872
11439,21839,0.290765
11440,21841,0.848686
11441,12102,0.367468
11442,13723,0.183445
11442,16450,0.218579
11443,11785,0.513745
11444,11953,0.641321
11445,15995,0.630304
11446,13868,0.591787
11447,12279,0.060197
11448,21850,0.498115
11449,12903,0.433559
11450,11862,0.218718
11451,20926,0.300346
11452,15844,0.138804
11453,12417,0.344438
11454,12227,0.100315
11455,13128,0.366184
11456,21856,0.347247
11457,11780,0.158251
11458,21858,0.215727
11459,20609,0.315919
11460,12617,0.246227
11460,12980,0.178637
11461,12237,0.545032
11462,12287,0.214512
11463,21862,0.402216
11463,21863,0.394554
11464,19472,0.170389
11465,19673,0.858178
11466,11908,0.167045
11467,21866,0.844553
11468,12083,0.262811
11469,21867,0.247962
11470,21870,0.315247
11470,12803,0.325758
11471,18637,0.12851
11472,12000,0.277623
11472,15236,0.261929
11473,16812,0.108761
11474,21872,0.407672
11474,21873,0.407672
11475,21876,0.632535
11476,15575,0.394998
11477,21877,0.485489
11478,15322,0.312825
11479,11948,0.741384
11480,11948,0.840802
11481,13665,0.351291
11482,21878,0.767126
11483,21358,0.241579
11484,16282,0.461747
11485,21879,0.51165
11485,13648,0.288673
11486,11811,0.252665
11487,21881,0.304876
11487,21882,0.439645
11488,12229,0.260824
11489,12217,0.484425
11490,11784,0.256856
11491,19751,0.078155
11492,21883,0.418172
11493,21885,0.346813
11494,12087,0.394792
11495,21886,0.725153
11496,16657,0.26677
11497,11953,0.086848
11498,21888,0.230038
11499,13788,0.162651
11500,12026,0.230471
11501,21889,0.413067
11502,21890,0.523471
11503,14110,0.105966
11504,18764,0.384093
11505,11794,0.163783
11506,11852,0.241349
11507,12087,0.06992
11508,11769,0.331208
11509,21893,0.519514
11510,21894,0.512141
11511,16435,0.171332
11512,21895,0.280369
11512,21896,0.177309
11512,21897,0.201115
11513,21899,0.371837
11514,21900,0.265468
11515,21902,0.82886
11516,12029,0.24279
11517,16318,0.26476
11518,12731,0.42311
11519,21903,0.671561
11520,21904,0.707833
11521,12026,0.660979
11522,12026,0.913683
11523,12213,0.074893
11524,11759,0.361523
11525,21908,0.884769
11526,11734,0.059369
11527,13200,0.350078
11528,21909,0.986046
11529,11874,0.105457
11530,12772,0.383
11531,21912,0.084773
11532,11771,0.614812
11533,12237,0.223135
11534,11799,0.282615
11535,21915,0.218834
11536,21916,0.720955
11537,16118,0.217954
11538,21917,0.631501
11539,21921,0.460171
11540,11783,0.892459
11541,21923,0.250226
11542,11862,0.343926
11543,21926,0.351903
11544,15055,0.832314
11545,21927,0.300208
11545,21928,0.418509
11546,13998,0.395856
11547,15327,0.204318
11548,11837,0.493771
11549,11828,0.176978
11550,12759,0.28402
11551,11888,0.721454
11552,12383,0.341322
11552,12382,0.341209
11553,21934,0.346837
11554,21935,0.53068
11555,11851,0.189467
11556,20083,0.526572
11557,13752,0.293608
11558,11798,0.384927
11559,11948,0.266956
11560,12373,0.074981
11561,20533,0.429347
11562,13108,0.460666
11563,21938,0.426575
11564,14182,0.363877
11565,14790,0.286634
11565,22008,0.197324
11566,17808,0.146661
11567,16438,0.349504
11568,17960,0.232927
11568,15600,0.193384
11569,11860,0.21124
11570,12273,0.349595
11571,21942,0.662639
11572,11782,0.495672
11573,21943,0.56842
11574,21944,0.433282
11575,18088,0.415
11576,21946,0.72999
11577,21947,0.646094
11578,15524,0.496824
11579,12012,0.42815
11580,13246,0.131378
11581,21951,0.806288
11582,21952,0.224296
11583,19332,0.074792
11584,11749,0.222255
11585,21953,0.563891
11586,13785,0.936709
11587,12013,0.326371
11588,13223,0.159807
11588,21954,0.154662
11589,11798,0.274391
11590,11948,0.175431
11591,21956,0.194565
11591,21957,0.08131
11591,21958,0.112499
11591,21959,0.113671
11592,14549,0.77432
11593,12287,0.632267
11594,19644,0.450282
11595,21962,0.255286
11596,13210,0.382573
11597,11771,0.239697
11598,15732,0.517402
11599,21964,0.340681
11600,14551,0.398816
11601,13618,0.105947
11602,21965,0.500292
11603,14212,0.878785
11604,21966,0.317467
11605,14766,0.42126
11606,21968,0.378575
11606,22034,0.370904
11607,21969,0.808507
11608,21972,0.206309
11609,21973,0.322891
11610,12375,0.804939
11611,21974,0.261129
11612,11785,0.528669
11613,21976,0.278149
11613,21977,0.268544
11613,21035,0.252279
11614,11753,0.602506
11615,14303,0.330486
11616,15215,0.217791
11617,13026,0.289966
11618,14432,0.456583
11619,21979,0.863042
11620,18329,0.375716
11620,15043,0.108638
11621,13849,0.097051
11622,13213,0.738809
11623,16795,0.360101
11623,21984,0.360231
11624,21985,0.078097
11625,21986,0.396508
11626,21986,0.387195
11627,13364,0.591967
11628,21987,0.201344
11629,16356,0.451246
11630,18171,0.539799
11631,21988,0.379637
11632,15602,0.505627
11633,11850,0.834114
11634,21989,0.641156
11635,19183,0.369878
11636,12493,0.179054
11637,13790,0.540681
11638,11995,0.130934
11639,15198,0.29959
11640,13261,0.39107
11641,13113,0.575981
11642,20196,0.890291
11643,21991,0.509487
11644,21992,0.726347
11645,12563,0.46869
11646,20203,0.209249
11647,21993,0.182222
11647,13395,0.233758
11647,15716,0.229285
11647,13859,0.18088
11648,12227,0.280478
11649,21994,0.238084
11650,12083,0.208677
11651,20237,0.158245
11652,11874,0.092932
11653,15015,0.426701
11654,11948,0.280739
11655,17503,0.245605
11656,21997,0.885753
11657,21998,0.467107
11658,11749,0.271078
11659,11751,0.148832
11660,13080,0.858619
11661,11793,0.379836
11662,12237,0.064108
11663,21999,0.103872
11664,12012,0.262698
11665,13229,0.367747
11666,22000,0.398849
11667,11851,0.36049
11668,11872,0.430937
11669,15582,0.151809
11670,22002,0.684088
11671,12327,0.375029
11672,22003,0.051033
11673,22004,0.841277
11674,22005,0.501638
11675,11783,0.306389
11676,12969,0.936912
11677,22012,0.110366
11678,22013,0.309524
11679,22014,0.430136
11680,16625,0.337929
11681,22015,0.315837
11682,19613,0.614025
11683,11780,0.417481
11684,14183,0.334128
11685,18187,0.827902
11686,22016,0.275133
11687,20077,0.598174
11688,22017,0.757538
11689,14909,0.887763
11690,12012,0.333658
11691,20809,0.871079
11692,22018,0.450564
11693,11888,0.397789
11693,15590,0.18053
11694,13375,0.921281
11695,22019,0.145366
11696,22022,0.351484
11697,13094,0.482396
11697,13358,0.320434
11698,13163,0.364693
11699,11954,0.179565
11700,17588,0.300196
11700,22024,0.326956
11701,12954,0.363586
11702,22027,0.622842
11703,18228,0.293353
11704,13343,0.386328
11705,15583,0.420138
11705,12548,0.260806
11706,22028,0.361342
11707,22029,0.252433
11708,22030,0.942302
11709,22031,0.73086
11710,18696,0.924326
11711,22032,0.411595
11712,22033,0.426179
11713,15201,0.476272
11714,11759,0.169123
11715,12736,0.330764
11716,15655,0.651248
11717,22037,0.873871
11718,15575,0.496612
11719,22039,0.83428
11720,20553,0.154607
11721,13390,0.887806
11722,22041,0.300638
11722,22042,0.215676
11723,22043,1.0
11724,22044,1.0
11725,22045,1.0
11726,22046,1.0
11727,22047,1.0
11728,22048,0.864407
11728,22049,0.135593
11729,22050,1.0
11730,22051,1.0
11731,22052,1.0
11732,22053,1.0
11733,22054,1.0
11734,22055,1.0
11735,22056,1.0
11736,22057,1.0
11737,22058,1.0
11738,22059,1.0
11739,22060,1.0
11740,22061,1.0
11741,22062,1.0
11742,22063,1.0
11743,22064,1.0
11744,22065,1.0
11745,22066,1.0
11746,22067,1.0
11747,22068,1.0
11748,22069,1.0
11749,22070,1.0
11750,22071,1.0
11751,22072,1.0
11752,22073,0.875
11752,22074,0.125
11753,22075,1.0
11754,22076,1.0
11755,22077,0.970588
11755,22078,0.029412
11756,22079,1.0
11757,22080,1.0
11758,22081,1.0
11759,22082,1.0
11760,22083,1.0
11761,22084,1.0
11762,22085,1.0
11763,22084,1.0
11764,22086,1.0
11765,22087,1.0
11766,22088,1.0
11767,22089,1.0
11768,22090,1.0
11769,22091,1.0
11770,22092,1.0
11771,22093,1.0
11772,22094,1.0
11773,22095,1.0
11774,22096,1.0
11775,22097,1.0
11776,22098,1.0
11777,22099,0.739785
11777,22100,0.260215
11778,22101,1.0
11779,22102,1.0
11780,22103,1.0
11781,22104,1.0
11782,22105,1.0
11783,22106,1.0
11784,22107,1.0
11785,22077,1.0
11786,22108,1.0
11787,22109,1.0
11788,22110,1.0
11789,22111,1.0
11790,22112,1.0
11791,22113,1.0
11792,22114,1.0
11793,22115,1.0
11794,22116,1.0
11795,22117,1.0
11796,22118,1.0
11797,22119,1.0
11798,22120,1.0
11799,22121,1.0
11800,22122,1.0
11801,22123,1.0
11802,22124,1.0
11803,22125,1.0
11804,22126,1.0
11805,22127,1.0
11806,22128,1.0
11807,22129,1.0
11808,22130,1.0
11809,22131,1.0
11810,22132,1.0
11811,22133,1.0
11812,22134,1.0
11813,22135,1.0
11814,22136,0.482759
11814,22137,0.517241
11815,22138,1.0
11816,22139,1.0
11817,22140,0.882353
11817,22141,0.117647
11818,22142,1.0
11819,22143,0.970149
11819,22144,0.029851
11820,22145,1.0
11821,22146,1.0
11822,22147,1.0
11823,22148,1.0
11824,22149,1.0
11825,22150,1.0
11826,22151,1.0
11827,22152,1.0
11828,22153,1.0
11829,22154,1.0
11830,22155,1.0
11831,22156,1.0
11832,22157,1.0
11833,22158,1.0
11834,22159,1.0
11835,22160,1.0
11836,22161,1.0
11837,22162,1.0
11838,22163,1.0
11839,22164,1.0
11840,22165,1.0
11841,22166,1.0
11842,22167,1.0
11843,22168,1.0
11844,22169,1.0
11845,22170,1.0
11846,22171,1.0
11847,22172,1.0
11848,22173,1.0
11849,22174,1.0
11850,22175,1.0
11851,22176,1.0
11852,22177,1.0
11853,22178,1.0
11854,22179,1.0
11855,22180,1.0
11856,22181,1.0
11857,22182,1.0
11858,22183,1.0
11859,22184,1.0
11860,22185,1.0
11861,22186,1.0
11862,22187,1.0
11863,22188,1.0
11864,22189,1.0
11865,22190,1.0
11866,22191,1.0
11867,22192,1.0
11868,22193,1.0
11869,22194,1.0
11870,22195,1.0
11871,22196,1.0
11872,22197,1.0
11873,22198,1.0
11874,22199,1.0
11875,22200,1.0
11876,22201,1.0
11877,22202,1.0
11878,22203,1.0
11879,22204,1.0
11880,22172,0.9
11880,22205,0.1
11881,22206,0.666667
11881,22207,0.333333
11882,22208,1.0
11883,22209,1.0
11884,22210,1.0
11885,22211,1.0
11886,22212,1.0
11887,22213,1.0
11888,22214,1.0
11889,22215,1.0
11890,22216,1.0
11891,22217,1.0
11892,22218,1.0
11893,22219,1.0
11894,22112,1.0
11895,22220,1.0
11896,22221,1.0
11897,22222,1.0
11898,22223,1.0
11899,22224,1.0
11900,22225,1.0
11901,22226,1.0
11902,22227,1.0
11903,22228,1.0
11904,22229,1.0
11905,22230,1.0
11906,22231,1.0
11907,22232,1.0
11908,22233,1.0
11909,22234,1.0
11910,22151,0.802
11910,22235,0.198
11911,22236,1.0
11912,22237,1.0
11913,22238,0.989247
11913,22239,0.010753
11914,22240,1.0
11915,22241,1.0
11916,22242,1.0
11917,22243,1.0
11918,22244,1.0
11919,22245,0.883721
11919,22246,0.116279
11920,22247,0.907104
11920,22248,0.092896
11921,22249,1.0
11922,22250,1.0
11923,22251,1.0
11924,22252,1.0
11925,22253,0.466667
11925,22254,0.533333
11926,22255,1.0
11927,22256,1.0
11928,22257,0.993355
11928,22258,0.006645
11929,22259,0.83908
11929,22260,0.16092
11930,22261,1.0
11931,22262,1.0
11932,22263,0.953488
11932,22264,0.046512
11933,22265,1.0
11934,22266,1.0
11935,22267,1.0
11936,22268,1.0
11937,22269,1.0
11938,22270,1.0
11939,22271,1.0
11940,22272,1.0
11941,22273,1.0
11942,22274,1.0
11943,22275,1.0
11944,22276,1.0
11945,22277,1.0
11946,22278,1.0
11947,22279,1.0
11948,22280,1.0
11949,22281,1.0
11950,22282,1.0
11951,22283,1.0
11952,22284,1.0
11953,22285,1.0
11954,22286,1.0
11955,22287,1.0
11956,22288,1.0
11957,22289,1.0
11958,22290,1.0
11959,22291,1.0
11960,22292,1.0
11961,22293,1.0
11962,22294,1.0
11963,22295,1.0
11964,22296,1.0
11965,22297,1.0
11966,22298,1.0
11967,22299,1.0
11968,22300,1.0
11969,22301,1.0
11970,22302,1.0
11971,22303,1.0
11972,22304,1.0
11973,22304,1.0
11974,22305,1.0
11975,22306,1.0
11976,22307,1.0
11977,22308,1.0
11978,22309,1.0
11979,22310,1.0
11980,22311,1.0
11981,22312,1.0
11982,22313,1.0
11983,22314,1.0
11984,22315,1.0
11985,22316,1.0
11986,22317,1.0
11987,22318,1.0
11988,22319,1.0
11989,22320,0.985612
11989,22321,0.014388
11990,22322,1.0
11991,22323,1.0
11992,22178,0.979592
11992,22324,0.020408
11993,22325,1.0
11994,22326,1.0
11995,22152,1.0
11996,22327,1.0
11997,22328,1.0
11998,22329,1.0
11999,22330,1.0
12000,22331,1.0
12001,22332,1.0
12002,22333,1.0
12003,22334,1.0
12004,22335,1.0
12005,22336,1.0
12006,22337,1.0
12007,22338,1.0
12008,22339,1.0
12009,22340,1.0
12010,22341,1.0
12011,22342,1.0
12012,22343,1.0
12013,22344,1.0
12014,22345,1.0
12015,22346,1.0
12016,22347,1.0
12017,22348,1.0
12018,22349,1.0
12019,22350,0.131579
12019,22351,0.868421
12020,22352,1.0
12021,22353,0.746835
12021,22354,0.253165
12022,22355,1.0
12023,22356,1.0
12024,22357,1.0
12025,22358,1.0
12026,22359,1.0
12027,22360,1.0
12028,22361,1.0
12029,22362,1.0
12030,22363,1.0
12031,22364,1.0
12032,22365,0.877698
12032,22366,0.122302
12033,22050,1.0
12034,22367,1.0
12035,22368,1.0
12036,22369,0.866667
12036,22370,0.133333
12037,22371,1.0
12038,22372,1.0
12039,22373,1.0
12040,22374,1.0
12041,22375,1.0
12042,22376,1.0
12043,22377,1.0
12044,22378,1.0
12045,22131,0.392593
12045,22379,0.607407
12046,22380,1.0
12047,22381,1.0
12048,22382,1.0
12049,22383,1.0
12050,22384,1.0
12051,22385,1.0
12052,22386,1.0
12053,22387,1.0
12054,22388,1.0
12055,22389,0.880952
12055,22390,0.119048
12056,22391,0.958974
12056,22392,0.041026
12057,22393,1.0
12058,22394,1.0
12059,22395,1.0
12060,22396,0.708333
12060,22397,0.291667
12061,22398,0.800797
12061,22399,0.199203
12062,22400,1.0
12063,22401,0.939597
12063,22402,0.060403
12064,22403,1.0
12065,22404,1.0
12066,22405,1.0
12067,22406,1.0
12068,22407,1.0
12069,22408,1.0
12070,22401,0.929688
12070,22409,0.070312
12071,22410,1.0
12072,22411,1.0
12073,22412,1.0
12074,22413,1.0
12075,22414,0.777778
12075,22415,0.222222
12076,22416,1.0
12077,22417,1.0
12078,22418,0.516854
12078,22419,0.483146
12079,22420,1.0
12080,22421,1.0
12081,22422,1.0
12082,22276,1.0
12083,22423,1.0
12084,22424,1.0
12085,22425,1.0
12086,22426,1.0
12087,22427,1.0
12088,22428,1.0
12089,22429,1.0
12090,22430,1.0
12091,22431,1.0
12092,22432,1.0
12093,22433,1.0
12094,22434,1.0
12095,22435,1.0
12096,22436,1.0
12097,22437,1.0
12098,22438,1.0
12099,22439,1.0
12100,22440,1.0
12101,22441,1.0
12102,22442,1.0
12103,22443,1.0
12104,22444,1.0
12105,22445,1.0
12106,22446,0.971429
12106,22447,0.028571
12107,22448,0.984174
12107,22449,0.015826
12108,22450,1.0
12109,22451,1.0
12110,22452,1.0
12111,22453,0.857877
12111,22454,0.142123
12112,22455,1.0
12113,22456,1.0
12114,22457,1.0
12115,22458,1.0
12116,22459,1.0
12117,22460,1.0
12118,22461,1.0
12119,22462,1.0
12120,22463,1.0
12121,22464,1.0
12122,22465,1.0
12123,22466,1.0
12124,22467,1.0
12125,22468,1.0
12126,22469,1.0
12127,22470,0.969231
12127,22471,0.030769
12128,22472,1.0
12129,22473,1.0
12130,22474,1.0
12131,22475,1.0
12132,22476,1.0
12133,22477,1.0
12134,22478,1.0
12135,22479,1.0
12136,22480,1.0
12137,22481,1.0
12138,22482,1.0
12139,22483,1.0
12140,22484,1.0
12141,22485,1.0
12142,22486,1.0
12143,22336,1.0
12144,22448,1.0
12145,22487,1.0
12146,22488,1.0
12147,22489,1.0
12148,22490,0.902985
12148,22491,0.097015
12149,22492,1.0
12150,22493,1.0
12151,22494,1.0
12152,22495,1.0
12153,22496,1.0
12154,22497,0.789292
12154,22498,0.210708
12155,22499,1.0
12156,22500,1.0
12157,22501,1.0
12158,22502,1.0
12159,22503,1.0
12160,22504,1.0
12161,22505,1.0
12162,22506,1.0
12163,22507,1.0
12164,22508,1.0
12165,22509,1.0
12166,22510,1.0
12167,22511,1.0
12168,22512,1.0
12169,22513,1.0
12170,22514,1.0
12171,22515,1.0
12172,22516,1.0
12173,22517,1.0
12174,22518,1.0
12175,22519,1.0
12176,22520,1.0
12177,22521,1.0
12178,22522,1.0
12179,22523,1.0
12180,22524,1.0
12181,22525,1.0
12182,22526,1.0
12183,22527,1.0
12184,22528,1.0
12185,22529,1.0
12186,22530,0.483333
12186,22528,0.516667
12187,22531,1.0
12188,22532,1.0
12189,22188,1.0
12190,22533,1.0
12191,22400,1.0
12192,22534,1.0
12193,22535,1.0
12194,22325,1.0
12195,22536,1.0
12196,22537,1.0
12197,22538,1.0
12198,22532,0.946667
12198,22539,0.053333
12199,22540,0.730337
12199,22541,0.269663
12200,22542,1.0
12201,22543,1.0
12202,22544,0.513109
12202,22545,0.486891
12203,22546,1.0
12204,22547,1.0
12205,22275,1.0
12206,22548,1.0
12207,22549,1.0
12208,22550,1.0
12209,22551,1.0
12210,22552,1.0
12211,22553,0.989362
12211,22554,0.010638
12212,22101,1.0
12213,22555,1.0
12214,22556,1.0
12215,22557,1.0
12216,22276,1.0
12217,22558,1.0
12218,22559,1.0
12219,22560,1.0
12220,22561,0.958974
12220,22562,0.041026
12221,22563,1.0
12222,22564,1.0
12223,22565,1.0
12224,22566,1.0
12225,22567,0.97017
12225,22497,0.02983
12226,22568,1.0
12227,22569,1.0
12228,22570,1.0
12229,22571,1.0
12230,22561,1.0
12231,22572,1.0
12232,22573,1.0
12233,22574,1.0
12234,22575,1.0
12235,22576,1.0
12236,22577,0.949275
12236,22578,0.050725
12237,22579,1.0
12238,22580,1.0
12239,22581,1.0
12240,22582,1.0
12241,22583,1.0
12242,22584,1.0
12243,22585,1.0
12244,22586,0.986301
12244,22587,0.013699
12245,22588,0.9
12245,22589,0.1
12246,22590,0.259259
12246,22591,0.740741
12247,22592,1.0
12248,22593,1.0
12249,22594,1.0
12250,22595,1.0
12251,22596,0.972973
12251,22597,0.027027
12252,22598,1.0
12253,22599,1.0
12254,22600,1.0
12255,22601,1.0
12256,22602,1.0
12257,22603,1.0
12258,22604,1.0
12259,22386,1.0
12260,22605,1.0
12261,22299,1.0
12262,22606,1.0
12263,22607,1.0
12264,22608,1.0
12265,22609,1.0
12266,22610,1.0
12267,22514,0.980645
12267,22611,0.019355
12268,22612,1.0
12269,22613,1.0
12270,22614,1.0
12271,22615,1.0
12272,22616,1.0
12273,22617,1.0
12274,22618,1.0
12275,22452,1.0
12276,22619,1.0
12277,22620,1.0
12278,22621,1.0
12279,22622,1.0
12280,22385,1.0
12281,22623,1.0
12282,22624,1.0
12283,22625,1.0
12284,22626,1.0
12285,22627,1.0
12286,22628,1.0
12287,22629,1.0
12288,22630,1.0
12289,22631,1.0
12290,22223,1.0
12291,22632,0.744681
12291,22633,0.255319
12292,22634,1.0
12293,22635,0.991525
12293,22636,0.008475
12294,22478,1.0
12295,22637,1.0
12296,22438,1.0
12297,22638,1.0
12298,22639,0.852459
12298,22640,0.147541
12299,22641,0.795775
12299,22642,0.204225
12300,22643,1.0
12301,22644,1.0
12302,22645,1.0
12303,22646,1.0
12304,22647,1.0
12305,22648,1.0
12306,22649,1.0
12307,22650,1.0
12308,22651,1.0
12309,22652,1.0
12310,22653,1.0
12311,22654,1.0
12312,22594,1.0
12313,22655,1.0
12314,22656,1.0
12315,22657,1.0
12316,22658,1.0
12317,22659,1.0
12318,22660,1.0
12319,22661,1.0
12320,22662,1.0
12321,22663,1.0
12322,22664,1.0
12323,22665,1.0
12324,22666,1.0
12325,22667,1.0
12326,22668,1.0
12327,22669,1.0
12328,22670,1.0
12329,22596,1.0
12330,22671,1.0
12331,22672,1.0
12332,22673,0.883721
12332,22674,0.116279
12333,22675,1.0
12334,22676,1.0
12335,22677,1.0
12336,22678,1.0
12337,22679,1.0
12338,22680,1.0
12339,22681,1.0
12340,22682,1.0
12341,22683,1.0
12342,22448,1.0
12343,22684,1.0
12344,22685,1.0
12345,22686,1.0
12346,22687,0.954545
12346,22688,0.045455
12347,22689,1.0
12348,22690,1.0
12349,22518,0.967742
12349,22691,0.032258
12350,22692,1.0
12351,22382,1.0
12352,22693,1.0
12353,22694,1.0
12354,22695,1.0
12355,22696,1.0
12356,22697,1.0
12357,22698,0.789474
12357,22699,0.210526
12358,22700,1.0
12359,22701,0.190476
12359,22642,0.809524
12360,22328,1.0
12361,22702,1.0
12362,22703,1.0
12363,22704,0.9375
12363,22705,0.0625
12364,22706,1.0
12365,22707,1.0
12366,22708,1.0
12367,22709,1.0
12368,22710,1.0
12369,22405,1.0
12370,22711,1.0
12371,22712,1.0
12372,22713,0.907692
12372,22714,0.092308
12373,22715,1.0
12374,22706,1.0
12375,22716,1.0
12376,22717,1.0
12377,22718,1.0
12378,22719,0.904255
12378,22720,0.095745
12379,22721,1.0
12380,22722,1.0
12381,22723,1.0
12382,22724,1.0
12383,22725,1.0
12384,22726,1.0
12385,22727,1.0
12386,22728,1.0
12387,22729,1.0
12388,22730,1.0
12389,22437,1.0
12390,22731,1.0
12391,22732,1.0
12392,22733,1.0
12393,22734,1.0
12394,22735,1.0
12395,22736,0.992958
12395,22737,0.007042
12396,22738,1.0
12397,22739,1.0
12398,22740,1.0
12399,22741,1.0
12400,22742,1.0
12401,22743,1.0
12402,22744,1.0
12403,22745,1.0
12404,22746,1.0
12405,22747,0.823529
12405,22748,0.176471
12406,22166,0.979592
12406,22749,0.020408
12407,22750,1.0
12408,22751,1.0
12409,22752,1.0
12410,22753,1.0
12411,22754,1.0
12412,22755,1.0
12413,22756,1.0
12414,22757,1.0
12415,22758,1.0
12416,22759,1.0
12417,22760,1.0
12418,22761,1.0
12419,22762,1.0
12420,22763,1.0
12421,22764,1.0
12422,22765,1.0
12423,22766,1.0
12424,22767,1.0
12425,22768,1.0
12426,22769,1.0
12427,22770,1.0
12428,22771,1.0
12429,22772,1.0
12430,22773,1.0
12431,22774,1.0
12432,22775,1.0
12433,22776,1.0
12434,22637,1.0
12435,22777,1.0
12436,22778,1.0
12437,22779,0.555556
12437,22780,0.444444
12438,22781,1.0
12439,22782,1.0
12440,22783,1.0
12441,22784,1.0
12442,22785,0.10137
12442,22594,0.89863
12443,22786,1.0
12444,22787,0.826367
12444,22788,0.173633
12445,22789,1.0
12446,22790,1.0
12447,22791,1.0
12448,22792,1.0
12449,22793,1.0
12450,22794,1.0
12451,22795,1.0
12452,22796,1.0
12453,22790,1.0
12454,22797,1.0
12455,22798,1.0
12456,22799,1.0
12457,22800,0.593023
12457,22801,0.406977
12458,22802,1.0
12459,22442,0.942857
12459,22803,0.057143
12460,22804,1.0
12461,22805,1.0
12462,22806,1.0
12463,22807,1.0
12464,22746,0.979592
12464,22808,0.020408
12465,22809,1.0
12466,22806,1.0
12467,22810,1.0
12468,22811,1.0
12469,22812,1.0
12470,22813,1.0
12471,22814,1.0
12472,22815,1.0
12473,22816,1.0
12474,22817,1.0
12475,22818,1.0
12476,22819,1.0
12477,22820,1.0
12478,22821,1.0
12479,22822,1.0
12480,22823,1.0
12481,22824,1.0
12482,22825,1.0
12483,22826,1.0
12484,22827,0.996344
12484,22828,0.003656
12485,22829,1.0
12486,22830,1.0
12487,22831,1.0
12488,22832,1.0
12489,22586,1.0
12490,22833,1.0
12491,22834,1.0
12492,22835,1.0
12493,22836,1.0
12494,22837,1.0
12495,22431,1.0
12496,22838,1.0
12497,22726,1.0
12498,22839,1.0
12499,22840,1.0
12500,22841,1.0
12501,22842,1.0
12502,22843,1.0
12503,22844,1.0
12504,22845,1.0
12505,22846,1.0
12506,22847,1.0
12507,22848,0.256098
12507,22849,0.743902
12508,22850,1.0
12509,22851,1.0
12510,22800,1.0
12511,22852,0.666667
12511,22853,0.333333
12512,22854,1.0
12513,22854,1.0
12514,22855,1.0
12515,22856,1.0
12516,22288,1.0
12517,22857,1.0
12518,22857,1.0
12519,22858,1.0
12520,22859,1.0
12521,22860,1.0
12522,22861,0.857143
12522,22862,0.142857
12523,22863,1.0
12524,22864,0.954023
12524,22865,0.045977
12525,22866,1.0
12526,22108,1.0
12527,22867,0.898876
12527,22868,0.101124
12528,22869,1.0
12529,22870,1.0
12530,22871,1.0
12531,22872,1.0
12532,22873,1.0
12533,22874,1.0
12534,22875,1.0
12535,22876,1.0
12536,22877,0.94863
12536,22878,0.05137
12537,22879,1.0
12538,22880,0.861111
12538,22881,0.138889
12539,22882,0.938053
12539,22883,0.061947
12540,22884,1.0
12541,22885,1.0
12542,22886,1.0
12543,22887,1.0
12544,22888,1.0
12545,22889,1.0
12546,22890,1.0
12547,22891,1.0
12548,22219,1.0
12549,22892,1.0
12550,22893,1.0
12551,22894,1.0
12552,22143,1.0
12553,22895,1.0
12554,22896,1.0
12555,22897,1.0
12556,22898,1.0
12557,22899,1.0
12558,22900,1.0
12559,22901,1.0
12560,22902,1.0
12561,22903,1.0
12562,22541,1.0
12563,22904,1.0
12564,22905,1.0
12565,22906,1.0
12566,22907,1.0
12567,22908,1.0
12568,22909,1.0
12569,22910,1.0
12570,22911,1.0
12571,22912,1.0
12572,22913,1.0
12573,22914,1.0
12574,22915,1.0
12575,22916,0.751232
12575,22917,0.248768
12576,22918,1.0
12577,22919,1.0
12578,22920,1.0
12579,22884,1.0
12580,22921,1.0
12581,22922,1.0
12582,22923,1.0
12583,22782,1.0
12584,22924,1.0
12585,22925,1.0
12586,22926,1.0
12587,22592,1.0
12588,22927,1.0
12589,22928,1.0
12590,22929,1.0
12591,22930,1.0
12592,22931,1.0
12593,22932,1.0
12594,22933,1.0
12595,22934,1.0
12596,22793,1.0
12597,22935,1.0
12598,22936,1.0
12599,22937,1.0
12600,22938,1.0
12601,22939,0.926829
12601,22940,0.073171
12602,22941,1.0
12603,22942,1.0
12604,22943,1.0
12605,22944,1.0
12606,22945,1.0
12607,22946,1.0
12608,22947,1.0
12609,22948,1.0
12610,22317,1.0
12611,22949,0.633333
12611,22950,0.366667
12612,22951,0.974684
12612,22952,0.025316
12613,22953,1.0
12614,22954,1.0
12615,22955,1.0
12616,22956,1.0
12617,22957,1.0
12618,22605,1.0
12619,22958,1.0
12620,22682,1.0
12621,22959,1.0
12622,22960,1.0
12623,22961,1.0
12624,22962,1.0
12625,22963,1.0
12626,22964,1.0
12627,22965,1.0
12628,22966,1.0
12629,22967,1.0
12630,22968,1.0
12631,22969,1.0
12632,22970,1.0
12633,22971,1.0
12634,22972,1.0
12635,22973,1.0
12636,22974,1.0
12637,22975,1.0
12638,22976,1.0
12639,22977,1.0
12640,22978,1.0
12641,22834,0.934256
12641,22979,0.065744
12642,22980,1.0
12643,22981,1.0
12644,22982,1.0
12645,22983,1.0
12646,22984,0.948214
12646,22985,0.051786
12647,22986,0.980822
12647,22987,0.019178
12648,22988,1.0
12649,22145,0.989333
12649,22989,0.010667
12650,22990,1.0
12651,22991,1.0
12652,22992,1.0
12653,22993,1.0
12654,22994,1.0
12655,22958,1.0
12656,22995,1.0
12657,22996,0.459627
12657,22997,0.540373
12658,22998,1.0
12659,22999,1.0
12660,23000,1.0
12661,23001,1.0
12662,23002,1.0
12663,23003,1.0
12664,22594,0.983784
12664,23004,0.016216
12665,23005,1.0
12666,23006,1.0
12667,23007,1.0
12668,23008,1.0
12669,23009,1.0
12670,23010,1.0
12671,23011,1.0
12672,23009,1.0
12673,23012,1.0
12674,22369,1.0
12675,23013,1.0
12676,23014,1.0
12677,23015,1.0
12678,23016,1.0
12679,23017,1.0
12680,23017,1.0
12681,23018,1.0
12682,23019,1.0
12683,23020,1.0
12684,23021,0.59375
12684,23022,0.40625
12685,23023,1.0
12686,23024,1.0
12687,23025,1.0
12688,23026,1.0
12689,23027,1.0
12690,23028,1.0
12691,23029,1.0
12692,23030,1.0
12693,23031,1.0
12694,23032,1.0
12695,23033,1.0
12696,23034,0.857143
12696,23035,0.142857
12697,23036,1.0
12698,23037,1.0
12699,23038,1.0
12700,23039,1.0
12701,23040,1.0
12702,23041,1.0
12703,23042,1.0
12704,23043,1.0
12705,23044,1.0
12706,23045,1.0
12707,23046,1.0
12708,23047,1.0
12709,23048,1.0
12710,23049,0.833333
12710,23050,0.166667
12711,23051,1.0
12712,23052,1.0
12713,23053,1.0
12714,23054,1.0
12715,23055,1.0
12716,23056,1.0
12717,23057,1.0
12718,23058,1.0
12719,23059,1.0
12720,23060,0.964912
12720,23061,0.035088
12721,23062,1.0
12722,23063,0.926136
12722,23064,0.073864
12723,23065,1.0
12724,23066,1.0
12725,23067,0.960526
12725,23068,0.039474
12726,22386,1.0
12727,23069,1.0
12728,23070,1.0
12729,23071,1.0
12730,23072,1.0
12731,23021,0.981013
12731,23073,0.018987
12732,23074,1.0
12733,23075,0.059829
12733,23076,0.940171
12734,22215,1.0
12735,23077,1.0
12736,23078,1.0
12737,23011,0.737548
12737,23079,0.262452
12738,23024,1.0
12739,23080,1.0
12740,23081,0.846154
12740,23082,0.153846
12741,23083,1.0
12742,23084,1.0
12743,23085,1.0
12744,23086,1.0
12745,23087,1.0
12746,23088,1.0
12747,23089,1.0
12748,22621,1.0
12749,23090,1.0
12750,23091,0.888889
12750,23092,0.111111
12751,23093,1.0
12752,23094,1.0
12753,23095,1.0
12754,23096,1.0
12755,23097,1.0
12756,23098,1.0
12757,23099,1.0
12758,23100,1.0
12759,23101,1.0
12760,23102,1.0
12761,23103,1.0
12762,22419,1.0
12763,22500,1.0
12764,23104,1.0
12765,23105,0.931034
12765,23106,0.068966
12766,23107,1.0
12767,23108,1.0
12768,23109,1.0
12769,23110,1.0
12770,23111,1.0
12771,23112,1.0
12772,23113,1.0
12773,23114,1.0
12774,23115,1.0
12775,23116,1.0
12776,22561,1.0
12777,23117,1.0
12778,23118,0.968085
12778,23119,0.031915
12779,23120,1.0
12780,23121,1.0
12781,23122,1.0
12782,23123,1.0
12783,23124,1.0
12784,23125,1.0
12785,23126,1.0
12786,23127,1.0
12787,23128,1.0
12788,23129,1.0
12789,23130,1.0
12790,23131,1.0
12791,22968,1.0
12792,23132,1.0
12793,22773,1.0
12794,23133,1.0
12795,23134,1.0
12796,22152,0.923679
12796,23135,0.076321
12797,23021,1.0
12798,23136,0.80303
12798,23137,0.19697
12799,23138,1.0
12800,23139,1.0
12801,23140,1.0
12802,22293,1.0
12803,23141,1.0
12804,23142,1.0
12805,23143,1.0
12806,23144,1.0
12807,23145,1.0
12808,23146,1.0
12809,23147,1.0
12810,23148,0.571429
12810,23149,0.428571
12811,23150,1.0
12812,23151,1.0
12813,23152,1.0
12814,23153,1.0
12815,23154,1.0
12816,23155,1.0
12817,23156,1.0
12818,23157,1.0
12819,23158,1.0
12820,23159,1.0
12821,23160,1.0
12822,23161,0.995204
12822,23162,0.004796
12823,23163,1.0
12824,23164,1.0
12825,23165,1.0
12826,23166,1.0
12827,23167,1.0
12828,23168,1.0
12829,23169,1.0
12830,23170,1.0
12831,23171,1.0
12832,23172,1.0
12833,23173,1.0
12834,23174,1.0
12835,23175,0.372549
12835,23176,0.627451
12836,23177,1.0
12837,23178,1.0
12838,23179,1.0
12839,23180,1.0
12840,23181,1.0
12841,22130,1.0
12842,23182,1.0
12843,22992,1.0
12844,23021,1.0
12845,23183,1.0
12846,22902,1.0
12847,23184,0.90625
12847,23185,0.09375
12848,23186,1.0
12849,23187,1.0
12850,23188,1.0
12851,23189,1.0
12852,23190,1.0
12853,23191,1.0
12854,23192,1.0
12855,23193,0.947826
12855,23194,0.052174
12856,23195,1.0
12857,23196,1.0
12858,23197,1.0
12859,23198,0.844444
12859,23199,0.155556
12860,22276,1.0
12861,23200,1.0
12862,23201,1.0
12863,23202,1.0
12864,23203,1.0
12865,23204,1.0
12866,23205,1.0
12867,23206,1.0
12868,23207,1.0
12869,23208,1.0
12870,23209,1.0
12871,23210,1.0
12872,23211,1.0
12873,22365,1.0
12874,23149,1.0
12875,23212,1.0
12876,23213,1.0
12877,23214,1.0
12878,23215,1.0
12879,23216,1.0
12880,23217,1.0
12881,23215,1.0
12882,23218,1.0
12883,23219,1.0
12884,23220,1.0
12885,23221,1.0
12886,23222,1.0
12887,23223,1.0
12888,23224,1.0
12889,23225,1.0
12890,23226,1.0
12891,23227,1.0
12892,23228,1.0
12893,23229,1.0
12894,23230,1.0
12895,23231,0.164179
12895,23232,0.835821
12896,23233,1.0
12897,23234,1.0
12898,23235,0.985222
12898,23236,0.014778
12899,23237,1.0
12900,23238,1.0
12901,22637,0.926829
12901,23239,0.073171
12902,23240,1.0
12903,23241,1.0
12904,23242,1.0
12905,23243,1.0
12906,23244,1.0
12907,22201,1.0
12908,23245,1.0
12909,23246,1.0
12910,23247,1.0
12911,23248,0.666667
12911,23249,0.333333
12912,23250,1.0
12913,23251,1.0
12914,23252,1.0
12915,23228,1.0
12916,23253,1.0
12917,23254,1.0
12918,23255,1.0
12919,23256,0.714286
12919,23257,0.285714
12920,23258,1.0
12921,23259,1.0
12922,23260,1.0
12923,23261,0.262712
12923,23262,0.737288
12924,23263,1.0
12925,23264,1.0
12926,23046,1.0
12927,23265,1.0
12928,23266,1.0
12929,23267,1.0
12930,23268,1.0
12931,23269,1.0
12932,23270,1.0
12933,22642,1.0
12934,23271,0.690141
12934,23272,0.309859
12935,23273,1.0
12936,23266,1.0
12937,23274,1.0
12938,23275,1.0
12939,23276,1.0
12940,23277,1.0
12941,23278,1.0
12942,22181,1.0
12943,23279,1.0
12944,23280,1.0
12945,22877,1.0
12946,23281,1.0
12947,23282,0.75
12947,23283,0.25
12948,23284,1.0
12949,23285,1.0
12950,23286,1.0
12951,23287,1.0
12952,22124,1.0
12953,23288,1.0
12954,23289,1.0
12955,23290,1.0
12956,23291,1.0
12957,22146,1.0
12958,23147,1.0
12959,23292,1.0
12960,23293,1.0
12961,22245,1.0
12962,22588,1.0
12963,23294,1.0
12964,23295,1.0
12965,23296,1.0
12966,23297,1.0
12967,23298,1.0
12968,23299,1.0
12969,22502,1.0
12970,22847,1.0
12971,23300,1.0
12972,23301,1.0
12973,23302,1.0
12974,23303,1.0
12975,23304,1.0
12976,22268,1.0
12977,23305,1.0
12978,23306,1.0
12979,23307,1.0
12980,23308,1.0
12981,23309,1.0
12982,23310,1.0
12983,23311,1.0
12984,23312,1.0
12985,23313,1.0
12986,23314,1.0
12987,23315,1.0
12988,23316,0.888889
12988,23317,0.111111
12989,23318,1.0
12990,23316,1.0
12991,22942,1.0
12992,23319,0.184211
12992,23320,0.815789
12993,23321,1.0
12994,23322,1.0
12995,23323,1.0
12996,23324,1.0
12997,23325,0.968153
12997,23326,0.031847
12998,22188,1.0
12999,23327,1.0
13000,23328,0.885714
13000,23329,0.114286
13001,23330,1.0
13002,23331,1.0
13003,23332,1.0
13004,23049,1.0
13005,23333,0.974684
13005,23334,0.025316
13006,23335,1.0
13007,22773,0.364341
13007,23336,0.635659
13008,23337,1.0
13009,23338,1.0
13010,23339,1.0
13011,23340,1.0
13012,23341,1.0
13013,23342,1.0
13014,23343,1.0
13015,22542,1.0
13016,23235,0.306407
13016,23344,0.693593
13017,22140,1.0
13018,23345,1.0
13019,23346,1.0
13020,23347,1.0
13021,23348,1.0
13022,23349,1.0
13023,23350,1.0
13024,23351,1.0
13025,23352,1.0
13026,23193,1.0
13027,23353,0.125834
13027,23354,0.874166
13028,23355,1.0
13029,23356,1.0
13030,22910,0.992701
13030,23357,0.007299
13031,23358,1.0
13032,22566,1.0
13033,23359,1.0
13034,23360,1.0
13035,23361,1.0
13036,23362,1.0
13037,23363,1.0
13038,23364,1.0
13039,23365,1.0
13040,23366,1.0
13041,23367,1.0
13042,23368,1.0
13043,23369,1.0
13044,23370,1.0
13045,23371,1.0
13046,23372,1.0
13047,23373,1.0
13048,23374,1.0
13049,22846,1.0
13050,22537,1.0
13051,23375,1.0
13052,23376,1.0
13053,23377,1.0
13054,23378,1.0
13055,22582,0.736842
13055,23379,0.263158
13056,22700,1.0
13057,23380,0.978947
13057,23381,0.021053
13058,23382,1.0
13059,23161,1.0
13060,23383,1.0
13061,23384,1.0
13062,23385,1.0
13063,23123,0.89172
13063,23386,0.10828
13064,23387,0.931034
13064,23388,0.068966
13065,23389,1.0
13066,23298,1.0
13067,23390,1.0
13068,23391,1.0
13069,22967,0.964427
13069,23392,0.035573
13070,23393,1.0
13071,23213,1.0
13072,23394,1.0
13073,22086,1.0
13074,22435,1.0
13075,23395,1.0
13076,23396,1.0
13077,23397,1.0
13078,23398,1.0
13079,23399,1.0
13080,23400,1.0
13081,23401,1.0
13082,23402,1.0
13083,23403,1.0
13084,23404,1.0
13085,23405,0.674157
13085,23406,0.325843
13086,23407,1.0
13087,23408,1.0
13088,23409,1.0
13089,23410,1.0
13090,23411,1.0
13091,23412,1.0
13092,23413,1.0
13093,23414,1.0
13094,23415,1.0
13095,23416,1.0
13096,23417,1.0
13097,23418,0.990196
13097,23419,0.009804
13098,23420,1.0
13099,23421,1.0
13100,23422,1.0
13101,23423,1.0
13102,23424,1.0
13103,22291,1.0
13104,23425,1.0
13105,22060,1.0
13106,23426,1.0
13107,23427,1.0
13108,23007,1.0
13109,23428,1.0
13110,22418,1.0
13111,23429,1.0
13112,23430,1.0
13113,23431,1.0
13114,23322,1.0
13115,23321,1.0
13116,23432,1.0
13117,23076,0.492308
13117,23433,0.507692
13118,23434,0.871429
13118,23435,0.128571
13119,23436,0.4
13119,23437,0.6
13120,23438,0.767176
13120,22237,0.232824
13121,22809,1.0
13122,23439,1.0
13123,23440,1.0
13124,22882,1.0
13125,23441,0.895522
13125,23442,0.104478
13126,23443,1.0
13127,22287,1.0
13128,23444,1.0
13129,23445,1.0
13130,23446,1.0
13131,23447,1.0
13132,23448,1.0
13133,23449,0.758621
13133,23450,0.241379
13134,23451,1.0
13135,23452,1.0
13136,23453,1.0
13137,23454,1.0
13138,23455,1.0
13139,23456,1.0
13140,23457,1.0
13141,23458,1.0
13142,23459,1.0
13143,23460,1.0
13144,22420,1.0
13145,23461,1.0
13146,23462,1.0
13147,23463,1.0
13148,23464,1.0
13149,23465,1.0
13150,23466,1.0
13151,22700,0.608696
13151,23467,0.391304
13152,23461,1.0
13153,22824,1.0
13154,23468,1.0
13155,23402,1.0
13156,23469,1.0
13157,23470,1.0
13158,23471,1.0
13159,23472,1.0
13160,23473,1.0
13161,23474,1.0
13162,23475,1.0
13163,23469,1.0
13164,23476,1.0
13165,23311,1.0
13166,23477,1.0
13167,23478,1.0
13168,23479,1.0
13169,22901,0.861386
13169,23480,0.138614
13170,23481,1.0
13171,23482,1.0
13172,23483,1.0
13173,23484,1.0
13174,23485,1.0
13175,23486,1.0
13176,22582,1.0
13177,23487,1.0
13178,23488,1.0
13179,22479,1.0
13180,23210,1.0
13181,23489,1.0
13182,23490,1.0
13183,23491,1.0
13184,23492,1.0
13185,23493,1.0
13186,23494,1.0
13187,23495,1.0
13188,23496,1.0
13189,23497,1.0
13190,23498,1.0
13191,23499,1.0
13192,23500,1.0
13193,23501,0.82716
13193,22790,0.17284
13194,22777,0.85
13194,23502,0.15
13195,23503,1.0
13196,23504,1.0
13197,23505,1.0
13198,23506,1.0
13199,23507,1.0
13200,23508,1.0
13201,23509,1.0
13202,23510,1.0
13203,23511,1.0
13204,23512,1.0
13205,23513,1.0
13206,23514,1.0
13207,23515,1.0
13208,23516,1.0
13209,23517,1.0
13210,23518,1.0
13211,23516,1.0
13212,23519,1.0
13213,23520,1.0
13214,23521,1.0
13215,23522,0.913043
13215,23523,0.086957
13216,23524,1.0
13217,23525,1.0
13218,23526,1.0
13219,22252,0.941176
13219,23527,0.058824
13220,22316,1.0
13221,23528,0.902439
13221,23529,0.097561
13222,23530,1.0
13223,23531,1.0
13224,23532,1.0
13225,23533,1.0
13226,23534,1.0
13227,23535,1.0
13228,23536,1.0
13229,23537,1.0
13230,23538,1.0
13231,23539,0.953125
13231,23540,0.046875
13232,23541,1.0
13233,23542,1.0
13234,23543,1.0
13235,23544,0.866667
13235,23545,0.133333
13236,22247,0.306667
13236,23546,0.693333
13237,23547,1.0
13238,23548,1.0
13239,23549,1.0
13240,23550,1.0
13241,23551,1.0
13242,23552,1.0
13243,23553,1.0
13244,23554,1.0
13245,23555,1.0
13246,23051,0.972603
13246,23556,0.027397
13247,23557,0.98
13247,23558,0.02
13248,23559,0.9
13248,23560,0.1
13249,23561,1.0
13250,23562,0.730769
13250,23563,0.269231
13251,23564,1.0
13252,23565,1.0
13253,23566,1.0
13254,23567,1.0
13255,23568,1.0
13256,23569,1.0
13257,23570,1.0
13258,23571,1.0
13259,23572,1.0
13260,23573,1.0
13261,23574,1.0
13262,23575,1.0
13263,23576,1.0
13264,23577,1.0
13265,23578,1.0
13266,22365,1.0
13267,22951,1.0
13268,23579,1.0
13269,23580,1.0
13270,22164,1.0
13271,23581,1.0
13272,23582,1.0
13273,23583,1.0
13274,23584,1.0
13275,23585,1.0
13276,23586,1.0
13277,23587,1.0
13278,23588,1.0
13279,23589,1.0
13280,22490,1.0
13281,22910,0.982143
13281,23590,0.017857
13282,23591,1.0
13283,23592,1.0
13284,23593,1.0
13285,23594,1.0
13286,23595,1.0
13287,23596,1.0
13288,23597,1.0
13289,23598,1.0
13290,23599,1.0
13291,23600,1.0
13292,23490,1.0
13293,23600,1.0
13294,23601,1.0
13295,23602,1.0
13296,23603,1.0
13297,23604,1.0
13298,23605,1.0
13299,23606,1.0
13300,23607,1.0
13301,22112,0.857143
13301,23608,0.142857
13302,23609,1.0
13303,23610,1.0
13304,23611,1.0
13305,23612,1.0
13306,23613,1.0
13307,23368,1.0
13308,23614,1.0
13309,23615,1.0
13310,23616,1.0
13311,23617,1.0
13312,23618,1.0
13313,23619,1.0
13314,23620,1.0
13315,23621,1.0
13316,23622,1.0
13317,23623,1.0
13318,23624,1.0
13319,23625,1.0
13320,23626,1.0
13321,23627,0.904762
13321,23628,0.095238
13322,22238,1.0
13323,23629,1.0
13324,23630,1.0
13325,23631,1.0
13326,22982,0.991266
13326,23632,0.008734
13327,23633,1.0
13328,23634,1.0
13329,23635,1.0
13330,23269,0.759036
13330,23636,0.240964
13331,23637,1.0
13332,23638,1.0
13333,23639,1.0
13334,23640,1.0
13335,23641,1.0
13336,23642,1.0
13337,23643,0.989071
13337,23644,0.010929
13338,23645,1.0
13339,23646,1.0
13340,23647,1.0
13341,23648,1.0
13342,22089,1.0
13343,23649,0.411765
13343,23650,0.588235
13344,23651,1.0
13345,23652,1.0
13346,23653,0.714286
13346,23654,0.285714
13347,23655,0.2
13347,23656,0.8
13348,23657,1.0
13349,23658,1.0
13350,23659,1.0
13351,23660,1.0
13352,23661,1.0
13353,23662,1.0
13354,23663,1.0
13355,23664,1.0
13356,23665,1.0
13357,23666,1.0
13358,23667,1.0
13359,23668,1.0
13360,23669,1.0
13361,23670,1.0
13362,23668,1.0
13363,23671,1.0
13364,23672,1.0
13365,22786,1.0
13366,23673,1.0
13367,23235,1.0
13368,23674,0.267123
13368,22328,0.705479
13368,23675,0.027397
13369,23676,1.0
13370,23677,1.0
13371,23678,1.0
13372,23679,1.0
13373,23680,1.0
13374,23681,1.0
13375,23682,0.947368
13375,23683,0.052632
13376,22304,0.855263
13376,23684,0.144737
13377,22581,0.944186
13377,23685,0.055814
13378,22490,0.99278
13378,23686,0.00722
13379,23687,1.0
13380,23688,1.0
13381,23689,1.0
13382,22528,1.0
13383,23690,1.0
13384,22834,0.970149
13384,23691,0.029851
13385,23692,1.0
13386,23693,1.0
13387,23694,1.0
13388,23695,1.0
13389,23696,1.0
13390,23697,1.0
13391,22976,1.0
13392,23698,1.0
13393,22655,1.0
13394,23699,1.0
13395,23700,1.0
13396,23701,1.0
13397,22839,1.0
13398,23702,1.0
13399,23703,1.0
13400,22467,1.0
13401,23704,1.0
13402,22585,1.0
13403,23705,1.0
13404,23706,0.682243
13404,23707,0.317757
13405,23708,1.0
13406,23709,1.0
13407,23710,1.0
13408,23711,1.0
13409,23712,1.0
13410,23713,0.736842
13410,23714,0.263158
13411,23715,1.0
13412,23041,0.90411
13412,23716,0.09589
13413,23406,1.0
13414,23717,1.0
13415,23718,1.0
13416,23719,1.0
13417,23720,1.0
13418,23721,1.0
13419,23722,1.0
13420,23723,1.0
13421,23724,1.0
13422,23725,1.0
13423,23726,1.0
13424,22670,1.0
13425,22711,1.0
13426,23727,1.0
13427,23728,1.0
13428,23729,1.0
13429,23730,1.0
13430,23395,1.0
13431,23731,1.0
13432,22441,1.0
13433,22354,1.0
13434,22267,1.0
13435,23732,1.0
13436,23733,1.0
13437,23734,1.0
13438,23735,1.0
13439,22238,1.0
13440,23736,1.0
13441,23737,1.0
13442,23738,0.953704
13442,23739,0.046296
13443,23740,1.0
13444,23741,1.0
13445,23742,1.0
13446,23743,1.0
13447,23744,1.0
13448,23745,1.0
13449,22602,1.0
13450,23746,1.0
13451,23747,1.0
13452,23748,1.0
13453,23749,1.0
13454,23750,1.0
13455,23751,1.0
13456,23752,1.0
13457,23753,1.0
13458,23488,0.996802
13458,23754,0.003198
13459,23755,1.0
13460,23756,1.0
13461,23757,1.0
13462,23758,1.0
13463,23759,1.0
13464,23760,0.230769
13464,23761,0.769231
13465,23762,1.0
13466,23763,1.0
13467,23764,1.0
13468,23765,1.0
13469,23766,1.0
13470,23767,1.0
13471,23768,1.0
13472,23769,1.0
13473,23770,1.0
13474,23771,1.0
13475,23772,1.0
13476,23773,1.0
13477,23774,1.0
13478,23775,1.0
13479,23776,1.0
13480,22380,1.0
13481,23777,1.0
13482,23778,1.0
13483,23779,1.0
13484,22984,1.0
13485,23780,1.0
13486,23781,1.0
13487,22224,1.0
13488,22547,1.0
13489,23782,1.0
13490,23783,1.0
13491,23048,1.0
13492,23784,1.0
13493,23785,1.0
13494,23786,1.0
13495,23787,1.0
13496,23788,1.0
13497,23789,1.0
13498,23790,0.444444
13498,23791,0.555556
13499,23792,1.0
13500,22068,1.0
13501,23793,1.0
13502,23794,1.0
13503,23795,0.846154
13503,23796,0.153846
13504,23797,1.0
13505,23749,1.0
13506,23798,1.0
13507,23799,1.0
13508,23800,1.0
13509,23801,1.0
13510,23802,1.0
13511,23803,1.0
13512,23804,1.0
13513,23805,1.0
13514,22951,0.788732
13514,23806,0.211268
13515,22608,1.0
13516,23807,1.0
13517,23808,1.0
13518,22225,1.0
13519,23809,0.757576
13519,23810,0.242424
13520,22255,1.0
13521,23811,1.0
13522,23812,1.0
13523,23813,1.0
13524,23814,1.0
13525,23815,0.636364
13525,23482,0.363636
13526,23816,1.0
13527,23817,1.0
13528,22732,1.0
13529,23818,0.5
13529,23819,0.5
13530,23700,1.0
13531,23820,0.901408
13531,23821,0.098592
13532,23822,0.638889
13532,23823,0.361111
13533,23824,1.0
13534,23825,1.0
13535,23826,1.0
13536,23827,1.0
13537,23828,1.0
13538,23829,1.0
13539,23830,1.0
13540,23831,1.0
13541,23832,1.0
13542,23833,1.0
13543,23834,1.0
13544,23835,1.0
13545,23836,1.0
13546,23837,0.742574
13546,23838,0.257426
13547,22271,1.0
13548,23839,1.0
13549,23840,1.0
13550,23841,1.0
13551,23842,1.0
13552,23843,0.974359
13552,23844,0.025641
13553,23308,1.0
13554,23845,1.0
13555,23846,1.0
13556,23847,1.0
13557,23848,1.0
13558,23849,1.0
13559,22686,1.0
13560,23850,1.0
13561,23851,1.0
13562,23852,1.0
13563,23853,1.0
13564,23854,1.0
13565,23855,0.153846
13565,23856,0.846154
13566,23857,1.0
13567,23858,1.0
13568,23859,1.0
13569,23860,1.0
13570,23861,1.0
13571,23862,1.0
13572,23863,1.0
13573,23864,1.0
13574,23865,1.0
13575,23866,1.0
13576,23398,1.0
13577,23867,1.0
13578,23868,1.0
13579,23869,1.0
13580,23870,1.0
13581,23871,1.0
13582,23872,1.0
13583,23873,0.714286
13583,23874,0.285714
13584,23875,1.0
13585,23876,1.0
13586,23877,1.0
13587,23878,1.0
13588,22644,0.942857
13588,23879,0.057143
13589,23880,1.0
13590,22131,0.982759
13590,23881,0.017241
13591,23882,0.863636
13591,23883,0.136364
13592,23884,1.0
13593,23366,1.0
13594,23144,0.774194
13594,23885,0.225806
13595,23886,1.0
13596,22692,0.962617
13596,23887,0.037383
13597,23888,1.0
13598,22259,1.0
13599,22981,1.0
13600,23889,1.0
13601,23890,1.0
13602,23891,1.0
13603,23892,1.0
13604,23893,1.0
13605,23894,1.0
13606,23895,1.0
13607,23896,1.0
13608,23897,1.0
13609,23898,1.0
13610,23899,1.0
13611,23900,1.0
13612,23901,1.0
13613,23902,1.0
13614,23903,1.0
13615,23904,1.0
13616,23905,1.0
13617,23906,1.0
13618,23907,1.0
13619,23908,1.0
13620,23909,1.0
13621,23744,1.0
13622,23910,1.0
13623,22451,1.0
13624,23911,1.0
13625,23912,1.0
13626,23913,1.0
13627,23914,1.0
13628,23907,1.0
13629,23915,1.0
13630,23916,1.0
13631,23917,1.0
13632,23918,1.0
13633,22617,1.0
13634,23919,1.0
13635,22504,0.504464
13635,23920,0.495536
13636,23921,1.0
13637,23922,0.956044
13637,23923,0.043956
13638,23924,1.0
13639,23925,1.0
13640,23926,1.0
13641,23927,1.0
13642,23928,1.0
13643,23175,1.0
13644,23348,0.642857
13644,23929,0.357143
13645,22672,1.0
13646,23930,1.0
13647,23931,1.0
13648,22090,0.934783
13648,23932,0.065217
13649,23933,1.0
13650,22365,1.0
13651,23934,1.0
13652,22809,1.0
13653,23935,0.631579
13653,23936,0.368421
13654,23023,1.0
13655,23937,1.0
13656,23938,1.0
13657,23939,1.0
13658,23940,0.928571
13658,23941,0.071429
13659,23942,0.875
13659,23943,0.125
13660,23548,0.936508
13660,23944,0.063492
13661,23939,1.0
13662,23945,1.0
13663,23946,1.0
13664,23442,1.0
13665,23947,1.0
13666,23948,1.0
13667,23949,1.0
13668,23950,1.0
13669,23951,1.0
13670,23952,1.0
13671,23953,1.0
13672,23954,1.0
13673,23955,1.0
13674,23956,1.0
13675,23957,1.0
13676,23958,1.0
13677,23959,1.0
13678,23960,1.0
13679,22142,1.0
13680,23453,1.0
13681,23961,1.0
13682,23962,1.0
13683,23963,1.0
13684,23964,1.0
13685,22905,0.851852
13685,23965,0.148148
13686,23966,1.0
13687,23967,1.0
13688,23968,1.0
13689,23969,0.16129
13689,23970,0.83871
13690,22203,1.0
13691,23971,1.0
13692,22504,0.983871
13692,23972,0.016129
13693,23973,1.0
13694,23974,1.0
13695,23975,1.0
13696,23976,1.0
13697,23977,1.0
13698,22394,1.0
13699,22604,1.0
13700,23978,0.841924
13700,22992,0.158076
13701,23979,1.0
13702,23980,1.0
13703,23981,1.0
13704,23982,1.0
13705,23983,1.0
13706,22439,1.0
13707,23984,1.0
13708,23985,1.0
13709,23986,1.0
13710,23987,1.0
13711,23988,1.0
13712,22063,1.0
13713,23989,1.0
13714,23990,1.0
13715,23076,1.0
13716,23418,1.0
13717,23991,1.0
13718,23992,0.434783
13718,23993,0.565217
13719,23994,0.132867
13719,23407,0.867133
13720,23995,1.0
13721,23996,0.866667
13721,23997,0.133333
13722,23998,1.0
13723,23999,1.0
13724,22544,1.0
13725,24000,1.0
13726,22204,1.0
13727,23867,0.993485
13727,24001,0.006515
13728,24002,1.0
13729,24003,1.0
13730,24004,0.75
13730,24005,0.25
13731,24006,1.0
13732,24007,1.0
13733,24008,1.0
13734,24009,1.0
13735,24010,1.0
13736,24011,1.0
13737,24012,1.0
13738,24013,1.0
13739,24014,1.0
13740,22275,0.973684
13740,24015,0.026316
13741,24016,1.0
13742,24017,1.0
13743,24018,1.0
13744,24019,1.0
13745,23902,1.0
13746,24020,1.0
13747,24021,1.0
13748,24022,1.0
13749,24023,1.0
13750,22391,1.0
13751,24024,1.0
13752,24025,1.0
13753,24026,1.0
13754,24027,1.0
13755,24028,1.0
13756,24029,1.0
13757,24030,1.0
13758,24031,1.0
13759,24032,1.0
13760,24033,1.0
13761,22190,1.0
13762,24034,1.0
13763,24035,1.0
13764,24036,1.0
13765,24037,1.0
13766,24038,1.0
13767,23585,0.812
13767,24039,0.188
13768,24040,1.0
13769,22756,1.0
13770,24041,1.0
13771,24042,1.0
13772,24043,1.0
13773,24044,1.0
13774,24045,1.0
13775,24046,1.0
13776,24047,1.0
13777,24048,0.617284
13777,22670,0.382716
13778,24049,1.0
13779,22151,0.712919
13779,24050,0.287081
13780,24051,1.0
13781,24052,1.0
13782,24053,1.0
13783,23519,1.0
13784,24054,1.0
13785,24055,1.0
13786,24056,1.0
13787,24057,1.0
13788,24058,1.0
13789,24059,1.0
13790,24060,1.0
13791,24061,1.0
13792,22768,1.0
13793,24062,1.0
13794,24063,1.0
13795,24064,1.0
13796,24065,1.0
13797,24066,1.0
13798,24067,1.0
13799,24068,1.0
13800,24069,1.0
13801,24070,1.0
13802,24071,0.76
13802,22333,0.24
13803,24072,1.0
13804,24073,1.0
13805,24074,1.0
13806,24075,1.0
13807,24076,1.0
13808,24077,1.0
13809,22565,1.0
13810,24078,1.0
13811,24079,1.0
13812,24080,1.0
13813,24062,1.0
13814,23347,1.0
13815,24081,0.653333
13815,24082,0.346667
13816,24083,1.0
13817,22073,0.854701
13817,24084,0.145299
13818,24085,1.0
13819,24086,1.0
13820,22588,1.0
13821,24087,1.0
13822,24088,1.0
13823,24089,1.0
13824,24090,1.0
13825,24091,1.0
13826,24092,1.0
13827,24093,1.0
13828,24094,1.0
13829,24095,1.0
13830,24096,1.0
13831,24097,1.0
13832,24098,1.0
13833,24099,1.0
13834,24100,1.0
13835,24101,1.0
13836,24102,1.0
13837,23801,1.0
13838,24103,0.988095
13838,24104,0.011905
13839,24105,1.0
13840,24106,1.0
13841,23687,0.826087
13841,24107,0.173913
13842,24108,1.0
13843,24109,1.0
13844,24110,1.0
13845,24111,1.0
13846,24112,1.0
13847,24113,1.0
13848,24114,1.0
13849,24115,1.0
13850,24116,1.0
13851,24117,1.0
13852,24118,0.897436
13852,24119,0.102564
13853,24120,1.0
13854,24121,1.0
13855,23159,1.0
13856,24122,1.0
13857,24123,1.0
13858,24124,1.0
13859,22723,1.0
13860,23669,1.0
13861,24125,1.0
13862,24126,0.672727
13862,24127,0.327273
13863,22072,0.967213
13863,24128,0.032787
13864,24129,1.0
13865,24130,1.0
13866,24131,1.0
13867,24132,1.0
13868,24133,1.0
13869,24134,1.0
13870,24135,0.957627
13870,24136,0.042373
13871,24137,1.0
13872,22096,0.946809
13872,24138,0.053191
13873,24139,1.0
13874,22752,1.0
13875,24140,0.883721
13875,24141,0.116279
13876,24142,1.0
13877,23024,1.0
13878,24143,1.0
13879,24144,1.0
13880,24145,0.845588
13880,23136,0.154412
13881,22297,0.966667
13881,24146,0.033333
13882,23667,1.0
13883,24147,1.0
13884,24148,1.0
13885,24149,1.0
13886,24150,1.0
13887,24151,1.0
13888,23784,0.7
13888,24152,0.3
13889,24153,1.0
13890,24154,1.0
13891,24155,1.0
13892,24156,1.0
13893,24157,1.0
13894,24158,1.0
13895,22923,1.0
13896,24159,1.0
13897,24160,1.0
13898,24161,1.0
13899,24162,1.0
13900,24163,1.0
13901,24164,1.0
13902,24165,1.0
13903,24166,1.0
13904,24167,1.0
13905,24168,1.0
13906,24169,0.966667
13906,24170,0.033333
13907,24171,0.818182
13907,24172,0.181818
13908,24173,0.8
13908,24174,0.2
13909,22314,1.0
13910,24175,1.0
13911,24176,1.0
13912,24177,1.0
13913,24178,0.637168
13913,24179,0.362832
13914,23778,0.88
13914,24180,0.12
13915,24181,0.714286
13915,24182,0.285714
13916,22891,1.0
13917,24181,1.0
13918,24183,1.0
13919,24184,1.0
13920,24185,1.0
13921,24186,1.0
13922,24187,1.0
13923,24188,0.769231
13923,24189,0.230769
13924,24190,1.0
13925,24191,1.0
13926,24192,1.0
13927,24193,1.0
13928,24194,1.0
13929,24195,1.0
13930,24196,1.0
13931,24197,1.0
13932,22599,1.0
13933,24198,1.0
13934,24199,1.0
13935,24200,1.0
13936,23254,1.0
13937,24081,1.0
13938,24201,1.0
13939,24202,0.785714
13939,24203,0.214286
13940,24204,1.0
13941,24205,1.0
13942,24206,1.0
13943,24207,1.0
13944,24208,1.0
13945,24209,1.0
13946,24210,0.842105
13946,24211,0.157895
13947,24212,0.74184
13947,22478,0.25816
13948,24213,0.895522
13948,24214,0.104478
13949,22497,1.0
13950,24215,1.0
13951,24216,0.72
13951,24217,0.28
13952,24218,1.0
13953,23615,0.983607
13953,24219,0.016393
13954,24220,1.0
13955,24221,1.0
13956,24222,1.0
13957,24223,1.0
13958,24224,1.0
13959,24225,1.0
13960,24226,1.0
13961,24227,1.0
13962,24228,0.866667
13962,24229,0.133333
13963,22713,0.838462
13963,24230,0.161538
13964,24231,1.0
13965,24232,1.0
13966,24233,1.0
13967,23935,0.916667
13967,24234,0.083333
13968,24235,1.0
13969,24236,1.0
13970,24237,0.785714
13970,24238,0.214286
13971,24239,1.0
13972,24240,1.0
13973,24241,1.0
13974,22183,0.8
13974,24242,0.2
13975,24243,1.0
13976,24244,1.0
13977,23725,1.0
13978,24245,1.0
13979,24246,1.0
13980,24247,1.0
13981,24248,1.0
13982,24249,1.0
13983,23882,1.0
13984,24137,1.0
13985,24250,1.0
13986,24251,1.0
13987,24252,1.0
13988,24253,1.0
13989,24254,1.0
13990,24255,1.0
13991,22478,0.785714
13991,24256,0.214286
13992,24257,1.0
13993,24258,1.0
13994,24259,0.495327
13994,24260,0.504673
13995,23544,1.0
13996,24261,1.0
13997,24049,0.980769
13997,24262,0.019231
13998,24263,1.0
13999,23105,1.0
14000,24264,1.0
14001,24265,1.0
14002,24266,1.0
14003,24264,1.0
14004,24267,1.0
14005,24268,1.0
14006,24269,1.0
14007,23497,0.409836
14007,24270,0.590164
14008,24271,1.0
14009,24272,1.0
14010,24259,1.0
14011,22084,1.0
14012,23380,1.0
14013,24273,1.0
14014,22837,0.892086
14014,24274,0.107914
14015,24275,1.0
14016,24276,1.0
14017,24277,1.0
14018,23500,1.0
14019,24278,1.0
14020,23041,1.0
14021,24279,1.0
14022,24280,1.0
14023,24281,1.0
14024,24282,1.0
14025,24283,1.0
14026,24284,1.0
14027,24285,1.0
14028,24286,1.0
14029,24287,1.0
14030,24288,1.0
14031,24289,1.0
14032,24290,1.0
14033,23393,1.0
14034,24291,1.0
14035,22955,1.0
14036,24292,1.0
14037,24293,1.0
14038,24294,1.0
14039,24295,1.0
14040,24296,1.0
14041,23981,1.0
14042,24297,1.0
14043,24298,1.0
14044,24299,1.0
14045,24300,1.0
14046,24301,1.0
14047,23761,1.0
14048,24118,1.0
14049,24302,1.0
14050,23296,1.0
14051,24303,1.0
14052,24304,1.0
14053,24305,1.0
14054,24306,1.0
14055,24037,0.916667
14055,24307,0.083333
14056,24308,1.0
14057,24309,0.833333
14057,24310,0.166667
14058,22625,1.0
14059,24311,1.0
14060,22140,1.0
14061,24312,1.0
14062,22401,1.0
14063,24313,1.0
14064,23067,1.0
14065,24314,1.0
14066,24315,1.0
14067,24316,1.0
14068,24317,1.0
14069,24318,1.0
14070,24319,1.0
14071,24320,1.0
14072,24321,1.0
14073,24322,1.0
14074,24323,1.0
14075,24324,1.0
14076,24325,1.0
14077,22398,1.0
14078,24326,1.0
14079,24327,1.0
14080,24328,1.0
14081,24329,1.0
14082,24330,1.0
14083,23548,1.0
14084,24331,1.0
14085,24332,1.0
14086,24333,1.0
14087,24334,1.0
14088,24335,1.0
14089,24336,0.777778
14089,24337,0.222222
14090,24338,1.0
14091,24339,1.0
14092,24340,1.0
14093,24341,1.0
14094,24342,1.0
14095,22617,1.0
14096,24343,1.0
14097,24344,1.0
14098,24345,1.0
14099,24346,1.0
14100,22776,0.964286
14100,24347,0.035714
14101,24348,1.0
14102,24349,1.0
14103,24350,1.0
14104,24351,1.0
14105,24352,1.0
14106,24353,1.0
14107,24354,1.0
14108,22850,1.0
14109,24355,0.914286
14109,24356,0.085714
14110,24357,1.0
14111,24358,1.0
14112,23306,1.0
14113,24359,1.0
14114,24360,1.0
14115,24361,1.0
14116,24362,1.0
14117,24363,1.0
14118,24364,1.0
14119,24365,1.0
14120,23432,1.0
14121,24366,1.0
14122,24367,1.0
14123,24368,1.0
14124,24369,1.0
14125,24370,1.0
14126,24371,1.0
14127,24372,0.228916
14127,22188,0.771084
14128,24373,1.0
14129,24374,1.0
14130,24375,1.0
14131,24376,1.0
14132,24377,1.0
14133,24378,1.0
14134,24379,1.0
14135,24380,1.0
14136,24381,1.0
14137,24382,1.0
14138,24383,1.0
14139,24384,1.0
14140,24385,1.0
14141,24386,0.885714
14141,24387,0.114286
14142,22616,1.0
14143,22965,1.0
14144,22290,0.95122
14144,24388,0.04878
14145,24389,0.75
14145,24390,0.25
14146,24391,1.0
14147,24392,1.0
14148,24393,0.154762
14148,24394,0.845238
14149,24395,1.0
14150,24396,1.0
14151,24397,1.0
14152,23515,0.681818
14152,24398,0.318182
14153,24399,0.916667
14153,24400,0.083333
14154,22957,0.953125
14154,24401,0.046875
14155,24402,1.0
14156,24403,1.0
14157,24404,1.0
14158,24405,1.0
14159,24406,1.0
14160,24407,1.0
14161,22263,0.84058
14161,24408,0.15942
14162,24409,1.0
14163,24410,1.0
14164,24411,0.9375
14164,24412,0.0625
14165,24413,1.0
14166,24414,1.0
14167,24415,0.96
14167,24416,0.04
14168,24417,1.0
14169,23461,0.965909
14169,24418,0.034091
14170,24419,1.0
14171,24420,1.0
14172,24421,1.0
14173,24422,1.0
14174,22612,1.0
14175,24423,1.0
14176,23166,1.0
14177,24424,1.0
14178,24425,1.0
14179,24426,1.0
14180,24427,1.0
14181,24428,1.0
14182,24232,1.0
14183,24429,1.0
14184,24430,0.93038
14184,24431,0.06962
14185,24432,1.0
14186,24433,1.0
14187,22931,1.0
14188,24434,0.782609
14188,24435,0.217391
14189,24436,1.0
14190,24121,1.0
14191,24437,1.0
14192,24438,1.0
14193,24439,1.0
14194,24440,0.095745
14194,22743,0.904255
14195,24441,1.0
14196,24442,1.0
14197,24443,0.833333
14197,24444,0.166667
14198,24445,1.0
14199,24446,1.0
14200,24447,1.0
14201,22782,1.0
14202,24448,0.842105
14202,24449,0.157895
14203,23375,0.163934
14203,24450,0.836066
14204,24451,1.0
14205,24452,1.0
14206,24453,1.0
14207,24454,1.0
14208,24455,1.0
14209,24456,1.0
14210,24457,1.0
14211,24458,1.0
14212,22746,1.0
14213,24459,1.0
14214,22261,1.0
14215,24460,0.863636
14215,24461,0.136364
14216,24462,1.0
14217,24463,1.0
14218,24464,1.0
14219,24465,1.0
14220,23843,1.0
14221,24466,0.545455
14221,24467,0.454545
14222,24468,1.0
14223,24469,0.827586
14223,24470,0.172414
14224,24471,1.0
14225,24472,1.0
14226,22819,1.0
14227,24473,1.0
14228,24474,1.0
14229,24475,1.0
14230,24476,1.0
14231,24477,1.0
14232,24478,1.0
14233,24479,1.0
14234,24480,1.0
14235,23795,1.0
14236,24481,1.0
14237,22531,1.0
14238,24482,1.0
14239,24483,1.0
14240,24484,1.0
14241,24485,1.0
14242,24486,1.0
14243,24487,1.0
14244,24488,1.0
14245,24489,1.0
14246,24490,1.0
14247,24491,0.333333
14247,24492,0.666667
14248,24493,1.0
14249,24494,0.36
14249,23650,0.64
14250,23682,1.0
14251,24495,1.0
14252,24496,1.0
14253,23183,1.0
14254,24497,1.0
14255,24498,1.0
14256,24499,0.545455
14256,24500,0.454545
14257,22472,1.0
14258,24501,1.0
14259,24502,1.0
14260,24503,1.0
14261,24504,1.0
14262,24505,1.0
14263,24506,1.0
14264,22076,1.0
14265,24507,1.0
14266,24508,1.0
14267,23356,1.0
14268,24509,1.0
14269,24510,0.3
14269,24511,0.7
14270,24512,1.0
14271,24513,1.0
14272,24514,1.0
14273,24515,1.0
14274,24516,1.0
14275,24517,1.0
14276,24518,1.0
14277,24519,1.0
14278,24520,1.0
14279,24521,1.0
14280,24522,1.0
14281,24523,0.4375
14281,24524,0.5625
14282,24525,1.0
14283,24526,1.0
14284,24527,1.0
14285,22735,1.0
14286,24528,1.0
14287,24529,0.901235
14287,24530,0.098765
14288,24531,1.0
14289,24532,1.0
14290,24533,1.0
14291,24534,1.0
14292,24535,0.888889
14292,24536,0.111111
14293,24537,1.0
14294,24538,1.0
14295,24539,1.0
14296,24540,1.0
14297,24541,1.0
14298,24542,1.0
14299,24543,1.0
14300,24094,1.0
14301,24544,1.0
14302,24113,1.0
14303,22644,1.0
14304,24545,1.0
14305,22152,1.0
14306,24546,1.0
14307,24547,1.0
14308,24548,1.0
14309,24549,1.0
14310,24550,1.0
14311,24551,1.0
14312,24552,1.0
14313,24553,1.0
14314,24554,1.0
14315,24555,1.0
14316,24556,1.0
14317,24557,1.0
14318,23465,0.8
14318,24558,0.2
14319,24559,1.0
14320,24560,1.0
14321,22247,1.0
14322,24561,1.0
14323,24562,1.0
14324,24563,1.0
14325,23058,0.944444
14325,24564,0.055556
14326,24565,1.0
14327,24566,1.0
14328,24567,1.0
14329,24568,1.0
14330,24569,1.0
14331,24570,1.0
14332,24571,1.0
14333,24572,1.0
14334,24573,1.0
14335,24574,1.0
14336,24575,1.0
14337,24423,1.0
14338,23504,1.0
14339,24569,1.0
14340,24576,1.0
14341,24577,1.0
14342,24578,1.0
14343,24579,1.0
14344,24580,1.0
14345,24581,1.0
14346,24582,1.0
14347,24583,1.0
14348,24584,1.0
14349,24585,1.0
14350,24586,1.0
14351,24587,1.0
14352,24588,1.0
14353,22263,1.0
14354,24589,1.0
14355,24590,0.978947
14355,24591,0.021053
14356,24592,1.0
14357,24593,1.0
14358,24594,1.0
14359,24595,0.916667
14359,24596,0.083333
14360,23097,1.0
14361,24597,1.0
14362,24598,1.0
14363,24599,1.0
14364,23797,1.0
14365,24600,1.0
14366,24601,1.0
14367,22351,1.0
14368,24602,1.0
14369,24603,1.0
14370,24604,1.0
14371,24605,1.0
14372,24606,1.0
14373,24245,0.904762
14373,24607,0.095238
14374,24608,1.0
14375,24609,1.0
14376,24610,1.0
14377,24533,0.69697
14377,24611,0.30303
14378,24612,1.0
14379,24613,1.0
14380,22588,0.990099
14380,24614,0.009901
14381,24615,1.0
14382,24616,1.0
14383,22098,1.0
14384,24617,0.869565
14384,24618,0.130435
14385,24434,1.0
14386,24619,1.0
14387,24620,1.0
14388,24621,1.0
14389,24622,1.0
14390,24623,1.0
14391,24624,1.0
14392,22880,1.0
14393,24625,1.0
14394,24626,1.0
14395,24627,1.0
14396,24628,1.0
14397,24629,1.0
14398,24630,1.0
14399,24631,1.0
14400,24632,1.0
14401,24633,1.0
14402,24634,1.0
14403,22167,1.0
14404,24635,1.0
14405,24636,1.0
14406,24637,1.0
14407,24638,1.0
14408,24639,1.0
14409,24640,1.0
14410,24641,1.0
14411,24642,1.0
14412,24643,1.0
14413,23662,1.0
14414,24644,1.0
14415,24645,1.0
14416,23769,0.977444
14416,24646,0.022556
14417,24647,1.0
14418,22751,0.878788
14418,24648,0.121212
14419,24649,1.0
14420,24650,1.0
14421,24651,1.0
14422,24206,1.0
14423,24652,1.0
14424,23543,1.0
14425,24653,0.727273
14425,24654,0.272727
14426,24597,1.0
14427,24655,1.0
14428,24656,1.0
14429,24657,1.0
14430,23229,0.815603
14430,24658,0.184397
14431,24659,0.899329
14431,24660,0.100671
14432,23276,1.0
14433,24661,1.0
14434,24662,1.0
14435,24663,1.0
14436,22986,1.0
14437,24664,1.0
14438,24665,0.970874
14438,24666,0.029126
14439,24667,1.0
14440,24668,1.0
14441,24669,1.0
14442,24670,0.47619
14442,24671,0.52381
14443,24672,1.0
14444,24237,1.0
14445,24673,1.0
14446,24674,1.0
14447,24675,1.0
14448,24676,0.705357
14448,23731,0.294643
14449,23795,1.0
14450,24395,0.47619
14450,24677,0.52381
14451,24678,1.0
14452,24679,1.0
14453,24680,1.0
14454,24681,0.774194
14454,24682,0.225806
14455,24683,1.0
14456,24684,1.0
14457,24684,1.0
14458,24685,1.0
14459,24367,1.0
14460,24686,1.0
14461,24687,1.0
14462,24688,1.0
14463,24689,1.0
14464,24690,1.0
14465,22505,0.846154
14465,24691,0.153846
14466,24692,1.0
14467,23779,1.0
14468,24693,1.0
14469,24694,1.0
14470,23102,1.0
14471,24695,1.0
14472,24696,1.0
14473,24697,1.0
14474,24698,1.0
14475,24699,1.0
14476,24700,1.0
14477,24701,1.0
14478,24702,1.0
14479,24703,1.0
14480,24704,1.0
14481,23970,1.0
14482,24705,1.0
14483,24706,1.0
14484,24707,1.0
14485,24708,1.0
14486,24709,1.0
14487,24710,1.0
14488,24711,1.0
14489,24712,1.0
14490,24713,1.0
14491,22178,1.0
14492,24714,0.636364
14492,24715,0.363636
14493,24716,1.0
14494,23318,1.0
14495,24717,1.0
14496,24718,1.0
14497,22083,1.0
14498,24719,1.0
14499,24720,1.0
14500,24721,1.0
14501,24722,1.0
14502,23168,0.9375
14502,24723,0.0625
14503,24724,1.0
14504,24725,1.0
14505,24726,0.928571
14505,24727,0.071429
14506,24728,1.0
14507,24729,1.0
14508,24730,1.0
14509,24731,1.0
14510,24732,0.955556
14510,24733,0.044444
14511,24734,1.0
14512,24735,1.0
14513,24736,1.0
14514,23286,0.65
14514,24737,0.35
14515,22870,1.0
14516,24738,1.0
14517,24739,1.0
14518,24740,1.0
14519,24741,1.0
14520,24742,1.0
14521,24743,0.823529
14521,24744,0.176471
14522,24745,0.5
14522,24746,0.5
14523,24747,1.0
14524,24748,1.0
14525,24749,1.0
14526,24750,1.0
14527,24751,0.866667
14527,24752,0.133333
14528,24753,1.0
14529,24754,1.0
14530,24755,0.625
14530,24756,0.375
14531,24757,1.0
14532,24758,1.0
14533,24759,0.941176
14533,24760,0.058824
14534,24761,1.0
14535,24267,1.0
14536,24762,1.0
14537,22414,1.0
14538,24763,1.0
14539,24764,1.0
14540,24765,1.0
14541,24766,1.0
14542,24767,1.0
14543,23490,1.0
14544,24768,1.0
14545,24049,1.0
14546,24769,1.0
14547,24770,1.0
14548,22916,1.0
14549,24771,1.0
14550,24772,1.0
14551,24773,1.0
14552,22164,1.0
14553,24774,1.0
14554,24775,1.0
14555,24776,1.0
14556,24777,1.0
14557,24778,0.714286
14557,24779,0.285714
14558,24780,1.0
14559,23906,1.0
14560,24781,1.0
14561,24782,0.9375
14561,24783,0.0625
14562,23852,1.0
14563,24784,1.0
14564,24785,1.0
14565,24786,1.0
14566,22054,1.0
14567,24787,0.666667
14567,24008,0.333333
14568,24788,1.0
14569,24789,1.0
14570,24790,1.0
14571,23118,1.0
14572,24791,1.0
14573,24245,0.966667
14573,24792,0.033333
14574,24793,1.0
14575,22347,1.0
14576,24794,1.0
14577,24795,1.0
14578,24796,1.0
14579,24797,1.0
14580,24798,1.0
14581,24799,1.0
14582,24800,1.0
14583,24801,1.0
14584,22652,1.0
14585,24802,1.0
14586,24072,0.3125
14586,24803,0.6875
14587,24804,1.0
14588,22433,1.0
14589,24460,1.0
14590,24805,1.0
14591,23974,1.0
14592,24806,1.0
14593,24807,1.0
14594,24808,1.0
14595,24809,1.0
14596,22271,0.896
14596,24810,0.104
14597,24811,0.9
14597,24812,0.1
14598,23069,1.0
14599,24813,1.0
14600,24814,1.0
14601,24815,1.0
14602,24816,1.0
14603,24817,1.0
14604,24818,1.0
14605,24819,1.0
14606,24820,1.0
14607,24821,0.051948
14607,22125,0.948052
14608,24822,1.0
14609,24823,1.0
14610,24824,1.0
14611,24825,1.0
14612,24826,1.0
14613,24827,1.0
14614,23434,1.0
14615,22495,1.0
14616,24828,1.0
14617,24829,1.0
14618,24830,1.0
14619,24831,1.0
14620,24832,1.0
14621,24833,1.0
14622,24834,1.0
14623,24835,1.0
14624,24836,1.0
14625,24837,1.0
14626,24838,1.0
14627,24839,0.8
14627,24840,0.2
14628,24841,1.0
14629,24842,1.0
14630,24843,1.0
14631,24844,1.0
14632,24223,1.0
14633,24845,1.0
14634,24846,1.0
14635,24847,1.0
14636,24848,1.0
14637,24849,1.0
14638,24850,1.0
14639,24342,1.0
14640,24851,1.0
14641,24852,1.0
14642,24853,1.0
14643,24854,1.0
14644,24855,1.0
14645,24856,0.968254
14645,24857,0.031746
14646,24858,1.0
14647,24859,1.0
14648,22166,1.0
14649,23096,1.0
14650,24860,1.0
14651,22360,0.631579
14651,24861,0.368421
14652,24553,1.0
14653,24862,1.0
14654,23344,1.0
14655,24863,1.0
14656,24864,1.0
14657,24865,1.0
14658,24866,1.0
14659,22161,0.873563
14659,24867,0.126437
14660,24868,1.0
14661,24869,1.0
14662,24870,1.0
14663,24871,1.0
14664,24872,1.0
14665,24873,1.0
14666,22814,1.0
14667,24874,1.0
14668,24875,0.877193
14668,24876,0.122807
14669,24877,1.0
14670,24373,1.0
14671,24878,1.0
14672,24879,1.0
14673,24880,1.0
14674,24881,1.0
14675,24882,1.0
14676,24883,1.0
14677,24884,1.0
14678,23812,1.0
14679,24885,1.0
14680,24886,1.0
14681,22647,1.0
14682,24887,1.0
14683,24888,1.0
14684,24501,1.0
14685,24889,1.0
14686,24890,1.0
14687,23333,1.0
14688,24891,1.0
14689,24892,1.0
14690,24893,1.0
14691,24894,1.0
14692,24895,1.0
14693,22736,1.0
14694,24896,1.0
14695,24897,1.0
14696,24898,1.0
14697,24899,1.0
14698,24900,1.0
14699,24901,1.0
14700,24902,1.0
14701,24903,1.0
14702,24904,1.0
14703,24905,1.0
14704,24906,1.0
14705,24907,1.0
14706,24908,0.347222
14706,23615,0.652778
14707,24909,1.0
14708,24910,1.0
14709,24911,1.0
14710,24912,1.0
14711,24913,1.0
14712,24914,1.0
14713,24915,1.0
14714,24916,1.0
14715,24917,1.0
14716,24918,1.0
14717,24919,1.0
14718,24920,0.416667
14718,24921,0.583333
14719,24922,0.290323
14719,24923,0.709677
14720,24924,1.0
14721,23996,1.0
14722,24925,1.0
14723,24926,1.0
14724,24927,1.0
14725,24928,1.0
14726,22877,0.98627
14726,24929,0.01373
14727,24930,1.0
14728,24931,1.0
14729,24932,1.0
14730,24933,1.0
14731,24934,1.0
14732,24935,1.0
14733,24936,1.0
14734,24937,1.0
14735,24938,1.0
14736,24939,1.0
14737,24940,1.0
14738,24941,1.0
14739,24942,1.0
14740,24943,1.0
14741,24944,1.0
14742,24945,1.0
14743,24946,1.0
14744,24947,1.0
14745,24948,1.0
14746,24202,1.0
14747,24949,1.0
14748,24950,1.0
14749,24951,1.0
14750,24952,1.0
14751,23503,1.0
14752,24953,1.0
14753,24954,1.0
14754,24955,1.0
14755,24956,1.0
14756,22226,0.978947
14756,24957,0.021053
14757,24958,1.0
14758,24959,1.0
14759,22535,1.0
14760,24958,1.0
14761,24960,1.0
14762,24961,1.0
14763,24962,1.0
14764,24963,1.0
14765,24964,1.0
14766,24965,1.0
14767,24966,1.0
14768,24967,1.0
14769,22713,1.0
14770,24968,0.311224
14770,24969,0.688776
14771,24970,1.0
14772,24971,1.0
14773,24972,1.0
14774,24973,1.0
14775,23778,1.0
14776,24974,1.0
14777,24975,1.0
14778,24976,1.0
14779,24977,1.0
14780,24978,1.0
14781,24979,1.0
14782,24980,1.0
14783,22061,1.0
14784,23361,1.0
14785,24981,1.0
14786,24982,1.0
14787,24983,0.8
14787,24984,0.2
14788,24985,1.0
14789,24986,1.0
14790,24987,1.0
14791,24988,0.5
14791,24989,0.5
14792,24990,1.0
14793,23285,0.90625
14793,24991,0.09375
14794,24992,1.0
14795,24993,1.0
14796,24994,1.0
14797,23935,1.0
14798,24995,1.0
14799,24996,1.0
14800,24997,0.842105
14800,24998,0.157895
14801,24999,1.0
14802,25000,1.0
14803,25001,1.0
14804,25002,1.0
14805,25003,0.916667
14805,25004,0.083333
14806,25005,1.0
14807,25006,1.0
14808,25007,1.0
14809,25008,1.0
14810,25009,1.0
14811,25010,0.788462
14811,25011,0.211538
14812,25012,1.0
14813,24669,1.0
14814,22791,1.0
14815,25013,1.0
14816,25014,1.0
14817,25015,1.0
14818,25016,1.0
14819,23012,1.0
14820,23285,1.0
14821,23009,0.6875
14821,25017,0.3125
14822,25018,1.0
14823,25019,1.0
14824,24714,1.0
14825,25020,1.0
14826,22127,1.0
14827,25021,1.0
14828,24381,1.0
14829,25022,1.0
14830,25023,1.0
14831,25024,1.0
14832,25025,1.0
14833,25026,1.0
14834,25027,1.0
14835,25028,1.0
14836,25029,1.0
14837,25030,1.0
14838,25031,1.0
14839,25032,1.0
14840,25033,1.0
14841,25034,1.0
14842,25035,1.0
14843,25036,1.0
14844,25037,1.0
14845,25038,1.0
14846,25039,1.0
14847,25040,0.545455
14847,25041,0.454545
14848,23602,1.0
14849,25042,1.0
14850,25043,1.0
14851,25044,1.0
14852,25045,1.0
14853,25046,1.0
14854,25047,1.0
14855,23539,1.0
14856,25048,1.0
14857,25049,1.0
14858,25050,1.0
14859,25051,1.0
14860,25052,1.0
14861,25053,1.0
14862,22603,1.0
14863,25054,1.0
14864,25055,1.0
14865,25056,1.0
14866,25057,1.0
14867,25058,0.911765
14867,25059,0.088235
14868,23930,0.583333
14868,25060,0.416667
14869,25061,1.0
14870,25062,1.0
14871,24118,0.818182
14871,25063,0.181818
14872,25064,1.0
14873,25065,1.0
14874,25066,1.0
14875,25067,1.0
14876,23118,1.0
14877,22583,1.0
14878,25068,1.0
14879,25069,1.0
14880,25070,1.0
14881,22986,1.0
14882,22903,0.659091
14882,25071,0.340909
14883,25072,1.0
14884,25073,1.0
14885,25074,1.0
14886,25075,1.0
14887,25076,1.0
14888,25077,1.0
14889,25078,1.0
14890,25079,1.0
14891,25080,1.0
14892,25081,1.0
14893,25082,1.0
14894,25083,1.0
14895,25084,1.0
14896,25085,1.0
14897,25086,1.0
14898,25087,1.0
14899,25088,1.0
14900,25089,1.0
14901,25090,1.0
14902,25091,1.0
14903,25092,1.0
14904,25093,1.0
14905,25094,1.0
14906,25095,1.0
14907,24595,1.0
14908,25096,1.0
14909,25097,1.0
14910,25098,1.0
14911,25099,0.115385
14911,24254,0.884615
14912,22341,1.0
14913,25100,1.0
14914,25101,1.0
14915,25102,1.0
14916,25103,1.0
14917,25104,1.0
14918,25105,1.0
14919,25106,1.0
14920,25107,1.0
14921,23403,1.0
14922,25108,1.0
14923,25109,1.0
14924,25110,1.0
14925,25111,1.0
14926,23487,1.0
14927,25112,0.666667
14927,25113,0.333333
14928,25114,1.0
14929,24152,1.0
14930,22079,0.705882
14930,25115,0.294118
14931,22313,1.0
14932,25116,1.0
14933,23762,1.0
14934,25117,1.0
14935,25118,1.0
14936,25119,1.0
14937,25120,1.0
14938,23198,1.0
14939,25121,1.0
14940,25122,1.0
14941,25123,1.0
14942,25124,1.0
14943,25125,1.0
14944,25126,1.0
14945,25127,1.0
14946,25128,1.0
14947,25129,1.0
14948,25130,1.0
14949,25131,1.0
14950,25132,0.909091
14950,25133,0.090909
14951,22454,0.793651
14951,25134,0.206349
14952,25135,1.0
14953,25136,1.0
14954,25137,0.4
14954,25138,0.6
14955,25139,1.0
14956,25140,1.0
14957,25141,1.0
14958,25142,1.0
14959,24595,1.0
14960,25143,1.0
14961,25144,1.0
14962,25145,1.0
14963,25146,1.0
14964,25147,1.0
14965,25148,1.0
14966,25149,1.0
14967,25150,1.0
14968,25151,1.0
14969,25152,1.0
14970,25153,0.306452
14970,23049,0.693548
14971,25154,1.0
14972,25141,1.0
14973,25155,1.0
14974,25156,1.0
14975,25157,1.0
14976,25158,1.0
14977,23594,0.909091
14977,25159,0.090909
14978,25160,1.0
14979,22470,1.0
14980,25161,1.0
14981,22320,0.868421
14981,25162,0.131579
14982,25163,1.0
14983,25164,0.833333
14983,25165,0.166667
14984,25166,1.0
14985,25167,1.0
14986,24188,1.0
14987,25168,1.0
14988,25169,0.923077
14988,25170,0.076923
14989,25171,1.0
14990,25172,1.0
14991,25173,1.0
14992,25174,0.857143
14992,25175,0.142857
14993,23397,1.0
14994,25176,1.0
14995,25177,1.0
14996,25178,1.0
14997,24249,1.0
14998,25179,0.783019
14998,25180,0.216981
14999,22073,1.0
15000,24464,1.0
15001,25181,1.0
15002,24582,1.0
15003,25182,1.0
15004,22179,1.0
15005,25183,1.0
15006,25184,1.0
15007,25185,1.0
15008,25186,1.0
15009,25187,1.0
15010,25188,1.0
15011,24627,0.913043
15011,25189,0.086957
15012,25190,1.0
15013,25191,1.0
15014,25192,1.0
15015,22351,0.962025
15015,25193,0.037975
15016,25194,1.0
15017,25195,1.0
15018,25196,1.0
15019,25197,1.0
15020,25198,1.0
15021,25199,1.0
15022,25200,1.0
15023,24333,1.0
15024,22306,1.0
15025,25201,1.0
15026,25202,1.0
15027,24679,0.98374
15027,25203,0.01626
15028,25204,1.0
15029,25205,1.0
15030,25206,1.0
15031,25084,0.884462
15031,25207,0.115538
15032,25047,1.0
15033,25208,1.0
15034,25209,1.0
15035,25210,0.75
15035,25211,0.25
15036,22861,1.0
15037,25032,1.0
15038,25212,0.884615
15038,25213,0.115385
15039,25214,1.0
15040,24514,1.0
15041,25215,1.0
15042,25216,1.0
15043,25217,1.0
15044,25218,1.0
15045,25219,0.618182
15045,25220,0.381818
15046,25221,1.0
15047,25222,1.0
15048,25107,1.0
15049,25223,1.0
15050,25224,1.0
15051,25225,1.0
15052,25226,1.0
15053,25227,1.0
15054,25228,1.0
15055,25140,1.0
15056,25216,0.866667
15056,25229,0.133333
15057,25230,0.468085
15057,23380,0.531915
15058,25231,1.0
15059,24386,0.5
15059,25232,0.5
15060,25233,1.0
15061,25234,1.0
15062,24213,1.0
15063,25235,1.0
15064,25236,1.0
15065,25237,1.0
15066,25238,1.0
15067,23059,1.0
15068,25239,1.0
15069,25240,1.0
15070,23271,1.0
15071,25241,1.0
15072,25242,1.0
15073,25243,1.0
15074,25244,1.0
15075,25245,0.310345
15075,24333,0.689655
15076,25246,0.875
15076,24137,0.125
15077,25247,1.0
15078,24417,1.0
15079,25248,0.904762
15079,25249,0.095238
15080,25248,1.0
15081,25250,1.0
15082,23938,1.0
15083,25251,1.0
15084,25252,1.0
15085,25253,1.0
15086,25254,1.0
15087,25255,1.0
15088,25256,1.0
15089,25257,0.62963
15089,25258,0.37037
15090,25259,1.0
15091,25260,1.0
15092,25261,1.0
15093,25262,1.0
15094,25263,1.0
15095,25264,1.0
15096,25265,1.0
15097,25266,1.0
15098,25267,1.0
15099,25268,0.413793
15099,25269,0.586207
15100,25270,0.65
15100,25271,0.35
15101,25272,1.0
15102,25273,1.0
15103,25274,1.0
15104,25275,1.0
15105,25276,0.125
15105,25277,0.875
15106,22550,1.0
15107,25278,1.0
15108,23692,0.777778
15108,25279,0.222222
15109,25280,1.0
15110,23530,0.971014
15110,25281,0.028986
15111,25282,1.0
15112,25283,1.0
15113,25284,1.0
15114,22225,0.5
15114,25285,0.5
15115,25286,1.0
15116,24764,1.0
15117,22467,0.978873
15117,25287,0.021127
15118,23496,1.0
15119,25288,1.0
15120,25289,1.0
15121,25290,1.0
15122,22875,1.0
15123,25291,1.0
15124,25292,1.0
15125,25293,1.0
15126,23166,1.0
15127,25294,1.0
15128,25295,1.0
15129,22512,1.0
15130,25296,1.0
15131,25297,1.0
15132,25298,1.0
15133,22122,1.0
15134,25299,1.0
15135,25300,1.0
15136,22352,1.0
15137,25301,1.0
15138,25302,1.0
15139,25303,1.0
15140,22334,0.96875
15140,25304,0.03125
15141,22083,0.983471
15141,25305,0.016529
15142,25306,1.0
15143,25307,1.0
15144,25308,1.0
15145,25309,1.0
15146,25310,1.0
15147,25311,1.0
15148,25312,1.0
15149,25313,1.0
15150,25314,1.0
15151,22546,1.0
15152,22340,1.0
15153,25315,1.0
15154,25316,1.0
15155,25317,1.0
15156,25318,1.0
15157,25319,1.0
15158,25320,1.0
15159,23343,1.0
15160,25321,0.787879
15160,25322,0.212121
15161,23692,0.923077
15161,25323,0.076923
15162,25324,1.0
15163,22957,1.0
15164,25325,1.0
15165,25326,1.0
15166,22216,1.0
15167,25327,1.0
15168,23552,1.0
15169,25328,1.0
15170,25329,1.0
15171,25330,1.0
15172,25331,1.0
15173,25332,0.375
15173,25333,0.625
15174,25334,1.0
15175,22944,1.0
15176,25335,1.0
15177,25336,1.0
15178,25337,1.0
15179,25338,1.0
15180,22679,1.0
15181,24355,1.0
15182,25339,1.0
15183,25340,1.0
15184,25341,1.0
15185,25342,1.0
15186,25343,1.0
15187,25344,1.0
15188,25345,0.947368
15188,25346,0.052632
15189,25347,1.0
15190,25348,1.0
15191,25349,1.0
15192,25350,1.0
15193,25351,1.0
15194,25352,1.0
15195,25353,1.0
15196,25354,1.0
15197,23836,1.0
15198,23494,1.0
15199,25355,1.0
15200,25356,1.0
15201,25357,1.0
15202,25358,1.0
15203,25359,1.0
15204,23661,0.923077
15204,25360,0.076923
15205,25361,1.0
15206,25362,1.0
15207,25363,1.0
15208,25364,1.0
15209,25365,1.0
15210,25366,1.0
15211,25367,1.0
15212,25368,1.0
15213,25369,1.0
15214,25370,1.0
15215,25371,1.0
15216,25372,0.925926
15216,25373,0.074074
15217,25374,1.0
15218,25375,1.0
15219,25376,1.0
15220,22375,1.0
15221,25377,1.0
15222,25378,1.0
15223,22396,1.0
15224,25379,1.0
15225,25380,1.0
15226,23380,1.0
15227,25381,1.0
15228,25382,1.0
15229,25383,1.0
15230,23713,1.0
15231,25384,1.0
15232,25385,0.545455
15232,24181,0.454545
15233,25386,1.0
15234,25387,1.0
15235,25388,1.0
15236,25389,1.0
15237,25390,1.0
15238,24594,1.0
15239,25391,1.0
15240,25392,1.0
15241,25393,1.0
15242,25394,1.0
15243,25395,1.0
15244,25327,1.0
15245,25396,1.0
15246,25397,1.0
15247,24213,0.73913
15247,25398,0.26087
15248,25399,1.0
15249,25400,1.0
15250,25401,1.0
15251,25402,1.0
15252,25403,1.0
15253,25404,1.0
15254,25405,1.0
15255,25406,1.0
15256,25407,1.0
15257,25408,1.0
15258,24060,1.0
15259,25409,1.0
15260,25410,1.0
15261,25411,1.0
15262,25412,1.0
15263,25413,0.882353
15263,25414,0.117647
15264,25415,1.0
15265,25416,1.0
15266,25255,1.0
15267,25417,1.0
15268,23412,1.0
15269,25418,1.0
15270,25419,1.0
15271,24606,1.0
15272,25420,1.0
15273,25421,1.0
15274,25422,1.0
15275,25423,1.0
15276,25424,1.0
15277,25425,1.0
15278,25426,1.0
15279,23449,1.0
15280,25427,1.0
15281,25428,1.0
15282,25429,1.0
15283,25430,1.0
15284,25431,1.0
15285,22702,1.0
15286,25432,1.0
15287,25433,1.0
15288,25434,1.0
15289,25435,1.0
15290,25436,1.0
15291,25437,1.0
15292,25438,1.0
15293,25439,1.0
15294,25440,1.0
15295,25441,1.0
15296,25442,1.0
15297,25443,1.0
15298,23793,1.0
15299,25444,1.0
15300,25445,1.0
15301,25446,1.0
15302,24589,1.0
15303,22066,0.625
15303,25447,0.375
15304,23759,1.0
15305,25448,1.0
15306,22761,1.0
15307,24083,1.0
15308,25449,1.0
15309,25450,1.0
15310,25451,1.0
15311,23922,1.0
15312,25452,1.0
15313,25453,1.0
15314,23407,1.0
15315,25454,1.0
15316,23399,0.892857
15316,25455,0.107143
15317,22352,0.777778
15317,25456,0.222222
15318,25457,1.0
15319,25458,1.0
15320,25459,1.0
15321,25460,1.0
15322,25461,1.0
15323,25462,1.0
15324,25463,1.0
15325,25464,1.0
15326,25465,1.0
15327,25466,1.0
15328,25467,1.0
15329,25466,1.0
15330,25468,1.0
15331,25469,1.0
15332,25470,1.0
15333,24700,1.0
15334,25471,1.0
15335,25472,1.0
15336,24534,1.0
15337,25473,1.0
15338,25474,1.0
15339,25475,1.0
15340,25476,1.0
15341,22389,1.0
15342,22755,1.0
15343,25477,1.0
15344,25478,1.0
15345,22183,0.6875
15345,25479,0.3125
15346,25480,1.0
15347,25481,1.0
15348,25482,1.0
15349,25483,1.0
15350,24179,1.0
15351,25484,1.0
15352,25485,1.0
15353,25486,1.0
15354,22864,1.0
15355,25487,1.0
15356,25488,1.0
15357,25489,1.0
15358,24179,0.884892
15358,25490,0.115108
15359,25491,1.0
15360,25492,1.0
15361,25493,1.0
15362,25494,1.0
15363,25495,1.0
15364,24151,1.0
15365,25496,1.0
15366,24151,0.866667
15366,25497,0.133333
15367,25498,1.0
15368,25499,1.0
15369,25500,1.0
15370,25501,1.0
15371,25502,1.0
15372,25503,1.0
15373,25504,1.0
15374,25505,1.0
15375,25506,1.0
15376,25507,1.0
15377,25508,1.0
15378,25509,1.0
15379,25510,1.0
15380,25511,1.0
15381,25512,0.4
15381,25513,0.6
15382,25514,1.0
15383,25515,1.0
15384,25516,1.0
15385,25517,0.692308
15385,25518,0.307692
15386,22237,1.0
15387,25519,1.0
15388,25520,1.0
15389,25521,1.0
15390,23179,1.0
15391,25522,1.0
15392,24844,1.0
15393,22483,1.0
15394,25523,1.0
15395,24758,1.0
15396,25524,1.0
15397,25525,1.0
15398,25526,1.0
15399,25527,1.0
15400,25528,1.0
15401,25529,1.0
15402,24361,1.0
15403,22997,1.0
15404,25530,1.0
15405,24968,1.0
15406,25531,1.0
15407,25532,1.0
15408,25533,1.0
15409,25534,1.0
15410,25535,1.0
15411,25536,1.0
15412,25537,1.0
15413,25531,1.0
15414,23996,1.0
15415,25538,1.0
15416,25539,1.0
15417,25540,1.0
15418,25541,1.0
15419,25542,1.0
15420,25543,1.0
15421,25544,1.0
15422,24443,0.8125
15422,25545,0.1875
15423,25546,1.0
15424,25547,1.0
15425,23845,1.0
15426,25548,1.0
15427,25549,1.0
15428,25550,1.0
15429,25551,1.0
15430,25552,1.0
15431,25553,1.0
15432,25554,1.0
15433,25555,1.0
15434,25556,1.0
15435,25557,1.0
15436,25558,1.0
15437,25559,1.0
15438,25560,1.0
15439,25561,1.0
15440,23566,1.0
15441,25562,1.0
15442,24865,1.0
15443,25563,1.0
15444,25564,1.0
15445,25565,1.0
15446,25566,1.0
15447,25567,1.0
15448,25568,1.0
15449,25569,1.0
15450,25570,1.0
15451,25571,1.0
15452,24150,1.0
15453,25572,1.0
15454,25573,1.0
15455,25574,1.0
15456,25575,1.0
15457,25576,1.0
15458,25577,1.0
15459,25578,1.0
15460,25262,1.0
15461,25579,1.0
15462,25580,1.0
15463,25581,1.0
15464,25582,1.0
15465,25583,0.533333
15465,23067,0.466667
15466,25584,1.0
15467,24117,1.0
15468,25585,1.0
15469,25586,1.0
15470,24063,1.0
15471,25587,1.0
15472,25588,1.0
15473,25589,1.0
15474,25590,1.0
15475,25591,1.0
15476,25592,1.0
15477,25593,1.0
15478,25594,1.0
15479,25595,1.0
15480,25596,1.0
15481,25597,1.0
15482,23980,1.0
15483,25598,1.0
15484,25599,1.0
15485,25600,1.0
15486,25601,1.0
15487,24044,0.827586
15487,25602,0.172414
15488,25603,1.0
15489,25604,1.0
15490,25605,1.0
15491,25003,1.0
15492,22585,0.96875
15492,25606,0.03125
15493,25607,1.0
15494,25608,1.0
15495,25609,1.0
15496,25338,1.0
15497,25610,1.0
15498,25611,1.0
15499,25612,1.0
15500,25613,1.0
15501,25397,1.0
15502,25614,0.571429
15502,25615,0.428571
15503,25616,1.0
15504,25617,0.8
15504,25618,0.2
15505,24976,1.0
15506,24047,1.0
15507,25619,1.0
15508,25620,1.0
15509,25621,1.0
15510,25622,1.0
15511,25623,1.0
15512,25624,1.0
15513,25625,1.0
15514,25626,1.0
15515,25627,1.0
15516,25628,1.0
15517,25629,1.0
15518,25630,1.0
15519,25631,1.0
15520,25632,1.0
15521,25633,1.0
15522,25634,0.854839
15522,25635,0.145161
15523,25636,1.0
15524,25563,0.9375
15524,25637,0.0625
15525,25638,1.0
15526,25639,1.0
15527,25640,1.0
15528,25641,1.0
15529,25642,1.0
15530,22787,0.927536
15530,25643,0.072464
15531,25644,0.612245
15531,25645,0.387755
15532,25646,0.25641
15532,25647,0.74359
15533,25648,1.0
15534,23130,0.88
15534,25649,0.12
15535,25650,0.645161
15535,25651,0.354839
15536,25652,1.0
15537,24251,1.0
15538,22157,1.0
15539,22602,0.869565
15539,25653,0.130435
15540,25654,1.0
15541,25655,1.0
15542,25656,1.0
15543,25657,1.0
15544,25658,1.0
15545,22915,1.0
15546,25659,1.0
15547,25660,1.0
15548,25661,1.0
15549,23263,0.864865
15549,25662,0.135135
15550,25663,0.734694
15550,22179,0.265306
15551,25664,1.0
15552,25665,1.0
15553,25666,1.0
15554,23477,1.0
15555,25667,1.0
15556,25668,1.0
15557,25669,1.0
15558,25670,1.0
15559,25671,1.0
15560,25672,1.0
15561,22338,0.94
15561,25673,0.06
15562,25674,1.0
15563,25675,1.0
15564,25676,1.0
15565,25677,1.0
15566,25678,1.0
15567,25679,1.0
15568,25680,0.692308
15568,22046,0.307692
15569,25681,1.0
15570,25682,0.68
15570,25683,0.32
15571,25684,1.0
15572,25685,1.0
15573,25686,1.0
15574,25687,1.0
15575,25688,1.0
15576,25182,1.0
15577,25689,1.0
15578,25690,1.0
15579,25691,1.0
15580,25692,1.0
15581,25693,1.0
15582,25694,1.0
15583,25695,1.0
15584,25696,1.0
15585,25697,0.893293
15585,23468,0.106707
15586,25698,1.0
15587,22410,1.0
15588,25699,1.0
15589,25700,1.0
15590,25701,1.0
15591,25702,1.0
15592,25703,1.0
15593,25704,1.0
15594,25705,0.923077
15594,25706,0.076923
15595,24169,1.0
15596,25707,1.0
15597,25708,1.0
15598,25709,1.0
15599,25710,1.0
15600,25711,1.0
15601,25712,1.0
15602,25713,1.0
15603,22677,1.0
15604,25714,1.0
15605,25715,0.977528
15605,25716,0.022472
15606,23270,0.944444
15606,25717,0.055556
15607,24126,1.0
15608,25718,1.0
15609,24037,1.0
15610,25719,1.0
15611,25720,0.942029
15611,23254,0.057971
15612,25721,1.0
15613,25722,1.0
15614,25723,1.0
15615,25724,1.0
15616,25725,1.0
15617,25726,1.0
15618,25727,1.0
15619,25728,0.88
15619,25729,0.12
15620,25730,1.0
15621,25731,1.0
15622,25732,0.870968
15622,25733,0.129032
15623,25734,1.0
15624,22986,0.755725
15624,25735,0.244275
15625,25736,1.0
15626,25737,1.0
15627,25738,1.0
15628,25739,0.947368
15628,25740,0.052632
15629,22501,1.0
15630,25741,1.0
15631,25742,1.0
15632,25743,1.0
15633,25744,1.0
15634,25745,1.0
15635,25746,1.0
15636,25747,1.0
15637,25748,1.0
15638,24605,1.0
15639,25749,1.0
15640,25750,1.0
15641,25751,1.0
15642,22446,1.0
15643,23267,0.913043
15643,25752,0.086957
15644,25753,1.0
15645,25754,1.0
15646,25755,1.0
15647,25756,1.0
15648,25757,1.0
15649,25758,1.0
15650,25759,1.0
15651,25760,1.0
15652,25761,1.0
15653,25762,1.0
15654,25763,1.0
15655,24763,1.0
15656,25711,1.0
15657,25501,0.980952
15657,25764,0.019048
15658,25765,1.0
15659,25766,1.0
15660,25767,1.0
15661,25768,1.0
15662,25769,0.235294
15662,24265,0.764706
15663,25770,1.0
15664,25771,0.6
15664,25772,0.4
15665,25773,1.0
15666,25774,1.0
15667,25775,1.0
15668,25776,1.0
15669,25777,1.0
15670,25778,1.0
15671,25779,1.0
15672,25780,1.0
15673,25781,1.0
15674,25782,1.0
15675,25783,1.0
15676,25784,0.902439
15676,25785,0.097561
15677,25786,1.0
15678,25787,1.0
15679,25788,1.0
15680,22897,1.0
15681,25789,0.921053
15681,25790,0.078947
15682,25791,1.0
15683,24355,1.0
15684,25792,1.0
15685,25793,0.5
15685,22867,0.5
15686,25794,1.0
15687,25795,1.0
15688,25796,1.0
15689,25797,1.0
15690,25798,1.0
15691,22245,1.0
15692,25799,1.0
15693,25800,1.0
15694,25801,1.0
15695,25802,1.0
15696,25803,1.0
15697,25804,1.0
15698,25149,0.952381
15698,25805,0.047619
15699,25806,1.0
15700,25807,1.0
15701,25808,1.0
15702,25809,1.0
15703,25810,1.0
15704,23521,0.782258
15704,22504,0.217742
15705,25811,1.0
15706,25812,1.0
15707,23267,0.941176
15707,25813,0.058824
15708,25814,1.0
15709,25815,1.0
15710,25816,1.0
15711,25817,1.0
15712,25818,1.0
15713,23352,1.0
15714,25819,1.0
15715,25820,1.0
15716,25821,1.0
15717,25822,1.0
15718,25823,1.0
15719,25824,0.125
15719,25825,0.875
15720,25826,1.0
15721,25827,1.0
15722,24992,1.0
15723,25828,1.0
15724,25829,1.0
15725,25830,1.0
15726,25831,1.0
15727,25832,1.0
15728,25833,1.0
15729,25834,1.0
15730,23371,1.0
15731,22798,1.0
15732,25835,1.0
15733,25114,0.945455
15733,25836,0.054545
15734,25837,1.0
15735,25838,0.965517
15735,25839,0.034483
15736,25840,1.0
15737,25841,0.846154
15737,25842,0.153846
15738,25843,1.0
15739,25841,0.714286
15739,25844,0.285714
15740,22945,0.940299
15740,25845,0.059701
15741,25846,1.0
15742,22349,1.0
15743,25847,1.0
15744,25848,1.0
15745,24529,1.0
15746,25849,1.0
15747,25850,1.0
15748,25851,1.0
15749,25852,1.0
15750,25853,1.0
15751,25854,0.728571
15751,22204,0.271429
15752,25855,1.0
15753,25856,1.0
15754,25857,1.0
15755,25858,1.0
15756,25859,1.0
15757,25860,1.0
15758,25861,1.0
15759,25862,1.0
15760,25863,0.5
15760,25864,0.5
15761,25865,1.0
15762,25866,1.0
15763,23399,0.942857
15763,25867,0.057143
15764,25868,1.0
15765,25869,0.722222
15765,25870,0.277778
15766,25871,1.0
15767,25872,1.0
15768,25873,1.0
15769,24023,1.0
15770,25874,1.0
15771,25875,1.0
15772,25876,1.0
15773,23917,1.0
15774,25877,1.0
15775,25878,0.615385
15775,25879,0.384615
15776,25880,0.944444
15776,22204,0.055556
15777,25881,1.0
15778,24992,1.0
15779,24342,1.0
15780,25882,1.0
15781,25883,1.0
15782,25882,1.0
15783,25089,1.0
15784,25884,0.684211
15784,25885,0.315789
15785,25886,1.0
15786,25887,1.0
15787,25888,1.0
15788,25889,1.0
15789,22774,1.0
15790,24807,0.886792
15790,25890,0.113208
15791,24346,1.0
15792,25891,1.0
15793,25892,1.0
15794,25893,1.0
15795,25894,1.0
15796,25895,1.0
15797,24265,0.75
15797,25896,0.25
15798,25897,0.545455
15798,25621,0.454545
15799,25898,1.0
15800,25899,1.0
15801,25900,1.0
15802,25901,1.0
15803,25902,1.0
15804,25903,1.0
15805,25904,1.0
15806,25905,1.0
15807,25906,1.0
15808,25907,1.0
15809,25908,1.0
15810,25008,1.0
15811,25909,1.0
15812,25910,1.0
15813,25911,1.0
15814,25912,1.0
15815,25913,0.833333
15815,25914,0.166667
15816,25915,1.0
15817,25916,1.0
15818,25917,1.0
15819,25918,1.0
15820,25919,1.0
15821,25920,1.0
15822,25921,1.0
15823,25922,1.0
15824,22079,1.0
15825,25923,1.0
15826,25924,1.0
15827,22905,1.0
15828,25925,1.0
15829,25926,1.0
15830,25927,1.0
15831,25928,1.0
15832,25929,1.0
15833,23374,0.983607
15833,25930,0.016393
15834,25931,1.0
15835,25241,1.0
15836,25932,1.0
15837,25933,1.0
15838,25934,1.0
15839,25935,1.0
15840,25936,1.0
15841,25937,1.0
15842,25938,1.0
15843,25939,1.0
15844,25940,1.0
15845,25941,1.0
15846,25942,1.0
15847,25943,0.973333
15847,25944,0.026667
15848,22888,1.0
15849,25945,1.0
15850,25946,1.0
15851,25947,1.0
15852,22680,1.0
15853,25948,1.0
15854,25949,0.836066
15854,25950,0.163934
15855,25951,1.0
15856,25952,1.0
15857,25953,1.0
15858,25954,1.0
15859,25955,1.0
15860,23542,1.0
15861,25956,1.0
15862,23942,1.0
15863,24547,1.0
15864,25957,1.0
15865,24642,1.0
15866,25958,1.0
15867,25959,1.0
15868,25960,1.0
15869,25961,0.555556
15869,25962,0.444444
15870,24807,0.931818
15870,25963,0.068182
15871,25964,1.0
15872,25965,1.0
15873,25966,1.0
15874,25967,1.0
15875,25968,1.0
15876,25969,1.0
15877,25970,1.0
15878,22440,1.0
15879,25971,0.666667
15879,24992,0.333333
15880,25736,0.421875
15880,25972,0.578125
15881,25973,1.0
15882,22719,1.0
15883,23813,0.94
15883,25974,0.06
15884,24770,1.0
15885,25975,1.0
15886,22743,1.0
15887,25976,1.0
15888,25977,1.0
15889,22880,1.0
15890,25978,1.0
15891,25978,1.0
15892,25277,1.0
15893,25979,1.0
15894,25980,0.785714
15894,25981,0.214286
15895,25982,1.0
15896,25983,1.0
15897,25984,1.0
15898,25985,1.0
15899,25986,1.0
15900,25987,1.0
15901,25988,1.0
15902,25987,1.0
15903,25989,1.0
15904,23027,0.933333
15904,25990,0.066667
15905,25961,1.0
15906,25991,1.0
15907,25992,1.0
15908,25993,1.0
15909,25994,1.0
15910,25995,1.0
15911,25996,1.0
15912,25997,1.0
15913,25998,1.0
15914,25999,1.0
15915,22091,1.0
15916,22333,1.0
15917,26000,1.0
15918,26001,1.0
15919,26002,1.0
15920,26003,1.0
15921,26003,1.0
15922,26004,1.0
15923,25058,1.0
15924,26005,1.0
15925,26004,1.0
15926,22229,1.0
15927,25331,0.971014
15927,26006,0.028986
15928,26007,1.0
15929,26008,1.0
15930,24070,1.0
15931,26009,1.0
15932,26010,1.0
15933,26011,1.0
15934,26012,1.0
15935,23286,1.0
15936,26013,1.0
15937,26014,1.0
15938,23438,1.0
15939,26015,1.0
15940,26016,1.0
15941,26017,1.0
15942,26018,1.0
15943,22867,1.0
15944,24679,0.837838
15944,26019,0.162162
15945,22235,1.0
15946,26020,1.0
15947,23187,1.0
15948,24396,1.0
15949,24370,1.0
15950,26021,1.0
15951,26022,1.0
15952,26023,1.0
15953,26024,1.0
15954,26025,1.0
15955,26026,1.0
15956,26027,1.0
15957,26028,1.0
15958,26029,1.0
15959,22993,1.0
15960,25773,1.0
15961,26030,1.0
15962,26031,1.0
15963,26032,1.0
15964,26033,1.0
15965,26034,1.0
15966,26035,1.0
15967,26036,1.0
15968,26037,1.0
15969,22637,0.783784
15969,26038,0.216216
15970,26039,1.0
15971,26040,1.0
15972,24160,1.0
15973,26041,1.0
15974,26042,1.0
15975,26043,1.0
15976,26044,0.125
15976,22993,0.875
15977,26045,1.0
15978,26046,1.0
15979,26047,1.0
15980,26048,1.0
15981,25621,1.0
15982,26049,1.0
15983,26050,0.596154
15983,26051,0.403846
15984,22942,1.0
15985,26052,1.0
15986,26053,1.0
15987,23220,1.0
15988,26054,1.0
15989,25634,0.833333
15989,26055,0.166667
15990,23799,0.916667
15990,26056,0.083333
15991,26057,1.0
15992,26058,1.0
15993,26059,1.0
15994,23725,0.769231
15994,26060,0.230769
15995,26061,1.0
15996,26062,1.0
15997,26063,1.0
15998,26064,1.0
15999,26065,1.0
16000,26066,1.0
16001,26067,1.0
16002,26068,1.0
16003,25406,1.0
16004,24448,0.583333
16004,26069,0.416667
16005,22232,1.0
16006,26070,1.0
16007,22831,1.0
16008,26071,1.0
16009,26072,1.0
16010,26073,1.0
16011,26074,0.92
16011,26075,0.08
16012,25740,1.0
16013,26076,1.0
16014,26077,1.0
16015,23770,0.867925
16015,26078,0.132075
16016,26079,1.0
16017,26080,1.0
16018,26081,1.0
16019,26082,1.0
16020,26083,1.0
16021,26084,1.0
16022,26085,1.0
16023,26086,1.0
16024,26087,1.0
16025,26088,1.0
16026,26089,1.0
16027,26090,1.0
16028,26091,1.0
16029,26092,1.0
16030,26093,1.0
16031,24098,1.0
16032,26094,1.0
16033,26095,1.0
16034,26096,1.0
16035,26097,1.0
16036,26098,1.0
16037,23786,1.0
16038,26099,1.0
16039,22442,1.0
16040,26100,1.0
16041,25966,1.0
16042,26101,1.0
16043,26102,1.0
16044,26103,1.0
16045,26104,1.0
16046,26105,1.0
16047,26106,1.0
16048,26107,1.0
16049,24202,1.0
16050,26108,1.0
16051,26109,1.0
16052,22692,0.956873
16052,26110,0.043127
16053,26111,1.0
16054,26112,1.0
16055,26113,1.0
16056,26114,1.0
16057,26115,1.0
16058,26116,0.285714
16058,26117,0.714286
16059,26118,1.0
16060,26119,1.0
16061,26120,1.0
16062,26121,1.0
16063,26122,1.0
16064,23164,0.877193
16064,26123,0.122807
16065,26124,1.0
16066,24352,1.0
16067,26125,1.0
16068,26126,1.0
16069,26127,1.0
16070,26128,1.0
16071,26129,1.0
16072,26130,1.0
16073,26131,1.0
16074,23935,0.761905
16074,26132,0.238095
16075,26133,0.935484
16075,26134,0.064516
16076,23201,1.0
16077,22622,1.0
16078,26135,1.0
16079,26136,1.0
16080,26137,1.0
16081,26138,1.0
16082,26139,1.0
16083,24008,1.0
16084,26140,1.0
16085,26141,1.0
16086,26142,1.0
16087,24512,1.0
16088,26143,1.0
16089,26144,1.0
16090,26145,1.0
16091,26146,1.0
16092,26147,1.0
16093,26148,1.0
16094,26149,1.0
16095,26150,1.0
16096,23401,1.0
16097,26151,1.0
16098,26152,1.0
16099,26153,0.892308
16099,26154,0.107692
16100,26155,1.0
16101,26156,1.0
16102,26157,1.0
16103,26158,1.0
16104,26159,1.0
16105,26160,1.0
16106,26161,1.0
16107,26162,1.0
16108,26163,1.0
16109,26164,1.0
16110,26071,1.0
16111,26079,1.0
16112,25943,1.0
16113,26165,1.0
16114,22338,1.0
16115,26166,1.0
16116,26167,0.277778
16116,25105,0.722222
16117,26168,1.0
16118,26169,1.0
16119,26170,1.0
16120,23034,1.0
16121,26171,1.0
16122,26172,1.0
16123,26173,1.0
16124,26174,1.0
16125,26175,1.0
16126,26176,1.0
16127,26177,1.0
16128,26178,1.0
16129,26179,1.0
16130,25778,1.0
16131,23043,1.0
16132,23643,1.0
16133,26180,1.0
16134,26181,1.0
16135,24529,0.939024
16135,26182,0.060976
16136,26183,1.0
16137,26184,1.0
16138,26185,1.0
16139,23382,1.0
16140,26186,1.0
16141,24788,1.0
16142,26187,1.0
16143,23627,1.0
16144,26188,1.0
16145,22627,1.0
16146,26189,1.0
16147,26190,1.0
16148,26191,1.0
16149,23063,1.0
16150,26192,1.0
16151,26193,1.0
16152,24382,1.0
16153,26194,0.125
16153,26076,0.875
16154,26195,1.0
16155,23155,1.0
16156,26196,1.0
16157,26197,1.0
16158,26198,1.0
16159,26199,0.375
16159,26200,0.625
16160,26201,1.0
16161,26202,0.633333
16161,25544,0.366667
16162,26203,1.0
16163,26204,1.0
16164,24895,1.0
16165,26205,1.0
16166,26206,1.0
16167,26207,1.0
16168,22460,0.956897
16168,26208,0.043103
16169,26209,1.0
16170,23687,1.0
16171,26210,0.964286
16171,26211,0.035714
16172,26212,1.0
16173,26213,1.0
16174,26214,1.0
16175,26215,0.395062
16175,23138,0.604938
16176,26216,1.0
16177,25997,1.0
16178,26217,1.0
16179,26218,1.0
16180,26219,0.6875
16180,26220,0.3125
16181,26221,1.0
16182,26222,1.0
16183,26223,1.0
16184,26224,1.0
16185,26225,0.666667
16185,26226,0.333333
16186,26227,1.0
16187,26228,1.0
16188,26229,1.0
16189,26230,1.0
16190,26231,1.0
16191,26232,1.0
16192,26233,1.0
16193,26234,1.0
16194,26235,1.0
16195,24510,1.0
16196,26236,1.0
16197,26237,1.0
16198,26238,1.0
16199,26239,1.0
16200,26240,1.0
16201,26241,1.0
16202,24767,0.8
16202,26242,0.2
16203,26243,1.0
16204,24599,0.692308
16204,26244,0.307692
16205,26245,1.0
16206,26246,1.0
16207,26247,1.0
16208,22945,1.0
16209,26248,1.0
16210,26249,1.0
16211,26250,1.0
16212,26251,1.0
16213,26252,1.0
16214,26253,1.0
16215,26254,1.0
16216,26255,1.0
16217,26256,1.0
16218,26257,1.0
16219,22775,1.0
16220,25309,1.0
16221,26258,1.0
16222,24714,0.826087
16222,26259,0.173913
16223,26260,0.859649
16223,26261,0.140351
16224,26262,1.0
16225,26263,1.0
16226,25098,1.0
16227,26264,1.0
16228,26265,1.0
16229,26266,1.0
16230,26267,1.0
16231,26268,1.0
16232,26269,1.0
16233,26270,1.0
16234,26271,1.0
16235,26272,1.0
16236,26273,1.0
16237,26274,1.0
16238,26275,1.0
16239,26276,1.0
16240,26277,1.0
16241,23144,1.0
16242,26278,1.0
16243,26279,1.0
16244,26280,1.0
16245,26281,1.0
16246,24659,1.0
16247,26282,1.0
16248,26283,1.0
16249,26284,1.0
16250,26285,1.0
16251,26286,1.0
16252,26287,1.0
16253,26288,0.785714
16253,26289,0.214286
16254,26290,1.0
16255,26291,1.0
16256,26292,1.0
16257,26293,1.0
16258,26294,1.0
16259,26295,1.0
16260,26296,1.0
16261,23689,0.863636
16261,26297,0.136364
16262,26298,0.92
16262,26299,0.08
16263,26300,1.0
16264,22577,1.0
16265,26301,1.0
16266,26302,1.0
16267,22339,0.77551
16267,26303,0.22449
16268,22916,1.0
16269,24898,1.0
16270,26304,1.0
16271,24817,1.0
16272,26305,1.0
16273,26306,1.0
16274,26307,1.0
16275,26308,1.0
16276,26309,1.0
16277,26310,1.0
16278,26311,1.0
16279,26312,1.0
16280,26313,1.0
16281,25486,0.571429
16281,26314,0.428571
16282,25471,1.0
16283,26315,1.0
16284,26316,1.0
16285,26317,1.0
16286,26318,1.0
16287,26319,0.583333
16287,26320,0.416667
16288,26321,1.0
16289,26322,1.0
16290,24467,1.0
16291,26323,1.0
16292,26324,1.0
16293,26325,1.0
16294,26326,1.0
16295,26327,1.0
16296,24126,1.0
16297,26328,1.0
16298,26329,1.0
16299,26330,0.939394
16299,24857,0.060606
16300,26331,1.0
16301,26332,1.0
16302,24375,0.948276
16302,22271,0.051724
16303,24831,1.0
16304,26333,1.0
16305,23739,1.0
16306,26334,1.0
16307,26335,1.0
16308,26336,1.0
16309,24314,1.0
16310,26337,1.0
16311,23656,0.545455
16311,26338,0.454545
16312,26339,1.0
16313,26340,1.0
16314,26341,1.0
16315,26342,1.0
16316,26343,1.0
16317,26344,1.0
16318,26345,1.0
16319,26346,1.0
16320,26347,1.0
16321,23451,1.0
16322,26348,1.0
16323,26349,1.0
16324,26350,1.0
16325,26351,1.0
16326,26352,1.0
16327,26353,1.0
16328,26354,1.0
16329,26355,1.0
16330,26356,1.0
16331,26357,1.0
16332,26358,1.0
16333,26359,1.0
16334,26360,1.0
16335,26361,1.0
16336,26362,1.0
16337,26101,0.872727
16337,26363,0.127273
16338,26042,1.0
16339,26364,1.0
16340,26365,1.0
16341,22444,1.0
16342,25792,1.0
16343,24523,1.0
16344,26366,1.0
16345,26367,1.0
16346,26368,1.0
16347,22920,1.0
16348,26369,1.0
16349,26370,1.0
16350,26371,1.0
16351,26372,1.0
16352,26373,1.0
16353,26374,1.0
16354,26375,1.0
16355,26376,1.0
16356,22940,1.0
16357,26377,1.0
16358,26378,1.0
16359,22475,1.0
16360,26379,1.0
16361,23744,0.923077
16361,26380,0.076923
16362,23585,0.469388
16362,26381,0.530612
16363,26382,1.0
16364,26383,1.0
16365,26384,1.0
16366,26385,1.0
16367,26386,1.0
16368,26387,1.0
16369,26388,1.0
16370,26389,1.0
16371,24990,1.0
16372,26390,1.0
16373,26391,1.0
16374,26392,1.0
16375,26393,1.0
16376,26394,1.0
16377,24149,1.0
16378,26395,1.0
16379,26396,1.0
16380,23019,1.0
16381,26397,1.0
16382,26398,1.0
16383,26399,1.0
16384,26400,1.0
16385,26401,1.0
16386,26402,1.0
16387,26403,1.0
16388,25114,1.0
16389,26404,1.0
16390,23425,1.0
16391,26405,1.0
16392,26406,0.4
16392,26407,0.6
16393,26408,0.909091
16393,26409,0.090909
16394,25563,0.866667
16394,26410,0.133333
16395,26411,1.0
16396,26412,1.0
16397,26413,1.0
16398,26414,1.0
16399,26415,1.0
16400,26416,0.714286
16400,25195,0.285714
16401,26417,1.0
16402,26418,1.0
16403,26419,1.0
16404,26420,1.0
16405,26421,1.0
16406,22240,0.974843
16406,26422,0.025157
16407,26423,1.0
16408,26424,1.0
16409,26425,1.0
16410,26426,1.0
16411,26427,1.0
16412,26428,1.0
16413,26429,1.0
16414,26430,1.0
16415,26431,1.0
16416,22500,0.913043
16416,26432,0.086957
16417,26433,1.0
16418,26434,1.0
16419,26435,1.0
16420,26436,1.0
16421,26437,1.0
16422,26438,1.0
16423,26439,1.0
16424,26440,1.0
16425,24060,0.9375
16425,26441,0.0625
16426,26442,1.0
16427,26443,1.0
16428,26444,1.0
16429,23776,1.0
16430,26445,1.0
16431,22577,0.744681
16431,26446,0.255319
16432,26447,1.0
16433,26448,1.0
16434,26449,1.0
16435,26450,1.0
16436,26451,1.0
16437,23914,1.0
16438,26452,1.0
16439,26453,1.0
16440,24944,1.0
16441,25916,1.0
16442,26454,1.0
16443,26455,1.0
16444,26456,1.0
16445,23557,1.0
16446,23559,1.0
16447,26457,1.0
16448,26458,1.0
16449,26459,0.545455
16449,26460,0.454545
16450,26461,1.0
16451,26462,1.0
16452,26463,1.0
16453,26464,1.0
16454,26465,1.0
16455,26466,1.0
16456,26467,1.0
16457,26468,1.0
16458,24309,1.0
16459,26469,1.0
16460,23618,1.0
16461,26470,1.0
16462,26471,1.0
16463,26472,1.0
16464,24101,1.0
16465,26473,1.0
16466,24228,1.0
16467,26474,1.0
16468,26475,1.0
16469,24419,1.0
16470,26476,1.0
16471,26477,1.0
16472,26478,1.0
16473,25517,1.0
16474,26479,1.0
16475,26480,1.0
16476,26481,1.0
16477,22648,1.0
16478,26482,0.918919
16478,26483,0.081081
16479,26484,1.0
16480,26485,1.0
16481,22497,0.882353
16481,26486,0.117647
16482,26487,1.0
16483,26488,1.0
16484,26489,1.0
16485,26490,1.0
16486,25980,1.0
16487,26491,1.0
16488,26492,1.0
16489,26373,1.0
16490,26431,1.0
16491,26493,1.0
16492,26494,1.0
16493,26495,1.0
16494,23820,1.0
16495,26496,1.0
16496,26497,1.0
16497,26498,0.636364
16497,26499,0.363636
16498,26500,1.0
16499,26501,1.0
16500,26502,1.0
16501,26503,1.0
16502,26504,1.0
16503,24746,1.0
16504,26505,1.0
16505,26506,1.0
16506,26507,1.0
16507,26508,1.0
16508,26509,1.0
16509,26510,1.0
16510,26511,1.0
16511,26512,1.0
16512,26513,1.0
16513,26514,1.0
16514,26515,1.0
16515,26516,1.0
16516,26517,0.885714
16516,26518,0.114286
16517,26519,1.0
16518,26520,1.0
16519,25181,0.714286
16519,26521,0.285714
16520,22129,1.0
16521,22787,1.0
16522,26522,1.0
16523,22908,1.0
16524,26523,1.0
16525,26524,1.0
16526,23204,1.0
16527,22455,1.0
16528,26525,1.0
16529,26526,1.0
16530,26527,0.444444
16530,26528,0.555556
16531,26529,1.0
16532,25601,1.0
16533,26530,1.0
16534,26531,1.0
16535,26532,1.0
16536,26533,1.0
16537,26534,1.0
16538,23287,1.0
16539,26535,1.0
16540,26536,1.0
16541,26537,1.0
16542,26538,1.0
16543,24952,1.0
16544,22945,1.0
16545,26539,1.0
16546,26540,0.608696
16546,26541,0.391304
16547,26542,0.882353
16547,26543,0.117647
16548,26544,1.0
16549,25033,1.0
16550,26545,1.0
16551,26546,1.0
16552,26547,1.0
16553,26548,1.0
16554,25372,1.0
16555,26549,1.0
16556,26550,1.0
16557,26551,1.0
16558,26552,1.0
16559,26553,1.0
16560,25453,1.0
16561,26554,0.866667
16561,26555,0.133333
16562,26556,1.0
16563,26557,1.0
16564,26558,1.0
16565,26559,1.0
16566,26560,1.0
16567,26561,1.0
16568,26562,1.0
16569,26563,1.0
16570,25089,0.588235
16570,26564,0.411765
16571,26565,1.0
16572,26566,1.0
16573,26567,1.0
16574,22502,1.0
16575,26568,1.0
16576,26569,1.0
16577,22675,1.0
16578,26570,1.0
16579,24759,0.77551
16579,26571,0.22449
16580,25657,1.0
16581,26572,1.0
16582,26573,0.5625
16582,26574,0.4375
16583,26575,1.0
16584,26576,1.0
16585,26577,1.0
16586,26578,1.0
16587,26579,1.0
16588,26580,1.0
16589,26581,1.0
16590,24569,1.0
16591,26582,1.0
16592,26583,1.0
16593,26584,1.0
16594,26585,1.0
16595,26586,1.0
16596,26587,1.0
16597,26137,1.0
16598,26588,0.576923
16598,25423,0.423077
16599,26589,0.821429
16599,26590,0.178571
16600,26591,1.0
16601,26592,1.0
16602,26593,1.0
16603,26594,1.0
16604,26595,1.0
16605,26596,1.0
16606,26597,1.0
16607,26598,1.0
16608,26599,1.0
16609,26600,1.0
16610,26601,1.0
16611,26602,1.0
16612,26603,1.0
16613,26604,1.0
16614,26605,1.0
16615,26606,1.0
16616,26607,1.0
16617,26608,0.423077
16617,26609,0.576923
16618,26610,1.0
16619,26611,1.0
16620,26612,0.930233
16620,26613,0.069767
16621,25796,1.0
16622,26614,1.0
16623,26615,1.0
16624,26616,1.0
16625,23856,1.0
16626,26617,1.0
16627,26618,1.0
16628,26619,1.0
16629,23175,1.0
16630,26620,1.0
16631,26621,1.0
16632,26622,1.0
16633,26623,1.0
16634,26624,1.0
16635,24338,1.0
16636,26625,1.0
16637,26626,1.0
16638,26627,0.987654
16638,26628,0.012346
16639,26629,1.0
16640,25941,1.0
16641,26630,1.0
16642,26631,1.0
16643,26632,1.0
16644,26633,1.0
16645,24072,1.0
16646,26634,1.0
16647,26635,1.0
16648,22297,1.0
16649,24851,1.0
16650,26636,1.0
16651,23598,1.0
16652,26637,1.0
16653,23749,0.944444
16653,26638,0.055556
16654,26639,0.961538
16654,25396,0.038462
16655,26640,1.0
16656,26641,1.0
16657,26642,1.0
16658,26643,1.0
16659,24904,1.0
16660,26644,1.0
16661,22655,0.714286
16661,26645,0.285714
16662,26646,1.0
16663,26647,1.0
16664,26648,0.380952
16664,22076,0.619048
16665,26649,1.0
16666,26650,1.0
16667,26651,1.0
16668,26652,1.0
16669,26653,0.571429
16669,22452,0.428571
16670,26654,1.0
16671,26655,1.0
16672,22962,1.0
16673,26656,1.0
16674,26657,1.0
16675,26658,1.0
16676,26659,1.0
16677,26660,1.0
16678,26661,1.0
16679,26662,1.0
16680,26663,1.0
16681,26664,1.0
16682,26665,1.0
16683,26666,1.0
16684,26667,1.0
16685,26668,1.0
16686,26669,1.0
16687,26670,0.371429
16687,22995,0.628571
16688,26671,1.0
16689,26672,1.0
16690,26673,0.388889
16690,24121,0.611111
16691,26674,1.0
16692,26675,1.0
16693,22882,0.862069
16693,26676,0.137931
16694,26677,1.0
16695,26678,1.0
16696,26679,1.0
16697,26680,1.0
16698,26681,1.0
16699,26682,1.0
16700,26683,1.0
16701,26684,1.0
16702,26685,1.0
16703,26686,1.0
16704,26687,0.164557
16704,23177,0.835443
16705,26688,1.0
16706,26689,1.0
16707,23044,0.833333
16707,26690,0.166667
16708,26691,1.0
16709,26692,1.0
16710,26040,0.958333
16710,26693,0.041667
16711,26694,1.0
16712,23448,1.0
16713,26695,1.0
16714,26696,1.0
16715,23674,1.0
16716,26697,1.0
16717,26698,1.0
16718,22577,1.0
16719,26699,1.0
16720,26700,1.0
16721,26701,1.0
16722,26702,1.0
16723,26703,1.0
16724,26704,1.0
16725,26705,1.0
16726,22842,0.945946
16726,26706,0.054054
16727,25269,1.0
16728,26707,1.0
16729,26708,1.0
16730,24303,0.779661
16730,26709,0.220339
16731,24726,1.0
16732,26710,1.0
16733,22309,0.829268
16733,26711,0.170732
16734,26712,1.0
16735,26713,1.0
16736,26714,1.0
16737,26715,1.0
16738,26716,1.0
16739,26717,1.0
16740,26718,1.0
16741,26719,1.0
16742,22648,0.833333
16742,26720,0.166667
16743,24308,1.0
16744,26721,1.0
16745,24534,1.0
16746,26722,1.0
16747,26723,1.0
16748,24697,1.0
16749,26724,1.0
16750,26725,1.0
16751,26726,1.0
16752,26727,1.0
16753,26728,1.0
16754,26729,1.0
16755,26730,1.0
16756,26731,0.967742
16756,26732,0.032258
16757,26733,1.0
16758,26734,1.0
16759,26735,1.0
16760,26736,1.0
16761,26737,1.0
16762,24042,1.0
16763,26738,0.473684
16763,26739,0.526316
16764,26740,1.0
16765,23873,1.0
16766,26741,1.0
16767,26404,1.0
16768,26742,0.272727
16768,26743,0.727273
16769,26744,1.0
16770,24681,1.0
16771,26745,1.0
16772,26746,1.0
16773,26747,1.0
16774,26748,1.0
16775,24113,1.0
16776,26749,1.0
16777,26750,1.0
16778,26751,1.0
16779,22777,0.982906
16779,26752,0.017094
16780,26753,1.0
16781,23565,1.0
16782,26754,1.0
16783,26755,0.366667
16783,26756,0.633333
16784,26757,1.0
16785,26758,1.0
16786,26759,1.0
16787,26760,1.0
16788,26761,1.0
16789,26762,1.0
16790,26763,1.0
16791,26764,1.0
16792,26765,1.0
16793,26766,1.0
16794,26767,1.0
16795,26768,1.0
16796,26769,1.0
16797,26770,1.0
16798,26771,1.0
16799,26772,1.0
16800,26773,1.0
16801,26774,1.0
16802,26775,1.0
16803,24503,0.763158
16803,26776,0.236842
16804,26777,1.0
16805,26778,1.0
16806,26779,1.0
16807,26780,1.0
16808,26781,1.0
16809,26782,1.0
16810,26783,1.0
16811,26784,1.0
16812,26785,1.0
16813,26786,1.0
16814,25876,1.0
16815,26787,1.0
16816,26788,1.0
16817,26789,1.0
16818,26790,1.0
16819,26791,1.0
16820,26792,1.0
16821,26793,1.0
16822,26794,1.0
16823,26795,1.0
16824,26796,1.0
16825,26797,1.0
16826,26798,1.0
16827,24888,1.0
16828,26799,1.0
16829,26800,1.0
16830,26801,1.0
16831,26802,1.0
16832,26803,1.0
16833,23940,1.0
16834,26804,1.0
16835,26805,1.0
16836,26806,1.0
16837,26807,1.0
16838,26808,1.0
16839,26809,1.0
16840,22257,1.0
16841,26810,1.0
16842,24798,1.0
16843,26811,1.0
16844,26812,1.0
16845,26813,1.0
16846,26814,1.0
16847,26815,0.307692
16847,22161,0.692308
16848,26816,1.0
16849,26817,1.0
16850,26818,1.0
16851,22993,1.0
16852,26819,1.0
16853,26253,1.0
16854,26820,1.0
16855,26821,1.0
16856,26822,1.0
16857,26823,1.0
16858,26824,1.0
16859,26825,1.0
16860,26826,1.0
16861,26827,1.0
16862,26828,1.0
16863,26829,1.0
16864,26830,1.0
16865,26831,1.0
16866,26832,1.0
16867,23138,0.901961
16867,26833,0.098039
16868,26834,0.268293
16868,26835,0.731707
16869,26836,1.0
16870,26837,1.0
16871,22723,0.806122
16871,26838,0.193878
16872,24537,0.388889
16872,26839,0.611111
16873,26840,0.409091
16873,26841,0.590909
16874,26842,1.0
16875,26843,1.0
16876,26844,1.0
16877,26252,1.0
16878,26845,1.0
16879,23321,0.5625
16879,26846,0.4375
16880,22523,1.0
16881,26080,1.0
16882,26847,1.0
16883,26848,0.1
16883,26481,0.9
16884,26849,1.0
16885,26850,1.0
16886,26851,0.25
16886,26852,0.75
16887,22378,1.0
16888,23674,1.0
16889,26853,1.0
16890,26854,1.0
16891,26855,1.0
16892,26856,1.0
16893,26857,1.0
16894,26858,0.155556
16894,23843,0.844444
16895,26859,1.0
16896,23377,0.833333
16896,26860,0.166667
16897,24992,0.648649
16897,26861,0.351351
16898,26862,1.0
16899,26863,1.0
16900,26864,1.0
16901,26865,1.0
16902,25084,1.0
16903,26866,0.662338
16903,26867,0.337662
16904,26868,1.0
16905,26869,1.0
16906,26870,0.647059
16906,26871,0.352941
16907,26872,1.0
16908,26873,1.0
16909,26874,1.0
16910,26875,1.0
16911,26876,1.0
16912,24440,1.0
16913,26877,1.0
16914,26878,1.0
16915,26879,1.0
16916,26880,1.0
16917,26881,1.0
16918,26882,1.0
16919,26883,1.0
16920,26884,0.866667
16920,26885,0.133333
16921,26370,1.0
16922,26886,1.0
16923,26887,1.0
16924,26888,1.0
16925,26889,1.0
16926,25837,1.0
16927,26890,1.0
16928,22813,1.0
16929,26891,1.0
16930,26892,1.0
16931,26893,1.0
16932,26412,1.0
16933,26894,1.0
16934,26895,1.0
16935,26896,1.0
16936,26897,1.0
16937,26898,1.0
16938,26899,1.0
16939,26900,1.0
16940,26901,1.0
16941,26851,1.0
16942,26902,1.0
16943,26903,1.0
16944,26540,0.828571
16944,25358,0.171429
16945,26904,1.0
16946,25303,1.0
16947,26905,1.0
16948,26906,0.888889
16948,26907,0.111111
16949,26908,1.0
16950,26909,1.0
16951,26910,1.0
16952,26911,1.0
16953,26912,1.0
16954,26913,1.0
16955,26914,1.0
16956,26915,1.0
16957,26916,1.0
16958,26917,1.0
16959,26918,1.0
16960,23136,1.0
16961,26919,1.0
16962,26920,1.0
16963,26921,1.0
16964,26922,1.0
16965,26923,1.0
16966,26924,1.0
16967,26925,1.0
16968,23870,1.0
16969,26926,1.0
16970,22320,1.0
16971,26927,0.793103
16971,26928,0.206897
16972,26929,1.0
16973,23676,1.0
16974,26930,1.0
16975,26931,1.0
16976,26932,1.0
16977,26933,0.965517
16977,26934,0.034483
16978,26935,1.0
16979,26936,1.0
16980,26937,1.0
16981,26938,1.0
16982,26939,1.0
16983,26940,1.0
16984,26941,1.0
16985,26942,1.0
16986,26943,1.0
16987,26944,1.0
16988,22369,1.0
16989,26945,1.0
16990,26946,1.0
16991,26947,1.0
16992,26948,1.0
16993,26949,1.0
16994,26864,1.0
16995,22394,0.870968
16995,26950,0.129032
16996,26951,1.0
16997,22758,1.0
16998,23947,1.0
16999,26952,1.0
17000,26953,1.0
17001,26954,1.0
17002,26955,1.0
17003,26956,1.0
17004,23528,1.0
17005,26957,1.0
17006,24665,1.0
17007,23713,0.954545
17007,26958,0.045455
17008,26959,1.0
17009,26960,1.0
17010,26961,1.0
17011,25485,1.0
17012,26962,1.0
17013,26822,0.906977
17013,26963,0.093023
17014,25891,1.0
17015,26964,1.0
17016,26965,1.0
17017,26346,1.0
17018,26966,1.0
17019,26967,1.0
17020,26968,1.0
17021,26969,1.0
17022,26970,1.0
17023,26971,1.0
17024,26972,1.0
17025,26973,1.0
17026,26974,1.0
17027,26975,1.0
17028,26976,1.0
17029,26977,1.0
17030,26978,1.0
17031,25185,1.0
17032,26979,1.0
17033,22747,1.0
17034,26980,0.4
17034,26981,0.6
17035,26982,1.0
17036,26983,1.0
17037,22066,0.433333
17037,26984,0.566667
17038,26985,1.0
17039,25784,1.0
17040,26986,1.0
17041,26987,1.0
17042,22614,1.0
17043,26988,1.0
17044,22369,0.384615
17044,26989,0.615385
17045,26990,1.0
17046,26991,1.0
17047,26992,1.0
17048,26993,1.0
17049,26994,1.0
17050,26995,1.0
17051,26996,1.0
17052,26997,1.0
17053,26998,1.0
17054,22288,1.0
17055,26999,1.0
17056,24896,1.0
17057,27000,1.0
17058,27001,1.0
17059,27002,0.953846
17059,27003,0.046154
17060,27004,1.0
17061,25366,1.0
17062,27005,0.478261
17062,27006,0.521739
17063,27007,1.0
17064,25817,1.0
17065,27008,1.0
17066,27009,1.0
17067,27010,1.0
17068,27011,1.0
17069,27012,1.0
17070,27013,1.0
17071,27014,1.0
17072,23451,1.0
17073,27015,1.0
17074,27016,1.0
17075,27017,1.0
17076,27018,1.0
17077,27019,0.647059
17077,27020,0.352941
17078,27021,1.0
17079,24135,1.0
17080,27022,1.0
17081,27023,1.0
17082,27024,1.0
17083,27025,1.0
17084,27026,1.0
17085,27027,1.0
17086,24454,0.708333
17086,27028,0.291667
17087,27029,1.0
17088,27030,1.0
17089,27031,1.0
17090,25169,1.0
17091,27032,1.0
17092,22814,1.0
17093,27033,0.15
17093,23528,0.85
17094,25577,1.0
17095,27034,1.0
17096,27035,1.0
17097,27036,1.0
17098,27037,1.0
17099,27038,1.0
17100,27039,1.0
17101,27040,1.0
17102,27041,1.0
17103,27042,1.0
17104,27043,1.0
17105,22942,1.0
17106,22076,0.959459
17106,27044,0.040541
17107,27045,1.0
17108,27046,1.0
17109,26183,1.0
17110,27047,1.0
17111,24555,1.0
17112,27048,1.0
17113,27049,1.0
17114,27050,1.0
17115,27051,1.0
17116,22640,1.0
17117,23011,0.772727
17117,27052,0.227273
17118,24863,0.727273
17118,27053,0.272727
17119,27054,1.0
17120,27055,1.0
17121,27056,1.0
17122,27057,1.0
17123,26270,0.818182
17123,27058,0.181818
17124,26238,1.0
17125,27059,1.0
17126,27060,0.375
17126,22751,0.625
17127,27061,1.0
17128,27062,1.0
17129,27063,1.0
17130,27064,1.0
17131,27065,1.0
17132,27066,1.0
17133,25966,1.0
17134,26612,1.0
17135,25237,1.0
17136,27067,1.0
17137,27068,1.0
17138,27069,1.0
17139,27070,1.0
17140,27071,1.0
17141,27072,1.0
17142,27073,0.617647
17142,24534,0.382353
17143,27074,1.0
17144,27075,1.0
17145,27076,1.0
17146,27077,1.0
17147,27078,1.0
17148,27079,1.0
17149,27080,1.0
17150,27081,1.0
17151,27082,1.0
17152,27083,1.0
17153,27084,1.0
17154,27085,1.0
17155,27086,1.0
17156,27087,1.0
17157,27088,1.0
17158,27089,1.0
17159,27090,1.0
17160,27091,1.0
17161,27092,1.0
17162,27093,1.0
17163,27094,1.0
17164,27095,1.0
17165,27096,1.0
17166,27097,1.0
17167,27098,1.0
17168,27099,1.0
17169,27100,1.0
17170,27101,1.0
17171,27102,1.0
17172,27103,1.0
17173,27104,1.0
17174,27105,1.0
17175,22541,1.0
17176,27106,1.0
17177,27107,1.0
17178,23713,0.846154
17178,27108,0.153846
17179,27109,1.0
17180,27110,1.0
17181,27111,1.0
17182,27112,1.0
17183,23753,1.0
17184,27113,1.0
17185,27114,1.0
17186,27115,1.0
17187,22160,0.604167
17187,27116,0.104167
17187,27117,0.291667
17188,27118,1.0
17189,22514,1.0
17190,27119,1.0
17191,24041,1.0
17192,27120,1.0
17193,27121,1.0
17194,27122,0.723404
17194,24410,0.276596
17195,27123,1.0
17196,23094,0.913043
17196,27124,0.086957
17197,27125,0.555556
17197,27126,0.444444
17198,27127,1.0
17199,27128,1.0
17200,23738,1.0
17201,27129,1.0
17202,22781,1.0
17203,27130,1.0
17204,27131,1.0
17205,27132,1.0
17206,27133,1.0
17207,22314,0.958763
17207,27134,0.041237
17208,27135,1.0
17209,27136,1.0
17210,27137,1.0
17211,27138,1.0
17212,27139,1.0
17213,27140,0.235294
17213,27141,0.764706
17214,27142,1.0
17215,27143,1.0
17216,27144,1.0
17217,27145,1.0
17218,27146,1.0
17219,27147,1.0
17220,27148,1.0
17221,22322,1.0
17222,27149,1.0
17223,27150,1.0
17224,27151,1.0
17225,27152,1.0
17226,27153,1.0
17227,27154,1.0
17228,27155,1.0
17229,27156,1.0
17230,27157,1.0
17231,23500,0.96875
17231,27158,0.03125
17232,27159,1.0
17233,27160,1.0
17234,23751,1.0
17235,27161,1.0
17236,27162,1.0
17237,27163,1.0
17238,27164,1.0
17239,27165,1.0
17240,23246,1.0
17241,27166,0.333333
17241,24587,0.666667
17242,24010,1.0
17243,27167,1.0
17244,23477,0.75
17244,27168,0.25
17245,22252,1.0
17246,27169,1.0
17247,27170,1.0
17248,27171,1.0
17249,27172,1.0
17250,25310,1.0
17251,22964,0.830189
17251,27173,0.169811
17252,27174,1.0
17253,27175,1.0
17254,27176,1.0
17255,27177,1.0
17256,27178,0.8
17256,27179,0.2
17257,27178,1.0
17258,27180,1.0
17259,27181,1.0
17260,27182,0.833333
17260,27183,0.166667
17261,27184,1.0
17262,27185,0.09434
17262,22502,0.90566
17263,22044,1.0
17264,27186,1.0
17265,27187,1.0
17266,27188,1.0
17267,27189,1.0
17268,27190,1.0
17269,27191,1.0
17270,27192,1.0
17271,27193,1.0
17272,27194,1.0
17273,27195,1.0
17274,27196,1.0
17275,27197,1.0
17276,27198,1.0
17277,27199,1.0
17278,26139,0.538462
17278,27200,0.461538
17279,26135,1.0
17280,27201,1.0
17281,27202,1.0
17282,27203,1.0
17283,27204,1.0
17284,27205,1.0
17285,27206,1.0
17286,27207,0.16129
17286,25349,0.83871
17287,27208,1.0
17288,27209,1.0
17289,27210,1.0
17290,27211,1.0
17291,27212,1.0
17292,22511,1.0
17293,27213,1.0
17294,23300,1.0
17295,27214,1.0
17296,27215,1.0
17297,27216,1.0
17298,27217,1.0
17299,27218,1.0
17300,27219,1.0
17301,27220,1.0
17302,27221,0.714286
17302,27222,0.285714
17303,27223,1.0
17304,22684,1.0
17305,27224,1.0
17306,24443,1.0
17307,22912,1.0
17308,27225,1.0
17309,27226,1.0
17310,27227,1.0
17311,24017,1.0
17312,27228,1.0
17313,27229,1.0
17314,27230,1.0
17315,27231,1.0
17316,27232,1.0
17317,27233,1.0
17318,27234,1.0
17319,27235,1.0
17320,27236,1.0
17321,25341,1.0
17322,27237,1.0
17323,27238,1.0
17324,27239,1.0
17325,27240,1.0
17326,27241,1.0
17327,23772,1.0
17328,27242,1.0
17329,27243,1.0
17330,27244,1.0
17331,26191,1.0
17332,23184,1.0
17333,27245,1.0
17334,27246,1.0
17335,27247,1.0
17336,27248,0.714286
17336,27249,0.285714
17337,27250,1.0
17338,25350,1.0
17339,27251,0.714286
17339,27252,0.285714
17340,27253,1.0
17341,27254,0.866667
17341,27255,0.133333
17342,23309,1.0
17343,27256,1.0
17344,27257,1.0
17345,27258,1.0
17346,27259,1.0
17347,27260,1.0
17348,27261,1.0
17349,26791,1.0
17350,27262,1.0
17351,27263,1.0
17352,27264,0.888889
17352,27265,0.111111
17353,27266,1.0
17354,27267,1.0
17355,27268,1.0
17356,23785,1.0
17357,27269,1.0
17358,27270,1.0
17359,27271,1.0
17360,24685,1.0
17361,27272,1.0
17362,27273,1.0
17363,27274,1.0
17364,27275,1.0
17365,27276,1.0
17366,27277,0.5
17366,27278,0.5
17367,26342,1.0
17368,27279,1.0
17369,27280,1.0
17370,27281,1.0
17371,27282,1.0
17372,27283,1.0
17373,27284,1.0
17374,24565,0.842105
17374,27285,0.157895
17375,27286,1.0
17376,27287,1.0
17377,27288,1.0
17378,23945,1.0
17379,27289,1.0
17380,27290,1.0
17381,27291,1.0
17382,27292,0.6
17382,27293,0.4
17383,23149,0.785714
17383,27294,0.214286
17384,22333,0.846154
17384,27295,0.153846
17385,27296,1.0
17386,27297,1.0
17387,27298,1.0
17388,27299,1.0
17389,23618,0.92
17389,27300,0.08
17390,27301,1.0
17391,27302,1.0
17392,24101,0.642857
17392,27303,0.357143
17393,27304,1.0
17394,27305,1.0
17395,23992,1.0
17396,27306,1.0
17397,27307,1.0
17398,27308,1.0
17399,27309,0.764706
17399,27310,0.235294
17400,27311,1.0
17401,27312,1.0
17402,27313,1.0
17403,25349,1.0
17404,27314,1.0
17405,27315,1.0
17406,27316,1.0
17407,27317,1.0
17408,27318,1.0
17409,25728,1.0
17410,27319,1.0
17411,27320,1.0
17412,26672,0.94
17412,27321,0.06
17413,27322,1.0
17414,27323,1.0
17415,27324,1.0
17416,27325,1.0
17417,27326,1.0
17418,27327,1.0
17419,27328,1.0
17420,22773,0.957143
17420,27329,0.042857
17421,22992,1.0
17422,27330,1.0
17423,27331,1.0
17424,27332,0.878788
17424,27333,0.121212
17425,24481,1.0
17426,27334,1.0
17427,27335,1.0
17428,27336,1.0
17429,24446,0.903226
17429,27337,0.096774
17430,27338,1.0
17431,27339,1.0
17432,23109,1.0
17433,27340,1.0
17434,27341,1.0
17435,27342,1.0
17436,27343,1.0
17437,27344,1.0
17438,27345,1.0
17439,27346,1.0
17440,27347,1.0
17441,27348,1.0
17442,27349,1.0
17443,27350,1.0
17444,27351,1.0
17445,27099,1.0
17446,27352,1.0
17447,27353,0.8
17447,27354,0.2
17448,27355,1.0
17449,27356,1.0
17450,27357,1.0
17451,24687,1.0
17452,27358,1.0
17453,27099,1.0
17454,24799,0.807692
17454,27359,0.192308
17455,27360,1.0
17456,27361,1.0
17457,27362,1.0
17458,22422,0.6
17458,27363,0.4
17459,26487,1.0
17460,27364,1.0
17461,27365,1.0
17462,25852,1.0
17463,27366,1.0
17464,27367,1.0
17465,27368,0.769231
17465,27369,0.230769
17466,23931,1.0
17467,27370,1.0
17468,27371,1.0
17469,27372,1.0
17470,27306,1.0
17471,27373,1.0
17472,27374,1.0
17473,27375,1.0
17474,27376,1.0
17475,27377,1.0
17476,27378,1.0
17477,27379,1.0
17478,27380,1.0
17479,27381,0.8
17479,27382,0.2
17480,27383,1.0
17481,27384,1.0
17482,27385,1.0
17483,27386,1.0
17484,27387,1.0
17485,27388,1.0
17486,27389,0.954545
17486,27390,0.045455
17487,27391,1.0
17488,26114,1.0
17489,27392,1.0
17490,27393,1.0
17491,27394,1.0
17492,27395,1.0
17493,27396,1.0
17494,27397,1.0
17495,22339,1.0
17496,26408,1.0
17497,27398,1.0
17498,27399,1.0
17499,27400,1.0
17500,27401,1.0
17501,27402,1.0
17502,22640,1.0
17503,27403,1.0
17504,26102,1.0
17505,27404,0.333333
17505,27405,0.666667
17506,27406,1.0
17507,27407,1.0
17508,22949,1.0
17509,27408,1.0
17510,27409,1.0
17511,25539,0.222222
17511,27410,0.777778
17512,27411,1.0
17513,26976,1.0
17514,27412,1.0
17515,23909,1.0
17516,27413,1.0
17517,24125,0.777778
17517,27414,0.222222
17518,24484,1.0
17519,27415,1.0
17520,26335,0.760563
17520,27416,0.239437
17521,24841,1.0
17522,27417,1.0
17523,23989,0.988636
17523,27418,0.011364
17524,27419,1.0
17525,27420,1.0
17526,23180,1.0
17527,27421,1.0
17528,27422,0.571429
17528,27423,0.428571
17529,27424,1.0
17530,27425,1.0
17531,27426,1.0
17532,27427,1.0
17533,27428,1.0
17534,24207,1.0
17535,22623,0.97561
17535,27429,0.02439
17536,27430,1.0
17537,27431,1.0
17538,27432,1.0
17539,27433,0.75
17539,27434,0.25
17540,24386,1.0
17541,27435,1.0
17542,24937,1.0
17543,27436,1.0
17544,27437,1.0
17545,27438,1.0
17546,27439,1.0
17547,27440,1.0
17548,27441,1.0
17549,27442,1.0
17550,27443,1.0
17551,22541,1.0
17552,27444,1.0
17553,25956,1.0
17554,27445,1.0
17555,27446,1.0
17556,27447,1.0
17557,27448,1.0
17558,27449,1.0
17559,24369,1.0
17560,27450,1.0
17561,27451,1.0
17562,27452,1.0
17563,27453,1.0
17564,27454,1.0
17565,25164,1.0
17566,27455,0.385542
17566,26088,0.614458
17567,27456,1.0
17568,27457,1.0
17569,23232,1.0
17570,27458,1.0
17571,24798,0.928571
17571,27459,0.071429
17572,27460,1.0
17573,27461,1.0
17574,27462,1.0
17575,22170,1.0
17576,27463,1.0
17577,22360,0.9
17577,27464,0.1
17578,27465,1.0
17579,27466,1.0
17580,27467,1.0
17581,27468,1.0
17582,27469,1.0
17583,27470,1.0
17584,27471,1.0
17585,24340,1.0
17586,26540,1.0
17587,27472,1.0
17588,27473,1.0
17589,27474,1.0
17590,27475,1.0
17591,27476,1.0
17592,27477,1.0
17593,27478,1.0
17594,27479,0.108108
17594,27480,0.891892
17595,27481,1.0
17596,27482,1.0
17597,27483,1.0
17598,27484,1.0
17599,27485,1.0
17600,27486,1.0
17601,27487,0.894737
17601,27488,0.105263
17602,27489,1.0
17603,27490,1.0
17604,27491,1.0
17605,27492,1.0
17606,27493,1.0
17607,27494,1.0
17608,27495,1.0
17609,27496,1.0
17610,27497,1.0
17611,27498,1.0
17612,27499,1.0
17613,27500,1.0
17614,27501,1.0
17615,27502,1.0
17616,27503,1.0
17617,27504,1.0
17618,27505,1.0
17619,27506,0.571429
17619,27507,0.428571
17620,27508,1.0
17621,27509,1.0
17622,27510,0.722222
17622,27511,0.277778
17623,27512,0.478261
17623,24582,0.521739
17624,27513,1.0
17625,24181,0.875
17625,27514,0.125
17626,27148,0.846154
17626,27515,0.153846
17627,27516,1.0
17628,27517,1.0
17629,27518,1.0
17630,27221,1.0
17631,27519,1.0
17632,27520,1.0
17633,27521,1.0
17634,27471,1.0
17635,27522,1.0
17636,23564,1.0
17637,27523,1.0
17638,27524,1.0
17639,23365,1.0
17640,27525,1.0
17641,22896,1.0
17642,24532,1.0
17643,24227,1.0
17644,27526,1.0
17645,27527,1.0
17646,27528,1.0
17647,27529,1.0
17648,24411,1.0
17649,27530,0.333333
17649,27424,0.666667
17650,27531,1.0
17651,27532,1.0
17652,27533,1.0
17653,23190,0.483871
17653,27534,0.516129
17654,27535,1.0
17655,27536,1.0
17656,27537,1.0
17657,22484,1.0
17658,24029,1.0
17659,24163,0.963855
17659,27538,0.036145
17660,27539,1.0
17661,27540,1.0
17662,27541,1.0
17663,27542,1.0
17664,27543,1.0
17665,27544,1.0
17666,27545,1.0
17667,27546,1.0
17668,27547,1.0
17669,25742,1.0
17670,27548,1.0
17671,27549,1.0
17672,27550,1.0
17673,27551,1.0
17674,27552,1.0
17675,27553,1.0
17676,27554,1.0
17677,24765,1.0
17678,27555,1.0
17679,27556,1.0
17680,22809,0.496454
17680,27557,0.503546
17681,27558,1.0
17682,27559,1.0
17683,24284,1.0
17684,27560,1.0
17685,22200,1.0
17686,26608,1.0
17687,27561,1.0
17688,27562,1.0
17689,27563,1.0
17690,27564,1.0
17691,27565,1.0
17692,27566,1.0
17693,27567,1.0
17694,27568,1.0
17695,27569,0.25
17695,27570,0.75
17696,27571,1.0
17697,27572,1.0
17698,23795,0.849057
17698,27573,0.150943
17699,24924,0.818182
17699,27574,0.181818
17700,25841,1.0
17701,27575,1.0
17702,27576,1.0
17703,27577,0.333333
17703,23992,0.666667
17704,27578,1.0
17705,27579,1.0
17706,27580,0.692308
17706,27581,0.307692
17707,27582,1.0
17708,27583,1.0
17709,27584,1.0
17710,27585,1.0
17711,27586,1.0
17712,26472,1.0
17713,27587,1.0
17714,27588,1.0
17715,24685,0.545455
17715,27589,0.454545
17716,22642,1.0
17717,27590,1.0
17718,27591,1.0
17719,27592,1.0
17720,27593,1.0
17721,25106,0.809524
17721,27594,0.190476
17722,27595,1.0
17723,27596,1.0
17724,27597,1.0
17725,27598,1.0
17726,27599,1.0
17727,27600,1.0
17728,27601,1.0
17729,27602,1.0
17730,27603,1.0
17731,27604,1.0
17732,27605,1.0
17733,27606,1.0
17734,27607,1.0
17735,27608,1.0
17736,27609,1.0
17737,27211,1.0
17738,23600,1.0
17739,27610,1.0
17740,27611,1.0
17741,27612,1.0
17742,27613,1.0
17743,27614,1.0
17744,27615,1.0
17745,27616,1.0
17746,26053,1.0
17747,27617,1.0
17748,23800,1.0
17749,23058,0.833333
17749,27618,0.166667
17750,27619,1.0
17751,26207,1.0
17752,27620,1.0
17753,25336,1.0
17754,27621,1.0
17755,25142,1.0
17756,27622,1.0
17757,27623,1.0
17758,27624,1.0
17759,27625,1.0
17760,27626,1.0
17761,27627,1.0
17762,27628,1.0
17763,24457,1.0
17764,27629,1.0
17765,25009,0.945946
17765,27630,0.054054
17766,27631,1.0
17767,27632,1.0
17768,24280,1.0
17769,25219,1.0
17770,27633,1.0
17771,27634,1.0
17772,27635,1.0
17773,27636,1.0
17774,27637,1.0
17775,27638,1.0
17776,27639,1.0
17777,27640,0.269231
17777,25114,0.730769
17778,26807,0.8125
17778,27641,0.1875
17779,27642,1.0
17780,27643,1.0
17781,27644,1.0
17782,27645,1.0
17783,27646,1.0
17784,24785,1.0
17785,27647,1.0
17786,25181,1.0
17787,27648,1.0
17788,27649,0.930233
17788,27650,0.069767
17789,27651,1.0
17790,27652,1.0
17791,24482,0.875
17791,27653,0.125
17792,27654,1.0
17793,27655,1.0
17794,27656,1.0
17795,27657,1.0
17796,27658,1.0
17797,27659,1.0
17798,27660,0.1875
17798,25733,0.8125
17799,27661,0.769231
17799,27662,0.230769
17800,27663,1.0
17801,27664,1.0
17802,27665,1.0
17803,27666,1.0
17804,27667,1.0
17805,25399,1.0
17806,27668,1.0
17807,27669,1.0
17808,27670,1.0
17809,27671,1.0
17810,23805,1.0
17811,27672,1.0
17812,27673,1.0
17813,27674,1.0
17814,27675,0.86
17814,27676,0.14
17815,22991,1.0
17816,27677,1.0
17817,27678,0.583333
17817,27679,0.416667
17818,27680,1.0
17819,27681,1.0
17820,24758,1.0
17821,27682,1.0
17822,27683,1.0
17823,27684,1.0
17824,27685,1.0
17825,27686,1.0
17826,27687,1.0
17827,25128,1.0
17828,27688,1.0
17829,27689,1.0
17830,27690,1.0
17831,27691,1.0
17832,23921,1.0
17833,27692,1.0
17834,27693,1.0
17835,27694,1.0
17836,27695,1.0
17837,27696,1.0
17838,24940,1.0
17839,25869,1.0
17840,27697,1.0
17841,22373,1.0
17842,27698,1.0
17843,27699,1.0
17844,27700,1.0
17845,27701,1.0
17846,27702,1.0
17847,25355,1.0
17848,27703,1.0
17849,27704,0.6
17849,27705,0.4
17850,27706,0.235294
17850,24367,0.764706
17851,27707,1.0
17852,26460,1.0
17853,27708,1.0
17854,27709,1.0
17855,27710,1.0
17856,27711,1.0
17857,27712,1.0
17858,27713,1.0
17859,24619,0.875
17859,27714,0.125
17860,27715,1.0
17861,27716,1.0
17862,27717,1.0
17863,27718,1.0
17864,27719,1.0
17865,27720,1.0
17866,26248,1.0
17867,27721,1.0
17868,27722,1.0
17869,27723,1.0
17870,27724,1.0
17871,27725,1.0
17872,27726,1.0
17873,27727,1.0
17874,27728,1.0
17875,27729,1.0
17876,27730,1.0
17877,27731,1.0
17878,24743,1.0
17879,27732,1.0
17880,27733,0.963636
17880,27734,0.036364
17881,25166,1.0
17882,27735,1.0
17883,23034,0.959459
17883,27736,0.040541
17884,27737,1.0
17885,24832,1.0
17886,27738,1.0
17887,25840,1.0
17888,27739,1.0
17889,27740,1.0
17890,25194,1.0
17891,27741,1.0
17892,27742,1.0
17893,27743,1.0
17894,25150,1.0
17895,27744,1.0
17896,27745,1.0
17897,27746,1.0
17898,27747,1.0
17899,27748,1.0
17900,27749,1.0
17901,25936,1.0
17902,27750,1.0
17903,27751,1.0
17904,27752,1.0
17905,27753,1.0
17906,27754,1.0
17907,27755,1.0
17908,27756,1.0
17909,27757,1.0
17910,27758,1.0
17911,24140,1.0
17912,27759,1.0
17913,27760,1.0
17914,27761,1.0
17915,27762,1.0
17916,27763,1.0
17917,27764,1.0
17918,22050,0.538462
17918,27765,0.461538
17919,27766,1.0
17920,27767,1.0
17921,23906,1.0
17922,27768,1.0
17923,27769,1.0
17924,26841,1.0
17925,27770,1.0
17926,23115,1.0
17927,27771,1.0
17928,27772,1.0
17929,27773,1.0
17930,27774,0.148148
17930,23629,0.851852
17931,27775,1.0
17932,27776,1.0
17933,27777,1.0
17934,27778,1.0
17935,26721,1.0
17936,27779,0.586207
17936,27780,0.413793
17937,27781,1.0
17938,27782,0.444444
17938,25038,0.555556
17939,27783,1.0
17940,27784,1.0
17941,26278,1.0
17942,27785,1.0
17943,27786,1.0
17944,27787,0.818182
17944,27788,0.181818
17945,27789,1.0
17946,27789,1.0
17947,27790,1.0
17948,27791,1.0
17949,26773,1.0
17950,27792,1.0
17951,27793,0.576923
17951,22791,0.423077
17952,23133,1.0
17953,27794,1.0
17954,27795,1.0
17955,27796,1.0
17956,27797,1.0
17957,23777,1.0
17958,27798,1.0
17959,27799,1.0
17960,27800,1.0
17961,27801,1.0
17962,27802,1.0
17963,27803,1.0
17964,27804,1.0
17965,27805,0.916667
17965,27806,0.083333
17966,23555,0.945946
17966,27807,0.054054
17967,27808,1.0
17968,27809,1.0
17969,27810,1.0
17970,27811,1.0
17971,26018,1.0
17972,27812,1.0
17973,26210,1.0
17974,23989,1.0
17975,27813,1.0
17976,27453,1.0
17977,27814,0.884615
17977,25552,0.115385
17978,27815,1.0
17979,27816,1.0
17980,27817,1.0
17981,23232,1.0
17982,27818,1.0
17983,27819,1.0
17984,27820,1.0
17985,27821,1.0
17986,26178,0.818182
17986,27822,0.181818
17987,27751,0.896552
17987,27823,0.103448
17988,27824,1.0
17989,27825,1.0
17990,27826,1.0
17991,27827,1.0
17992,27828,1.0
17993,27829,1.0
17994,22454,1.0
17995,27830,1.0
17996,24726,1.0
17997,27831,1.0
17998,27832,1.0
17999,27833,0.642857
17999,27834,0.357143
18000,27835,1.0
18001,27836,1.0
18002,27837,1.0
18003,27838,1.0
18004,27839,1.0
18005,27840,1.0
18006,27841,1.0
18007,27842,1.0
18008,27843,1.0
18009,24108,0.9
18009,27844,0.1
18010,27845,1.0
18011,27846,1.0
18012,27847,1.0
18013,27848,1.0
18014,27849,1.0
18015,27850,1.0
18016,27851,0.851852
18016,27852,0.148148
18017,27853,1.0
18018,27854,1.0
18019,27855,1.0
18020,27856,1.0
18021,24133,1.0
18022,27857,1.0
18023,23739,1.0
18024,27858,1.0
18025,27859,1.0
18026,27860,1.0
18027,27861,1.0
18028,27862,1.0
18029,25122,1.0
18030,27863,1.0
18031,27864,1.0
18032,27865,1.0
18033,27866,0.76
18033,27867,0.24
18034,27868,1.0
18035,27869,1.0
18036,25630,1.0
18037,24964,1.0
18038,27870,1.0
18039,26204,1.0
18040,27871,1.0
18041,27872,1.0
18042,27873,1.0
18043,27874,1.0
18044,27875,1.0
18045,27876,1.0
18046,27877,1.0
18047,23421,1.0
18048,25349,1.0
18049,27878,0.818182
18049,27879,0.181818
18050,25269,1.0
18051,27880,1.0
18052,27881,1.0
18053,27882,1.0
18054,27883,1.0
18055,27884,1.0
18056,27885,1.0
18057,27886,1.0
18058,27887,1.0
18059,27888,1.0
18060,27889,1.0
18061,23361,1.0
18062,27890,1.0
18063,27891,1.0
18064,27892,1.0
18065,27893,1.0
18066,27894,1.0
18067,26810,1.0
18068,23673,1.0
18069,27895,1.0
18070,27637,1.0
18071,27896,1.0
18072,27897,1.0
18073,27898,1.0
18074,27899,1.0
18075,26477,1.0
18076,27900,1.0
18077,27901,1.0
18078,26048,1.0
18079,26094,1.0
18080,27902,1.0
18081,27903,1.0
18082,27904,1.0
18083,27905,1.0
18084,23476,0.818182
18084,27906,0.181818
18085,27907,1.0
18086,22164,1.0
18087,27908,1.0
18088,27909,1.0
18089,27910,1.0
18090,27911,1.0
18091,27912,1.0
18092,27913,1.0
18093,27914,1.0
18094,27915,1.0
18095,27916,1.0
18096,27917,0.846154
18096,27918,0.153846
18097,27919,0.546875
18097,22916,0.453125
18098,25123,1.0
18099,27920,1.0
18100,27920,1.0
18101,27921,1.0
18102,24496,1.0
18103,27922,1.0
18104,27898,1.0
18105,27923,1.0
18106,24090,1.0
18107,27924,1.0
18108,27925,1.0
18109,27926,1.0
18110,27927,1.0
18111,27928,1.0
18112,27929,1.0
18113,27930,1.0
18114,27931,1.0
18115,27932,1.0
18116,27933,1.0
18117,27934,1.0
18118,27935,1.0
18119,25961,0.894737
18119,27936,0.105263
18120,24837,1.0
18121,27937,1.0
18122,26819,1.0
18123,25337,1.0
18124,27938,1.0
18125,27939,1.0
18126,27940,1.0
18127,27941,1.0
18128,27942,1.0
18129,27943,1.0
18130,27642,0.5
18130,27944,0.5
18131,27945,1.0
18132,27946,1.0
18133,27947,1.0
18134,27948,1.0
18135,27949,1.0
18136,27950,1.0
18137,27951,1.0
18138,27952,1.0
18139,27953,1.0
18140,27954,1.0
18141,27955,1.0
18142,26759,1.0
18143,27956,1.0
18144,27957,1.0
18145,27958,1.0
18146,24724,0.939394
18146,27959,0.060606
18147,27960,1.0
18148,27961,1.0
18149,24983,1.0
18150,27962,1.0
18151,27963,1.0
18152,27964,1.0
18153,27965,1.0
18154,27966,1.0
18155,27967,1.0
18156,27968,1.0
18157,27969,1.0
18158,24415,1.0
18159,27970,1.0
18160,27971,1.0
18161,27972,1.0
18162,27973,1.0
18163,27974,1.0
18164,27975,1.0
18165,27976,1.0
18166,27977,1.0
18167,27978,1.0
18168,27979,1.0
18169,27980,1.0
18170,24843,0.857143
18170,27981,0.142857
18171,27982,0.564103
18171,22309,0.435897
18172,27983,1.0
18173,27984,1.0
18174,22776,0.945946
18174,27985,0.054054
18175,27986,1.0
18176,25838,1.0
18177,27987,1.0
18178,27988,1.0
18179,26360,0.964602
18179,27989,0.035398
18180,27990,1.0
18181,27991,1.0
18182,27992,1.0
18183,27993,1.0
18184,27994,1.0
18185,27995,1.0
18186,27996,1.0
18187,27997,1.0
18188,24226,1.0
18189,27998,1.0
18190,27999,1.0
18191,28000,1.0
18192,28001,1.0
18193,28002,1.0
18194,28003,1.0
18195,22940,1.0
18196,28004,1.0
18197,28005,1.0
18198,27721,1.0
18199,28006,1.0
18200,28007,1.0
18201,28008,1.0
18202,28009,1.0
18203,28010,0.368421
18203,24759,0.631579
18204,28011,1.0
18205,28012,1.0
18206,28013,1.0
18207,28014,1.0
18208,24932,1.0
18209,28015,1.0
18210,28016,1.0
18211,28017,1.0
18212,28018,1.0
18213,28019,1.0
18214,23464,1.0
18215,28020,0.470588
18215,28021,0.529412
18216,24537,1.0
18217,28022,1.0
18218,28023,1.0
18219,24836,1.0
18220,28024,1.0
18221,28025,1.0
18222,28026,1.0
18223,28027,1.0
18224,25453,0.75
18224,28028,0.25
18225,28029,1.0
18226,28030,1.0
18227,28031,1.0
18228,22895,1.0
18229,28032,0.555556
18229,28033,0.444444
18230,28034,1.0
18231,28035,1.0
18232,28036,1.0
18233,28037,1.0
18234,28038,1.0
18235,28039,1.0
18236,28040,1.0
18237,28041,1.0
18238,28042,1.0
18239,26307,1.0
18240,28043,1.0
18241,28044,1.0
18242,23650,1.0
18243,28045,1.0
18244,28046,1.0
18245,28047,1.0
18246,28048,1.0
18247,28049,1.0
18248,28050,1.0
18249,28051,1.0
18250,27729,1.0
18251,28052,1.0
18252,28053,1.0
18253,28054,1.0
18254,28055,1.0
18255,28056,1.0
18256,28057,1.0
18257,28058,1.0
18258,28059,1.0
18259,28060,1.0
18260,28061,1.0
18261,24804,0.935484
18261,28062,0.064516
18262,28063,1.0
18263,28064,1.0
18264,28065,0.555556
18264,25241,0.444444
18265,28066,1.0
18266,28067,1.0
18267,28068,1.0
18268,28069,1.0
18269,28070,1.0
18270,28071,1.0
18271,22704,1.0
18272,28072,1.0
18273,28073,1.0
18274,28074,1.0
18275,28075,1.0
18276,28076,1.0
18277,24467,1.0
18278,28077,1.0
18279,28078,1.0
18280,28079,0.346154
18280,25188,0.653846
18281,28080,1.0
18282,28081,1.0
18283,28082,1.0
18284,28083,1.0
18285,28084,1.0
18286,28085,1.0
18287,28086,1.0
18288,28087,1.0
18289,26057,1.0
18290,28088,0.1875
18290,28089,0.8125
18291,28090,1.0
18292,28091,1.0
18293,28092,1.0
18294,22455,0.769231
18294,28093,0.230769
18295,28094,1.0
18296,28095,1.0
18297,28096,1.0
18298,23230,1.0
18299,28097,1.0
18300,28098,1.0
18301,28099,1.0
18302,28100,1.0
18303,28101,1.0
18304,24255,1.0
18305,28102,1.0
18306,28103,1.0
18307,28104,1.0
18308,28105,1.0
18309,28106,1.0
18310,28107,1.0
18311,28108,1.0
18312,28109,1.0
18313,27080,1.0
18314,28110,1.0
18315,28111,1.0
18316,28112,1.0
18317,26420,0.787879
18317,28113,0.212121
18318,28114,1.0
18319,28115,1.0
18320,28116,1.0
18321,28117,1.0
18322,27477,1.0
18323,28118,1.0
18324,24129,0.5
18324,28119,0.5
18325,28120,1.0
18326,26895,0.684211
18326,28121,0.315789
18327,28122,1.0
18328,25040,1.0
18329,24129,1.0
18330,28123,1.0
18331,28124,1.0
18332,28125,1.0
18333,28126,1.0
18334,23547,1.0
18335,28127,1.0
18336,28128,1.0
18337,25252,0.892857
18337,28129,0.107143
18338,28130,1.0
18339,28131,1.0
18340,28132,1.0
18341,28133,1.0
18342,28134,1.0
18343,28135,1.0
18344,28136,1.0
18345,28137,1.0
18346,28138,1.0
18347,28139,1.0
18348,28140,1.0
18349,27795,1.0
18350,28141,1.0
18351,28142,1.0
18352,28143,1.0
18353,28144,1.0
18354,28145,1.0
18355,28146,1.0
18356,28147,1.0
18357,28148,1.0
18358,28149,1.0
18359,27047,1.0
18360,24081,0.902439
18360,28150,0.097561
18361,28151,1.0
18362,28152,1.0
18363,27008,0.866667
18363,28153,0.133333
18364,28154,1.0
18365,28155,1.0
18366,28156,1.0
18367,28157,1.0
18368,28158,1.0
18369,26621,0.785714
18369,28159,0.214286
18370,28160,1.0
18371,28161,1.0
18372,28162,0.555556
18372,22943,0.444444
18373,28163,1.0
18374,28164,0.727273
18374,28165,0.272727
18375,28166,1.0
18376,28167,1.0
18377,28168,1.0
18378,28169,1.0
18379,28170,1.0
18380,28171,1.0
18381,28172,1.0
18382,28173,1.0
18383,28174,1.0
18384,27401,1.0
18385,25010,1.0
18386,23744,0.592593
18386,28175,0.407407
18387,28176,1.0
18388,28177,1.0
18389,28178,1.0
18390,25593,1.0
18391,26493,1.0
18392,24386,1.0
18393,28179,1.0
18394,28180,1.0
18395,22825,0.727273
18395,28181,0.272727
18396,28182,1.0
18397,24492,1.0
18398,28183,1.0
18399,28184,1.0
18400,28185,1.0
18401,28186,1.0
18402,28187,1.0
18403,28188,1.0
18404,28189,1.0
18405,28190,1.0
18406,23984,1.0
18407,28191,1.0
18408,25015,1.0
18409,28192,1.0
18410,28193,1.0
18411,28194,1.0
18412,28195,1.0
18413,28196,1.0
18414,28197,1.0
18415,28198,1.0
18416,27528,1.0
18417,28199,1.0
18418,28200,1.0
18419,28201,1.0
18420,28202,1.0
18421,28203,0.466667
18421,28204,0.533333
18422,28205,1.0
18423,28206,1.0
18424,22138,0.933333
18424,28207,0.066667
18425,25223,1.0
18426,24135,0.95122
18426,28208,0.04878
18427,28209,1.0
18428,23407,1.0
18429,28210,1.0
18430,28211,1.0
18431,28212,1.0
18432,28213,1.0
18433,28214,1.0
18434,28215,1.0
18435,28216,1.0
18436,28217,1.0
18437,28218,1.0
18438,28219,1.0
18439,28220,1.0
18440,28221,1.0
18441,28222,1.0
18442,28223,1.0
18443,28224,1.0
18444,28225,1.0
18445,28226,1.0
18446,28227,1.0
18447,28228,1.0
18448,28229,1.0
18449,28230,1.0
18450,24206,1.0
18451,28231,1.0
18452,25515,0.923077
18452,28232,0.076923
18453,28233,1.0
18454,28234,1.0
18455,28235,1.0
18456,28236,1.0
18457,28237,1.0
18458,28238,1.0
18459,28239,1.0
18460,22373,0.861702
18460,28240,0.138298
18461,28241,1.0
18462,28242,1.0
18463,27990,1.0
18464,28243,1.0
18465,28244,1.0
18466,28245,1.0
18467,28246,1.0
18468,23422,0.073171
18468,25149,0.926829
18469,28247,1.0
18470,28248,1.0
18471,28249,1.0
18472,28250,1.0
18473,28251,1.0
18474,28252,1.0
18475,28253,1.0
18476,28254,1.0
18477,28255,1.0
18478,28256,1.0
18479,28257,1.0
18480,28258,1.0
18481,28259,1.0
18482,28260,1.0
18483,27700,1.0
18484,25539,1.0
18485,28261,1.0
18486,22084,0.826087
18486,28262,0.173913
18487,28263,1.0
18488,28264,1.0
18489,28265,1.0
18490,28266,1.0
18491,23176,1.0
18492,28267,0.7
18492,28268,0.3
18493,28269,1.0
18494,28270,1.0
18495,28271,1.0
18496,28272,1.0
18497,28273,1.0
18498,24069,1.0
18499,28274,1.0
18500,28275,1.0
18501,28276,1.0
18502,28277,1.0
18503,28278,1.0
18504,28279,1.0
18505,28280,1.0
18506,25138,1.0
18507,26015,1.0
18508,24165,1.0
18509,28281,1.0
18510,28282,0.571429
18510,24344,0.428571
18511,26927,0.722222
18511,28283,0.277778
18512,24950,1.0
18513,22364,1.0
18514,28284,1.0
18515,28285,1.0
18516,28286,1.0
18517,24578,0.777778
18517,28287,0.222222
18518,23060,1.0
18519,24974,1.0
18520,28288,1.0
18521,22189,1.0
18522,28289,1.0
18523,24839,1.0
18524,28290,1.0
18525,28291,1.0
18526,28292,1.0
18527,28293,1.0
18528,28294,1.0
18529,28295,1.0
18530,26869,1.0
18531,23990,0.75
18531,28296,0.25
18532,28297,1.0
18533,28298,1.0
18534,28299,1.0
18535,22492,1.0
18536,28300,1.0
18537,28301,1.0
18538,28302,1.0
18539,28303,1.0
18540,28304,1.0
18541,28305,1.0
18542,28306,1.0
18543,28307,1.0
18544,28308,0.96875
18544,28309,0.03125
18545,24111,1.0
18546,28310,1.0
18547,28311,1.0
18548,28312,1.0
18549,28313,1.0
18550,22601,1.0
18551,28314,1.0
18552,28315,1.0
18553,28316,1.0
18554,26906,0.894737
18554,28317,0.105263
18555,23709,1.0
18556,22516,1.0
18557,23577,1.0
18558,28318,1.0
18559,28319,1.0
18560,28320,1.0
18561,28321,1.0
18562,28322,1.0
18563,28323,1.0
18564,25482,1.0
18565,28324,1.0
18566,28325,1.0
18567,28326,0.727273
18567,28327,0.272727
18568,28328,1.0
18569,28329,1.0
18570,28330,1.0
18571,24026,0.73913
18571,28331,0.26087
18572,28332,1.0
18573,28333,1.0
18574,26695,1.0
18575,28334,1.0
18576,28335,1.0
18577,26512,1.0
18578,28336,1.0
18579,26499,1.0
18580,28337,1.0
18581,26938,1.0
18582,28338,1.0
18583,28339,1.0
18584,27808,1.0
18585,28340,1.0
18586,28341,1.0
18587,28342,1.0
18588,28343,1.0
18589,28344,1.0
18590,28345,1.0
18591,24326,1.0
18592,28346,1.0
18593,28347,0.666667
18593,22202,0.333333
18594,28348,1.0
18595,28349,1.0
18596,23269,0.925
18596,28350,0.075
18597,28351,1.0
18598,24665,0.941176
18598,28352,0.058824
18599,28353,1.0
18600,28354,1.0
18601,28355,1.0
18602,25740,1.0
18603,28341,1.0
18604,22799,1.0
18605,28356,1.0
18606,28357,1.0
18607,24183,1.0
18608,22488,1.0
18609,28358,1.0
18610,28359,1.0
18611,28219,1.0
18612,28360,1.0
18613,28361,1.0
18614,28362,1.0
18615,28363,1.0
18616,28364,1.0
18617,28365,1.0
18618,28366,1.0
18619,28367,1.0
18620,27548,1.0
18621,28368,1.0
18622,28369,1.0
18623,28370,1.0
18624,28371,1.0
18625,28372,1.0
18626,28373,0.714286
18626,28374,0.285714
18627,28375,1.0
18628,28376,1.0
18629,28377,1.0
18630,28378,0.571429
18630,28379,0.428571
18631,28380,1.0
18632,28381,1.0
18633,28382,1.0
18634,28383,1.0
18635,28384,1.0
18636,28385,1.0
18637,28386,1.0
18638,23354,1.0
18639,28387,1.0
18640,27328,1.0
18641,28388,1.0
18642,24060,0.266667
18642,28389,0.733333
18643,28390,1.0
18644,26537,1.0
18645,28391,1.0
18646,28392,1.0
18647,28393,1.0
18648,28394,1.0
18649,28395,1.0
18650,28396,1.0
18651,28397,1.0
18652,28398,1.0
18653,28399,1.0
18654,28400,1.0
18655,28401,1.0
18656,24993,1.0
18657,28402,1.0
18658,28403,1.0
18659,28404,1.0
18660,28405,1.0
18661,28406,1.0
18662,28407,1.0
18663,28408,1.0
18664,28409,1.0
18665,28410,1.0
18666,23989,0.95
18666,28411,0.05
18667,28412,1.0
18668,28413,1.0
18669,28414,1.0
18670,28415,1.0
18671,28196,1.0
18672,24945,1.0
18673,28416,1.0
18674,28417,1.0
18675,28418,1.0
18676,25288,1.0
18677,28419,1.0
18678,28420,1.0
18679,28421,1.0
18680,28422,1.0
18681,28423,1.0
18682,28424,1.0
18683,28425,1.0
18684,28426,1.0
18685,28427,1.0
18686,28428,1.0
18687,28429,1.0
18688,23629,0.882353
18688,28430,0.117647
18689,23762,1.0
18690,28431,1.0
18691,28432,1.0
18692,28433,1.0
18693,28434,1.0
18694,28435,1.0
18695,27731,1.0
18696,28436,1.0
18697,22722,1.0
18698,28437,1.0
18699,27606,1.0
18700,28438,1.0
18701,23695,0.836735
18701,28439,0.163265
18702,28440,1.0
18703,28441,1.0
18704,28442,1.0
18705,28443,1.0
18706,28444,1.0
18707,25986,1.0
18708,28445,1.0
18709,28446,1.0
18710,28447,1.0
18711,28448,1.0
18712,22452,0.8
18712,28449,0.2
18713,28450,0.5
18713,28451,0.5
18714,28452,1.0
18715,28453,1.0
18716,28454,1.0
18717,28455,1.0
18718,28456,1.0
18719,26851,1.0
18720,28457,1.0
18721,28458,1.0
18722,28459,1.0
18723,25201,1.0
18724,23531,1.0
18725,24434,0.6875
18725,28460,0.3125
18726,28461,1.0
18727,22114,1.0
18728,28462,1.0
18729,28053,1.0
18730,28463,1.0
18731,28464,1.0
18732,28465,1.0
18733,28466,1.0
18734,28467,1.0
18735,25083,0.775862
18735,28468,0.224138
18736,28469,1.0
18737,28470,1.0
18738,28471,1.0
18739,28472,1.0
18740,27797,1.0
18741,28473,0.315789
18741,26279,0.684211
18742,28474,1.0
18743,28475,1.0
18744,28476,0.3
18744,22700,0.7
18745,23562,1.0
18746,28477,1.0
18747,22113,1.0
18748,28478,1.0
18749,22933,0.977778
18749,28479,0.022222
18750,28480,1.0
18751,28481,1.0
18752,24190,1.0
18753,27678,0.875
18753,28482,0.125
18754,28483,1.0
18755,28410,1.0
18756,28484,1.0
18757,28485,1.0
18758,28486,1.0
18759,28487,1.0
18760,24319,1.0
18761,28488,1.0
18762,28489,1.0
18763,28490,1.0
18764,28491,1.0
18765,25123,0.789474
18765,28492,0.210526
18766,28493,1.0
18767,28494,1.0
18768,28495,1.0
18769,28496,1.0
18770,28497,1.0
18771,28498,1.0
18772,28499,1.0
18773,28500,1.0
18774,28501,1.0
18775,28502,1.0
18776,28503,1.0
18777,28504,1.0
18778,28505,1.0
18779,26309,1.0
18780,28506,1.0
18781,24695,1.0
18782,28507,1.0
18783,25599,1.0
18784,28508,1.0
18785,22892,1.0
18786,23574,0.777778
18786,28509,0.222222
18787,28510,1.0
18788,28511,1.0
18789,28512,1.0
18790,27309,1.0
18791,28513,1.0
18792,28514,1.0
18793,28515,1.0
18794,28516,1.0
18795,28517,1.0
18796,28518,1.0
18797,27083,0.5
18797,28519,0.5
18798,28520,1.0
18799,28521,1.0
18800,28522,1.0
18801,28523,1.0
18802,28524,1.0
18803,28525,1.0
18804,28526,1.0
18805,24522,1.0
18806,28527,1.0
18807,25079,1.0
18808,28528,1.0
18809,28529,1.0
18810,28530,1.0
18811,25109,1.0
18812,28531,1.0
18813,28532,1.0
18814,28533,1.0
18815,28534,1.0
18816,28535,1.0
18817,28536,1.0
18818,28537,1.0
18819,28538,1.0
18820,28539,1.0
18821,24578,0.666667
18821,28540,0.333333
18822,28541,1.0
18823,28542,0.411765
18823,28543,0.588235
18824,28544,1.0
18825,24519,1.0
18826,28545,1.0
18827,28546,1.0
18828,28547,1.0
18829,28548,1.0
18830,28549,1.0
18831,28550,1.0
18832,28551,1.0
18833,28552,1.0
18834,28553,1.0
18835,28554,1.0
18836,28555,1.0
18837,28556,1.0
18838,28557,1.0
18839,25362,1.0
18840,26473,1.0
18841,28558,1.0
18842,24578,1.0
18843,28559,1.0
18844,28560,1.0
18845,28561,0.6
18845,28562,0.4
18846,28563,0.736842
18846,24507,0.263158
18847,28564,1.0
18848,28565,1.0
18849,28566,1.0
18850,25031,1.0
18851,23979,1.0
18852,28567,1.0
18853,28568,1.0
18854,28569,1.0
18855,28570,1.0
18856,28571,1.0
18857,28572,1.0
18858,28573,1.0
18859,28574,1.0
18860,28575,1.0
18861,28576,1.0
18862,28577,1.0
18863,25235,1.0
18864,28578,1.0
18865,28579,1.0
18866,28580,1.0
18867,28581,1.0
18868,22566,0.645161
18868,28582,0.354839
18869,28583,1.0
18870,24443,1.0
18871,28584,1.0
18872,28585,1.0
18873,28586,1.0
18874,23678,1.0
18875,28587,1.0
18876,28588,1.0
18877,28589,1.0
18878,28590,1.0
18879,28591,1.0
18880,26770,1.0
18881,28592,1.0
18882,28593,1.0
18883,27184,1.0
18884,28594,1.0
18885,25565,1.0
18886,28595,1.0
18887,28596,0.4375
18887,28597,0.5625
18888,28598,1.0
18889,28599,0.266667
18889,27884,0.733333
18890,28600,1.0
18891,28601,1.0
18892,28602,1.0
18893,28603,1.0
18894,28604,0.333333
18894,28605,0.666667
18895,28606,1.0
18896,28607,1.0
18897,28608,1.0
18898,26126,1.0
18899,28609,1.0
18900,28610,1.0
18901,28611,1.0
18902,28612,0.333333
18902,24872,0.666667
18903,28613,1.0
18904,28614,1.0
18905,28615,1.0
18906,27139,0.6
18906,28616,0.4
18907,28617,1.0
18908,28618,1.0
18909,28619,1.0
18910,24007,1.0
18911,28620,1.0
18912,28621,1.0
18913,27421,0.857143
18913,28622,0.142857
18914,28623,1.0
18915,28624,1.0
18916,28625,1.0
18917,28626,1.0
18918,23385,1.0
18919,28627,1.0
18920,28628,1.0
18921,28629,1.0
18922,28630,1.0
18923,28631,1.0
18924,28632,1.0
18925,28633,1.0
18926,28634,1.0
18927,28635,1.0
18928,28636,1.0
18929,28637,1.0
18930,28638,1.0
18931,24735,0.826087
18931,28639,0.173913
18932,28640,1.0
18933,28641,1.0
18934,25468,1.0
18935,28642,1.0
18936,24968,1.0
18937,28643,1.0
18938,28644,1.0
18939,28645,1.0
18940,28646,1.0
18941,28647,1.0
18942,25202,1.0
18943,28648,0.5
18943,22217,0.5
18944,28649,1.0
18945,28650,1.0
18946,28651,1.0
18947,28652,1.0
18948,28653,1.0
18949,28654,0.75
18949,28655,0.25
18950,28656,1.0
18951,28657,1.0
18952,28658,1.0
18953,28659,1.0
18954,28660,1.0
18955,28661,1.0
18956,25386,1.0
18957,28662,1.0
18958,28663,1.0
18959,28664,1.0
18960,23934,1.0
18961,28665,1.0
18962,24816,1.0
18963,28666,1.0
18964,28667,1.0
18965,28668,1.0
18966,28669,1.0
18967,28465,1.0
18968,28670,1.0
18969,28671,1.0
18970,28672,1.0
18971,28673,0.454545
18971,28674,0.545455
18972,25883,0.777778
18972,28675,0.222222
18973,28676,1.0
18974,22617,0.909091
18974,28677,0.090909
18975,24140,0.636364
18975,28678,0.363636
18976,28679,1.0
18977,28680,1.0
18978,28681,1.0
18979,28682,1.0
18980,28683,1.0
18981,22225,1.0
18982,28684,0.852941
18982,28685,0.147059
18983,28686,1.0
18984,28687,1.0
18985,26576,1.0
18986,28688,1.0
18987,28689,1.0
18988,28690,1.0
18989,28691,1.0
18990,28692,1.0
18991,25052,1.0
18992,28693,1.0
18993,25564,1.0
18994,28694,1.0
18995,28695,0.666667
18995,28696,0.333333
18996,28697,1.0
18997,28698,1.0
18998,28699,1.0
18999,24399,1.0
19000,28700,1.0
19001,28701,1.0
19002,26178,1.0
19003,27663,0.925926
19003,28702,0.074074
19004,24376,1.0
19005,27256,1.0
19006,22675,1.0
19007,28703,1.0
19008,28704,1.0
19009,28705,1.0
19010,28706,1.0
19011,28707,0.545455
19011,28708,0.454545
19012,28709,1.0
19013,28710,1.0
19014,28711,1.0
19015,28712,1.0
19016,28713,1.0
19017,28714,1.0
19018,28715,1.0
19019,28716,1.0
19020,28717,1.0
19021,28718,1.0
19022,28719,1.0
19023,28720,1.0
19024,28721,1.0
19025,28722,1.0
19026,28723,1.0
19027,28724,1.0
19028,28725,1.0
19029,28726,1.0
19030,28727,1.0
19031,28728,1.0
19032,28729,1.0
19033,24056,0.8
19033,28730,0.2
19034,28731,1.0
19035,28732,1.0
19036,28733,0.454545
19036,28734,0.545455
19037,28735,1.0
19038,28736,1.0
19039,28737,1.0
19040,28738,1.0
19041,28739,1.0
19042,28740,1.0
19043,28741,1.0
19044,28370,1.0
19045,28742,0.590909
19045,23347,0.409091
19046,28743,1.0
19047,26944,0.666667
19047,28744,0.333333
19048,24434,1.0
19049,28745,1.0
19050,28746,1.0
19051,26411,1.0
19052,28747,1.0
19053,28748,1.0
19054,28749,1.0
19055,28750,1.0
19056,28751,1.0
19057,28752,1.0
19058,28753,1.0
19059,28754,1.0
19060,22385,0.730769
19060,28755,0.269231
19061,28756,1.0
19062,28757,1.0
19063,28758,1.0
19064,25226,1.0
19065,28759,1.0
19066,28760,1.0
19067,28761,1.0
19068,28762,1.0
19069,28763,1.0
19070,28764,1.0
19071,28765,1.0
19072,28766,1.0
19073,28767,0.75
19073,28768,0.25
19074,28769,1.0
19075,27655,0.827586
19075,28770,0.172414
19076,28771,1.0
19077,28772,1.0
19078,28773,1.0
19079,28774,1.0
19080,22866,1.0
19081,28775,1.0
19082,28776,1.0
19083,26172,1.0
19084,28777,1.0
19085,28778,1.0
19086,28779,1.0
19087,28780,1.0
19088,28781,1.0
19089,26992,1.0
19090,28782,1.0
19091,23365,0.880952
19091,28783,0.119048
19092,28784,1.0
19093,28785,1.0
19094,28786,1.0
19095,28787,0.1875
19095,28788,0.8125
19096,28789,1.0
19097,28790,1.0
19098,28791,1.0
19099,28792,1.0
19100,28793,1.0
19101,28794,1.0
19102,28795,1.0
19103,28796,1.0
19104,28797,1.0
19105,27622,1.0
19106,28798,1.0
19107,28799,1.0
19108,28800,1.0
19109,28801,1.0
19110,28802,1.0
19111,28803,1.0
19112,25269,1.0
19113,28804,1.0
19114,22950,0.9
19114,28805,0.1
19115,28806,1.0
19116,28807,1.0
19117,28808,1.0
19118,28809,1.0
19119,28810,1.0
19120,28811,1.0
19121,28812,1.0
19122,28813,1.0
19123,28814,1.0
19124,28815,1.0
19125,23022,1.0
19126,24869,1.0
19127,28816,1.0
19128,28817,1.0
19129,28818,1.0
19130,28819,1.0
19131,23482,1.0
19132,28820,1.0
19133,28821,1.0
19134,27642,0.777778
19134,28822,0.222222
19135,28823,0.804878
19135,28824,0.195122
19136,28825,1.0
19137,24540,1.0
19138,28280,1.0
19139,28826,1.0
19140,28827,1.0
19141,28828,1.0
19142,25142,1.0
19143,28829,1.0
19144,28830,1.0
19145,28831,1.0
19146,28832,1.0
19147,27715,0.913043
19147,28833,0.086957
19148,28834,1.0
19149,28835,1.0
19150,28836,1.0
19151,28837,0.3
19151,28838,0.7
19152,28839,1.0
19153,28840,1.0
19154,28841,1.0
19155,28842,1.0
19156,28843,1.0
19157,28844,1.0
19158,26878,1.0
19159,28845,1.0
19160,28846,1.0
19161,28847,1.0
19162,28848,1.0
19163,28849,1.0
19164,28850,1.0
19165,28851,1.0
19166,28852,1.0
19167,28853,1.0
19168,28854,1.0
19169,28855,1.0
19170,28856,1.0
19171,28857,1.0
19172,28858,1.0
19173,28859,1.0
19174,24619,1.0
19175,28860,1.0
19176,28861,1.0
19177,28862,0.272727
19177,28863,0.727273
19178,28864,1.0
19179,28865,1.0
19180,28866,1.0
19181,28867,1.0
19182,28868,1.0
19183,28869,1.0
19184,23648,1.0
19185,28870,1.0
19186,23091,1.0
19187,28871,1.0
19188,28299,1.0
19189,28872,1.0
19190,28873,0.75
19190,28874,0.25
19191,28875,1.0
19192,28876,0.333333
19192,24948,0.666667
19193,28877,1.0
19194,28878,1.0
19195,22969,0.866667
19195,28879,0.133333
19196,28880,1.0
19197,28881,1.0
19198,28882,1.0
19199,28883,1.0
19200,28884,1.0
19201,28885,1.0
19202,28886,1.0
19203,24759,1.0
19204,28887,1.0
19205,28888,1.0
19206,28889,1.0
19207,28890,1.0
19208,28484,1.0
19209,28891,1.0
19210,28892,1.0
19211,28893,1.0
19212,28894,1.0
19213,28895,1.0
19214,22598,1.0
19215,28896,1.0
19216,28897,1.0
19217,28898,1.0
19218,28899,1.0
19219,28900,1.0
19220,28901,1.0
19221,28902,1.0
19222,28684,1.0
19223,28903,1.0
19224,28499,1.0
19225,25755,1.0
19226,28904,1.0
19227,28905,1.0
19228,28906,1.0
19229,27758,1.0
19230,28907,1.0
19231,28908,1.0
19232,28909,1.0
19233,28910,1.0
19234,28911,1.0
19235,28912,1.0
19236,28913,1.0
19237,28914,1.0
19238,28915,0.555556
19238,28916,0.444444
19239,28917,1.0
19240,28918,1.0
19241,28919,1.0
19242,28920,1.0
19243,28921,1.0
19244,28922,1.0
19245,28923,1.0
19246,23823,1.0
19247,28924,1.0
19248,28925,1.0
19249,28926,1.0
19250,28927,1.0
19251,28928,1.0
19252,28929,1.0
19253,22736,0.971014
19253,28930,0.028986
19254,28931,1.0
19255,28932,1.0
19256,28933,0.222222
19256,22516,0.777778
19257,28934,1.0
19258,28935,1.0
19259,28936,1.0
19260,28937,1.0
19261,28938,1.0
19262,28939,1.0
19263,28940,1.0
19264,28941,1.0
19265,28942,1.0
19266,28943,1.0
19267,28944,1.0
19268,28945,1.0
19269,28946,1.0
19270,28947,1.0
19271,28948,1.0
19272,25013,0.777778
19272,28949,0.222222
19273,28950,1.0
19274,28951,1.0
19275,28952,1.0
19276,23094,1.0
19277,28953,1.0
19278,28954,1.0
19279,27812,1.0
19280,28955,1.0
19281,23775,1.0
19282,28956,1.0
19283,28957,1.0
19284,28958,1.0
19285,28959,1.0
19286,28960,1.0
19287,28961,1.0
19288,28962,1.0
19289,28963,1.0
19290,28964,1.0
19291,28965,1.0
19292,28966,1.0
19293,28967,1.0
19294,28968,1.0
19295,28969,1.0
19296,28970,1.0
19297,23192,0.8
19297,28971,0.2
19298,26083,1.0
19299,24259,1.0
19300,28972,1.0
19301,28973,1.0
19302,28974,0.8
19302,28975,0.2
19303,28976,1.0
19304,28977,1.0
19305,28978,1.0
19306,28979,1.0
19307,28980,1.0
19308,28981,1.0
19309,26054,0.868421
19309,28982,0.131579
19310,28983,1.0
19311,28984,0.391304
19311,22898,0.608696
19312,25405,1.0
19313,28985,1.0
19314,28986,0.5
19314,28987,0.5
19315,28988,1.0
19316,28989,1.0
19317,24925,0.9
19317,28990,0.1
19318,28991,1.0
19319,28408,1.0
19320,28992,1.0
19321,28993,1.0
19322,28994,1.0
19323,28995,1.0
19324,28996,1.0
19325,28997,1.0
19326,28998,1.0
19327,28999,1.0
19328,29000,1.0
19329,29001,1.0
19330,29002,1.0
19331,29003,1.0
19332,29004,1.0
19333,29005,1.0
19334,29006,1.0
19335,29007,1.0
19336,29008,1.0
19337,29009,1.0
19338,29010,1.0
19339,26889,1.0
19340,29011,1.0
19341,25828,1.0
19342,29012,1.0
19343,29013,1.0
19344,26061,1.0
19345,26395,1.0
19346,29014,1.0
19347,29015,1.0
19348,24380,1.0
19349,29016,1.0
19350,24569,0.866667
19350,29017,0.133333
19351,29018,1.0
19352,29019,1.0
19353,27246,1.0
19354,29020,1.0
19355,29021,1.0
19356,27926,1.0
19357,29022,1.0
19358,29023,1.0
19359,29024,1.0
19360,29025,1.0
19361,29026,1.0
19362,29027,1.0
19363,29028,1.0
19364,29029,1.0
19365,29030,1.0
19366,29031,1.0
19367,24371,1.0
19368,29032,0.75
19368,29033,0.25
19369,24407,1.0
19370,29034,1.0
19371,29035,1.0
19372,29036,1.0
19373,29037,1.0
19374,29038,1.0
19375,29039,1.0
19376,25873,1.0
19377,29040,1.0
19378,25358,1.0
19379,29041,1.0
19380,29042,1.0
19381,29043,1.0
19382,29044,1.0
19383,29045,1.0
19384,29046,1.0
19385,29047,1.0
19386,28942,1.0
19387,29048,1.0
19388,29049,1.0
19389,29050,1.0
19390,29051,1.0
19391,29052,1.0
19392,29053,1.0
19393,24376,1.0
19394,29054,1.0
19395,29055,1.0
19396,29056,1.0
19397,29057,1.0
19398,29058,1.0
19399,29059,1.0
19400,29060,1.0
19401,29061,1.0
19402,29062,1.0
19403,29063,0.785714
19403,25936,0.214286
19404,27290,1.0
19405,29064,1.0
19406,29065,1.0
19407,28523,1.0
19408,29066,1.0
19409,29067,1.0
19410,25715,1.0
19411,22702,0.428571
19411,29068,0.571429
19412,29069,1.0
19413,29070,1.0
19414,25779,1.0
19415,29071,1.0
19416,29072,1.0
19417,29073,1.0
19418,29074,1.0
19419,29075,1.0
19420,29076,1.0
19421,29077,1.0
19422,26057,1.0
19423,29078,0.857143
19423,29079,0.142857
19424,29080,0.666667
19424,23669,0.333333
19425,29081,1.0
19426,29082,1.0
19427,29083,1.0
19428,29084,1.0
19429,29085,1.0
19430,29086,1.0
19431,29087,0.727273
19431,29088,0.272727
19432,22487,0.827586
19432,29089,0.172414
19433,27116,1.0
19434,29090,1.0
19435,29091,1.0
19436,29092,1.0
19437,29093,1.0
19438,29094,1.0
19439,23138,1.0
19440,29095,1.0
19441,29096,1.0
19442,29097,1.0
19443,29098,1.0
19444,29099,1.0
19445,29100,1.0
19446,29101,1.0
19447,24811,1.0
19448,26712,1.0
19449,24439,1.0
19450,28708,0.75
19450,29102,0.25
19451,27066,0.733333
19451,29103,0.266667
19452,29104,1.0
19453,29105,1.0
19454,29106,1.0
19455,29107,1.0
19456,29108,1.0
19457,29109,1.0
19458,29110,1.0
19459,28611,1.0
19460,29111,1.0
19461,29112,1.0
19462,24882,1.0
19463,29113,1.0
19464,23211,0.8
19464,23660,0.2
19465,29114,1.0
19466,29115,1.0
19467,29116,1.0
19468,29117,1.0
19469,29118,1.0
19470,29119,1.0
19471,29120,1.0
19472,29121,1.0
19473,29122,1.0
19474,29123,1.0
19475,29124,1.0
19476,28008,1.0
19477,25264,1.0
19478,29125,1.0
19479,29126,1.0
19480,29127,1.0
19481,29128,1.0
19482,29129,1.0
19483,29130,1.0
19484,29131,1.0
19485,29132,0.5625
19485,29133,0.4375
19486,29134,1.0
19487,29135,1.0
19488,29136,1.0
19489,29137,1.0
19490,29138,1.0
19491,29139,1.0
19492,29140,1.0
19493,29141,1.0
19494,29142,1.0
19495,29143,1.0
19496,29144,1.0
19497,29145,1.0
19498,29146,1.0
19499,29147,1.0
19500,29148,1.0
19501,29149,1.0
19502,23786,1.0
19503,29150,1.0
19504,29151,1.0
19505,29152,1.0
19506,29153,1.0
19507,29154,1.0
19508,24659,1.0
19509,29155,1.0
19510,29156,1.0
19511,29157,1.0
19512,29158,1.0
19513,25130,1.0
19514,29159,1.0
19515,29160,1.0
19516,29161,1.0
19517,29162,1.0
19518,24032,1.0
19519,29163,1.0
19520,29164,1.0
19521,29165,0.375
19521,29166,0.625
19522,29167,1.0
19523,29168,1.0
19524,29169,1.0
19525,29170,1.0
19526,29171,1.0
19527,29172,1.0
19528,29173,1.0
19529,29174,1.0
19530,29175,1.0
19531,23117,1.0
19532,23245,0.777778
19532,29176,0.222222
19533,29177,1.0
19534,22670,0.795918
19534,29178,0.204082
19535,29179,1.0
19536,28060,1.0
19537,29180,1.0
19538,26545,1.0
19539,24704,1.0
19540,29181,1.0
19541,29182,1.0
19542,29183,1.0
19543,29184,1.0
19544,29185,0.75
19544,29186,0.25
19545,29187,1.0
19546,29188,1.0
19547,29189,1.0
19548,29190,1.0
19549,29191,1.0
19550,29192,1.0
19551,29193,1.0
19552,27604,1.0
19553,29194,1.0
19554,29195,1.0
19555,29196,1.0
19556,29197,1.0
19557,26875,1.0
19558,29198,0.727273
19558,29199,0.272727
19559,29200,1.0
19560,29201,1.0
19561,29202,1.0
19562,29203,1.0
19563,29204,1.0
19564,29205,1.0
19565,29206,1.0
19566,29207,1.0
19567,29208,1.0
19568,29209,1.0
19569,24616,0.785714
19569,29210,0.214286
19570,29211,1.0
19571,29212,1.0
19572,29213,1.0
19573,29214,1.0
19574,29215,1.0
19575,29216,1.0
19576,29217,1.0
19577,22360,1.0
19578,25664,1.0
19579,29218,1.0
19580,29219,1.0
19581,29220,1.0
19582,29221,1.0
19583,29222,1.0
19584,29223,1.0
19585,29224,1.0
19586,29225,1.0
19587,29226,1.0
19588,29227,1.0
19589,26884,1.0
19590,29228,1.0
19591,29229,1.0
19592,29230,1.0
19593,29231,1.0
19594,29232,1.0
19595,22439,1.0
19596,29233,1.0
19597,29234,1.0
19598,29235,1.0
19599,28586,1.0
19600,29236,1.0
19601,29237,1.0
19602,29238,1.0
19603,22745,0.8
19603,29239,0.2
19604,22963,0.821429
19604,29240,0.178571
19605,29241,1.0
19606,29242,1.0
19607,29243,1.0
19608,23744,0.945205
19608,29244,0.054795
19609,29245,1.0
19610,25945,1.0
19611,29246,1.0
19612,29247,1.0
19613,26867,1.0
19614,27353,1.0
19615,29248,1.0
19616,29249,1.0
19617,29250,1.0
19618,29251,1.0
19619,29252,0.75
19619,24975,0.25
19620,23739,1.0
19621,29253,1.0
19622,29254,0.875
19622,29255,0.125
19623,29256,1.0
19624,29257,1.0
19625,29258,1.0
19626,29259,1.0
19627,27665,1.0
19628,29260,1.0
19629,29261,1.0
19630,29262,1.0
19631,29263,1.0
19632,26506,1.0
19633,29264,1.0
19634,29265,1.0
19635,29266,1.0
19636,29267,1.0
19637,29268,1.0
19638,29269,1.0
19639,29270,1.0
19640,23899,1.0
19641,29271,1.0
19642,29272,1.0
19643,29270,1.0
19644,29273,1.0
19645,27726,1.0
19646,29274,1.0
19647,26137,0.923077
19647,29275,0.076923
19648,29276,1.0
19649,29277,1.0
19650,29278,1.0
19651,29279,1.0
19652,29280,1.0
19653,29281,1.0
19654,29282,1.0
19655,29283,1.0
19656,29284,1.0
19657,29285,1.0
19658,29286,1.0
19659,29287,1.0
19660,29288,1.0
19661,23942,0.352941
19661,29289,0.647059
19662,29290,1.0
19663,29291,1.0
19664,29292,1.0
19665,29293,1.0
19666,29294,1.0
19667,29295,1.0
19668,25463,1.0
19669,26913,1.0
19670,29296,1.0
19671,29297,1.0
19672,29298,1.0
19673,29299,1.0
19674,29300,1.0
19675,29301,1.0
19676,24113,1.0
19677,27740,1.0
19678,29302,1.0
19679,29303,1.0
19680,29304,1.0
19681,29305,1.0
19682,29306,1.0
19683,29307,1.0
19684,29308,1.0
19685,29309,1.0
19686,26052,1.0
19687,29310,1.0
19688,29311,1.0
19689,29312,1.0
19690,29313,1.0
19691,29314,1.0
19692,29315,1.0
19693,29316,1.0
19694,28857,1.0
19695,25106,0.833333
19695,29317,0.166667
19696,26249,1.0
19697,29318,1.0
19698,29319,1.0
19699,29320,1.0
19700,29321,1.0
19701,29322,0.266667
19701,27552,0.733333
19702,29323,1.0
19703,29324,1.0
19704,23893,1.0
19705,29325,1.0
19706,29326,1.0
19707,29327,1.0
19708,29328,1.0
19709,29329,1.0
19710,29330,1.0
19711,29331,1.0
19712,29332,1.0
19713,29333,1.0
19714,29334,0.571429
19714,29335,0.428571
19715,29336,1.0
19716,29337,1.0
19717,29338,1.0
19718,29339,1.0
19719,29340,1.0
19720,29341,1.0
19721,29342,1.0
19722,29343,1.0
19723,29344,1.0
19724,23286,0.961538
19724,29345,0.038462
19725,29346,1.0
19726,29347,1.0
19727,29348,1.0
19728,29349,1.0
19729,28361,1.0
19730,29350,1.0
19731,29351,1.0
19732,29352,1.0
19733,27833,1.0
19734,29353,1.0
19735,29354,1.0
19736,29355,1.0
19737,29206,0.8125
19737,29356,0.1875
19738,29357,1.0
19739,24054,1.0
19740,23643,0.88
19740,29358,0.12
19741,29359,1.0
19742,29360,1.0
19743,24702,1.0
19744,29361,1.0
19745,29362,1.0
19746,29363,1.0
19747,29364,1.0
19748,27522,1.0
19749,29365,1.0
19750,29366,1.0
19751,26054,0.319444
19751,29367,0.680556
19752,29368,1.0
19753,29369,1.0
19754,29370,1.0
19755,29371,1.0
19756,29372,1.0
19757,25482,0.941176
19757,29373,0.058824
19758,23066,1.0
19759,29374,1.0
19760,29375,1.0
19761,29376,1.0
19762,29377,1.0
19763,27840,1.0
19764,29378,0.411765
19764,25194,0.588235
19765,28873,1.0
19766,29379,1.0
19767,29380,1.0
19768,29381,1.0
19769,29382,1.0
19770,29383,0.6
19770,29048,0.4
19771,29384,0.4
19771,29385,0.6
19772,29386,1.0
19773,29387,1.0
19774,29388,1.0
19775,29389,1.0
19776,24275,0.833333
19776,29390,0.166667
19777,29391,1.0
19778,29392,1.0
19779,29393,1.0
19780,29394,1.0
19781,29395,1.0
19782,29396,1.0
19783,29397,1.0
19784,29398,1.0
19785,29399,0.333333
19785,29400,0.666667
19786,24811,1.0
19787,29401,1.0
19788,29402,1.0
19789,27779,0.692308
19789,29403,0.307692
19790,29404,1.0
19791,29405,1.0
19792,29406,1.0
19793,29407,1.0
19794,29408,0.28
19794,23494,0.72
19795,24044,0.945946
19795,29409,0.054054
19796,29410,1.0
19797,29411,1.0
19798,29412,1.0
19799,29413,1.0
19800,27433,0.461538
19800,29414,0.538462
19801,28223,1.0
19802,29415,1.0
19803,29416,1.0
19804,29417,1.0
19805,27951,1.0
19806,29418,1.0
19807,29419,1.0
19808,29420,1.0
19809,29421,1.0
19810,29422,1.0
19811,29423,1.0
19812,24971,1.0
19813,29424,1.0
19814,29425,1.0
19815,29426,1.0
19816,29427,1.0
19817,29428,1.0
19818,28566,1.0
19819,26867,1.0
19820,26373,1.0
19821,29429,1.0
19822,29430,1.0
19823,27626,1.0
19824,29431,1.0
19825,23123,0.945455
19825,29432,0.054545
19826,29433,1.0
19827,29434,1.0
19828,29435,1.0
19829,29436,1.0
19830,29437,0.818182
19830,29438,0.181818
19831,28656,1.0
19832,29439,1.0
19833,29440,1.0
19834,29441,1.0
19835,29442,0.833333
19835,29443,0.166667
19836,29444,1.0
19837,29445,1.0
19838,29446,1.0
19839,29447,1.0
19840,29448,1.0
19841,29449,1.0
19842,29450,1.0
19843,29451,1.0
19844,23412,0.636364
19844,29452,0.363636
19845,29453,1.0
19846,22486,1.0
19847,29454,1.0
19848,29455,1.0
19849,28695,1.0
19850,28977,1.0
19851,23056,1.0
19852,29456,0.5
19852,23056,0.5
19853,29457,1.0
19854,29458,1.0
19855,29459,1.0
19856,29460,1.0
19857,29461,1.0
19858,29462,1.0
19859,29463,1.0
19860,25386,1.0
19861,27629,1.0
19862,29464,1.0
19863,29465,1.0
19864,24072,0.837838
19864,29466,0.162162
19865,24997,0.75
19865,29467,0.25
19866,26025,1.0
19867,29468,1.0
19868,29469,1.0
19869,29470,0.636364
19869,23094,0.363636
19870,29471,1.0
19871,27751,1.0
19872,29472,1.0
19873,29473,1.0
19874,29474,1.0
19875,29475,1.0
19876,29476,1.0
19877,29477,1.0
19878,29478,1.0
19879,29479,1.0
19880,29480,1.0
19881,26722,1.0
19882,29481,1.0
19883,29482,1.0
19884,22959,0.619048
19884,29483,0.380952
19885,29484,1.0
19886,29485,1.0
19887,29486,0.6
19887,29487,0.4
19888,29488,1.0
19889,29489,1.0
19890,29490,0.714286
19890,29491,0.285714
19891,28526,1.0
19892,29492,1.0
19893,29493,1.0
19894,27011,1.0
19895,29494,0.4
19895,29495,0.6
19896,29496,1.0
19897,29497,1.0
19898,29498,1.0
19899,29499,1.0
19900,29500,1.0
19901,29501,1.0
19902,29502,1.0
19903,29503,1.0
19904,29504,0.642857
19904,29505,0.357143
19905,29506,1.0
19906,29507,1.0
19907,29508,1.0
19908,29509,1.0
19909,29510,1.0
19910,29511,1.0
19911,29512,1.0
19912,29513,0.833333
19912,29514,0.166667
19913,29515,1.0
19914,27818,1.0
19915,29516,1.0
19916,29517,1.0
19917,29518,1.0
19918,29519,1.0
19919,29520,1.0
19920,29521,1.0
19921,29522,1.0
19922,29523,1.0
19923,29524,1.0
19924,29525,1.0
19925,22827,1.0
19926,29526,1.0
19927,29527,1.0
19928,25611,1.0
19929,29528,1.0
19930,29529,0.916667
19930,29530,0.083333
19931,29531,1.0
19932,29532,1.0
19933,29533,1.0
19934,29534,1.0
19935,29535,1.0
19936,29536,1.0
19937,29537,0.5
19937,29538,0.5
19938,29539,1.0
19939,29540,1.0
19940,29541,1.0
19941,29542,1.0
19942,28974,1.0
19943,29286,1.0
19944,29543,1.0
19945,29544,0.24
19945,24852,0.76
19946,29545,1.0
19947,29546,1.0
19948,29547,1.0
19949,29548,1.0
19950,29549,1.0
19951,29550,1.0
19952,29551,1.0
19953,29552,1.0
19954,29553,1.0
19955,29554,1.0
19956,29555,1.0
19957,29556,1.0
19958,23281,1.0
19959,29557,1.0
19960,29558,1.0
19961,29559,1.0
19962,29560,1.0
19963,24669,0.966102
19963,29561,0.033898
19964,25210,1.0
19965,25514,1.0
19966,24272,0.888889
19966,29562,0.111111
19967,29563,1.0
19968,29564,1.0
19969,26352,1.0
19970,29565,1.0
19971,29566,1.0
19972,29567,1.0
19973,29568,1.0
19974,29569,1.0
19975,24815,1.0
19976,29570,1.0
19977,29571,1.0
19978,22171,1.0
19979,29572,1.0
19980,29573,1.0
19981,29574,1.0
19982,29575,1.0
19983,29576,1.0
19984,29577,1.0
19985,27974,1.0
19986,29578,1.0
19987,29229,1.0
19988,29579,1.0
19989,26360,1.0
19990,29580,1.0
19991,29581,1.0
19992,22079,0.709677
19992,29582,0.290323
19993,29583,1.0
19994,27925,1.0
19995,29584,1.0
19996,24366,0.987106
19996,29585,0.012894
19997,23188,1.0
19998,29586,1.0
19999,29587,1.0
20000,29588,0.944444
20000,29589,0.055556
20001,29590,1.0
20002,29591,1.0
20003,29592,1.0
20004,29593,1.0
20005,29594,1.0
20006,29595,1.0
20007,29596,1.0
20008,23748,0.916667
20008,29597,0.083333
20009,29598,1.0
20010,29599,0.625
20010,29600,0.375
20011,29601,1.0
20012,29602,1.0
20013,29603,1.0
20014,29604,1.0
20015,29415,1.0
20016,29605,1.0
20017,29606,1.0
20018,29607,1.0
20019,29608,1.0
20020,28194,1.0
20021,29609,1.0
20022,29610,1.0
20023,29611,1.0
20024,29612,1.0
20025,29613,1.0
20026,29614,1.0
20027,29615,1.0
20028,29616,1.0
20029,29617,1.0
20030,29618,1.0
20031,29619,0.6
20031,29620,0.4
20032,29621,1.0
20033,29622,1.0
20034,29623,1.0
20035,29624,1.0
20036,29625,1.0
20037,24344,1.0
20038,29626,1.0
20039,29627,1.0
20040,29628,1.0
20041,29629,1.0
20042,29630,1.0
20043,25678,1.0
20044,29631,1.0
20045,29632,1.0
20046,29633,1.0
20047,29634,1.0
20048,29635,1.0
20049,29636,1.0
20050,29637,1.0
20051,29638,1.0
20052,22278,1.0
20053,29639,1.0
20054,25686,1.0
20055,22950,1.0
20056,29640,1.0
20057,29641,1.0
20058,29642,1.0
20059,25517,0.789474
20059,29643,0.210526
20060,29113,1.0
20061,29644,1.0
20062,29645,1.0
20063,29646,1.0
20064,28199,1.0
20065,29647,1.0
20066,29648,1.0
20067,29649,1.0
20068,29650,1.0
20069,22665,1.0
20070,29651,1.0
20071,29652,1.0
20072,29653,1.0
20073,29654,1.0
20074,29655,1.0
20075,29656,1.0
20076,29657,1.0
20077,24645,1.0
20078,29658,1.0
20079,28085,1.0
20080,29659,1.0
20081,29660,1.0
20082,25939,1.0
20083,24032,1.0
20084,29661,1.0
20085,29662,1.0
20086,29663,1.0
20087,29664,1.0
20088,29665,1.0
20089,29666,1.0
20090,29667,1.0
20091,29668,1.0
20092,26499,0.727273
20092,29669,0.272727
20093,29670,1.0
20094,29671,1.0
20095,29672,1.0
20096,25756,1.0
20097,29673,1.0
20098,29674,1.0
20099,22727,1.0
20100,28018,1.0
20101,29675,1.0
20102,29676,1.0
20103,26499,1.0
20104,29677,1.0
20105,25733,1.0
20106,29678,1.0
20107,29679,1.0
20108,25988,1.0
20109,29680,1.0
20110,29681,0.285714
20110,29682,0.714286
20111,29683,1.0
20112,29684,1.0
20113,29685,1.0
20114,29686,1.0
20115,29687,1.0
20116,29688,0.75
20116,29689,0.25
20117,29690,1.0
20118,29691,1.0
20119,29692,1.0
20120,29693,1.0
20121,29694,0.375
20121,29695,0.625
20122,29696,1.0
20123,29697,1.0
20124,28650,0.6
20124,29698,0.4
20125,29699,1.0
20126,24137,0.967742
20126,29700,0.032258
20127,29701,1.0
20128,29702,1.0
20129,22829,1.0
20130,29703,1.0
20131,29704,1.0
20132,25933,1.0
20133,29705,1.0
20134,29706,1.0
20135,29707,1.0
20136,29708,1.0
20137,29709,1.0
20138,26871,1.0
20139,29710,1.0
20140,29711,1.0
20141,29712,1.0
20142,29713,1.0
20143,29714,1.0
20144,29715,1.0
20145,29716,1.0
20146,29717,1.0
20147,29718,0.466667
20147,26370,0.533333
20148,29719,1.0
20149,29720,1.0
20150,29721,1.0
20151,24537,1.0
20152,29722,1.0
20153,29723,1.0
20154,29724,1.0
20155,29725,1.0
20156,29726,1.0
20157,29727,1.0
20158,29728,1.0
20159,29729,0.333333
20159,29730,0.666667
20160,29731,1.0
20161,29732,0.777778
20161,29733,0.222222
20162,28671,1.0
20163,29734,1.0
20164,29735,1.0
20165,29736,1.0
20166,29737,0.538462
20166,29738,0.461538
20167,29739,1.0
20168,29740,1.0
20169,29741,1.0
20170,29742,1.0
20171,23426,1.0
20172,29743,1.0
20173,29744,1.0
20174,29745,1.0
20175,29746,1.0
20176,29747,1.0
20177,29748,1.0
20178,29749,1.0
20179,29750,1.0
20180,29751,1.0
20181,29752,1.0
20182,29753,1.0
20183,29754,1.0
20184,29755,1.0
20185,22687,1.0
20186,29756,1.0
20187,23856,1.0
20188,29757,0.666667
20188,29758,0.333333
20189,29759,1.0
20190,29760,1.0
20191,29761,1.0
20192,29762,1.0
20193,29763,1.0
20194,29764,1.0
20195,29765,1.0
20196,23280,1.0
20197,26304,1.0
20198,29766,1.0
20199,29767,1.0
20200,29768,1.0
20201,29769,0.75
20201,29770,0.25
20202,26461,1.0
20203,29771,1.0
20204,23499,1.0
20205,29772,1.0
20206,29773,1.0
20207,29774,1.0
20208,29775,1.0
20209,29776,1.0
20210,29777,1.0
20211,29778,1.0
20212,29779,1.0
20213,29780,1.0
20214,29781,1.0
20215,29782,1.0
20216,29783,1.0
20217,29784,1.0
20218,29785,0.846154
20218,29786,0.153846
20219,28672,1.0
20220,29787,1.0
20221,29788,1.0
20222,29789,0.666667
20222,22167,0.333333
20223,29790,1.0
20224,29791,1.0
20225,29792,1.0
20226,25959,1.0
20227,29793,1.0
20228,29794,1.0
20229,29795,1.0
20230,29796,1.0
20231,29797,1.0
20232,29798,1.0
20233,29799,1.0
20234,29800,1.0
20235,24153,1.0
20236,29801,1.0
20237,29802,1.0
20238,29803,1.0
20239,29804,1.0
20240,29805,1.0
20241,27335,1.0
20242,29806,1.0
20243,23784,1.0
20244,24294,1.0
20245,29807,1.0
20246,29808,1.0
20247,29809,1.0
20248,29810,1.0
20249,29811,1.0
20250,29812,1.0
20251,29813,1.0
20252,29814,1.0
20253,29815,1.0
20254,25931,0.75
20254,29816,0.25
20255,29817,1.0
20256,29818,0.761905
20256,29819,0.238095
20257,29820,1.0
20258,29821,1.0
20259,29822,1.0
20260,29823,1.0
20261,29824,1.0
20262,28389,1.0
20263,29825,0.428571
20263,28478,0.571429
20264,27668,0.714286
20264,29826,0.285714
20265,29827,1.0
20266,29828,1.0
20267,29829,1.0
20268,29830,1.0
20269,29831,1.0
20270,29832,1.0
20271,29833,1.0
20272,29834,1.0
20273,29835,1.0
20274,29836,1.0
20275,29837,1.0
20276,29838,1.0
20277,29839,1.0
20278,29840,1.0
20279,29841,1.0
20280,29842,1.0
20281,29843,1.0
20282,29844,1.0
20283,29845,1.0
20284,29846,1.0
20285,23142,1.0
20286,29847,1.0
20287,26867,0.891566
20287,29848,0.108434
20288,29849,1.0
20289,29850,1.0
20290,29093,1.0
20291,29851,0.555556
20291,29852,0.444444
20292,29853,1.0
20293,29854,1.0
20294,29855,1.0
20295,29856,1.0
20296,29857,1.0
20297,29858,1.0
20298,29859,1.0
20299,29860,1.0
20300,26042,0.625
20300,29861,0.375
20301,29862,1.0
20302,29863,1.0
20303,26810,1.0
20304,29864,1.0
20305,29865,1.0
20306,29866,1.0
20307,29867,1.0
20308,29868,1.0
20309,29869,1.0
20310,29870,1.0
20311,29871,1.0
20312,29872,1.0
20313,28445,1.0
20314,29873,1.0
20315,29874,1.0
20316,29875,1.0
20317,29876,1.0
20318,29877,1.0
20319,29878,1.0
20320,29879,1.0
20321,29880,1.0
20322,29881,1.0
20323,29882,1.0
20324,23129,1.0
20325,29883,1.0
20326,29884,1.0
20327,29885,1.0
20328,25651,1.0
20329,29886,1.0
20330,29887,1.0
20331,29888,1.0
20332,29889,1.0
20333,29890,1.0
20334,29891,1.0
20335,29892,1.0
20336,29893,1.0
20337,29894,1.0
20338,29895,1.0
20339,29896,1.0
20340,29897,1.0
20341,29898,1.0
20342,26719,0.818182
20342,29899,0.181818
20343,29900,1.0
20344,22601,0.692308
20344,29901,0.307692
20345,29902,1.0
20346,29903,1.0
20347,29904,1.0
20348,25079,0.833333
20348,29905,0.166667
20349,26805,1.0
20350,29906,1.0
20351,29907,1.0
20352,29908,1.0
20353,29909,1.0
20354,29910,1.0
20355,29911,1.0
20356,29912,0.588235
20356,29913,0.411765
20357,29914,1.0
20358,29915,1.0
20359,29916,1.0
20360,24987,1.0
20361,29917,1.0
20362,27487,1.0
20363,29918,1.0
20364,29919,1.0
20365,29920,1.0
20366,29865,0.866667
20366,29921,0.133333
20367,22896,0.904762
20367,29922,0.095238
20368,29923,1.0
20369,29924,1.0
20370,29925,1.0
20371,29926,1.0
20372,29927,1.0
20373,29928,1.0
20374,29929,1.0
20375,29930,1.0
20376,27580,1.0
20377,29931,1.0
20378,29932,1.0
20379,28883,1.0
20380,29933,1.0
20381,29934,1.0
20382,29935,1.0
20383,29936,1.0
20384,24300,1.0
20385,29937,1.0
20386,29938,1.0
20387,29939,1.0
20388,29339,1.0
20389,29940,1.0
20390,29941,0.625
20390,29942,0.375
20391,25487,0.960784
20391,29943,0.039216
20392,29944,1.0
20393,29945,1.0
20394,29946,1.0
20395,29947,1.0
20396,29948,1.0
20397,29949,1.0
20398,29950,1.0
20399,29951,1.0
20400,22560,1.0
20401,29952,1.0
20402,29953,1.0
20403,29954,1.0
20404,29955,1.0
20405,29956,1.0
20406,29957,1.0
20407,24075,1.0
20408,29958,1.0
20409,29959,1.0
20410,29960,1.0
20411,29961,0.666667
20411,29962,0.333333
20412,29963,1.0
20413,29964,1.0
20414,29965,1.0
20415,22943,1.0
20416,29966,1.0
20417,24881,1.0
20418,29967,1.0
20419,29968,1.0
20420,29969,1.0
20421,29970,1.0
20422,29971,1.0
20423,25985,1.0
20424,29972,1.0
20425,29973,1.0
20426,28032,1.0
20427,29974,1.0
20428,29975,1.0
20429,29976,1.0
20430,29977,1.0
20431,29978,1.0
20432,29979,0.454545
20432,22127,0.545455
20433,29980,1.0
20434,29981,1.0
20435,29982,1.0
20436,29983,1.0
20437,29984,1.0
20438,29985,1.0
20439,27089,1.0
20440,27261,0.6
20440,29986,0.4
20441,29987,1.0
20442,29988,1.0
20443,29989,1.0
20444,29990,1.0
20445,29991,1.0
20446,29992,1.0
20447,29993,1.0
20448,29994,1.0
20449,29995,0.291667
20449,26137,0.708333
20450,22254,0.571429
20450,29996,0.428571
20451,29997,1.0
20452,29998,1.0
20453,24088,1.0
20454,29999,1.0
20455,30000,1.0
20456,30001,1.0
20457,30002,1.0
20458,30003,1.0
20459,30004,1.0
20460,30005,1.0
20461,30006,1.0
20462,30007,1.0
20463,30008,1.0
20464,30009,1.0
20465,30010,0.428571
20465,30011,0.571429
20466,30012,1.0
20467,30013,0.75
20467,30014,0.25
20468,30015,1.0
20469,30016,1.0
20470,30017,1.0
20471,30018,1.0
20472,30019,1.0
20473,30020,1.0
20474,30021,1.0
20475,24997,1.0
20476,23043,0.995261
20476,30022,0.004739
20477,27077,1.0
20478,30023,1.0
20479,30024,1.0
20480,30025,1.0
20481,30026,1.0
20482,30027,0.823529
20482,30028,0.176471
20483,30029,1.0
20484,27331,1.0
20485,30030,1.0
20486,30031,1.0
20487,30032,1.0
20488,30033,1.0
20489,30034,1.0
20490,30035,1.0
20491,30036,1.0
20492,25221,1.0
20493,25783,1.0
20494,30037,1.0
20495,30038,0.4375
20495,30039,0.5625
20496,30040,1.0
20497,30041,1.0
20498,30042,1.0
20499,30043,0.4
20499,30044,0.6
20500,30045,1.0
20501,30046,1.0
20502,30047,1.0
20503,30048,1.0
20504,30049,1.0
20505,30050,1.0
20506,30051,1.0
20507,30052,1.0
20508,26063,1.0
20509,30053,1.0
20510,30054,1.0
20511,30055,1.0
20512,30056,1.0
20513,30057,1.0
20514,30058,1.0
20515,30059,1.0
20516,30060,1.0
20517,30061,1.0
20518,23724,1.0
20519,30062,1.0
20520,30063,1.0
20521,30064,1.0
20522,30065,1.0
20523,30066,1.0
20524,30067,0.882353
20524,30068,0.117647
20525,29712,1.0
20526,30069,1.0
20527,30070,1.0
20528,30071,1.0
20529,30072,1.0
20530,30073,0.181818
20530,22660,0.818182
20531,30074,1.0
20532,30075,1.0
20533,30076,1.0
20534,30077,1.0
20535,30078,1.0
20536,28092,1.0
20537,30079,1.0
20538,30080,1.0
20539,30081,1.0
20540,30082,1.0
20541,30083,1.0
20542,30084,1.0
20543,30085,1.0
20544,30086,1.0
20545,30087,1.0
20546,25405,1.0
20547,30088,1.0
20548,29389,1.0
20549,30089,1.0
20550,30090,1.0
20551,30091,0.714286
20551,23451,0.285714
20552,22450,1.0
20553,30092,1.0
20554,22896,0.5
20554,30093,0.5
20555,30094,1.0
20556,26077,1.0
20557,30095,1.0
20558,30096,1.0
20559,30097,1.0
20560,30098,1.0
20561,30099,1.0
20562,27182,1.0
20563,30100,1.0
20564,30101,1.0
20565,22932,0.421053
20565,30102,0.578947
20566,30103,1.0
20567,30104,1.0
20568,30105,0.588235
20568,25611,0.411765
20569,24399,0.910714
20569,30106,0.089286
20570,30107,1.0
20571,30108,1.0
20572,30109,1.0
20573,30110,1.0
20574,30111,0.625
20574,29198,0.375
20575,30112,1.0
20576,30113,1.0
20577,30114,1.0
20578,27715,1.0
20579,30115,1.0
20580,30116,1.0
20581,30117,1.0
20582,27678,1.0
20583,30118,1.0
20584,23045,0.972222
20584,30119,0.027778
20585,30120,1.0
20586,30121,0.837838
20586,30122,0.162162
20587,30123,1.0
20588,30124,1.0
20589,26133,1.0
20590,30125,1.0
20591,30126,1.0
20592,30127,1.0
20593,30128,1.0
20594,30129,1.0
20595,30130,1.0
20596,30131,1.0
20597,30132,1.0
20598,30133,1.0
20599,30134,1.0
20600,30135,1.0
20601,25784,0.95
20601,30136,0.05
20602,30137,1.0
20603,29348,1.0
20604,28972,1.0
20605,30138,1.0
20606,30139,1.0
20607,30140,1.0
20608,24968,1.0
20609,27789,0.925926
20609,30141,0.074074
20610,30142,0.938462
20610,22257,0.061538
20611,30143,1.0
20612,30144,1.0
20613,26982,1.0
20614,30145,1.0
20615,30146,1.0
20616,30147,1.0
20617,30148,1.0
20618,30149,1.0
20619,30150,0.3
20619,26249,0.7
20620,30151,1.0
20621,30152,1.0
20622,30153,0.821429
20622,30154,0.178571
20623,30155,1.0
20624,30156,1.0
20625,30157,1.0
20626,30158,1.0
20627,25965,1.0
20628,30159,1.0
20629,30160,1.0
20630,30161,1.0
20631,30162,1.0
20632,30163,1.0
20633,30164,1.0
20634,30165,1.0
20635,30166,1.0
20636,25345,1.0
20637,30167,1.0
20638,30168,1.0
20639,30169,1.0
20640,30170,1.0
20641,30171,1.0
20642,30172,1.0
20643,30173,1.0
20644,30174,1.0
20645,26949,1.0
20646,27900,1.0
20647,30175,1.0
20648,23320,1.0
20649,24910,1.0
20650,30176,1.0
20651,30177,1.0
20652,30178,1.0
20653,30179,1.0
20654,26179,1.0
20655,23178,1.0
20656,30180,1.0
20657,25239,1.0
20658,30181,1.0
20659,30182,1.0
20660,25237,1.0
20661,30183,1.0
20662,30184,1.0
20663,30185,1.0
20664,29708,1.0
20665,30186,0.666667
20665,30187,0.333333
20666,24565,0.777778
20666,30188,0.222222
20667,25751,1.0
20668,30189,1.0
20669,30190,1.0
20670,30191,1.0
20671,30192,1.0
20672,30193,1.0
20673,28610,1.0
20674,30194,1.0
20675,30195,1.0
20676,30196,1.0
20677,29964,1.0
20678,30197,1.0
20679,30198,1.0
20680,30199,1.0
20681,30200,1.0
20682,30201,1.0
20683,25634,1.0
20684,30202,1.0
20685,30203,0.666667
20685,30204,0.333333
20686,30205,1.0
20687,27884,0.818182
20687,30206,0.181818
20688,30207,1.0
20689,30208,1.0
20690,30209,1.0
20691,27801,1.0
20692,30210,1.0
20693,30211,1.0
20694,30212,1.0
20695,30213,1.0
20696,30214,1.0
20697,30215,1.0
20698,22164,0.984568
20698,30216,0.015432
20699,30217,1.0
20700,29599,1.0
20701,30218,1.0
20702,28790,1.0
20703,24156,1.0
20704,30219,1.0
20705,30220,1.0
20706,30221,1.0
20707,30222,1.0
20708,30223,1.0
20709,25477,1.0
20710,25343,1.0
20711,30224,1.0
20712,30225,1.0
20713,30226,1.0
20714,30227,1.0
20715,23782,1.0
20716,30228,1.0
20717,30229,1.0
20718,30230,1.0
20719,30231,1.0
20720,30232,1.0
20721,30233,1.0
20722,27157,0.866667
20722,30234,0.133333
20723,25084,1.0
20724,30235,1.0
20725,30236,1.0
20726,30237,1.0
20727,30238,1.0
20728,30239,1.0
20729,30240,1.0
20730,30241,1.0
20731,23128,1.0
20732,23573,1.0
20733,30242,1.0
20734,30243,1.0
20735,30244,1.0
20736,30245,1.0
20737,30246,1.0
20738,27002,0.652632
20738,30247,0.347368
20739,30248,1.0
20740,30249,1.0
20741,23526,1.0
20742,30250,1.0
20743,30251,1.0
20744,30252,1.0
20745,30253,1.0
20746,30254,1.0
20747,22891,0.846154
20747,30255,0.153846
20748,30256,1.0
20749,30257,1.0
20750,27384,1.0
20751,27854,1.0
20752,30258,1.0
20753,28092,0.894737
20753,30259,0.105263
20754,30260,1.0
20755,30261,1.0
20756,30262,1.0
20757,30263,1.0
20758,30264,1.0
20759,30265,1.0
20760,30266,1.0
20761,30267,1.0
20762,30268,1.0
20763,27729,1.0
20764,30269,1.0
20765,30270,1.0
20766,30271,1.0
20767,30272,1.0
20768,30273,1.0
20769,30274,1.0
20770,29906,1.0
20771,30275,1.0
20772,30276,1.0
20773,29737,1.0
20774,30277,1.0
20775,30278,1.0
20776,30279,1.0
20777,22309,0.756757
20777,30280,0.243243
20778,30281,1.0
20779,23837,1.0
20780,30282,1.0
20781,30283,1.0
20782,30284,1.0
20783,30285,1.0
20784,30286,1.0
20785,30287,1.0
20786,27348,1.0
20787,27740,0.769231
20787,30288,0.230769
20788,30289,1.0
20789,30290,1.0
20790,30291,1.0
20791,30292,1.0
20792,30293,1.0
20793,30294,1.0
20794,30295,1.0
20795,30296,1.0
20796,30297,1.0
20797,30298,1.0
20798,30299,1.0
20799,30300,1.0
20800,30301,1.0
20801,30302,0.9
20801,30303,0.1
20802,26739,1.0
20803,30304,1.0
20804,30305,1.0
20805,24080,1.0
20806,30306,1.0
20807,30307,1.0
20808,30308,1.0
20809,30309,1.0
20810,22293,0.692308
20810,30310,0.307692
20811,30311,1.0
20812,30312,1.0
20813,30313,1.0
20814,30314,1.0
20815,22125,0.868421
20815,30315,0.131579
20816,30316,1.0
20817,30317,1.0
20818,30318,1.0
20819,30319,1.0
20820,30320,1.0
20821,30321,1.0
20822,30322,1.0
20823,30323,1.0
20824,30324,1.0
20825,30325,1.0
20826,30326,1.0
20827,26773,0.864865
20827,30327,0.135135
20828,30328,1.0
20829,30329,1.0
20830,30330,1.0
20831,25535,1.0
20832,29651,1.0
20833,25939,1.0
20834,30331,1.0
20835,22313,0.920635
20835,30332,0.079365
20836,30333,1.0
20837,30334,1.0
20838,30335,1.0
20839,30336,1.0
20840,30337,1.0
20841,30338,1.0
20842,25853,1.0
20843,24681,1.0
20844,30339,1.0
20845,30340,1.0
20846,30341,1.0
20847,30342,1.0
20848,30343,1.0
20849,30344,1.0
20850,30345,1.0
20851,30346,1.0
20852,30347,1.0
20853,30348,1.0
20854,30349,1.0
20855,30350,1.0
20856,30351,1.0
20857,30352,1.0
20858,30353,1.0
20859,30354,0.809524
20859,23639,0.190476
20860,30355,1.0
20861,30356,1.0
20862,30357,1.0
20863,29658,1.0
20864,28752,1.0
20865,30358,1.0
20866,30359,1.0
20867,30360,1.0
20868,30361,0.6
20868,30362,0.4
20869,30363,1.0
20870,30364,1.0
20871,30365,1.0
20872,30366,0.625
20872,30367,0.375
20873,30368,1.0
20874,30369,1.0
20875,30370,1.0
20876,30371,1.0
20877,30372,1.0
20878,27109,1.0
20879,30373,1.0
20880,30374,1.0
20881,30375,1.0
20882,27655,0.714286
20882,30376,0.285714
20883,24653,1.0
20884,30377,1.0
20885,30378,1.0
20886,25030,1.0
20887,30379,1.0
20888,30380,0.545455
20888,30381,0.454545
20889,30382,1.0
20890,29742,1.0
20891,30375,1.0
20892,30383,1.0
20893,30384,0.5
20893,30385,0.5
20894,30386,1.0
20895,30387,1.0
20896,30388,1.0
20897,30389,1.0
20898,30390,1.0
20899,29624,1.0
20900,30391,1.0
20901,26601,1.0
20902,24757,1.0
20903,23428,1.0
20904,30392,1.0
20905,22780,1.0
20906,30393,1.0
20907,30394,1.0
20908,30395,1.0
20909,30396,1.0
20910,30397,1.0
20911,30398,1.0
20912,28747,0.904762
20912,30399,0.095238
20913,30400,1.0
20914,30401,1.0
20915,28261,1.0
20916,30402,1.0
20917,30403,1.0
20918,30404,1.0
20919,30405,1.0
20920,30406,1.0
20921,30407,1.0
20922,30408,1.0
20923,30409,1.0
20924,30410,1.0
20925,30411,1.0
20926,30412,1.0
20927,30413,1.0
20928,30414,1.0
20929,30415,1.0
20930,30416,0.714286
20930,30417,0.285714
20931,30418,1.0
20932,30419,1.0
20933,30420,0.5
20933,27355,0.5
20934,30421,1.0
20935,30422,1.0
20936,30423,1.0
20937,30424,1.0
20938,25146,1.0
20939,30425,1.0
20940,30426,1.0
20941,30427,1.0
20942,25605,1.0
20943,30428,1.0
20944,30429,1.0
20945,30430,1.0
20946,30431,1.0
20947,30432,1.0
20948,30433,1.0
20949,22434,1.0
20950,30434,1.0
20951,30435,1.0
20952,30436,1.0
20953,30437,1.0
20954,30438,1.0
20955,28359,1.0
20956,27428,1.0
20957,26277,1.0
20958,30439,1.0
20959,30440,0.266667
20959,26805,0.733333
20960,30441,0.333333
20960,30442,0.666667
20961,30443,1.0
20962,30444,1.0
20963,24508,1.0
20964,30445,1.0
20965,30446,1.0
20966,30447,1.0
20967,30448,1.0
20968,30449,1.0
20969,30450,1.0
20970,30451,1.0
20971,29584,1.0
20972,26373,0.454545
20972,30452,0.545455
20973,26162,1.0
20974,30453,1.0
20975,30454,1.0
20976,30455,1.0
20977,30456,1.0
20978,30457,1.0
20979,30458,1.0
20980,30459,1.0
20981,30460,1.0
20982,30461,1.0
20983,30462,1.0
20984,30463,1.0
20985,30464,1.0
20986,30465,1.0
20987,30466,0.066667
20987,22901,0.933333
20988,27319,1.0
20989,30467,1.0
20990,30468,1.0
20991,30469,1.0
20992,30470,1.0
20993,30471,1.0
20994,28293,1.0
20995,30472,1.0
20996,30473,1.0
20997,30474,1.0
20998,30475,1.0
20999,28204,1.0
21000,30476,1.0
21001,30477,1.0
21002,30478,1.0
21003,30479,1.0
21004,30480,1.0
21005,30481,1.0
21006,30482,1.0
21007,27480,1.0
21008,30483,1.0
21009,30484,1.0
21010,30485,1.0
21011,30486,1.0
21012,30487,1.0
21013,28367,1.0
21014,30488,1.0
21015,30489,1.0
21016,30490,1.0
21017,30491,1.0
21018,30492,1.0
21019,25106,0.846154
21019,30493,0.153846
21020,30494,1.0
21021,30495,1.0
21022,30496,1.0
21023,30497,1.0
21024,30498,1.0
21025,30499,1.0
21026,30500,1.0
21027,30501,1.0
21028,30502,1.0
21029,30503,1.0
21030,30504,1.0
21031,30505,1.0
21032,30506,1.0
21033,30507,1.0
21034,30508,1.0
21035,30509,1.0
21036,30510,1.0
21037,30511,1.0
21038,30512,0.666667
21038,30513,0.333333
21039,30514,1.0
21040,30515,1.0
21041,30516,1.0
21042,30517,1.0
21043,30191,1.0
21044,26719,0.6
21044,30518,0.4
21045,30519,0.6
21045,30520,0.4
21046,30521,1.0
21047,30522,1.0
21048,30523,1.0
21049,30524,1.0
21050,30525,0.5
21050,29818,0.5
21051,30526,1.0
21052,23736,0.666667
21052,30527,0.333333
21053,30528,1.0
21054,30529,1.0
21055,30530,1.0
21056,30531,1.0
21057,30532,1.0
21058,27139,1.0
21059,30533,1.0
21060,30534,1.0
21061,30535,1.0
21062,30536,1.0
21063,30537,1.0
21064,30538,1.0
21065,28517,1.0
21066,30539,1.0
21067,30540,1.0
21068,23725,0.461538
21068,30541,0.538462
21069,30542,1.0
21070,30543,0.2
21070,29431,0.8
21071,30544,1.0
21072,30545,1.0
21073,22907,1.0
21074,30546,1.0
21075,30547,1.0
21076,30548,1.0
21077,26990,1.0
21078,26754,1.0
21079,30549,1.0
21080,30550,1.0
21081,30551,1.0
21082,30552,1.0
21083,30553,1.0
21084,23656,1.0
21085,30554,1.0
21086,25347,1.0
21087,30555,1.0
21088,30556,1.0
21089,30557,1.0
21090,30558,1.0
21091,30559,1.0
21092,30560,1.0
21093,30561,1.0
21094,30562,1.0
21095,30563,1.0
21096,30564,1.0
21097,30565,1.0
21098,30566,1.0
21099,30567,1.0
21100,30568,1.0
21101,30569,1.0
21102,29578,1.0
21103,30570,1.0
21104,30571,1.0
21105,30572,1.0
21106,30573,1.0
21107,30574,1.0
21108,30575,1.0
21109,30576,1.0
21110,30577,1.0
21111,28908,1.0
21112,28301,1.0
21113,29181,1.0
21114,30578,1.0
21115,30579,1.0
21116,30580,1.0
21117,30581,1.0
21118,30582,1.0
21119,30583,1.0
21120,30584,1.0
21121,26554,1.0
21122,30585,1.0
21123,30586,1.0
21124,30587,1.0
21125,30588,1.0
21126,29485,1.0
21127,30589,1.0
21128,30590,1.0
21129,30591,1.0
21130,30592,1.0
21131,30593,1.0
21132,23940,1.0
21133,30594,1.0
21134,26185,1.0
21135,30595,1.0
21136,30596,1.0
21137,30597,1.0
21138,30598,1.0
21139,23060,1.0
21140,27544,1.0
21141,30599,1.0
21142,30600,1.0
21143,30601,1.0
21144,30602,1.0
21145,30603,1.0
21146,30604,1.0
21147,30605,1.0
21148,30606,1.0
21149,30607,1.0
21150,30608,1.0
21151,30609,1.0
21152,30610,1.0
21153,30611,1.0
21154,30612,1.0
21155,30613,1.0
21156,30614,1.0
21157,30615,1.0
21158,30616,0.25
21158,30617,0.75
21159,30618,1.0
21160,30619,1.0
21161,30620,1.0
21162,30621,1.0
21163,30622,1.0
21164,26273,1.0
21165,30623,1.0
21166,30624,1.0
21167,30625,1.0
21168,30626,1.0
21169,30627,1.0
21170,30628,1.0
21171,30629,1.0
21172,30630,1.0
21173,30631,1.0
21174,30632,1.0
21175,30633,1.0
21176,30634,1.0
21177,30635,1.0
21178,30636,1.0
21179,30637,1.0
21180,30638,1.0
21181,30639,1.0
21182,30640,1.0
21183,30641,1.0
21184,30642,1.0
21185,30643,1.0
21186,30644,1.0
21187,30645,1.0
21188,30646,1.0
21189,30647,1.0
21190,30648,1.0
21191,30649,1.0
21192,30650,1.0
21193,30651,1.0
21194,30652,1.0
21195,30653,1.0
21196,30654,1.0
21197,30655,1.0
21198,30656,1.0
21199,30657,1.0
21200,30658,1.0
21201,30659,1.0
21202,30660,1.0
21203,30661,0.454545
21203,30662,0.545455
21204,30663,1.0
21205,22522,1.0
21206,30664,1.0
21207,30665,1.0
21208,30666,1.0
21209,30667,1.0
21210,30668,1.0
21211,30669,1.0
21212,30670,1.0
21213,30671,1.0
21214,30672,1.0
21215,30673,1.0
21216,30674,1.0
21217,30675,1.0
21218,30676,1.0
21219,30677,1.0
21220,26624,1.0
21221,24679,0.521739
21221,30678,0.478261
21222,25086,1.0
21223,30679,0.615385
21223,30680,0.384615
21224,30681,1.0
21225,30682,0.5
21225,30683,0.5
21226,30684,1.0
21227,30685,1.0
21228,30686,1.0
21229,30687,1.0
21230,30688,1.0
21231,30689,1.0
21232,30690,1.0
21233,30691,1.0
21234,30692,0.714286
21234,30693,0.285714
21235,30694,1.0
21236,30695,1.0
21237,30696,1.0
21238,24624,1.0
21239,30697,1.0
21240,30698,0.5
21240,29599,0.5
21241,30699,1.0
21242,26143,1.0
21243,30700,1.0
21244,30701,1.0
21245,26598,1.0
21246,30702,1.0
21247,30703,1.0
21248,30704,1.0
21249,30705,1.0
21250,30706,1.0
21251,30707,1.0
21252,22277,1.0
21253,30708,1.0
21254,30709,1.0
21255,30710,1.0
21256,30711,1.0
21257,30712,1.0
21258,30713,1.0
21259,24759,1.0
21260,30714,1.0
21261,30715,1.0
21262,30716,1.0
21263,30717,1.0
21264,30718,1.0
21265,30719,1.0
21266,30720,1.0
21267,30721,1.0
21268,30722,1.0
21269,30723,1.0
21270,30724,1.0
21271,30725,1.0
21272,27663,1.0
21273,30726,1.0
21274,30727,1.0
21275,30728,1.0
21276,24830,1.0
21277,30729,1.0
21278,30730,1.0
21279,30731,1.0
21280,30732,1.0
21281,28605,1.0
21282,26464,1.0
21283,30733,1.0
21284,30734,1.0
21285,26097,1.0
21286,30735,1.0
21287,30736,1.0
21288,30737,1.0
21289,30738,1.0
21290,30739,1.0
21291,30740,1.0
21292,30741,1.0
21293,30742,1.0
21294,23843,1.0
21295,30743,1.0
21296,24782,1.0
21297,30744,1.0
21298,30745,1.0
21299,30746,1.0
21300,30747,1.0
21301,30748,1.0
21302,27625,0.75
21302,30749,0.25
21303,30750,1.0
21304,30751,1.0
21305,30752,1.0
21306,30753,1.0
21307,24276,1.0
21308,30754,1.0
21309,30755,1.0
21310,30756,1.0
21311,30757,1.0
21312,27107,1.0
21313,27021,1.0
21314,30758,1.0
21315,30759,1.0
21316,25398,1.0
21317,30760,1.0
21318,26516,1.0
21319,30761,1.0
21320,30762,1.0
21321,30763,1.0
21322,30764,1.0
21323,30765,1.0
21324,30766,1.0
21325,30767,1.0
21326,30768,1.0
21327,23312,1.0
21328,24169,1.0
21329,26876,1.0
21330,30769,1.0
21331,23193,0.924528
21331,30770,0.075472
21332,30771,1.0
21333,30772,1.0
21334,22837,1.0
21335,30773,1.0
21336,30774,1.0
21337,30775,1.0
21338,30776,1.0
21339,30777,1.0
21340,30778,1.0
21341,30779,1.0
21342,30780,1.0
21343,30781,1.0
21344,29495,1.0
21345,30782,1.0
21346,30783,1.0
21347,24253,1.0
21348,30784,1.0
21349,30785,1.0
21350,30786,1.0
21351,30787,1.0
21352,30788,1.0
21353,30789,0.8
21353,30790,0.2
21354,30791,1.0
21355,30792,1.0
21356,22825,1.0
21357,30793,1.0
21358,30794,1.0
21359,30795,1.0
21360,30796,1.0
21361,30797,1.0
21362,30798,1.0
21363,30799,1.0
21364,30800,1.0
21365,30520,1.0
21366,30801,1.0
21367,26554,0.5
21367,30802,0.5
21368,30803,1.0
21369,30804,1.0
21370,30805,1.0
21371,24764,0.933333
21371,30806,0.066667
21372,23981,1.0
21373,30807,1.0
21374,30808,1.0
21375,30809,1.0
21376,30810,1.0
21377,30811,1.0
21378,30812,1.0
21379,30813,1.0
21380,23979,0.363636
21380,30814,0.636364
21381,30815,1.0
21382,30816,1.0
21383,30817,1.0
21384,30818,0.571429
21384,30819,0.428571
21385,30820,1.0
21386,30821,1.0
21387,30822,0.4
21387,30823,0.6
21388,30824,1.0
21389,30825,1.0
21390,30826,1.0
21391,30827,1.0
21392,30828,0.363636
21392,30829,0.636364
21393,30830,1.0
21394,30831,1.0
21395,30832,1.0
21396,30833,1.0
21397,30834,0.866667
21397,30835,0.133333
21398,30836,1.0
21399,30837,1.0
21400,30838,1.0
21401,30839,1.0
21402,30840,0.666667
21402,30841,0.333333
21403,30842,0.2
21403,30843,0.8
21404,25197,1.0
21405,29025,1.0
21406,27969,1.0
21407,30844,1.0
21408,30845,1.0
21409,30846,1.0
21410,30847,1.0
21411,30848,1.0
21412,30849,1.0
21413,30850,1.0
21414,30851,1.0
21415,30852,1.0
21416,30853,1.0
21417,30854,1.0
21418,30855,1.0
21419,30856,1.0
21420,30857,1.0
21421,30858,1.0
21422,30859,1.0
21423,27202,1.0
21424,22072,1.0
21425,30860,1.0
21426,30861,1.0
21427,30862,1.0
21428,23459,1.0
21429,30863,1.0
21430,30864,1.0
21431,23832,0.941176
21431,30865,0.058824
21432,30866,1.0
21433,30867,1.0
21434,30868,1.0
21435,30869,1.0
21436,30870,1.0
21437,30871,1.0
21438,30872,1.0
21439,30873,1.0
21440,30874,1.0
21441,30124,1.0
21442,30875,1.0
21443,30876,1.0
21444,30877,1.0
21445,27668,1.0
21446,30878,1.0
21447,30879,1.0
21448,30880,1.0
21449,27086,1.0
21450,30881,1.0
21451,30882,1.0
21452,30883,1.0
21453,30884,1.0
21454,26148,0.846154
21454,30885,0.153846
21455,30886,1.0
21456,26123,1.0
21457,30887,1.0
21458,25528,1.0
21459,30888,1.0
21460,30889,1.0
21461,30890,1.0
21462,30891,1.0
21463,30892,1.0
21464,30893,1.0
21465,30894,1.0
21466,30895,1.0
21467,30896,1.0
21468,30897,1.0
21469,30898,1.0
21470,30899,1.0
21471,30900,1.0
21472,30901,1.0
21473,30902,1.0
21474,30903,1.0
21475,30904,1.0
21476,30905,1.0
21477,30906,1.0
21478,30907,1.0
21479,30908,1.0
21480,30909,1.0
21481,30910,1.0
21482,30911,1.0
21483,30912,1.0
21484,30913,1.0
21485,30914,1.0
21486,30915,1.0
21487,30916,1.0
21488,30917,1.0
21489,30918,1.0
21490,30919,1.0
21491,30920,1.0
21492,30921,1.0
21493,30922,1.0
21494,30923,1.0
21495,30924,1.0
21496,30925,1.0
21497,30926,1.0
21498,30927,1.0
21499,30928,1.0
21500,30929,1.0
21501,30930,1.0
21502,30931,1.0
21503,30932,1.0
21504,30933,1.0
21505,26401,1.0
21506,30934,1.0
21507,30935,1.0
21508,24563,0.4
21508,30936,0.6
21509,30937,1.0
21510,25214,1.0
21511,30938,1.0
21512,30939,1.0
21513,30940,1.0
21514,30941,1.0
21515,30942,1.0
21516,30943,1.0
21517,30944,1.0
21518,30945,1.0
21519,30946,1.0
21520,30947,1.0
21521,30948,0.571429
21521,30949,0.428571
21522,30950,1.0
21523,30951,1.0
21524,30952,1.0
21525,30953,1.0
21526,25083,1.0
21527,30954,1.0
21528,30955,1.0
21529,30956,1.0
21530,30496,1.0
21531,30957,1.0
21532,30958,1.0
21533,30959,1.0
21534,30960,1.0
21535,30961,1.0
21536,30962,1.0
21537,30963,1.0
21538,30964,1.0
21539,30965,1.0
21540,30966,1.0
21541,30967,1.0
21542,25241,0.886792
21542,30968,0.113208
21543,29397,1.0
21544,30969,1.0
21545,30970,1.0
21546,30971,1.0
21547,30972,1.0
21548,30973,1.0
21549,30974,1.0
21550,30975,1.0
21551,30976,1.0
21552,22493,1.0
21553,30977,1.0
21554,30978,1.0
21555,30979,1.0
21556,30980,1.0
21557,29748,1.0
21558,26542,1.0
21559,30981,1.0
21560,30982,1.0
21561,30834,1.0
21562,26607,1.0
21563,30983,1.0
21564,30984,1.0
21565,30985,1.0
21566,30986,1.0
21567,30987,1.0
21568,30988,1.0
21569,30989,1.0
21570,30990,1.0
21571,30991,1.0
21572,30992,1.0
21573,30993,1.0
21574,25186,1.0
21575,30994,1.0
21576,30995,1.0
21577,30996,1.0
21578,30997,0.428571
21578,27251,0.571429
21579,30998,1.0
21580,30999,1.0
21581,26078,1.0
21582,31000,1.0
21583,31001,1.0
21584,31002,1.0
21585,31003,1.0
21586,31004,1.0
21587,31005,1.0
21588,31006,1.0
21589,31007,1.0
21590,31008,1.0
21591,31009,1.0
21592,31010,1.0
21593,31011,1.0
21594,31012,1.0
21595,31013,1.0
21596,31014,1.0
21597,31015,1.0
21598,31016,1.0
21599,31017,1.0
21600,31018,1.0
21601,31019,1.0
21602,23823,0.785714
21602,31020,0.214286
21603,31021,1.0
21604,28797,1.0
21605,31022,1.0
21606,31023,1.0
21607,31024,1.0
21608,25986,1.0
21609,31025,1.0
21610,31026,1.0
21611,31027,1.0
21612,31028,1.0
21613,31029,1.0
21614,31030,1.0
21615,31031,1.0
21616,31032,1.0
21617,31033,1.0
21618,29601,1.0
21619,31034,1.0
21620,31035,1.0
21621,31036,1.0
21622,25079,1.0
21623,31037,1.0
21624,31038,1.0
21625,31039,1.0
21626,31040,1.0
21627,31041,1.0
21628,31042,1.0
21629,23088,1.0
21630,31043,1.0
21631,31044,1.0
21632,31045,1.0
21633,28340,1.0
21634,31046,1.0
21635,31047,1.0
21636,31048,1.0
21637,31049,1.0
21638,31050,1.0
21639,31051,1.0
21640,31052,1.0
21641,24876,1.0
21642,31053,0.5
21642,31054,0.5
21643,26288,1.0
21644,22532,0.878261
21644,31055,0.121739
21645,31056,1.0
21646,31057,1.0
21647,31058,1.0
21648,30788,1.0
21649,31059,1.0
21650,31060,1.0
21651,31061,1.0
21652,26457,0.857143
21652,31062,0.142857
21653,31063,1.0
21654,31064,1.0
21655,31065,1.0
21656,31066,0.625
21656,31067,0.375
21657,31068,1.0
21658,31069,1.0
21659,30153,1.0
21660,31070,1.0
21661,31071,1.0
21662,31072,1.0
21663,31073,1.0
21664,31074,1.0
21665,22673,0.916667
21665,31075,0.083333
21666,31076,1.0
21667,31077,1.0
21668,31078,1.0
21669,31079,1.0
21670,31080,1.0
21671,27592,1.0
21672,31081,1.0
21673,31082,1.0
21674,22969,0.767442
21674,31083,0.232558
21675,31084,1.0
21676,28582,1.0
21677,31085,1.0
21678,31086,1.0
21679,31087,1.0
21680,31088,1.0
21681,31089,1.0
21682,31090,1.0
21683,31091,1.0
21684,26960,1.0
21685,27870,1.0
21686,31092,1.0
21687,31093,1.0
21688,31094,1.0
21689,22644,0.875
21689,31095,0.125
21690,31096,1.0
21691,31097,1.0
21692,31098,1.0
21693,31099,1.0
21694,29637,1.0
21695,31100,1.0
21696,31101,1.0
21697,31102,1.0
21698,27631,1.0
21699,31103,1.0
21700,27277,1.0
21701,31104,1.0
21702,31105,1.0
21703,31106,1.0
21704,31107,1.0
21705,31108,1.0
21706,25453,1.0
21707,31109,1.0
21708,31110,1.0
21709,31111,1.0
21710,31112,1.0
21711,31113,1.0
21712,31114,1.0
21713,31115,1.0
21714,31116,1.0
21715,31117,1.0
21716,31118,1.0
21717,31119,1.0
21718,31120,1.0
21719,31121,1.0
21720,31122,1.0
21721,31123,1.0
21722,31124,1.0
21723,31125,1.0
21724,31126,1.0
21725,31127,1.0
21726,31128,1.0
21727,31129,1.0
21728,31130,1.0
21729,31131,1.0
21730,31132,1.0
21731,25317,1.0
21732,30490,1.0
21733,22279,1.0
21734,27540,1.0
21735,31133,1.0
21736,31134,1.0
21737,31135,1.0
21738,24633,1.0
21739,31136,1.0
21740,31137,1.0
21741,31138,1.0
21742,31139,1.0
21743,31140,1.0
21744,31141,1.0
21745,31142,1.0
21746,31143,1.0
21747,31144,1.0
21748,31145,1.0
21749,31146,1.0
21750,31147,1.0
21751,24515,0.5
21751,31148,0.5
21752,31149,1.0
21753,31150,1.0
21754,31151,1.0
21755,31067,1.0
21756,31152,1.0
21757,31153,1.0
21758,31154,1.0
21759,31155,1.0
21760,31156,1.0
21761,31157,1.0
21762,31158,1.0
21763,31159,1.0
21764,31160,1.0
21765,31161,1.0
21766,29388,1.0
21767,31162,1.0
21768,31163,1.0
21769,31164,1.0
21770,31165,1.0
21771,31166,1.0
21772,31167,1.0
21773,31168,1.0
21774,31169,1.0
21775,31170,1.0
21776,28573,1.0
21777,31171,1.0
21778,23081,1.0
21779,24895,0.714286
21779,31172,0.285714
21780,31173,0.785714
21780,31174,0.214286
21781,31175,1.0
21782,30000,1.0
21783,31176,1.0
21784,31177,1.0
21785,31178,0.6
21785,31179,0.4
21786,31180,1.0
21787,31181,1.0
21788,22591,0.836735
21788,31182,0.163265
21789,31183,1.0
21790,31184,1.0
21791,31185,1.0
21792,25256,0.6
21792,31186,0.4
21793,31187,1.0
21794,31188,1.0
21795,31189,1.0
21796,31190,0.115385
21796,23322,0.884615
21797,31191,1.0
21798,31192,1.0
21799,26327,1.0
21800,31193,1.0
21801,31194,1.0
21802,31195,1.0
21803,31196,1.0
21804,22149,0.904762
21804,31197,0.095238
21805,31198,1.0
21806,27772,1.0
21807,31199,1.0
21808,31200,1.0
21809,31201,1.0
21810,31202,1.0
21811,23047,1.0
21812,31203,1.0
21813,31204,1.0
21814,31205,1.0
21815,31206,1.0
21816,31207,1.0
21817,31208,1.0
21818,31209,1.0
21819,31210,1.0
21820,31211,1.0
21821,31212,1.0
21822,29537,1.0
21823,31213,1.0
21824,31214,1.0
21825,31215,1.0
21826,31216,0.4
21826,31217,0.6
21827,31218,1.0
21828,31219,1.0
21829,31220,1.0
21830,31221,1.0
21831,26094,1.0
21832,31222,1.0
21833,31223,1.0
21834,31224,1.0
21835,31225,1.0
21836,31226,1.0
21837,31227,1.0
21838,24389,0.666667
21838,31228,0.333333
21839,23896,1.0
21840,31229,1.0
21841,31230,1.0
21842,31231,1.0
21843,29880,1.0
21844,31232,1.0
21845,31233,1.0
21846,31234,1.0
21847,31235,1.0
21848,31236,1.0
21849,31237,1.0
21850,31238,1.0
21851,31239,1.0
21852,31240,1.0
21853,31241,1.0
21854,31242,1.0
21855,31243,1.0
21856,31244,1.0
21857,31245,1.0
21858,23437,1.0
21859,31246,1.0
21860,31247,1.0
21861,31248,1.0
21862,31249,1.0
21863,31250,1.0
21864,31251,1.0
21865,31252,1.0
21866,31253,1.0
21867,30144,1.0
21868,31254,1.0
21869,31255,1.0
21870,31256,1.0
21871,31257,1.0
21872,31258,1.0
21873,31259,1.0
21874,30726,1.0
21875,24836,1.0
21876,31260,1.0
21877,31261,1.0
21878,31262,1.0
21879,31263,1.0
21880,31264,1.0
21881,31265,1.0
21882,31266,1.0
21883,31267,1.0
21884,31268,1.0
21885,31269,1.0
21886,31270,1.0
21887,30445,1.0
21888,31271,1.0
21889,31272,1.0
21890,31273,1.0
21891,31274,1.0
21892,31275,1.0
21893,31276,1.0
21894,31277,1.0
21895,31278,1.0
21896,31279,1.0
21897,31280,1.0
21898,31281,1.0
21899,31282,1.0
21900,31283,1.0
21901,31284,1.0
21902,31285,1.0
21903,31286,1.0
21904,31287,1.0
21905,23337,1.0
21906,31288,1.0
21907,31289,1.0
21908,31290,1.0
21909,31291,1.0
21910,31292,1.0
21911,31293,1.0
21912,31294,1.0
21913,31295,1.0
21914,26767,1.0
21915,31296,1.0
21916,31297,1.0
21917,31298,1.0
21918,31299,1.0
21919,31300,1.0
21920,31301,1.0
21921,31302,1.0
21922,26217,1.0
21923,31303,1.0
21924,31304,1.0
21925,31305,1.0
21926,31076,1.0
21927,31306,1.0
21928,31307,1.0
21929,31308,1.0
21930,31309,1.0
21931,31310,1.0
21932,31311,1.0
21933,31312,1.0
21934,31313,1.0
21935,31314,1.0
21936,31315,1.0
21937,31316,1.0
21938,31317,1.0
21939,31318,1.0
21940,31319,1.0
21941,31320,1.0
21942,31321,1.0
21943,31322,1.0
21944,28839,0.5
21944,31323,0.5
21945,31324,1.0
21946,31325,1.0
21947,31326,1.0
21948,31327,1.0
21949,31328,1.0
21950,31329,1.0
21951,31330,1.0
21952,31331,1.0
21953,31332,1.0
21954,31333,1.0
21955,31334,1.0
21956,31335,1.0
21957,27658,1.0
21958,31336,1.0
21959,31337,1.0
21960,23428,1.0
21961,30274,1.0
21962,31338,1.0
21963,31339,1.0
21964,31340,1.0
21965,31341,1.0
21966,31342,1.0
21967,24515,1.0
21968,31343,1.0
21969,31344,1.0
21970,31345,1.0
21971,31346,1.0
21972,30799,1.0
21973,31347,1.0
21974,31348,1.0
21975,31349,1.0
21976,31350,1.0
21977,31351,1.0
21978,31352,1.0
21979,31353,1.0
21980,27966,1.0
21981,31354,1.0
21982,28459,1.0
21983,31355,1.0
21984,31356,1.0
21985,31357,1.0
21986,31358,1.0
21987,27975,1.0
21988,31359,1.0
21989,31360,1.0
21990,24225,1.0
21991,31361,1.0
21992,31362,1.0
21993,31363,1.0
21994,31364,1.0
21995,31365,1.0
21996,31366,1.0
21997,23109,1.0
21998,29374,1.0
21999,23078,1.0
22000,31367,1.0
22001,31368,1.0
22002,31369,1.0
22003,31370,1.0
22004,31371,1.0
22005,31372,1.0
22006,31373,1.0
22007,31374,0.375
22007,31375,0.625
22008,31376,1.0
22009,31377,1.0
22010,31378,1.0
22011,24743,0.714286
22011,31379,0.285714
22012,31380,1.0
22013,31381,1.0
22014,31382,1.0
22015,31383,1.0
22016,31384,1.0
22017,31385,1.0
22018,31386,1.0
22019,31387,1.0
22020,31388,1.0
22021,31389,1.0
22022,31390,1.0
22023,31391,1.0
22024,31392,1.0
22025,30729,1.0
22026,31393,1.0
22027,31394,1.0
22028,31395,1.0
22029,31396,1.0
22030,31397,1.0
22031,31398,1.0
22032,31399,1.0
22033,31400,1.0
22034,25246,1.0
22035,31401,1.0
22036,31402,1.0
22037,31403,1.0
22038,31404,1.0
22039,31405,1.0
22040,31406,1.0
22041,31407,1.0
22042,31408,1.0
