1,16039,0.276211
1,18470,0.052903
2,16040,0.106734
2,20645,0.050521
2,21926,0.339748
3,16041,0.545261
3,19376,0.092702
4,16042,0.111367
4,20041,0.084081
4,17506,0.082276
5,16043,0.612149
6,16044,0.052151
6,18817,0.258994
6,21908,0.06597
6,25306,0.1047
6,25459,0.06365
7,16045,0.299105
8,16046,0.09349
8,16754,0.056457
8,19788,0.07054
9,16047,0.176872
9,16362,0.176762
9,26792,0.11291
10,16048,0.050523
10,18005,0.140145
11,16049,0.052794
11,17622,0.348234
11,22351,0.072794
11,24005,0.052783
12,16050,0.058665
12,17243,0.058586
12,17286,0.104637
12,20081,0.170671
12,23721,0.068714
13,16051,0.105319
13,18533,0.083751
13,18970,0.236239
13,20112,0.090146
13,20113,0.053925
13,24358,0.067679
14,16052,0.369893
15,16053,0.084825
16,16054,0.191396
16,16483,0.095875
17,16055,0.296126
17,16532,0.125352
17,16907,0.056933
18,16056,0.23051
18,16551,0.320001
18,17264,0.063129
19,16057,0.087392
19,17465,0.061616
20,16058,0.174084
20,18564,0.146833
21,16059,0.092517
21,19197,0.072263
21,19636,0.137552
22,16060,0.119394
22,18196,0.189624
23,16061,0.115389
23,17091,0.111765
23,18091,0.116528
24,16062,0.412458
25,16063,0.662955
26,16064,0.422589
26,19747,0.087259
26,21667,0.059933
27,16065,0.055836
27,16776,0.129405
27,16066,0.059378
27,22550,0.056512
28,16066,0.081845
28,17879,0.095834
28,16776,0.119633
28,18497,0.16388
28,22986,0.066627
29,16067,0.656245
30,16068,0.163903
31,16069,0.451688
32,16070,0.27499
32,22125,0.077547
32,22820,0.066304
33,16071,0.091443
33,19414,0.166725
33,17474,0.113501
33,17692,0.080732
34,16072,0.152442
34,18703,0.06955
35,16073,0.430219
35,18658,0.05251
36,16074,0.215292
36,16134,0.058499
36,16104,0.05532
36,21460,0.085385
37,16075,0.40399
37,20318,0.11073
38,16076,0.275814
38,19489,0.14121
39,16077,0.350649
39,25444,0.19537
40,16078,0.793017
41,16079,0.204275
42,16080,0.051229
42,18899,0.202726
42,19571,0.133643
43,16081,0.198789
43,21261,0.089627
43,23359,0.179374
44,16082,0.427874
45,16083,0.235287
45,17600,0.071546
45,18404,0.185905
45,21806,0.059795
45,24150,0.053141
46,16084,0.129206
46,16970,0.080194
46,16235,0.110619
47,16085,0.34558
47,20415,0.07447
47,18816,0.053888
48,16086,0.359048
48,17938,0.167559
48,18900,0.065181
49,16087,0.29121
49,17717,0.062156
49,16158,0.055002
50,16088,0.262095
50,18031,0.079069
50,16854,0.099236
51,16089,0.321329
51,19659,0.071967
52,16090,0.116657
52,18997,0.156871
52,20365,0.121137
52,21851,0.07134
52,20279,0.052686
52,26246,0.059579
53,16091,0.214368
54,16092,0.362605
55,16093,0.238258
56,16094,0.094089
56,18259,0.066279
56,19706,0.050923
57,16095,0.380771
57,16096,0.263999
57,20214,0.103408
58,16097,0.204923
58,17244,0.24177
58,19183,0.065929
59,16098,0.127629
59,17023,0.188607
60,16099,0.124916
60,16261,0.236968
60,18957,0.063444
61,16100,0.318702
61,16101,0.213256
62,16102,0.15208
63,16103,0.070311
64,16102,0.153255
64,16175,0.192891
64,16173,0.16903
65,16104,0.295363
66,16102,0.110928
67,16105,0.154839
67,16947,0.127328
67,16805,0.067189
67,16156,0.07639
68,16106,0.298108
68,17930,0.222317
69,16107,0.200082
69,16269,0.107442
70,16108,0.551442
71,16109,0.116752
71,18830,0.127016
71,19257,0.067706
71,17672,0.078903
72,16110,0.36607
72,19041,0.072429
72,21437,0.055753
72,23665,0.067484
72,21789,0.051764
73,16111,0.357203
73,23639,0.12412
73,28225,0.059948
74,16112,0.136417
74,16113,0.134844
75,16114,0.454557
76,16115,0.10977
76,17080,0.206821
76,16416,0.06131
77,16116,0.108846
78,16117,0.352251
78,20701,0.090504
78,23817,0.082638
79,16118,0.369584
79,16119,0.184676
80,16120,0.288855
81,16121,0.093106
82,16101,0.106755
82,16100,0.149313
83,16122,0.212346
83,17307,0.07625
83,17676,0.078233
84,16123,0.175491
84,27125,0.12883
85,16124,0.149663
86,16125,0.098784
86,19239,0.202167
87,16126,0.132774
87,16258,0.061253
87,16971,0.115874
88,16127,0.219569
88,21062,0.274625
89,16128,0.075517
89,17190,0.09983
90,16129,0.282205
90,16684,0.109347
90,17969,0.131838
91,16130,0.222208
91,17822,0.222475
91,23525,0.061732
92,16131,0.573696
93,16132,0.424712
94,16133,0.074863
94,16138,0.117564
94,18059,0.174518
94,26493,0.08198
95,16135,0.271498
95,16445,0.061268
95,23188,0.067103
95,23273,0.077075
95,23629,0.079069
96,16136,0.23326
96,19862,0.17257
97,16137,0.127357
97,17412,0.096752
97,18777,0.149596
98,16139,0.123729
98,16866,0.065307
98,17707,0.152115
98,16895,0.060009
99,16140,0.079286
100,16141,0.225321
100,17313,0.210698
100,20284,0.053419
101,16142,0.196969
102,16143,0.3691
103,16144,0.240112
104,16145,0.103401
104,17065,0.050032
105,16146,0.352484
105,22535,0.110008
105,25712,0.065043
106,16147,0.39795
106,16234,0.111419
107,16148,0.057769
107,18700,0.066918
107,16320,0.10404
108,16149,0.300767
108,17308,0.066976
109,16150,0.234486
109,18484,0.141347
110,16151,0.092284
110,17554,0.059501
111,16118,0.052391
112,16152,0.325872
113,16153,0.061151
113,16976,0.097412
113,18501,0.090264
113,19925,0.070873
113,23706,0.113354
114,16154,0.469175
114,16193,0.08625
114,16126,0.050042
115,16155,0.346009
116,16156,0.279319
116,16105,0.111963
116,24110,0.079115
116,24746,0.052514
117,16157,0.240458
117,16942,0.086278
117,21831,0.064843
118,16158,0.126736
119,16159,0.104336
120,16091,0.171002
120,20728,0.174893
121,16160,0.19296
122,16161,0.115773
123,16162,0.07068
123,16163,0.338321
123,23418,0.051857
124,16164,0.169499
124,16746,0.065267
124,16320,0.068685
124,19060,0.061918
125,16165,0.369641
126,16166,0.057219
126,20548,0.081225
126,17445,0.073981
126,25301,0.117662
127,16167,0.246992
127,26977,0.056907
127,27304,0.056911
127,29047,0.117974
128,16168,0.372843
128,17131,0.09616
128,17422,0.058909
129,16169,0.063332
129,18088,0.197093
129,20220,0.17568
129,17119,0.051379
130,16170,0.218465
130,16285,0.068829
130,21651,0.054773
131,16171,0.076219
131,16583,0.343596
131,18281,0.064619
131,18325,0.072928
132,16172,0.463082
132,18903,0.059493
132,16069,0.114295
133,16173,0.445044
134,16113,0.312172
134,16112,0.336502
135,16174,0.252592
136,16175,0.432263
137,16176,0.207362
137,18892,0.132604
137,16317,0.071316
138,16177,0.105325
138,20018,0.105635
138,22422,0.097098
139,16178,0.23072
140,16179,0.335263
140,17296,0.156444
140,19322,0.06569
141,16180,0.120442
141,16493,0.392711
142,16160,0.486521
142,16246,0.293717
143,16181,0.31965
143,19791,0.054642
144,16079,0.412209
145,16182,0.103714
146,16052,0.304373
147,16183,0.182494
148,16184,0.057032
148,17225,0.183101
149,16185,0.365101
149,18404,0.105155
150,16185,0.491465
151,16186,0.162968
151,16521,0.10397
151,17356,0.123044
151,18524,0.110562
152,16187,0.101436
152,22697,0.168148
152,23398,0.168873
152,24589,0.074469
153,16188,0.219547
153,17171,0.092102
153,17519,0.136875
154,16189,0.444537
155,16190,0.116703
155,17364,0.084434
155,19100,0.148933
156,16191,0.243943
156,16800,0.077657
156,20556,0.079623
157,16192,0.050502
157,16682,0.32242
157,17975,0.069567
158,16194,0.148401
158,24919,0.169097
158,23432,0.183436
159,16118,0.092565
160,16195,0.576289
161,16196,0.05916
161,16197,0.31823
161,21994,0.071609
162,16197,0.330318
163,16198,0.080013
163,19225,0.095484
163,26208,0.074189
163,22407,0.146733
163,19233,0.060274
164,16199,0.488533
165,16200,0.057445
165,16272,0.134862
165,17590,0.115924
165,17443,0.058879
165,24982,0.053521
166,16201,0.078735
166,16253,0.101581
166,18069,0.176577
166,21996,0.055787
167,16202,0.088871
167,16163,0.15487
167,20261,0.077084
168,16203,0.079566
168,17326,0.161563
168,19105,0.102541
168,18697,0.066322
169,16140,0.139855
169,16999,0.108318
170,16204,0.373284
171,16205,0.140348
172,16206,0.707433
173,16207,0.105538
174,16207,0.112288
175,16068,0.060583
176,16173,0.202262
177,16208,0.399017
178,16209,0.664316
179,16091,0.405691
180,16173,0.225219
180,16091,0.442204
181,16210,0.366081
182,16124,0.094334
183,16052,0.202187
184,16211,0.135522
185,16212,0.173233
185,19550,0.103661
185,19553,0.074887
186,16213,0.312179
186,19598,0.199842
187,16214,0.068169
187,22635,0.410827
188,16175,0.305202
189,16215,0.067969
190,16216,0.643679
191,16217,0.232627
191,16891,0.090165
191,22200,0.064711
191,22353,0.068561
192,16218,0.058405
192,17672,0.102007
192,16109,0.205044
193,16219,0.164903
193,16500,0.0543
193,16947,0.062416
194,16220,0.502374
195,16118,0.254537
195,16559,0.210706
196,16221,0.07844
196,16304,0.11679
196,16666,0.228921
197,16222,0.054809
197,16622,0.334155
197,16623,0.068187
197,17033,0.054771
198,16223,0.36079
198,17005,0.131412
198,16095,0.099893
198,16968,0.193312
199,16224,0.318542
199,17900,0.148742
200,16225,0.150645
200,19170,0.329615
201,16226,0.301945
201,16227,0.065498
201,19467,0.142627
202,16228,0.166049
202,16226,0.155858
202,18901,0.138989
203,16229,0.250817
203,20424,0.158735
204,16230,0.065634
204,16905,0.085016
204,17194,0.319036
204,17836,0.095828
205,16084,0.073694
205,16422,0.231626
206,16231,0.334289
206,20511,0.132278
207,16100,0.066514
207,16053,0.09417
208,16232,0.141689
209,16174,0.338961
209,22631,0.051066
210,16233,0.473214
211,16235,0.660541
212,16236,0.11783
212,16308,0.138307
212,19840,0.108161
213,16237,0.250441
213,17819,0.11805
213,17698,0.12862
214,16238,0.11202
214,16089,0.053584
214,16540,0.125948
214,23261,0.058027
214,16303,0.054603
215,16239,0.271267
215,18062,0.096034
215,18295,0.090034
216,16240,0.111583
216,19292,0.163759
217,16241,0.53192
218,16242,0.231833
218,16892,0.162862
218,22606,0.102585
219,16243,0.148539
219,20170,0.147233
219,21959,0.070497
220,16244,0.099959
220,16217,0.100739
220,17609,0.052131
220,18717,0.150321
221,16245,0.206805
221,18606,0.183348
222,16207,0.191496
223,16246,0.655067
224,16247,0.40889
225,16248,0.117549
225,17592,0.236447
226,16249,0.211998
226,25849,0.112879
226,26154,0.114625
227,16250,0.13216
227,22102,0.070908
227,28942,0.055941
228,16251,0.740749
229,16252,0.087653
229,17347,0.255572
229,20556,0.115309
229,16951,0.056462
230,16253,0.056564
230,17575,0.110677
230,17576,0.060691
230,17475,0.054862
231,16254,0.134724
231,17455,0.1355
231,17977,0.084181
231,18752,0.055744
231,20755,0.059306
232,16255,0.33628
232,18603,0.175208
233,16256,0.492991
234,16257,0.082714
234,16996,0.09525
234,18554,0.058849
234,18750,0.080851
234,22012,0.051747
235,16258,0.142733
235,18361,0.05009
235,18578,0.150588
236,16259,0.167693
236,16297,0.209848
236,16630,0.251036
236,24409,0.072311
236,16820,0.064031
237,16260,0.068066
237,16346,0.092941
237,17384,0.111443
238,16262,0.494452
238,18808,0.071363
239,16052,0.118206
240,16263,0.401315
240,25698,0.081013
240,25752,0.124455
241,16264,0.173925
241,17928,0.147959
241,19000,0.172698
242,16265,0.212524
242,17566,0.060143
242,18734,0.088023
243,16266,0.424461
243,18093,0.061604
244,16267,0.084921
244,18095,0.061226
244,19884,0.089304
244,23811,0.066628
245,16268,0.254911
245,16538,0.072809
245,18117,0.073002
246,16269,0.058741
246,16408,0.131874
246,17209,0.087329
247,16270,0.432697
248,16160,0.420676
249,16131,0.628898
250,16271,0.190672
250,19887,0.076986
250,27080,0.086004
251,16272,0.07734
251,28219,0.077267
252,16162,0.05061
252,16384,0.152902
252,18127,0.063595
253,16273,0.066513
253,16784,0.072089
253,16319,0.07734
253,16537,0.05163
254,16274,0.377547
255,16275,0.389684
256,16276,0.255102
256,16068,0.057392
257,16100,0.517282
257,16101,0.085346
258,16277,0.264718
259,16278,0.260488
260,16279,0.129392
260,16100,0.153696
261,16280,0.823838
262,16281,0.053901
262,17710,0.246474
262,22755,0.06499
262,17490,0.054826
263,16282,0.083411
263,16856,0.130425
263,17418,0.063824
263,17578,0.067905
264,16283,0.177918
264,20255,0.274636
265,16284,0.284948
265,18539,0.096544
265,18643,0.05623
265,24614,0.083388
266,16285,0.279534
266,17463,0.219945
267,16286,0.102576
267,17172,0.171019
268,16287,0.054838
268,18243,0.149566
268,18920,0.087711
268,20847,0.060732
269,16288,0.245986
269,16289,0.079775
270,16093,0.154486
271,16290,0.087917
271,16160,0.379407
272,16092,0.343159
273,16291,0.127073
273,16542,0.082229
273,16814,0.264731
274,16292,0.054781
274,17240,0.335669
274,19606,0.086564
275,16293,0.228644
275,16320,0.110916
275,16321,0.137121
275,16592,0.064214
276,16178,0.176437
276,16140,0.070303
276,19374,0.056622
276,20425,0.075225
277,16294,0.41686
277,23772,0.053341
277,20249,0.065304
278,16140,0.334295
278,17012,0.055807
278,17963,0.050875
279,16270,0.24573
279,16649,0.09275
280,16295,0.15238
280,19739,0.187751
280,18463,0.076144
281,16296,0.165883
282,16297,0.353943
282,16298,0.068982
282,17751,0.109697
283,16299,0.401287
283,23760,0.074228
283,24530,0.077143
284,16300,0.276123
284,17688,0.119272
284,19441,0.058754
285,16301,0.1202
285,16087,0.065236
286,16302,0.173724
286,16542,0.44425
286,20149,0.079511
287,16303,0.079275
287,16728,0.104949
287,16737,0.067216
287,17448,0.121482
287,19208,0.053957
288,16305,0.368876
288,16306,0.189953
288,17695,0.169311
289,16307,0.115208
289,17576,0.343039
290,16308,0.195922
290,16358,0.079205
290,16392,0.051542
291,16309,0.090107
291,16638,0.056444
291,17702,0.139411
292,16310,0.208357
292,16732,0.097887
292,18679,0.110575
293,16311,0.322504
293,16958,0.243088
294,16312,0.260652
294,18179,0.053197
294,27918,0.19097
295,16313,0.126128
295,20355,0.05557
295,20899,0.071672
296,16314,0.287443
297,16315,0.361273
298,16305,0.500196
298,17449,0.065332
299,16316,0.421354
299,17247,0.094574
300,16317,0.055327
300,16176,0.306181
301,16318,0.129864
301,16526,0.212212
301,16479,0.084597
302,16306,0.209195
302,16798,0.066524
302,16319,0.060111
302,17695,0.073993
303,16319,0.159607
304,16320,0.060184
304,16321,0.205134
304,21659,0.085861
305,16322,0.236693
305,17743,0.128844
305,16540,0.081328
306,16323,0.306496
307,16324,0.61112
308,16325,0.300953
308,16803,0.266751
309,16326,0.521266
310,16327,0.128426
310,20173,0.096705
310,21712,0.07635
310,18182,0.050007
310,24296,0.053425
311,16328,0.342621
311,19570,0.131843
312,16329,0.050621
312,16982,0.297105
312,17813,0.053642
313,16330,0.481156
313,17487,0.06665
314,16331,0.248829
314,16470,0.299836
315,16332,0.133046
316,16185,0.370805
317,16333,0.052409
317,18312,0.179227
318,16334,0.438763
318,16981,0.056289
318,22189,0.060901
318,25090,0.051774
319,16335,0.102145
319,23895,0.263482
319,27167,0.182726
320,16336,0.172505
320,16368,0.076277
320,19584,0.064288
321,16337,0.073754
321,19324,0.157299
321,20072,0.065647
321,20138,0.07256
322,16338,0.159869
322,22825,0.114651
323,16339,0.295286
324,16340,0.407088
325,16341,0.284985
326,16342,0.3999
327,16343,0.609509
328,16344,0.060623
329,16345,0.403014
329,18913,0.152776
330,16347,0.083698
330,27573,0.075062
331,16182,0.418153
332,16348,0.15259
332,19565,0.209878
332,19762,0.078286
333,16349,0.065162
333,17252,0.147454
333,17742,0.05072
333,20942,0.058322
334,16350,0.209431
334,18370,0.341178
335,16351,0.520574
335,25341,0.091613
336,16352,0.303607
337,16353,0.066102
338,16354,0.37857
339,16355,0.237911
340,16356,0.649309
341,16357,0.492021
342,16124,0.126945
342,16339,0.076634
343,16359,0.577691
344,16360,0.068441
344,17580,0.079168
344,19469,0.118092
345,16361,0.058652
345,17221,0.055254
345,18032,0.106618
345,17636,0.145328
346,16363,0.441054
346,23990,0.067385
346,27491,0.075817
347,16364,0.106595
347,23083,0.067973
347,26355,0.261046
348,16365,0.086955
348,24694,0.071616
348,21674,0.07327
348,25858,0.090499
349,16366,0.191827
349,16394,0.071044
349,22205,0.055251
350,16367,0.484041
350,17070,0.118506
351,16369,0.068916
351,19079,0.115369
352,16370,0.198458
352,19654,0.12819
352,20501,0.069687
352,24397,0.055259
353,16371,0.541852
353,16083,0.154138
354,16372,0.059272
354,17559,0.151479
354,18023,0.138159
355,16373,0.054788
355,17326,0.084455
355,17921,0.179389
355,16848,0.080408
356,16374,0.246274
356,17857,0.312947
357,16375,0.086601
357,25437,0.072622
357,26499,0.105276
357,28073,0.056734
358,16376,0.150998
358,17969,0.189577
358,16129,0.174103
359,16377,0.379827
360,16378,0.157912
360,24258,0.420547
361,16379,0.083446
361,17607,0.101485
361,18825,0.229005
362,16380,0.154233
362,16590,0.06602
362,16965,0.053746
362,17073,0.301845
363,16381,0.477287
363,17237,0.118653
363,16206,0.07766
363,21028,0.052185
364,16382,0.442321
365,16383,0.142406
365,17069,0.091995
365,18560,0.069768
365,19107,0.056912
366,16333,0.306202
366,23370,0.152323
366,24447,0.068473
366,16384,0.054193
367,16385,0.600617
368,16253,0.052761
368,18077,0.203311
369,16386,0.309409
369,23728,0.069097
370,16387,0.21798
371,16223,0.345425
371,17865,0.123062
372,16388,0.215118
372,16523,0.08711
372,16866,0.20029
373,16389,0.129864
373,16396,0.102631
373,18455,0.16919
374,16390,0.230305
375,16391,0.058457
375,16683,0.052211
375,16376,0.220033
375,17642,0.077064
376,16392,0.145459
376,16705,0.272308
377,16393,0.370742
377,18143,0.236719
378,16395,0.147857
378,26339,0.418226
379,16397,0.066391
379,20059,0.444967
379,22136,0.058645
379,22367,0.064269
380,16398,0.473443
380,16532,0.081442
381,16399,0.408354
381,18224,0.135832
382,16400,0.208089
382,17962,0.069943
382,21344,0.208068
383,16401,0.13939
383,23899,0.05699
383,25163,0.072104
383,27092,0.075429
384,16384,0.117108
384,18409,0.102153
385,16402,0.123461
385,17110,0.091284
385,16701,0.069816
385,17514,0.094519
386,16403,0.159551
386,17188,0.051565
386,17509,0.162349
386,19016,0.092421
386,23219,0.062227
387,16404,0.546452
388,16405,0.055157
388,16406,0.080126
388,19481,0.179629
388,22429,0.051246
388,23806,0.051242
388,24490,0.065763
388,24664,0.051248
389,16407,0.154786
389,17730,0.160642
390,16246,0.352237
390,16079,0.291277
391,16409,0.363063
392,16279,0.181099
393,16410,0.097417
394,16411,0.119871
395,16412,0.224826
396,16413,0.151554
396,16414,0.184401
397,16415,0.335323
398,16416,0.244114
398,19910,0.104392
399,16417,0.318727
400,16418,0.289541
400,16837,0.108265
400,17883,0.054836
401,16419,0.266586
401,22948,0.287251
402,16420,0.244666
402,18992,0.131596
402,24674,0.058594
402,25627,0.051788
403,16421,0.398878
403,24386,0.084411
403,26023,0.087438
404,16422,0.291992
404,17433,0.137625
405,16423,0.256012
405,17738,0.104199
406,16424,0.131233
406,16725,0.134371
406,18765,0.052274
407,16425,0.067077
407,17640,0.061365
407,18043,0.11033
408,16426,0.112759
408,19230,0.330916
408,22717,0.135316
409,16427,0.233088
409,17812,0.138574
409,20576,0.051893
409,20866,0.055609
410,16428,0.252622
410,16801,0.083229
410,21200,0.050516
411,16429,0.348931
411,26954,0.11736
412,16430,0.122229
412,17608,0.053885
412,20871,0.060799
413,16431,0.404206
414,16432,0.418047
414,20122,0.17631
415,16433,0.129707
415,16471,0.355113
415,16673,0.09879
416,16434,0.212505
416,23974,0.194687
416,26990,0.065202
417,16435,0.306518
417,21133,0.19995
417,16447,0.066975
418,16436,0.190293
418,16606,0.239177
419,16437,0.46387
420,16438,0.259131
420,18434,0.125368
421,16439,0.064058
421,18087,0.060347
421,19827,0.236478
422,16440,0.394673
423,16441,0.088468
423,16686,0.122288
423,19162,0.329585
423,19395,0.101521
424,16442,0.09093
425,16443,0.105592
425,20684,0.171178
425,23353,0.20097
426,16444,0.61915
427,16352,0.192167
427,17219,0.085217
427,19164,0.051386
427,17565,0.070264
428,16446,0.430587
428,21513,0.076026
429,16447,0.070421
429,17190,0.165291
429,16128,0.08321
430,16448,0.319467
430,16458,0.173143
430,17796,0.092164
431,16449,0.063659
431,16450,0.073948
431,16932,0.132449
431,21073,0.073219
431,24059,0.062827
432,16451,0.392635
432,16452,0.332545
433,16453,0.461867
433,21656,0.060763
433,22945,0.074116
434,16454,0.111049
434,16667,0.095813
434,18779,0.107191
434,19612,0.064741
435,16455,0.056201
435,18649,0.108347
435,19448,0.118968
435,21861,0.050099
436,16453,0.318676
436,16957,0.240119
437,16456,0.310889
437,16437,0.134337
438,16457,0.398803
438,20889,0.119981
439,16459,0.515674
439,16168,0.112723
440,16460,0.190909
440,16626,0.205414
440,18340,0.122784
441,16461,0.107305
441,17218,0.059734
441,19029,0.051968
441,19966,0.063998
442,16462,0.061141
442,16463,0.193198
442,17859,0.065781
442,18438,0.067169
443,16463,0.282316
443,23764,0.050093
444,16464,0.098535
445,16465,0.361899
445,19846,0.171741
446,16162,0.091819
446,17091,0.064459
447,16466,0.053457
447,17919,0.282677
447,22531,0.076203
448,16467,0.397679
449,16468,0.661285
450,16469,0.234242
450,22487,0.114599
450,25002,0.19177
451,16472,0.304477
451,24515,0.093297
452,16473,0.250289
452,18290,0.094622
452,22878,0.063586
453,16474,0.107967
453,16475,0.277793
453,23162,0.087086
453,27010,0.123619
454,16324,0.461136
455,16476,0.051082
455,17482,0.182694
455,17651,0.137771
455,18034,0.056269
455,17754,0.142305
456,16477,0.069776
456,18827,0.069212
457,16478,0.380019
458,16479,0.347122
458,18043,0.103374
459,16480,0.059882
459,17711,0.050042
459,16261,0.223282
459,18957,0.099544
459,16099,0.053032
459,29101,0.053286
460,16481,0.27741
460,19025,0.067634
460,19426,0.055632
461,16319,0.244779
462,16482,0.088835
462,16884,0.059275
462,18479,0.072546
462,18041,0.06284
462,23207,0.06055
463,16052,0.051363
464,16132,0.168795
465,16484,0.38137
466,16485,0.079263
466,17111,0.265962
466,21181,0.070198
467,16486,0.127695
467,20104,0.227294
468,16487,0.28974
468,21118,0.157661
468,21925,0.09514
469,16407,0.066906
469,18896,0.113702
469,17730,0.164899
470,16488,0.351572
470,17333,0.129779
470,17864,0.080221
471,16489,0.177444
471,17586,0.080605
471,18013,0.129441
471,18071,0.082849
472,16490,0.149904
472,18866,0.084872
473,16132,0.361494
474,16409,0.220943
474,16491,0.052626
474,16119,0.123449
474,17757,0.07443
475,16492,0.521973
475,19411,0.091369
475,19703,0.087249
476,16494,0.091123
476,16495,0.050499
476,16643,0.259926
476,16579,0.096762
477,16496,0.211375
477,16593,0.355724
477,19586,0.057166
478,16497,0.389038
478,21963,0.055298
479,16279,0.288422
480,16498,0.496098
480,19558,0.092787
481,16499,0.087312
481,17746,0.294099
481,20260,0.076261
482,16501,0.207688
482,21834,0.062668
482,16968,0.063587
483,16502,0.545058
484,16503,0.059072
484,24288,0.067101
485,16504,0.141529
485,21750,0.063264
485,23196,0.080248
486,16505,0.112343
486,16680,0.097226
487,16506,0.070921
487,17937,0.090203
487,17016,0.077472
488,16507,0.316979
488,18321,0.069614
488,18416,0.052487
489,16175,0.330757
489,16173,0.334961
490,16508,0.269184
490,16888,0.299473
491,16509,0.140082
491,20038,0.122919
491,19647,0.072676
491,23883,0.074282
492,16510,0.224289
492,19005,0.062073
492,21472,0.24472
493,16511,0.249969
493,22780,0.118868
494,16512,0.135203
494,16565,0.097675
495,16513,0.056751
495,16719,0.230485
495,18678,0.135319
495,16468,0.070213
495,16331,0.079623
496,16514,0.422863
497,16208,0.344297
498,16515,0.06796
498,20004,0.084054
498,21997,0.059942
499,16516,0.053849
499,16518,0.061345
499,17758,0.133812
499,17782,0.07284
500,16517,0.319036
500,17709,0.256815
501,16519,0.249911
501,18628,0.162519
502,16520,0.223669
502,16530,0.138206
503,16521,0.197486
503,17903,0.050466
503,16096,0.138506
503,18524,0.083913
504,16522,0.176767
504,17026,0.116478
505,16524,0.199654
505,16468,0.261158
505,19338,0.203822
506,16525,0.151834
506,19172,0.117758
506,20146,0.052274
506,20717,0.173158
507,16527,0.375115
507,17549,0.058337
507,18100,0.066941
508,16528,0.199058
508,16600,0.06007
508,17407,0.08867
509,16529,0.374568
509,17438,0.212837
510,16531,0.053024
510,18175,0.087131
510,21160,0.277771
511,16533,0.31888
511,17373,0.094463
512,16507,0.312829
513,16534,0.583232
514,16535,0.198184
514,18101,0.077955
515,16536,0.130998
515,18525,0.059105
515,19085,0.074816
515,19583,0.209147
516,16537,0.07846
516,16273,0.281839
517,16428,0.164033
517,20543,0.214596
517,22010,0.0587
518,16539,0.177368
519,16540,0.126239
519,20208,0.067273
520,16541,0.199632
520,18138,0.09763
521,16542,0.539921
521,16302,0.143169
522,16543,0.605254
523,16544,0.090381
523,17451,0.289694
523,16098,0.074539
524,16545,0.237792
525,16266,0.310746
525,17820,0.169361
525,19128,0.059094
525,22779,0.082356
526,16546,0.313386
527,16274,0.478433
528,16207,0.376673
529,16547,0.402944
530,16279,0.345339
531,16548,0.092121
531,16087,0.06602
531,16408,0.204026
531,17209,0.160876
532,16322,0.060044
532,16822,0.065968
532,18482,0.085709
532,24383,0.054552
533,16068,0.143692
534,16339,0.203429
535,16549,0.145324
535,16103,0.073207
536,16159,0.562422
537,16550,0.47798
538,16118,0.050252
538,16102,0.066106
539,16545,0.1732
540,16551,0.38436
540,16438,0.135829
540,17264,0.073888
541,16552,0.146028
541,19968,0.082407
541,25780,0.259624
542,16553,0.06021
542,17124,0.202937
542,18092,0.080627
543,16554,0.402639
543,17953,0.050118
544,16555,0.091034
544,16226,0.289124
544,18772,0.070161
545,16339,0.293417
546,16118,0.393861
547,16484,0.568582
548,16103,0.108711
549,16556,0.056382
549,17390,0.080765
549,18192,0.106831
550,16557,0.477552
551,16101,0.094413
552,16119,0.12254
553,16558,0.178766
554,16119,0.187544
555,16412,0.321786
556,16409,0.071236
557,16559,0.247365
558,16549,0.226425
558,16560,0.262446
558,16559,0.096438
559,16561,0.317179
560,16562,0.13915
560,19194,0.063146
561,16113,0.221087
562,16207,0.393759
563,16563,0.060701
563,18335,0.225743
563,18591,0.074863
564,16398,0.367747
564,16532,0.063313
564,19532,0.085303
565,16564,0.555625
566,16319,0.158114
566,17247,0.073079
566,17929,0.061268
567,16565,0.635663
568,16566,0.185233
568,18982,0.096939
568,28790,0.145627
569,16567,0.423827
569,20307,0.054945
570,16568,0.260746
570,17616,0.101176
571,16569,0.316773
571,17752,0.190034
572,16570,0.096227
572,17375,0.073158
572,17545,0.214041
572,18453,0.075215
573,16571,0.075827
573,17904,0.218568
573,19291,0.05783
573,23060,0.121848
574,16215,0.109556
575,16572,0.434566
576,16573,0.124048
576,16417,0.208839
577,16574,0.138952
577,19955,0.071616
577,24198,0.070074
577,19372,0.084419
578,16575,0.087795
578,16831,0.290823
579,16546,0.379747
579,16068,0.114485
579,20802,0.060448
580,16576,0.06467
580,17317,0.057368
580,18204,0.141716
580,18777,0.090973
580,16137,0.050102
580,20693,0.059802
581,16577,0.235085
581,16933,0.104685
581,17320,0.068183
581,18441,0.079343
582,16578,0.148677
582,17388,0.119845
582,17617,0.075913
582,17938,0.055231
582,20285,0.052976
583,16579,0.149058
583,16785,0.368339
583,17014,0.059519
584,16580,0.366228
584,16943,0.164407
585,16581,0.057773
585,16659,0.137524
585,17006,0.159518
585,20606,0.056206
586,16582,0.366411
586,22461,0.064258
586,24232,0.061053
586,24375,0.055518
587,16584,0.087111
587,20063,0.099504
587,20940,0.301248
587,16238,0.072599
588,16585,0.223483
588,24287,0.126884
588,28948,0.056107
588,29268,0.086192
589,16586,0.168947
589,17010,0.10964
589,17827,0.068716
589,20007,0.062311
589,17924,0.054539
590,16587,0.294543
590,17767,0.312785
591,16245,0.223222
591,18793,0.053944
592,16588,0.2507
592,18078,0.110075
593,16589,0.276723
593,25195,0.154689
593,27016,0.154689
594,16494,0.496755
595,16591,0.305273
595,16967,0.110728
595,20291,0.058079
595,16976,0.084598
596,16592,0.085836
596,16293,0.215389
596,19338,0.08084
597,16594,0.133629
597,17896,0.163141
598,16595,0.078094
598,17898,0.128947
598,17384,0.051883
598,16073,0.092126
598,23532,0.071835
599,16596,0.410689
600,16597,0.18373
600,16968,0.140571
600,17005,0.1509
601,16598,0.111455
601,17866,0.070634
601,16501,0.135533
602,16599,0.134107
602,18567,0.089542
602,18635,0.167167
603,16601,0.288766
604,16602,0.151612
604,19113,0.106846
604,18221,0.137537
604,27055,0.108373
605,16603,0.111794
605,17597,0.109632
605,18537,0.116591
605,21030,0.067801
606,16604,0.087649
606,17770,0.162866
606,16644,0.170401
606,18011,0.057958
607,16605,0.058428
607,16609,0.367122
607,17096,0.091796
607,17128,0.073287
608,16607,0.467997
609,16608,0.518277
610,16610,0.324192
610,20584,0.101193
610,22230,0.056167
611,16611,0.273583
611,16379,0.272197
612,16612,0.274021
613,16145,0.436404
613,18888,0.055219
614,16613,0.090469
614,19390,0.127935
614,19792,0.050811
615,16614,0.327244
615,16615,0.08867
615,18451,0.119726
615,26069,0.057359
615,26247,0.067852
616,16616,0.348579
616,19046,0.067026
616,28729,0.081815
617,16617,0.290963
617,18354,0.099162
617,20661,0.063743
617,21837,0.070941
618,16618,0.050453
618,20593,0.374662
618,16637,0.053544
619,16619,0.171737
620,16620,0.226772
620,28595,0.07597
621,16068,0.337497
622,16124,0.159059
622,16339,0.090985
623,16414,0.387655
623,16182,0.078494
623,16246,0.050639
624,16118,0.163389
625,16114,0.404
626,16621,0.399533
626,18719,0.05604
627,16624,0.307555
627,16625,0.085747
628,16627,0.433648
629,16628,0.099341
629,20713,0.349738
630,16629,0.08719
630,19163,0.138149
630,19556,0.423724
631,16630,0.375067
631,16694,0.073725
631,21679,0.062651
632,16631,0.074544
632,18902,0.090116
632,24322,0.066975
633,16632,0.144388
633,16058,0.104084
633,17967,0.058178
633,18698,0.154255
634,16633,0.363695
634,20783,0.138789
635,16634,0.137551
635,17699,0.195648
635,22694,0.124378
635,23595,0.072556
636,16635,0.128313
636,19530,0.232829
636,21989,0.069308
636,17013,0.102103
637,16636,0.397161
637,16637,0.064539
637,21013,0.113645
638,16639,0.36497
638,20024,0.181947
638,27497,0.058709
639,16640,0.185721
639,17945,0.193594
639,18990,0.087454
640,16565,0.056031
640,16989,0.174638
640,16072,0.138594
640,20031,0.050991
641,16641,0.113228
641,17810,0.112152
641,17434,0.117217
641,17806,0.088218
642,16642,0.686835
643,16644,0.111105
643,16941,0.064302
643,17770,0.083495
644,16645,0.364011
644,18914,0.083684
644,21797,0.058741
645,16646,0.106675
645,16055,0.097138
645,17021,0.072547
645,16245,0.066069
645,16786,0.100208
646,16647,0.118282
646,17054,0.1048
646,16515,0.065768
646,21009,0.060632
647,16648,0.113632
647,18231,0.433143
648,16101,0.292445
649,16649,0.098582
649,16100,0.165724
650,16545,0.263443
650,16175,0.276814
651,16650,0.298209
652,16339,0.123633
653,16174,0.416336
653,17655,0.054443
654,16279,0.294281
655,16651,0.587613
656,16652,0.432197
656,19613,0.061395
657,16653,0.083984
657,18058,0.172503
657,22936,0.085175
658,16654,0.331907
658,18768,0.060579
658,19063,0.054986
658,19765,0.077633
659,16655,0.074773
659,17766,0.081287
659,19385,0.164478
659,19035,0.263543
659,16493,0.080791
660,16656,0.208353
660,17394,0.168729
661,16657,0.085541
661,16658,0.278608
661,18157,0.054575
661,17804,0.076449
662,16202,0.411579
662,17082,0.088417
662,16212,0.240665
663,16660,0.052208
663,17639,0.139949
664,16661,0.392512
664,18028,0.06109
665,16662,0.072278
665,17856,0.15498
665,20706,0.061244
665,23893,0.064447
666,16663,0.106456
666,21123,0.14839
666,23493,0.148409
666,23981,0.232515
667,16664,0.338544
667,20377,0.05511
668,16665,0.267785
668,19193,0.093374
669,16666,0.05654
669,21057,0.06395
670,16668,0.177042
670,20342,0.061334
670,16878,0.087102
671,16669,0.295526
671,18876,0.245544
672,16670,0.372828
672,16894,0.057424
672,16969,0.108333
672,17748,0.074063
673,16671,0.122559
673,20911,0.206041
673,22091,0.072899
674,16672,0.341694
675,16674,0.376789
675,18452,0.073772
675,21974,0.077512
676,16675,0.053596
676,16676,0.149787
676,17939,0.05756
676,24241,0.065496
677,16677,0.093052
677,16898,0.080134
677,25460,0.071306
678,16678,0.09061
678,17901,0.063865
678,16844,0.143405
678,18491,0.053555
678,18688,0.073115
679,16174,0.23763
680,16118,0.220006
681,16679,0.301589
682,16680,0.098692
682,16505,0.074358
683,16681,0.054441
683,17017,0.07925
683,17468,0.179645
684,16640,0.203423
684,21405,0.077546
684,21490,0.119067
685,16685,0.158418
685,16787,0.227401
685,19998,0.078289
685,21064,0.09135
686,16686,0.180279
686,16687,0.070717
686,23745,0.08435
686,25193,0.148954
687,16687,0.577291
688,16688,0.511007
689,16689,0.231853
689,22672,0.193086
690,16690,0.105556
690,24554,0.185545
690,25193,0.189414
690,16687,0.077451
691,16142,0.531917
692,16691,0.192885
693,16630,0.390558
693,16694,0.127903
694,16692,0.301942
694,17414,0.13653
695,16390,0.400045
695,18695,0.054238
695,20231,0.067461
696,16693,0.05931
696,16297,0.223904
696,16569,0.275444
696,26617,0.059271
696,28018,0.051639
697,16412,0.27311
697,17242,0.05058
698,16695,0.194779
699,16696,0.241729
699,19729,0.164051
699,22835,0.101098
700,16697,0.086251
700,17198,0.114276
700,18853,0.087438
700,19445,0.06702
701,16698,0.398451
702,16699,0.092732
702,16710,0.088563
702,19002,0.156022
703,16700,0.198549
703,16440,0.085934
703,22785,0.078209
704,16701,0.175228
704,17110,0.352318
704,16402,0.052624
705,16702,0.444511
705,21493,0.11924
706,16703,0.312113
706,24300,0.174472
707,16322,0.081942
707,18395,0.201066
708,16704,0.602091
709,16706,0.36114
709,17805,0.125386
710,16707,0.092509
710,18931,0.294049
710,19508,0.092425
711,16273,0.200452
711,18516,0.131185
711,20775,0.089441
711,22256,0.06071
712,16708,0.13395
712,18353,0.103857
712,19182,0.100895
713,16709,0.490746
714,16711,0.103796
715,16093,0.367402
716,16712,0.066361
717,16713,0.19611
717,18052,0.163834
717,17863,0.086977
717,21583,0.062524
718,16714,0.160239
718,18304,0.085748
718,16597,0.057903
718,20378,0.108023
719,16715,0.06992
719,16864,0.050568
719,17613,0.25881
719,17788,0.167418
720,16716,0.119279
720,19576,0.229351
720,21915,0.070549
720,25148,0.071473
721,16716,0.090281
721,16501,0.077114
721,19576,0.155659
722,16717,0.218007
722,16968,0.100345
722,18246,0.169548
722,17231,0.074965
723,16718,0.488524
723,16528,0.148433
723,16600,0.082455
723,26964,0.058351
724,16117,0.421136
725,16720,0.207627
725,16483,0.053807
725,21018,0.064732
725,16839,0.082011
726,16721,0.35875
727,16722,0.282191
728,16723,0.384566
728,16849,0.087659
728,17405,0.050906
729,16724,0.469181
729,17902,0.108464
729,16453,0.075027
730,16726,0.306613
730,16727,0.073342
730,17911,0.064275
731,16729,0.158237
731,27913,0.120196
732,16730,0.078839
732,22917,0.078839
732,24992,0.435969
733,16731,0.191705
734,16197,0.157371
734,17170,0.050388
735,16104,0.291073
736,16052,0.057466
737,16733,0.297578
737,28188,0.335085
738,16734,0.203175
738,22295,0.071617
739,16735,0.109243
739,17315,0.35491
739,18965,0.096377
739,25094,0.053548
740,16736,0.492077
740,28177,0.068742
741,16738,0.622153
742,16739,0.243096
742,18586,0.196499
742,20382,0.07776
743,16740,0.10987
743,18704,0.144828
743,21936,0.090032
743,25672,0.092336
744,16741,0.050421
744,19837,0.07912
744,19877,0.054392
744,20631,0.070288
745,16742,0.221569
746,16743,0.087116
746,19980,0.156641
746,23967,0.272764
747,16744,0.078132
747,16806,0.135856
747,18601,0.200206
748,16745,0.065586
748,21662,0.067657
748,25736,0.058671
748,25744,0.086034
749,16747,0.426155
749,22259,0.061024
749,22260,0.094234
749,25257,0.090713
750,16748,0.170701
750,20904,0.128338
750,19921,0.091938
751,16749,0.186529
751,18820,0.146128
751,19974,0.062237
751,21771,0.070883
752,16750,0.114621
752,16255,0.06734
752,18603,0.093961
752,18261,0.115356
753,16751,0.050455
753,18229,0.210839
753,19083,0.105616
753,17778,0.060481
753,22787,0.060636
754,16752,0.409551
755,16723,0.052861
755,16150,0.086627
755,17888,0.122745
755,18511,0.164789
756,16438,0.102414
756,18799,0.136961
757,16113,0.40361
757,16112,0.423298
758,16159,0.221986
758,17473,0.054894
759,16423,0.099658
759,16301,0.262945
760,16753,0.308569
760,22674,0.188364
761,16754,0.152986
761,19788,0.18517
761,23997,0.078153
762,16753,0.318864
762,28404,0.196947
763,16755,0.190592
763,18148,0.13632
764,16175,0.348753
765,16756,0.094316
765,16113,0.115647
766,16757,0.297688
766,21617,0.141906
767,16758,0.1742
768,16759,0.078417
768,16414,0.085521
769,16760,0.148902
769,16228,0.103715
770,16114,0.240826
771,16761,0.214877
771,18502,0.057275
771,21555,0.133961
771,23252,0.056289
771,23433,0.062365
772,16149,0.630607
773,16762,0.527936
774,16763,0.060259
774,17436,0.113989
774,19408,0.263269
774,22165,0.056841
775,16162,0.113976
775,17371,0.084948
775,17640,0.063916
776,16113,0.168231
777,16764,0.546111
778,16765,0.218874
778,17118,0.093734
778,16820,0.276789
779,16766,0.244953
779,17964,0.319781
780,16767,0.241905
780,17635,0.236719
780,22973,0.072973
781,16768,0.150035
781,18173,0.071149
782,16410,0.231782
782,17626,0.312753
783,16769,0.073247
783,18468,0.073152
783,19093,0.205432
783,20337,0.059706
783,17905,0.109301
784,16770,0.437911
784,17512,0.098719
784,19752,0.068175
785,16771,0.119692
785,17963,0.066793
785,16140,0.075436
785,26299,0.069452
785,24097,0.064941
786,16772,0.136738
786,20101,0.117926
786,20390,0.080235
786,16713,0.05279
787,16773,0.274246
787,17143,0.139368
787,17365,0.074096
788,16579,0.152911
788,16785,0.056043
789,16774,0.119278
789,20278,0.271056
790,16775,0.128063
790,20742,0.208147
791,16777,0.162641
791,17564,0.0992
791,18152,0.118111
792,16305,0.131068
792,16477,0.159182
793,16778,0.107406
793,18482,0.221614
793,20394,0.050552
793,20716,0.082675
794,16779,0.440065
794,22893,0.107324
795,16780,0.121119
795,19402,0.056211
795,21673,0.087614
795,21848,0.053284
795,24211,0.05599
796,16273,0.179525
796,16733,0.091286
797,16781,0.050221
797,22033,0.064388
797,22183,0.116454
797,24611,0.221153
798,16782,0.360902
798,20078,0.055093
799,16783,0.311396
799,24988,0.097018
800,16784,0.229487
800,18413,0.275706
801,16786,0.101111
801,17740,0.093632
802,16787,0.130208
802,16685,0.249202
803,16788,0.353844
803,18045,0.275582
804,16789,0.337946
804,16795,0.082726
804,17563,0.064492
805,16790,0.575223
806,16791,0.135226
806,16748,0.224963
806,16371,0.109683
807,16792,0.092477
807,17511,0.079586
807,18749,0.273012
808,16793,0.246738
808,16431,0.176525
808,16878,0.239572
809,16794,0.463108
810,16796,0.3366
810,23655,0.346955
811,16797,0.280916
811,20213,0.08911
811,21530,0.050536
812,16140,0.438822
813,16173,0.095921
814,16131,0.63244
815,16428,0.334085
815,20543,0.065626
816,16799,0.144852
816,16155,0.410563
817,16801,0.515508
818,16802,0.083923
818,18369,0.098967
818,18770,0.05599
818,18978,0.181594
819,16804,0.100741
819,16808,0.256722
819,24590,0.085447
820,16805,0.107005
820,16507,0.285361
820,16305,0.26161
821,16806,0.074676
821,16810,0.05031
821,17399,0.133724
821,17885,0.107707
822,16807,0.059386
822,16684,0.179188
822,17651,0.08266
822,16235,0.057529
823,16809,0.374791
823,16884,0.054689
824,16656,0.471164
824,17298,0.074986
824,21093,0.070871
825,16811,0.183152
825,20274,0.338199
826,16812,0.221188
826,19147,0.103604
826,19080,0.055036
827,16813,0.190301
827,16814,0.209634
828,16815,0.37248
828,16430,0.238382
829,16816,0.220842
830,16817,0.275797
830,18616,0.149031
831,16818,0.156287
831,17971,0.132929
831,28751,0.060948
832,16819,0.590585
833,16820,0.067313
833,18417,0.414004
834,16821,0.223651
834,17983,0.131641
834,16892,0.088066
835,16823,0.122212
835,22666,0.053864
835,17518,0.152679
836,16824,0.131793
836,19313,0.102055
836,20270,0.12223
836,21114,0.064476
837,16825,0.269596
837,23463,0.071585
837,24544,0.228207
838,16826,0.413359
839,16827,0.294496
839,18191,0.059308
839,26934,0.070321
840,16828,0.071029
840,16829,0.148371
840,16095,0.318619
840,19631,0.054685
840,21730,0.076275
841,16830,0.338592
842,16279,0.331363
843,16756,0.400281
844,16100,0.228802
844,16104,0.077996
845,16339,0.302713
846,16558,0.355248
847,16210,0.153072
848,16832,0.167019
848,19616,0.157376
848,21995,0.059124
849,16709,0.298156
849,19778,0.090873
849,22138,0.12259
850,16833,0.056147
850,16990,0.097687
850,17760,0.068539
850,17144,0.056168
851,16473,0.098576
851,16834,0.068525
851,20490,0.169818
851,16951,0.237148
851,23122,0.056492
851,27209,0.05679
852,16835,0.203559
852,19034,0.070016
853,16279,0.118353
853,16112,0.12484
853,16113,0.121781
854,16836,0.19613
854,17124,0.07443
854,18407,0.124838
855,16838,0.09391
855,20895,0.05901
855,20916,0.095536
856,16839,0.092209
856,17489,0.065554
856,16720,0.271002
857,16840,0.215255
857,17775,0.18047
858,16841,0.475731
858,19179,0.052132
858,16723,0.114129
859,16842,0.061264
859,16501,0.073021
859,18202,0.074049
860,16841,0.404909
861,16843,0.27026
861,19040,0.067799
862,16844,0.068314
862,16847,0.216748
862,17406,0.130074
863,16845,0.205165
863,18269,0.073479
863,16291,0.181718
864,16846,0.13297
864,17927,0.376114
865,16848,0.090037
865,18697,0.066102
865,17326,0.392124
866,16112,0.307626
866,16113,0.339602
867,16210,0.42249
868,16850,0.15061
868,24407,0.071191
869,16230,0.239649
869,16851,0.26092
869,27901,0.073078
870,16852,0.117339
870,16853,0.103
870,18769,0.060466
870,17462,0.059364
870,20862,0.082104
871,16854,0.316048
871,23417,0.066238
872,16855,0.077713
872,16405,0.287734
872,17618,0.111144
872,20751,0.061504
873,16857,0.172384
873,16858,0.109952
873,29312,0.059439
874,16859,0.642574
875,16860,0.577274
876,16079,0.195644
877,16861,0.240093
877,17473,0.125893
878,16188,0.194742
878,18138,0.079095
879,16700,0.054525
879,16912,0.062193
879,16487,0.136456
880,16862,0.170326
880,19455,0.131787
881,16863,0.054222
881,18144,0.13739
881,18447,0.093087
881,20084,0.091848
882,16865,0.121524
882,17880,0.19969
882,19743,0.080088
883,16867,0.210964
883,16105,0.175056
884,16868,0.266684
884,20443,0.050521
885,16869,0.161796
885,16188,0.097095
885,20328,0.088572
886,16870,0.140072
886,16932,0.151633
886,17884,0.052971
886,17021,0.062407
886,18956,0.097604
887,16871,0.145306
887,16892,0.214473
888,16872,0.231874
888,19318,0.103375
888,19319,0.097138
889,16873,0.108562
890,16633,0.331565
891,16874,0.126203
891,17372,0.137689
891,19591,0.053039
892,16875,0.103696
892,19549,0.35452
893,16876,0.109434
893,17137,0.051558
894,16207,0.299518
895,16414,0.335461
896,16877,0.090008
896,16914,0.092652
896,17299,0.200797
896,19141,0.084327
896,17814,0.065956
897,16878,0.648071
898,16468,0.534716
899,16879,0.447862
900,16880,0.300343
900,18792,0.082796
900,20386,0.078201
900,18932,0.116428
901,16881,0.213126
901,17485,0.132817
901,18436,0.05461
901,17874,0.103473
901,21259,0.063195
902,16551,0.156757
902,17264,0.071986
902,16056,0.288212
902,18215,0.052217
903,16882,0.175541
903,16924,0.099929
903,17759,0.070352
903,24055,0.092497
903,26012,0.106175
904,16883,0.341018
905,16884,0.167207
905,18481,0.064219
905,18621,0.054594
906,16885,0.363186
906,23579,0.082617
907,16886,0.325605
907,17505,0.066858
907,20338,0.070323
907,23325,0.050874
908,16887,0.051852
908,20370,0.082776
908,16413,0.293036
909,16246,0.295404
910,16889,0.295177
911,16890,0.059829
911,18969,0.061804
911,19669,0.195534
912,16893,0.381342
913,16895,0.223222
913,17278,0.090075
914,16896,0.063206
914,16897,0.11897
915,16898,0.137975
916,16899,0.111945
916,17337,0.05176
916,16579,0.199954
917,16900,0.284629
917,19851,0.231066
917,27250,0.061213
918,16901,0.302907
919,16902,0.337335
919,19589,0.139834
920,16903,0.098105
920,17220,0.129629
920,19137,0.100257
921,16904,0.051419
921,18655,0.062943
921,17393,0.145468
922,16246,0.104096
923,16906,0.302217
923,19296,0.088302
924,16908,0.134935
924,18064,0.051094
924,18517,0.101605
925,16909,0.190485
925,21068,0.131925
925,23301,0.083148
926,16910,0.110614
926,26785,0.121706
926,28879,0.068035
927,16911,0.188449
927,21066,0.114621
927,25776,0.095039
928,16091,0.063767
929,16093,0.280002
930,16913,0.180844
930,17387,0.13517
930,17652,0.051447
931,16915,0.347664
931,20946,0.16742
932,16916,0.118532
932,18773,0.054222
932,23225,0.052575
932,21559,0.052853
932,21979,0.099825
933,16154,0.18853
934,16917,0.839002
935,16918,0.173203
936,16919,0.282592
937,16920,0.215615
937,18952,0.089747
937,20791,0.174888
938,16921,0.313687
938,20588,0.068488
939,16582,0.297741
940,16922,0.613612
941,16923,0.332292
941,19725,0.054643
941,20876,0.088195
942,16784,0.439616
943,16925,0.478223
944,16926,0.306441
945,16927,0.287142
945,16102,0.165375
946,16928,0.093214
946,18285,0.220612
946,20450,0.06461
947,16091,0.083493
948,16929,0.263053
948,16507,0.077438
949,16583,0.410428
950,16930,0.290439
950,17496,0.130955
950,19721,0.112196
950,21513,0.05135
951,16931,0.11708
951,22042,0.068103
951,23429,0.17684
951,17831,0.084687
951,17884,0.05086
952,16079,0.336583
953,16207,0.159574
954,16545,0.478162
955,16934,0.174675
955,16935,0.125378
955,22538,0.060942
956,16936,0.363005
957,16936,0.378348
958,16183,0.327601
959,16937,0.364055
959,24381,0.078867
960,16938,0.071844
960,19780,0.10238
960,20805,0.082658
961,16939,0.087649
961,18581,0.366396
961,21274,0.071954
962,16940,0.226806
963,16941,0.097332
963,16644,0.096044
964,16943,0.051396
964,20478,0.05405
965,16944,0.353349
965,16945,0.168618
965,25342,0.213169
966,16946,0.586683
967,16947,0.123409
967,16816,0.052803
967,17629,0.127804
968,16948,0.702121
969,16087,0.27254
970,16949,0.199872
970,17497,0.148806
970,20846,0.120123
971,16950,0.111374
971,24252,0.111369
971,26065,0.077239
972,16951,0.219398
972,17347,0.175854
972,16252,0.071388
973,16952,0.050929
973,17816,0.278722
973,19607,0.125063
974,16889,0.462757
974,18307,0.051537
975,16953,0.243412
975,19607,0.284316
975,20119,0.091905
976,16954,0.138227
976,20222,0.097481
976,21085,0.079927
977,16955,0.307187
978,16956,0.300917
978,20975,0.083192
979,16118,0.101344
980,16342,0.188272
981,16104,0.118298
982,16959,0.119542
982,18940,0.146258
982,24682,0.100417
983,16960,0.122458
983,17637,0.099283
983,17888,0.140573
983,17894,0.121061
983,18223,0.050341
984,16068,0.15679
985,16961,0.14751
985,18256,0.21375
986,16962,0.51638
987,16963,0.145688
987,18427,0.28647
987,22891,0.057411
988,16525,0.401608
988,17231,0.339966
989,16452,0.396167
989,17348,0.053815
990,16964,0.054589
990,18604,0.081922
990,18662,0.052194
990,19709,0.18411
990,20043,0.053556
990,20311,0.060612
991,16966,0.449882
992,16971,0.349403
992,17511,0.226908
992,18338,0.066565
993,16972,0.413194
993,17804,0.072583
994,16113,0.243191
995,16104,0.364328
996,16973,0.078797
996,17287,0.237113
997,16974,0.297741
997,22754,0.070559
997,25234,0.07489
998,16975,0.111576
998,19516,0.144394
998,19919,0.055017
998,21916,0.07959
999,16976,0.478984
999,18538,0.08607
1000,16977,0.310361
1000,16978,0.166161
1000,16979,0.067203
1000,19321,0.125809
1001,16980,0.127839
1001,17481,0.063493
1001,19840,0.191107
1001,17026,0.107176
1002,16981,0.339803
1002,18690,0.058696
1002,16334,0.092882
1003,16052,0.340698
1004,16118,0.075058
1004,16068,0.224222
1005,16873,0.224619
1005,16183,0.08965
1006,16068,0.131287
1007,16983,0.469208
1008,16545,0.25692
1009,16984,0.065654
1009,16116,0.485328
1009,18904,0.062061
1010,16985,0.121566
1010,26170,0.073916
1011,16986,0.102053
1011,17071,0.075926
1012,16987,0.167636
1012,17768,0.242702
1012,21626,0.066532
1013,16988,0.258386
1013,20297,0.157099
1014,16991,0.330054
1014,21183,0.068541
1015,16992,0.135189
1015,16217,0.103285
1015,16096,0.051372
1015,17978,0.10121
1016,16993,0.18138
1016,17456,0.118961
1016,18096,0.054052
1016,18543,0.068843
1016,17175,0.05694
1017,16994,0.478717
1018,16995,0.275265
1018,17862,0.174122
1019,16461,0.281639
1019,17548,0.167757
1019,18836,0.05183
1020,16274,0.313561
1021,16414,0.300887
1022,16382,0.276653
1022,17039,0.37028
1022,19631,0.051875
1023,16638,0.063863
1023,16997,0.477661
1024,16998,0.739054
1025,16999,0.261532
1025,21498,0.05465
1025,21614,0.117466
1026,17000,0.366012
1027,17001,0.055044
1028,17002,0.35254
1028,17192,0.203746
1029,17003,0.076397
1029,20461,0.128434
1029,21443,0.076383
1029,20481,0.059417
1030,16467,0.450365
1030,16494,0.350253
1031,17004,0.056133
1031,17086,0.262822
1031,17036,0.148589
1031,18264,0.081732
1032,17006,0.068293
1032,17690,0.259098
1032,24470,0.11707
1033,17007,0.452088
1033,17008,0.084125
1033,16388,0.225447
1033,16523,0.06028
1034,17009,0.052689
1034,17691,0.250822
1035,17011,0.081468
1035,17366,0.109399
1035,17367,0.25484
1035,19107,0.05202
1036,16467,0.33888
1036,16494,0.379887
1036,20323,0.062837
1036,19101,0.065931
1037,17013,0.099872
1037,16635,0.31536
1037,19096,0.121151
1038,17015,0.056458
1038,17935,0.315357
1038,20295,0.073147
1038,19883,0.121089
1039,17016,0.105018
1039,23953,0.102507
1040,17018,0.405379
1041,17019,0.205432
1041,17022,0.295077
1041,21081,0.053197
1042,17020,0.13551
1042,16574,0.070635
1042,21666,0.076963
1042,21334,0.078121
1043,16688,0.446935
1043,17024,0.280186
1044,17025,0.490122
1044,20848,0.081043
1044,21080,0.12423
1045,17027,0.462096
1045,22624,0.100871
1046,16765,0.520314
1046,17118,0.135739
1047,17028,0.367042
1047,22507,0.094202
1047,25198,0.05612
1048,17029,0.147792
1048,17030,0.156586
1048,18048,0.062689
1049,17031,0.445321
1050,17032,0.132886
1050,20912,0.383067
1050,17033,0.057232
1051,17033,0.501642
1052,17034,0.454321
1052,16427,0.259222
1053,17035,0.412921
1053,18035,0.056931
1054,17036,0.124607
1054,17086,0.146557
1054,18264,0.072346
1055,17037,0.068854
1055,17560,0.057248
1055,24013,0.054374
1055,23404,0.080534
1055,18044,0.096135
1056,17038,0.304517
1056,19895,0.117662
1056,19852,0.163257
1057,17040,0.06955
1057,17127,0.115517
1057,18975,0.068392
1057,19290,0.130779
1058,17041,0.053719
1058,17039,0.344204
1058,20402,0.1289
1059,17042,0.385938
1059,17787,0.153464
1059,18166,0.089255
1060,17043,0.066506
1060,17222,0.326361
1061,17044,0.073558
1061,16971,0.290408
1062,17045,0.540287
1063,17046,0.545715
1064,16153,0.382405
1064,20006,0.055962
1064,20712,0.067999
1065,17047,0.087371
1065,18260,0.078544
1065,18262,0.061457
1065,22634,0.095383
1065,19982,0.207095
1066,17048,0.372053
1066,17535,0.063455
1066,20014,0.115488
1066,20015,0.111346
1066,28477,0.074943
1067,17049,0.07052
1067,22250,0.180971
1067,22380,0.133125
1067,24468,0.197282
1068,17050,0.119586
1068,19829,0.070341
1068,20246,0.08703
1068,20685,0.201213
1068,25174,0.05393
1069,17051,0.158453
1070,16279,0.240971
1071,16197,0.272322
1072,16276,0.075677
1073,17052,0.246033
1074,17053,0.252822
1074,17791,0.079958
1074,18412,0.219819
1075,17055,0.215652
1075,18147,0.074626
1075,21275,0.058949
1075,22315,0.0668
1076,17056,0.278814
1077,17057,0.464893
1078,17058,0.348687
1078,25451,0.06301
1078,27196,0.105106
1078,28154,0.075473
1079,16370,0.096497
1079,18527,0.121083
1079,17869,0.201175
1079,16430,0.05171
1080,17059,0.106025
1080,17363,0.187338
1080,19385,0.157747
1080,19749,0.072595
1081,17060,0.063411
1081,18070,0.289998
1081,18745,0.09951
1081,17695,0.082496
1082,17061,0.171449
1082,19649,0.071201
1083,17062,0.188123
1083,17671,0.237286
1084,16287,0.398527
1084,17673,0.072197
1084,22073,0.075535
1085,16729,0.170101
1085,16500,0.177755
1085,16565,0.222213
1086,17063,0.187084
1086,19788,0.132893
1086,22067,0.056562
1086,22216,0.05078
1087,17064,0.115015
1087,18402,0.202505
1087,25173,0.065543
1087,25895,0.057954
1088,17065,0.448691
1088,17066,0.27039
1089,17067,0.137054
1089,23393,0.122944
1089,18259,0.061784
1089,26888,0.06825
1090,17068,0.403692
1090,24805,0.055738
1090,27745,0.055744
1090,28605,0.055738
1091,17072,0.140255
1091,18457,0.131928
1091,18498,0.070422
1091,19924,0.071493
1091,21867,0.078071
1092,16579,0.218262
1092,16643,0.22521
1093,17074,0.145835
1093,17156,0.053209
1093,19002,0.220068
1093,20825,0.084262
1093,25180,0.084022
1094,17075,0.0772
1094,18080,0.348841
1094,21054,0.059138
1094,23788,0.12222
1095,16197,0.509835
1096,16665,0.06712
1096,17076,0.119289
1096,16197,0.060978
1096,22213,0.190699
1096,27540,0.121327
1097,17077,0.129849
1098,17078,0.261534
1098,19531,0.066949
1098,17540,0.053554
1098,17034,0.066141
1099,16113,0.409693
1100,17079,0.360476
1101,16756,0.215822
1101,17274,0.055329
1102,17081,0.12394
1102,17478,0.095349
1102,17479,0.059094
1102,18094,0.085079
1102,20044,0.093164
1103,17082,0.169214
1103,16212,0.205483
1103,16382,0.266167
1104,17083,0.212397
1104,17230,0.086493
1104,20217,0.152332
1104,22988,0.050101
1105,17084,0.277993
1105,18737,0.097185
1106,17085,0.082083
1107,16281,0.299671
1107,17490,0.161718
1108,16695,0.224979
1109,17087,0.619542
1110,16158,0.30552
1110,19073,0.085316
1111,17088,0.195757
1111,19439,0.065498
1111,25449,0.051042
1111,27047,0.051035
1111,28077,0.12335
1112,17089,0.09551
1112,18158,0.051087
1112,18949,0.087265
1113,17090,0.15954
1113,19649,0.231436
1113,23378,0.06685
1113,17044,0.071553
1114,17092,0.21915
1114,18909,0.174017
1114,19004,0.141519
1115,17093,0.170512
1115,26304,0.108834
1116,17094,0.077211
1116,21514,0.167069
1116,28117,0.081782
1117,17095,0.364893
1117,27756,0.059421
1118,17097,0.093429
1119,17098,0.155747
1119,24200,0.083067
1120,16702,0.507593
1121,17099,0.301426
1122,16079,0.053591
1123,16830,0.097576
1124,16173,0.455078
1125,16183,0.126617
1125,17980,0.080083
1125,16079,0.059489
1126,16093,0.091133
1126,16409,0.05223
1126,17875,0.100601
1127,17100,0.16296
1127,21842,0.154451
1127,24309,0.102421
1127,25028,0.122096
1128,17101,0.418657
1129,17102,0.0727
1129,19061,0.173675
1129,19838,0.094105
1130,16756,0.285481
1130,20052,0.053298
1131,16342,0.257777
1132,16210,0.153507
1132,16132,0.061323
1133,17103,0.070092
1133,16658,0.202151
1133,18758,0.118991
1134,16173,0.135503
1134,16175,0.276457
1134,18155,0.054787
1135,16558,0.36581
1136,16619,0.257067
1137,17104,0.420628
1138,16567,0.361599
1139,17105,0.16967
1139,16098,0.078167
1140,17106,0.153554
1140,19273,0.126651
1140,20356,0.141491
1141,17107,0.511435
1142,16195,0.256199
1143,17108,0.077374
1143,16051,0.091005
1144,17109,0.135952
1144,18852,0.095694
1144,20525,0.05552
1144,24142,0.205998
1145,17112,0.073901
1145,16895,0.060104
1146,17113,0.094799
1146,18393,0.238716
1146,22373,0.083965
1147,17114,0.188256
1148,17115,0.467936
1149,17116,0.272551
1149,21283,0.192525
1150,17117,0.097807
1150,17629,0.213374
1150,16947,0.070111
1150,21932,0.056464
1151,16702,0.106294
1151,16565,0.144722
1151,20029,0.124342
1151,16512,0.108307
1152,17119,0.291426
1152,22856,0.050159
1152,16169,0.12283
1153,16170,0.310659
1154,17120,0.333527
1155,17121,0.165158
1155,22690,0.128976
1155,27188,0.058662
1156,16957,0.22551
1156,16462,0.192052
1156,16453,0.056534
1157,16170,0.220972
1157,16285,0.281445
1157,27436,0.108179
1158,17122,0.331818
1159,17123,0.28176
1159,21930,0.069717
1159,23651,0.054294
1159,16098,0.115173
1160,16371,0.594493
1161,17125,0.290544
1161,24640,0.082507
1162,17126,0.059074
1162,21603,0.150805
1162,16326,0.284614
1162,24030,0.080629
1162,21429,0.110466
1163,17129,0.203648
1163,17318,0.091395
1164,17130,0.057228
1164,19947,0.189736
1164,20568,0.09753
1164,24685,0.088315
1165,17132,0.086274
1165,17440,0.280128
1165,19690,0.108622
1166,17133,0.056205
1167,17134,0.148684
1167,21093,0.179043
1168,17135,0.102166
1168,21130,0.141123
1169,17136,0.282728
1169,25601,0.100368
1170,17137,0.1383
1170,17371,0.069533
1170,21267,0.057183
1170,23450,0.064316
1171,17138,0.272903
1171,21802,0.067455
1171,25671,0.074148
1172,16451,0.548942
1173,17139,0.410946
1173,18715,0.067083
1173,20002,0.142646
1173,23902,0.05761
1174,17140,0.552919
1175,16790,0.381017
1175,17141,0.313819
1176,17142,0.40311
1177,17144,0.612432
1178,17145,0.070557
1178,18128,0.472822
1178,21278,0.054773
1179,16068,0.113575
1180,16140,0.297557
1181,16154,0.253642
1181,24849,0.238073
1182,17146,0.059825
1182,16320,0.109252
1183,17147,0.102049
1183,17540,0.188477
1183,16521,0.058686
1183,16617,0.117907
1184,16718,0.61027
1185,17085,0.090439
1185,18981,0.260024
1185,18799,0.311698
1185,27755,0.134645
1186,17148,0.102217
1186,18268,0.203549
1186,21568,0.093497
1186,23198,0.055464
1187,16464,0.16561
1187,19115,0.074478
1188,17149,0.094308
1188,18605,0.105486
1188,20694,0.166853
1188,21459,0.080952
1189,17150,0.117478
1189,18503,0.280032
1190,16270,0.3156
1190,17473,0.062994
1191,17151,0.412267
1192,16558,0.100907
1193,17152,0.151623
1193,16287,0.095309
1193,25302,0.066547
1194,17153,0.143454
1194,17315,0.062757
1194,25407,0.050706
1195,17154,0.14799
1195,17213,0.062443
1195,18917,0.054293
1196,17155,0.493184
1197,16702,0.105651
1197,20023,0.055511
1198,17157,0.079283
1198,18108,0.218944
1198,21067,0.092067
1199,17158,0.37307
1199,21600,0.095803
1200,17159,0.181936
1200,19018,0.061242
1200,20766,0.14294
1200,22406,0.053165
1200,25893,0.058095
1201,17160,0.285692
1201,17314,0.145584
1202,17161,0.192033
1202,17569,0.229335
1203,16175,0.439019
1203,16173,0.412384
1204,16092,0.157174
1204,16207,0.133812
1205,16119,0.24449
1205,19669,0.052689
1206,17162,0.085931
1206,21685,0.089781
1206,19685,0.371022
1207,17163,0.12429
1208,17164,0.779548
1209,17165,0.344452
1210,17166,0.274789
1211,17167,0.369382
1211,20672,0.072791
1212,16261,0.405361
1212,16099,0.064183
1213,16947,0.754521
1214,17168,0.062168
1214,16565,0.211308
1214,21846,0.081639
1214,16702,0.107175
1215,16270,0.290431
1215,16612,0.098324
1215,16649,0.069245
1216,17169,0.508474
1216,16068,0.072755
1217,17170,0.233218
1218,16112,0.399001
1218,16113,0.346872
1219,17171,0.257976
1219,17366,0.085271
1219,16541,0.121388
1219,18500,0.064195
1220,17173,0.20743
1220,17418,0.094024
1220,17554,0.065776
1220,16856,0.081716
1221,17174,0.248612
1221,22037,0.113842
1222,17175,0.099202
1222,17360,0.108078
1222,18043,0.064232
1223,17176,0.090163
1223,16921,0.097913
1224,16978,0.16601
1224,17428,0.098047
1225,17177,0.243819
1225,24298,0.055581
1226,17178,0.433941
1226,16158,0.075172
1227,17179,0.174521
1228,17180,0.066959
1228,16713,0.058575
1228,16871,0.089907
1228,20160,0.095124
1229,17181,0.211318
1229,20104,0.083932
1229,28625,0.05246
1230,17182,0.136853
1230,22469,0.136491
1230,25277,0.112108
1231,17183,0.211065
1231,18026,0.119992
1231,21191,0.120016
1231,23366,0.098255
1231,23566,0.085167
1232,17184,0.13897
1232,19847,0.057854
1233,17185,0.170623
1233,25048,0.145689
1233,26122,0.099916
1234,16736,0.079179
1235,17186,0.182625
1236,17187,0.17905
1236,22220,0.29971
1237,17189,0.053731
1237,21241,0.084007
1237,24854,0.08367
1237,26845,0.068972
1238,17191,0.354272
1239,16197,0.125445
1240,16113,0.429483
1241,16612,0.250765
1242,16433,0.123489
1242,16471,0.248695
1242,16673,0.061306
1243,16262,0.399945
1243,17193,0.075386
1243,18645,0.275728
1244,17195,0.173117
1244,20417,0.246442
1244,22003,0.051633
1245,16814,0.42338
1245,20798,0.061866
1245,21332,0.088966
1245,16346,0.065599
1246,17196,0.05995
1246,23612,0.249499
1247,17197,0.191829
1247,18112,0.07543
1247,20447,0.302166
1248,17199,0.245794
1248,29267,0.082619
1249,17200,0.265957
1249,16682,0.052617
1250,17201,0.062728
1250,22638,0.470532
1250,28994,0.058131
1251,17202,0.343764
1252,17203,0.059428
1252,23203,0.093227
1252,23503,0.194541
1253,17204,0.152656
1253,17383,0.062332
1253,23157,0.050544
1254,17205,0.128819
1254,17689,0.061464
1254,17889,0.336139
1255,17206,0.492033
1255,24986,0.165269
1256,17207,0.149943
1256,18559,0.234915
1257,17208,0.076608
1257,18398,0.144045
1257,19350,0.273301
1257,19871,0.059433
1258,17210,0.084428
1258,18877,0.058006
1258,19873,0.23124
1258,21876,0.089547
1258,23356,0.058864
1259,17211,0.202311
1259,20583,0.203227
1260,17212,0.461043
1260,26356,0.08041
1261,17214,0.401101
1261,20322,0.11369
1262,17215,0.276557
1262,18840,0.172236
1262,19229,0.056269
1263,17216,0.08929
1263,16871,0.213568
1263,16800,0.128439
1264,17217,0.401488
1264,17774,0.157192
1265,16336,0.141116
1265,17283,0.058695
1266,17220,0.383878
1266,17726,0.102453
1266,23095,0.050305
1267,17223,0.110732
1267,16926,0.077618
1267,16118,0.073301
1268,17224,0.286883
1269,17225,0.38219
1270,16276,0.120096
1270,16100,0.095158
1270,16101,0.149273
1271,16101,0.227824
1271,22667,0.06804
1272,16276,0.233688
1273,16197,0.152819
1274,17226,0.222865
1274,17430,0.135458
1275,17227,0.09199
1275,20482,0.050762
1275,26078,0.249749
1275,16178,0.054534
1276,17228,0.051107
1276,17231,0.428307
1276,16451,0.083609
1277,17229,0.178503
1277,17232,0.151305
1277,18593,0.066542
1278,16339,0.127283
1279,17233,0.201064
1280,17234,0.516981
1281,17235,0.347573
1281,20493,0.120373
1282,17236,0.526458
1282,19236,0.091675
1283,16079,0.188375
1284,17237,0.293508
1284,16381,0.274054
1284,25337,0.075345
1285,16246,0.213619
1286,17238,0.320331
1287,17239,0.420134
1287,19808,0.078865
1288,17241,0.051139
1288,21322,0.102836
1289,17242,0.259175
1290,16185,0.330946
1290,26906,0.15465
1291,16100,0.082946
1292,17245,0.173625
1292,19163,0.310631
1293,17246,0.103011
1293,17269,0.418614
1293,19717,0.055822
1294,17248,0.27355
1294,23128,0.210595
1294,23669,0.102915
1295,17249,0.215374
1295,17892,0.128184
1295,22267,0.102496
1295,22756,0.090292
1296,17250,0.058553
1296,18015,0.156575
1296,19753,0.331284
1297,17251,0.209586
1297,16361,0.240227
1298,16079,0.290559
1299,16173,0.095389
1300,17253,0.233868
1301,17254,0.14031
1301,17429,0.282499
1302,17255,0.112482
1302,20472,0.120126
1302,20613,0.101253
1302,19483,0.1126
1303,17256,0.476219
1304,16110,0.417715
1305,17257,0.456409
1306,17258,0.58623
1307,16274,0.367622
1308,17259,0.323373
1309,16160,0.502941
1310,16279,0.353847
1311,16756,0.095548
1312,16412,0.333921
1313,17260,0.346733
1313,24803,0.10121
1314,16079,0.09777
1315,17261,0.079876
1315,16199,0.12084
1315,18835,0.087771
1316,17262,0.436325
1316,17259,0.062545
1317,16052,0.19417
1318,17262,0.337804
1319,17263,0.242872
1319,21897,0.111461
1320,17265,0.417881
1321,16813,0.062619
1321,17848,0.237602
1321,17429,0.207374
1322,17266,0.252052
1322,22435,0.088295
1323,17267,0.237084
1323,19254,0.154554
1324,17268,0.627667
1325,17270,0.128536
1325,18511,0.206549
1325,21708,0.055935
1325,16960,0.065739
1326,17271,0.073663
1326,18330,0.458785
1326,18542,0.060169
1326,19707,0.063217
1327,17272,0.382303
1328,17273,0.113599
1329,16208,0.382819
1330,16279,0.265622
1331,17274,0.214013
1332,16104,0.22272
1333,16573,0.062466
1334,17275,0.456253
1334,17276,0.16109
1334,27009,0.146946
1335,17277,0.245954
1335,27648,0.078603
1336,17279,0.065245
1336,18261,0.209626
1336,16750,0.177302
1337,17280,0.148684
1337,17057,0.257504
1337,21495,0.086206
1337,27289,0.054889
1338,17281,0.445164
1338,25947,0.069664
1339,16342,0.378463
1340,16342,0.36528
1341,16649,0.171782
1341,16612,0.058921
1341,16270,0.21158
1342,16558,0.071673
1342,17800,0.078772
1343,17282,0.309536
1343,17290,0.100326
1343,16468,0.056417
1343,20762,0.066704
1343,23036,0.05887
1344,16833,0.208812
1344,16990,0.158391
1344,17144,0.09386
1345,17283,0.191044
1345,17445,0.091037
1345,16505,0.077217
1346,17284,0.073564
1346,18279,0.22805
1346,24722,0.059386
1346,25547,0.143172
1347,17285,0.075276
1347,19569,0.200869
1347,21553,0.126205
1347,17706,0.085417
1348,17287,0.258841
1348,16826,0.151409
1348,20299,0.05549
1348,22443,0.07823
1349,17288,0.097756
1349,16076,0.352283
1350,17289,0.095609
1350,23786,0.06789
1350,24965,0.202886
1350,25323,0.065611
1351,16469,0.070738
1351,18395,0.320366
1351,26059,0.090899
1352,16599,0.447653
1352,18567,0.173678
1353,17291,0.419481
1353,27444,0.07431
1354,17292,0.468865
1355,17293,0.059104
1355,18831,0.054638
1355,16148,0.053353
1355,18011,0.228139
1356,17294,0.056865
1356,18245,0.093283
1356,18570,0.213037
1357,17295,0.078284
1357,17838,0.0512
1357,18832,0.08006
1357,18051,0.080779
1358,17297,0.148077
1358,16273,0.077598
1358,17828,0.057353
1358,25530,0.162989
1358,28599,0.057377
1359,17300,0.322833
1359,17301,0.317125
1360,17302,0.378921
1360,17242,0.064015
1361,17303,0.381609
1361,18047,0.073946
1362,16096,0.187256
1362,20619,0.124279
1363,16545,0.252297
1364,17304,0.053075
1364,19504,0.168254
1364,18399,0.13117
1364,19750,0.069859
1365,16479,0.231279
1366,17305,0.053604
1366,18033,0.148522
1366,19590,0.053554
1366,24483,0.061176
1366,23922,0.187629
1367,17306,0.063512
1367,19918,0.062381
1367,21079,0.145985
1368,17309,0.059836
1368,20204,0.127629
1368,22952,0.064981
1368,23506,0.057037
1368,22639,0.067783
1369,17310,0.090795
1369,23438,0.271059
1370,17311,0.099433
1370,19650,0.220235
1370,24366,0.108061
1370,29061,0.073529
1371,17312,0.342768
1371,20098,0.079476
1371,25784,0.061134
1372,17313,0.17041
1372,16141,0.10716
1373,17315,0.072469
1373,17729,0.290617
1373,17731,0.104106
1373,22400,0.061773
1374,16926,0.488969
1375,17316,0.191218
1375,16545,0.101891
1376,16702,0.106695
1377,17319,0.367939
1377,19309,0.060114
1378,17321,0.179935
1379,17322,0.099114
1379,17425,0.084603
1380,17323,0.363382
1380,19759,0.057485
1380,20258,0.152084
1380,22134,0.050929
1381,17324,0.065729
1381,16487,0.365543
1381,18212,0.089791
1381,16912,0.079118
1382,16916,0.115932
1382,19056,0.070852
1383,16565,0.195352
1383,17625,0.087365
1383,16854,0.054922
1383,17511,0.071005
1383,19077,0.052419
1384,17325,0.055669
1384,17902,0.241482
1384,16250,0.23025
1385,17327,0.090669
1386,16782,0.055346
1386,16057,0.140117
1386,16771,0.190012
1387,17328,0.562444
1388,16491,0.482194
1389,17329,0.05461
1389,16685,0.149611
1389,20076,0.052805
1389,20616,0.173392
1390,17330,0.326825
1390,17884,0.353398
1390,22473,0.053623
1390,19677,0.072591
1391,17331,0.365576
1391,16854,0.118157
1392,17332,0.140295
1392,18510,0.186803
1393,17334,0.298824
1393,17934,0.145141
1394,17335,0.159486
1394,19237,0.093694
1394,22015,0.082803
1394,16874,0.055992
1395,17336,0.418727
1395,16507,0.125619
1395,19261,0.1019
1395,22226,0.05744
1396,17338,0.242389
1396,17533,0.056745
1396,19468,0.067835
1397,17339,0.112287
1397,21200,0.12514
1398,17340,0.716238
1399,17341,0.052332
1399,18184,0.219161
1399,18552,0.148552
1400,17342,0.58658
1401,17343,0.151659
1401,17345,0.280823
1402,17344,0.402093
1402,18897,0.15722
1403,17346,0.310128
1403,17345,0.245215
1404,17349,0.237621
1404,17476,0.191622
1404,17350,0.089843
1405,17350,0.13259
1405,17349,0.128013
1405,17476,0.105967
1405,17475,0.131442
1406,17351,0.218596
1406,20514,0.428673
1407,16119,0.42757
1408,17352,0.065739
1408,18763,0.186445
1408,23006,0.085116
1408,23401,0.073797
1409,16612,0.051008
1410,17353,0.288974
1410,21492,0.051244
1411,17354,0.6183
1412,17355,0.066189
1412,19103,0.052308
1412,20808,0.11216
1412,18409,0.092256
1412,21022,0.125976
1413,16915,0.127115
1413,19222,0.112432
1413,23152,0.112428
1413,24698,0.126581
1413,18931,0.109887
1414,17357,0.122735
1414,18475,0.15385
1414,18684,0.263342
1415,16131,0.216218
1416,16612,0.383408
1416,16270,0.358355
1417,16279,0.145013
1417,21566,0.095888
1418,16573,0.144627
1419,17358,0.482725
1420,17359,0.206894
1420,18464,0.054358
1420,18733,0.052046
1420,23680,0.100537
1421,17361,0.527339
1422,16558,0.261953
1422,21636,0.063015
1423,17362,0.113516
1423,18729,0.276084
1423,20780,0.191362
1424,17368,0.224065
1424,19156,0.245021
1424,16360,0.066834
1424,23389,0.05857
1425,17369,0.607205
1426,16412,0.505099
1427,16112,0.40071
1427,16113,0.3727
1428,17370,0.089004
1428,17552,0.07185
1428,19070,0.082642
1428,19902,0.252365
1429,17371,0.246134
1429,25888,0.109568
1430,17374,0.071627
1430,16494,0.284609
1430,17742,0.059057
1431,16093,0.111156
1432,16522,0.15026
1432,16217,0.064563
1433,17376,0.110102
1433,17377,0.233211
1433,18199,0.137535
1433,23531,0.053848
1434,17378,0.328716
1434,18027,0.093519
1435,17379,0.058725
1435,17380,0.060785
1436,17380,0.077512
1436,18931,0.088198
1436,19021,0.063451
1436,21389,0.053378
1437,17381,0.280242
1437,18925,0.092972
1437,24835,0.078038
1438,16213,0.290564
1439,17382,0.163291
1439,16260,0.080737
1439,17814,0.089732
1439,23649,0.066236
1440,17383,0.154972
1440,22728,0.1626
1440,24272,0.069983
1440,26176,0.068285
1441,16545,0.145021
1442,16195,0.248121
1442,17847,0.064944
1443,16070,0.489479
1443,18250,0.109054
1444,17385,0.059987
1444,20917,0.061293
1444,22089,0.202762
1444,20093,0.240525
1445,17386,0.213685
1445,18661,0.23717
1446,17389,0.114462
1446,16148,0.058073
1446,23570,0.073291
1446,23812,0.056929
1446,27847,0.089461
1447,17390,0.205533
1447,20046,0.078733
1447,20373,0.06409
1448,16702,0.320245
1449,17391,0.096756
1449,20996,0.197752
1449,22849,0.053899
1449,21004,0.118695
1449,26103,0.075395
1450,17392,0.055567
1450,21144,0.112493
1451,17393,0.138239
1451,18655,0.066923
1452,17394,0.208478
1453,16321,0.269208
1453,16151,0.101644
1454,17395,0.139645
1454,18461,0.139795
1454,22354,0.147641
1455,17396,0.283101
1455,17972,0.173385
1456,17397,0.176707
1457,17277,0.257592
1457,17549,0.160188
1457,16528,0.193507
1457,17451,0.077772
1458,17398,0.190792
1458,17309,0.176291
1458,17680,0.073908
1459,17400,0.320152
1459,19700,0.120915
1459,19450,0.072409
1459,22392,0.080355
1460,17401,0.31078
1460,17402,0.210947
1461,16385,0.15036
1461,17403,0.113208
1461,17372,0.077549
1461,16468,0.164371
1461,18576,0.059279
1462,17404,0.054498
1462,19052,0.050683
1462,20325,0.085315
1463,17408,0.073147
1463,20844,0.093538
1463,21642,0.159207
1463,18593,0.052773
1463,17229,0.067179
1464,17409,0.252486
1464,21661,0.060617
1464,19864,0.065058
1464,17363,0.068955
1465,17410,0.150847
1465,22332,0.076113
1465,24957,0.054594
1465,27081,0.205617
1465,17119,0.053217
1466,17411,0.308606
1467,16409,0.116034
1467,16491,0.080975
1468,16914,0.254188
1468,17814,0.081532
1468,16877,0.091501
1469,17413,0.050966
1469,17602,0.172978
1469,17372,0.079453
1469,19684,0.052367
1470,17415,0.229033
1470,17784,0.065389
1470,19475,0.096044
1471,17209,0.151623
1472,17416,0.053867
1473,17417,0.20407
1473,20654,0.251641
1474,16052,0.142422
1475,17419,0.503767
1475,18764,0.072986
1476,16573,0.121647
1477,17420,0.300595
1477,22510,0.059524
1477,25886,0.059833
1478,17421,0.066549
1478,23170,0.05395
1478,23875,0.066305
1479,17423,0.154923
1479,18499,0.193476
1479,21229,0.218281
1480,17424,0.254356
1480,19171,0.165517
1481,17426,0.339131
1481,22434,0.124797
1482,17427,0.302087
1482,19485,0.159633
1482,26462,0.073109
1482,26958,0.073109
1483,17429,0.299914
1483,19092,0.101108
1483,24787,0.076289
1483,16961,0.104441
1484,17431,0.082242
1484,16565,0.092211
1484,23707,0.073898
1485,17432,0.397114
1485,20968,0.092808
1485,16084,0.061748
1486,17434,0.097635
1486,17435,0.056129
1486,17436,0.096664
1486,21743,0.062876
1486,24087,0.055697
1487,17437,0.155287
1487,17955,0.139422
1487,18163,0.081745
1487,18424,0.121592
1488,17438,0.26506
1488,19761,0.067648
1488,16313,0.064298
1489,16612,0.217412
1490,17439,0.412219
1491,16117,0.341028
1492,17440,0.37836
1492,19690,0.065839
1492,17132,0.143957
1492,27556,0.061902
1493,17441,0.199014
1493,17520,0.139074
1493,25166,0.05457
1493,26913,0.055247
1493,28491,0.054589
1494,16925,0.417776
1495,17442,0.203952
1495,19333,0.237317
1495,22738,0.074056
1495,24908,0.073238
1496,17443,0.128098
1497,17444,0.133247
1497,17792,0.221552
1497,22736,0.056007
1498,17445,0.170841
1498,18098,0.144806
1498,19757,0.086192
1498,22375,0.063129
1499,16092,0.269807
1500,16195,0.262661
1501,17446,0.922737
1502,17447,0.989457
1503,16068,0.271688
1503,16052,0.052241
1503,16053,0.091603
1504,16927,0.076959
1505,17450,0.191873
1505,19710,0.05858
1505,17495,0.060346
1506,17451,0.342481
1506,17277,0.102652
1507,17452,0.476723
1507,19689,0.092746
1508,17453,0.254005
1508,16493,0.314651
1508,17602,0.150173
1509,17454,0.274103
1509,17453,0.078457
1509,22585,0.061174
1510,17457,0.381519
1510,19033,0.078901
1510,20772,0.1031
1510,17340,0.09769
1511,17458,0.071492
1511,18851,0.2802
1511,22831,0.152191
1512,17459,0.143003
1512,19380,0.114082
1512,23617,0.057993
1512,23337,0.089525
1512,23988,0.071942
1513,17460,0.154121
1513,17921,0.29075
1514,17461,0.061714
1514,18652,0.192456
1514,21385,0.062818
1515,17439,0.516183
1516,16417,0.184682
1517,16565,0.177494
1518,17462,0.120824
1518,20265,0.05017
1518,24032,0.193447
1518,26053,0.067582
1519,17464,0.073435
1519,20924,0.195789
1519,23946,0.072863
1520,17030,0.05822
1520,17466,0.061288
1520,17029,0.077969
1521,17467,0.205284
1522,16978,0.37477
1522,17468,0.204522
1522,19960,0.0543
1522,16681,0.071401
1523,17469,0.12817
1523,17363,0.116181
1523,19385,0.072947
1524,17470,0.135235
1524,17961,0.088027
1524,16158,0.070657
1525,17471,0.135528
1525,19028,0.139453
1525,21071,0.11204
1525,16162,0.101189
1525,22085,0.079958
1526,17303,0.204042
1526,19206,0.055533
1526,19234,0.056037
1526,18047,0.139793
1527,17472,0.546961
1527,26377,0.121288
1528,17473,0.061158
1529,16546,0.264002
1530,16756,0.188635
1531,16119,0.485973
1532,17474,0.058771
1532,17692,0.092258
1532,18711,0.07109
1533,17475,0.191933
1533,22719,0.158994
1534,17477,0.294817
1534,18518,0.13129
1534,18171,0.070416
1535,17480,0.290605
1535,22746,0.051833
1536,17481,0.230621
1536,26294,0.065605
1536,16236,0.073725
1537,17483,0.147626
1537,17484,0.157058
1537,18926,0.223738
1537,17171,0.112675
1538,17486,0.060839
1538,17595,0.171312
1538,19536,0.105793
1539,17487,0.134623
1539,18513,0.15857
1539,19855,0.176155
1540,17488,0.307931
1540,19051,0.058338
1540,21214,0.101279
1541,17489,0.056715
1541,17811,0.122641
1541,18849,0.121916
1542,17491,0.554672
1543,17492,0.099113
1543,18345,0.153676
1543,20169,0.152525
1544,16342,0.400814
1545,16437,0.199201
1545,21070,0.073454
1545,21238,0.062416
1545,24257,0.093763
1546,16196,0.100859
1546,16197,0.146383
1547,16174,0.300364
1548,16207,0.356811
1549,17493,0.125321
1550,16340,0.19792
1551,16053,0.238161
1552,17494,0.13876
1552,16184,0.083913
1553,17495,0.255197
1553,16696,0.104358
1554,16580,0.173285
1554,20784,0.207057
1555,16073,0.416695
1555,18658,0.059601
1556,16460,0.160905
1556,16626,0.306098
1557,17194,0.169278
1557,16905,0.163883
1558,17498,0.535587
1559,17499,0.184758
1559,18060,0.258242
1560,17500,0.253566
1560,19420,0.092248
1560,16303,0.097219
1560,17025,0.11451
1561,17501,0.15457
1561,16889,0.127439
1562,17502,0.157448
1562,20189,0.429652
1562,23971,0.115591
1563,17503,0.052368
1563,17547,0.118554
1563,17836,0.184186
1564,17504,0.495546
1565,16116,0.399666
1566,17506,0.298525
1566,18886,0.08835
1566,22160,0.053361
1567,17507,0.070165
1567,17551,0.054859
1567,17662,0.134034
1567,19005,0.109737
1567,19442,0.050117
1568,16856,0.112185
1568,18116,0.080558
1569,17508,0.091564
1569,18336,0.245352
1569,19824,0.062314
1570,16565,0.084833
1570,16188,0.060585
1571,17510,0.115743
1571,17517,0.074297
1571,18562,0.060031
1571,17449,0.05913
1572,16701,0.10972
1572,17514,0.069176
1572,17110,0.300235
1573,17513,0.090798
1573,24796,0.051958
1573,24850,0.065345
1574,17515,0.054205
1574,17940,0.259445
1574,16973,0.146654
1575,17516,0.220676
1575,23662,0.059814
1575,19494,0.085249
1575,17952,0.143089
1576,17518,0.333001
1577,16970,0.078023
1578,17521,0.069862
1578,17531,0.085926
1579,17522,0.101052
1579,19150,0.380586
1579,26070,0.180774
1580,17523,0.333951
1580,17524,0.186674
1580,23214,0.186669
1581,17525,0.078861
1581,17923,0.129189
1581,20040,0.395268
1582,17526,0.215333
1582,21264,0.213574
1582,24888,0.188068
1582,29141,0.137674
1583,17527,0.313336
1583,16453,0.124337
1583,17451,0.150179
1584,16453,0.172438
1585,17528,0.706357
1586,17529,0.269825
1586,17530,0.17652
1587,17532,0.302144
1587,19809,0.070912
1587,22873,0.083795
1588,16052,0.084821
1589,16119,0.134309
1590,17534,0.246181
1590,19935,0.075151
1590,20022,0.207659
1590,21904,0.081911
1591,17536,0.255848
1592,17537,0.067442
1592,17721,0.130213
1592,22600,0.058029
1592,28456,0.067224
1593,17538,0.297646
1593,16982,0.117948
1594,17539,0.2595
1594,17908,0.187108
1594,24134,0.082239
1595,17540,0.51506
1596,17541,0.250184
1596,20030,0.099006
1596,21292,0.164126
1596,22681,0.064951
1597,17542,0.243436
1597,19492,0.069159
1598,17543,0.390657
1598,28287,0.148527
1599,17544,0.056338
1599,17705,0.330576
1599,24501,0.105411
1600,17546,0.550243
1601,16339,0.07878
1601,16124,0.144118
1602,16562,0.106814
1602,19194,0.124663
1603,16195,0.12354
1604,17550,0.487409
1605,16104,0.390368
1606,16279,0.197454
1607,16175,0.339996
1608,16409,0.443997
1609,17553,0.101783
1610,16246,0.217493
1610,16068,0.271675
1611,17554,0.099604
1611,16151,0.07037
1612,17555,0.098409
1612,20495,0.058047
1612,19990,0.097257
1612,19633,0.094221
1613,17556,0.081224
1613,22391,0.102234
1613,20801,0.103514
1613,23983,0.219365
1614,17557,0.309181
1614,18887,0.088248
1615,16124,0.162297
1615,16339,0.150987
1616,16279,0.15716
1617,16573,0.081488
1618,16101,0.338931
1619,17558,0.209708
1619,18547,0.098729
1619,19545,0.132426
1620,17336,0.252713
1620,16507,0.20338
1621,17560,0.530828
1621,17561,0.153056
1622,17562,0.288324
1622,19754,0.088628
1623,17565,0.081582
1623,16452,0.245998
1624,17114,0.124534
1625,17567,0.334409
1625,19348,0.11751
1625,20811,0.09188
1626,17568,0.073816
1626,20331,0.10691
1626,28415,0.051492
1627,17569,0.176573
1627,24794,0.109754
1627,26442,0.092865
1628,16118,0.167398
1628,16559,0.129268
1629,16412,0.200737
1629,16052,0.164075
1630,17570,0.217141
1631,16342,0.347351
1632,17571,0.408575
1633,16414,0.412216
1634,16547,0.170706
1634,19623,0.187348
1635,16279,0.295996
1636,17572,0.395011
1636,23918,0.051363
1636,27325,0.123852
1637,16104,0.065633
1637,16100,0.055328
1638,17573,0.105899
1638,18340,0.287644
1638,16626,0.055236
1639,17574,0.055742
1639,16629,0.077754
1639,21759,0.173378
1639,22197,0.160231
1640,17577,0.072729
1640,18111,0.211375
1641,16117,0.221889
1642,16970,0.241893
1642,16805,0.151597
1643,16176,0.104069
1643,16317,0.143337
1643,18892,0.229994
1644,17579,0.194359
1644,18940,0.137605
1644,21202,0.059354
1645,17580,0.2687
1645,17583,0.09493
1645,18154,0.070865
1646,17581,0.390982
1646,17577,0.170981
1647,17582,0.156608
1647,18798,0.076966
1647,17581,0.125153
1648,17584,0.050602
1648,18164,0.087607
1648,24779,0.106602
1649,16100,0.251252
1650,16276,0.209101
1650,17585,0.184394
1651,17306,0.116443
1651,21706,0.138642
1651,21079,0.085776
1651,19918,0.101725
1652,17587,0.137348
1652,17973,0.052411
1652,16654,0.052568
1653,17588,0.123587
1653,18038,0.217612
1653,18042,0.128819
1654,17589,0.065608
1654,17591,0.210266
1654,19076,0.11587
1654,26257,0.117321
1655,17590,0.357643
1655,23822,0.052489
1656,17592,0.052363
1656,17594,0.113978
1656,21627,0.094351
1657,17593,0.305465
1657,19857,0.072278
1657,20822,0.059735
1658,16173,0.190055
1658,16175,0.277387
1659,16091,0.171368
1660,17596,0.093416
1661,17598,0.055864
1661,21125,0.055125
1661,18936,0.056736
1661,19108,0.172341
1661,21688,0.079169
1662,17599,0.707298
1663,16912,0.102701
1663,16487,0.360069
1663,17324,0.053525
1664,16310,0.089322
1664,16311,0.062483
1664,17511,0.077596
1664,20797,0.073602
1664,16958,0.084844
1665,16342,0.058655
1666,17601,0.430126
1667,16079,0.272191
1668,16113,0.200691
1669,16339,0.254929
1670,17473,0.091469
1671,17603,0.06686
1671,16966,0.150799
1671,18152,0.066849
1672,17604,0.239846
1672,19269,0.264485
1673,17605,0.270368
1673,18383,0.098047
1673,19323,0.061899
1674,17606,0.500153
1674,20107,0.068872
1675,17214,0.620528
1676,16951,0.076061
1676,17347,0.170753
1676,21744,0.106088
1677,17012,0.158106
1677,16601,0.101689
1677,17826,0.062189
1678,16177,0.167972
1678,19419,0.119443
1678,20018,0.112327
1679,17610,0.422313
1679,23173,0.220753
1680,17611,0.128837
1680,18041,0.117238
1680,16331,0.161498
1680,18479,0.064117
1681,17612,0.055307
1681,19079,0.273961
1681,20709,0.059303
1681,23424,0.083221
1682,17613,0.403393
1682,23265,0.077757
1683,16456,0.302141
1683,20171,0.206883
1683,24219,0.052598
1683,24524,0.089408
1684,17614,0.291027
1684,21327,0.078625
1684,23269,0.062811
1685,17615,0.410786
1685,19067,0.061261
1685,21742,0.091088
1685,17374,0.092796
1686,17616,0.123468
1686,16068,0.053819
1686,19861,0.050484
1687,16409,0.452961
1687,20137,0.053208
1688,17086,0.288024
1688,17004,0.165973
1688,16947,0.239754
1689,17619,0.284358
1689,20025,0.129035
1689,20982,0.050247
1690,17620,0.078825
1690,20026,0.074264
1690,23012,0.050088
1690,20604,0.066093
1690,23244,0.050297
1691,17621,0.182832
1691,21321,0.050762
1691,22700,0.095776
1692,17623,0.065017
1692,16376,0.053383
1693,16270,0.116097
1694,16174,0.327922
1695,16756,0.173682
1696,17624,0.058377
1696,19899,0.053191
1696,20286,0.147872
1697,16567,0.306398
1698,16339,0.097642
1699,17627,0.359389
1700,16567,0.206726
1701,17628,0.162288
1702,16873,0.098051
1703,16215,0.219725
1704,16207,0.352868
1705,17630,0.553426
1706,17631,0.144557
1706,17262,0.051359
1706,17259,0.123418
1707,16514,0.431333
1707,17634,0.429239
1708,17632,0.237644
1709,17633,0.620499
1710,16414,0.3181
1711,17636,0.13761
1711,16287,0.197357
1711,27284,0.112438
1711,28152,0.073078
1712,17638,0.367031
1712,17888,0.156567
1713,17639,0.137775
1714,17641,0.129056
1714,17885,0.306772
1715,16092,0.221929
1716,16484,0.351372
1717,17643,0.247526
1718,17644,0.408419
1719,17645,0.16906
1719,18146,0.192785
1719,19136,0.051759
1720,17646,0.053782
1721,16113,0.409918
1722,17647,0.201253
1722,16653,0.087831
1722,22936,0.206534
1723,17648,0.27499
1723,17688,0.14073
1723,16056,0.079449
1724,17649,0.52671
1725,16052,0.055941
1726,16101,0.256215
1727,16093,0.348499
1728,17650,0.086287
1728,16966,0.107237
1728,19595,0.181591
1729,16054,0.126183
1730,16119,0.373541
1731,16756,0.065744
1731,16274,0.05837
1732,16118,0.258409
1733,16148,0.408671
1734,17653,0.1552
1735,17654,0.204422
1735,18272,0.103552
1735,18855,0.059926
1736,17655,0.321037
1737,16101,0.328191
1737,16100,0.05512
1738,17656,0.268985
1738,19392,0.089004
1739,17371,0.068967
1739,16433,0.213993
1739,16682,0.090851
1739,17991,0.072727
1740,17657,0.339158
1741,16484,0.446101
1741,16195,0.071702
1742,17658,0.2556
1743,17659,0.629361
1744,17660,0.056633
1744,19006,0.05408
1744,20581,0.127641
1745,17661,0.205329
1745,17663,0.087954
1745,22467,0.082753
1746,16294,0.315549
1747,17664,0.066832
1747,21766,0.091295
1747,21781,0.05186
1747,20480,0.066764
1748,17665,0.293772
1748,17303,0.149527
1749,16524,0.384781
1750,17666,0.095774
1750,19261,0.384355
1750,24735,0.051487
1751,17285,0.155708
1751,17706,0.062925
1751,23480,0.206813
1752,17667,0.074786
1752,18676,0.191149
1752,20036,0.196047
1752,21000,0.08058
1753,17668,0.190726
1753,19043,0.090946
1753,19845,0.247375
1753,22225,0.074923
1753,23896,0.062926
1754,17319,0.157729
1754,16820,0.119151
1754,19309,0.220405
1754,20337,0.071771
1755,16068,0.054667
1756,17305,0.090217
1756,21959,0.263614
1756,22325,0.054701
1756,24482,0.067924
1756,18915,0.061481
1757,17669,0.081698
1757,16328,0.175703
1757,19633,0.054207
1757,24733,0.059617
1757,24812,0.051332
1758,17670,0.210065
1759,17451,0.568455
1760,16925,0.475491
1761,17223,0.400597
1762,17062,0.24607
1762,16212,0.110346
1763,16949,0.417553
1763,22747,0.05035
1764,16787,0.474166
1764,16685,0.054032
1765,17674,0.348872
1766,17675,0.137028
1766,22372,0.136923
1766,20400,0.110498
1766,26728,0.16182
1767,17676,0.513082
1767,17677,0.303714
1768,17677,0.164394
1768,17536,0.291925
1768,21486,0.085647
1768,22320,0.083702
1769,17678,0.684361
1770,17366,0.27302
1770,18794,0.096
1770,24744,0.051889
1770,28409,0.051889
1771,17679,0.192206
1772,16124,0.179127
1772,16559,0.215758
1773,17680,0.133122
1773,18901,0.092151
1773,21323,0.121586
1774,17681,0.050202
1774,17997,0.112651
1774,20337,0.230331
1775,17682,0.137091
1775,19424,0.143262
1775,23487,0.057903
1775,27613,0.058007
1776,17683,0.084748
1776,16682,0.050779
1776,16705,0.099206
1777,16104,0.08542
1778,17439,0.197484
1779,17361,0.183099
1780,17684,0.386349
1780,21112,0.131546
1781,17685,0.252279
1781,19849,0.212467
1781,26390,0.06342
1782,17169,0.479267
1783,16568,0.251106
1783,19861,0.085777
1783,17616,0.075613
1784,16798,0.072356
1784,19039,0.058193
1784,21573,0.075726
1784,26210,0.072112
1784,27963,0.056394
1785,16279,0.349689
1786,16102,0.259105
1786,16279,0.05129
1787,17686,0.282471
1787,19906,0.115323
1788,17687,0.08155
1788,20780,0.130752
1789,17688,0.464316
1790,17007,0.434595
1790,16388,0.271713
1790,16523,0.096241
1791,17277,0.26775
1791,18758,0.065866
1791,22335,0.077786
1791,22096,0.233921
1792,17693,0.378362
1792,28582,0.052214
1793,17694,0.158384
1794,17695,0.062619
1795,17696,0.220317
1795,19815,0.051305
1795,19816,0.051103
1796,17697,0.071404
1796,20658,0.195069
1796,17430,0.052021
1797,17698,0.103359
1797,17819,0.102533
1797,16237,0.105138
1797,16087,0.057466
1798,17700,0.057305
1798,18496,0.450404
1798,20280,0.11207
1799,17701,0.368141
1800,17703,0.220605
1800,16437,0.139707
1801,16437,0.11839
1801,16635,0.128024
1801,23974,0.080367
1802,17704,0.591629
1803,17706,0.156058
1803,17285,0.055331
1803,21553,0.11722
1803,16467,0.151784
1804,16941,0.218815
1804,18437,0.152419
1804,22800,0.084381
1805,16095,0.172122
1805,18102,0.234364
1805,21065,0.123402
1805,21076,0.05252
1806,16096,0.132028
1806,18073,0.323075
1806,18995,0.074564
1807,16105,0.079152
1807,17707,0.420341
1807,16866,0.071118
1807,16867,0.060592
1808,17708,0.302683
1808,20856,0.051447
1809,16328,0.1443
1809,16744,0.076833
1809,19570,0.074322
1810,17712,0.729116
1811,16119,0.392762
1812,16559,0.24869
1813,17713,0.124491
1813,20218,0.165935
1813,22637,0.064394
1813,16148,0.135936
1814,17714,0.086567
1814,21775,0.468547
1815,17715,0.292638
1816,17716,0.182846
1816,17719,0.15482
1816,24197,0.238924
1817,17718,0.119175
1817,18641,0.182857
1817,23059,0.099324
1818,17720,0.052508
1818,20096,0.231284
1818,20177,0.141804
1818,23323,0.067375
1819,17722,0.25074
1819,16551,0.266072
1820,17723,0.501001
1821,17724,0.2309
1821,19022,0.061483
1821,23759,0.057589
1822,17725,0.186441
1822,25135,0.166907
1823,17727,0.079549
1823,25652,0.070741
1823,25730,0.083362
1823,19639,0.05249
1824,17728,0.364981
1824,18815,0.141016
1825,16305,0.449015
1825,17449,0.088772
1826,17453,0.081328
1826,17732,0.212503
1826,18270,0.165526
1826,23114,0.061504
1827,17733,0.210262
1827,17737,0.076078
1827,17620,0.059217
1828,17734,0.280116
1828,22822,0.097341
1828,27853,0.072599
1829,17735,0.070435
1829,25397,0.224388
1829,26778,0.074992
1830,17736,0.147189
1830,26193,0.23063
1830,26384,0.105573
1831,16260,0.101029
1831,17666,0.309063
1832,16253,0.314824
1832,16261,0.065392
1833,17739,0.127133
1833,16542,0.191071
1833,16302,0.06557
1834,16068,0.072004
1834,16276,0.206093
1835,17741,0.195556
1835,20216,0.123857
1835,22857,0.05838
1836,17456,0.365207
1836,16993,0.055883
1837,16346,0.132133
1837,20225,0.283
1838,16850,0.258451
1838,18506,0.144341
1838,24407,0.078761
1839,16305,0.507507
1840,17744,0.288442
1840,21588,0.177604
1841,17745,0.227067
1841,16635,0.243838
1841,19096,0.093839
1842,16119,0.519062
1843,17746,0.124118
1844,17747,0.095424
1844,19547,0.350358
1845,16279,0.123373
1846,17415,0.18545
1846,16143,0.134813
1846,19475,0.09228
1847,16100,0.241743
1848,16100,0.098412
1849,16826,0.208399
1849,18698,0.225332
1850,17749,0.085084
1850,17897,0.129226
1850,17595,0.112711
1851,17750,0.082197
1851,18901,0.088168
1851,16438,0.056343
1851,22001,0.078311
1851,18642,0.250136
1852,16695,0.495166
1853,16131,0.345553
1854,16270,0.078149
1854,16649,0.311655
1854,16612,0.078985
1855,17753,0.522311
1856,16174,0.265097
1857,17754,0.100556
1857,22401,0.182074
1857,17651,0.106775
1858,17755,0.306009
1858,18228,0.071214
1858,20686,0.104794
1859,16052,0.320479
1860,16091,0.322572
1860,16173,0.058373
1861,17634,0.094191
1862,16340,0.061216
1863,17756,0.33966
1864,16054,0.283393
1865,17757,0.13635
1865,16409,0.195734
1865,16119,0.096884
1865,16491,0.080647
1866,16274,0.498632
1867,16118,0.126633
1868,17761,0.129051
1868,18384,0.088196
1868,19533,0.102059
1868,19593,0.086529
1869,17762,0.162177
1869,18732,0.228603
1870,17763,0.390855
1870,17766,0.059252
1870,22774,0.05235
1871,16118,0.161385
1872,16104,0.179883
1873,16279,0.240218
1874,17274,0.275709
1875,16160,0.374709
1875,16246,0.163951
1876,16760,0.353897
1877,16185,0.330543
1878,16100,0.258438
1879,16275,0.404047
1880,17764,0.173849
1880,24637,0.177127
1881,17765,0.16537
1881,19339,0.05316
1882,17766,0.098776
1882,16889,0.05111
1883,17767,0.085209
1883,16057,0.184904
1883,16587,0.291502
1884,16114,0.440272
1885,17768,0.117365
1886,17769,0.553991
1887,17771,0.052218
1887,20452,0.051097
1887,24294,0.112424
1887,25035,0.050257
1887,24383,0.07299
1888,17772,0.087254
1888,17617,0.082323
1888,19769,0.058422
1888,19386,0.168076
1889,16479,0.345971
1890,16088,0.360905
1890,17773,0.076625
1890,19985,0.172095
1891,16101,0.402675
1892,16547,0.366579
1893,17342,0.185255
1893,16612,0.06833
1894,16174,0.05041
1895,16093,0.192839
1895,17875,0.161036
1896,17776,0.068372
1897,17777,0.118759
1897,16140,0.059518
1897,17021,0.080393
1898,17527,0.136969
1898,20206,0.104069
1898,17355,0.094184
1899,16456,0.258009
1899,16089,0.272034
1900,17778,0.058859
1900,16451,0.187451
1900,18579,0.06772
1901,17779,0.411243
1901,19672,0.18829
1902,17780,0.172059
1903,16279,0.063634
1904,17781,0.137127
1904,16574,0.259152
1904,19955,0.062796
1905,17783,0.100607
1905,16098,0.321827
1906,17785,0.15619
1906,21984,0.154443
1907,17786,0.221025
1907,16657,0.096061
1907,19743,0.085456
1907,23434,0.080457
1908,17789,0.06155
1908,19667,0.068613
1908,21630,0.198662
1909,17790,0.369703
1909,22866,0.052482
1910,16118,0.39114
1910,16722,0.236719
1911,16197,0.137054
1912,16279,0.191155
1913,17793,0.057182
1913,16302,0.084625
1913,19344,0.133203
1914,16087,0.266687
1914,17794,0.118931
1914,22610,0.070994
1915,16354,0.365971
1916,17795,0.147866
1917,16562,0.162104
1918,16559,0.191501
1918,16124,0.3112
1918,16722,0.269912
1919,17797,0.423441
1919,18177,0.072968
1919,23282,0.059521
1920,17190,0.112685
1920,21231,0.101961
1921,16688,0.074085
1921,19173,0.179865
1922,17798,0.476152
1922,22654,0.062025
1922,25594,0.052812
1923,16412,0.328148
1924,17799,0.051855
1924,26472,0.099106
1925,16207,0.396272
1926,16760,0.391073
1927,17801,0.199112
1927,25945,0.19912
1927,27539,0.111308
1928,17802,0.094763
1928,18368,0.096227
1929,16054,0.149055
1930,16175,0.310963
1930,16173,0.258839
1931,16114,0.171615
1932,16207,0.410538
1933,17803,0.066645
1933,17804,0.140348
1933,16658,0.199269
1933,23454,0.067083
1934,16842,0.18716
1935,17806,0.065124
1935,24874,0.100872
1935,16470,0.108151
1935,18165,0.164059
1936,17807,0.158202
1936,18245,0.072883
1936,18570,0.088497
1937,17808,0.100403
1937,21788,0.22877
1937,26939,0.096169
1938,17809,0.062619
1938,17634,0.126407
1939,17419,0.3543
1939,16994,0.328588
1940,16994,0.303419
1940,16453,0.289439
1940,20370,0.056289
1941,17812,0.222462
1941,16427,0.180405
1942,17815,0.16995
1942,20440,0.241154
1943,17817,0.495383
1943,22399,0.096844
1944,17818,0.441456
1944,16517,0.059367
1945,17688,0.234772
1945,17821,0.136955
1945,16551,0.053995
1946,17823,0.475505
1946,19557,0.063384
1947,17824,0.536147
1948,17825,0.085291
1949,16279,0.377571
1950,17262,0.104416
1950,18973,0.058783
1951,17425,0.099546
1951,17322,0.314086
1951,25049,0.077264
1952,16113,0.227836
1952,23510,0.064249
1953,17562,0.33656
1954,16215,0.279806
1955,17829,0.065629
1955,20953,0.252168
1955,24478,0.059868
1956,16274,0.061761
1956,16612,0.056658
1957,16274,0.098151
1957,16612,0.198926
1958,17830,0.091279
1958,20013,0.146124
1958,16613,0.064339
1958,19390,0.060286
1958,22229,0.055555
1959,16477,0.150666
1960,16559,0.240126
1960,16124,0.351284
1961,17831,0.07197
1961,20969,0.053319
1961,17884,0.177442
1962,17832,0.31708
1962,21034,0.099733
1962,21035,0.118713
1963,16160,0.304952
1964,17833,0.062618
1965,17834,0.333681
1965,26234,0.279529
1966,17835,0.117681
1966,19149,0.119395
1966,21828,0.142219
1966,22236,0.112596
1967,17837,0.147206
1967,16630,0.236752
1967,22509,0.214952
1968,17839,0.601084
1968,16844,0.17948
1969,17840,0.068629
1969,17177,0.089858
1970,16068,0.365302
1971,17784,0.207802
1971,17886,0.055716
1971,19748,0.132981
1971,20496,0.087225
1972,17841,0.067541
1972,18439,0.210296
1973,17842,0.059388
1973,19345,0.283978
1974,17843,0.359795
1974,18405,0.122762
1974,19032,0.080295
1975,17844,0.359918
1975,20320,0.081205
1976,16927,0.112231
1976,16068,0.264287
1976,16102,0.185478
1977,16068,0.13128
1978,17845,0.281079
1979,16279,0.531093
1980,17846,0.475164
1980,19049,0.121431
1981,16091,0.240347
1981,19284,0.110084
1981,17439,0.066748
1982,17848,0.572126
1983,17849,0.214907
1983,18818,0.09368
1984,17850,0.256817
1984,20519,0.089993
1985,17851,0.253128
1985,19297,0.070799
1985,17888,0.061119
1985,21718,0.052083
1986,17586,0.309103
1986,18302,0.101188
1986,18054,0.067245
1986,27371,0.052317
1987,17852,0.18051
1987,21999,0.105094
1988,17853,0.112633
1988,21058,0.21952
1988,28057,0.231698
1989,17854,0.188091
1989,18849,0.379024
1990,17855,0.221744
1991,17858,0.057444
1992,17860,0.161984
1992,19655,0.20786
1993,16226,0.271753
1993,16230,0.409655
1994,17861,0.136767
1994,23870,0.133853
1995,16113,0.225226
1996,16208,0.245455
1996,28979,0.070077
1997,17863,0.233669
1997,18387,0.131789
1998,16318,0.053117
1998,20845,0.089844
1998,22118,0.167293
1999,17867,0.146682
1999,20326,0.094955
1999,26211,0.071589
2000,17868,0.3599
2001,17869,0.122302
2001,23277,0.080631
2002,17870,0.083936
2002,18549,0.11066
2003,16631,0.196737
2003,18902,0.102367
2003,16346,0.055767
2004,17871,0.161516
2004,18278,0.09925
2005,16756,0.284353
2006,17872,0.245129
2006,23287,0.073236
2006,16224,0.057382
2007,17873,0.355432
2007,21709,0.159728
2007,24519,0.054194
2008,17874,0.052072
2008,16881,0.165562
2008,17485,0.128161
2008,25523,0.05286
2008,21259,0.061801
2009,17875,0.099563
2010,17876,0.343486
2011,17877,0.832905
2012,16160,0.357865
2013,16830,0.16833
2013,17780,0.062471
2014,17878,0.221877
2014,17218,0.070697
2014,16600,0.089965
2014,22276,0.053795
2015,16268,0.248366
2015,21990,0.119417
2016,16927,0.225729
2017,16342,0.287714
2017,16068,0.159978
2017,16340,0.051028
2018,17881,0.13746
2018,19879,0.137503
2018,20677,0.326528
2019,17882,0.118258
2019,18626,0.342385
2019,22421,0.178059
2020,17883,0.220306
2020,18762,0.074397
2021,16567,0.736579
2022,16197,0.39303
2023,16567,0.247034
2024,16279,0.212922
2025,16197,0.397652
2026,17885,0.222671
2027,17887,0.156837
2027,22480,0.193474
2028,16954,0.149702
2028,20729,0.17407
2028,16748,0.072477
2028,16791,0.053177
2029,16277,0.153053
2030,16100,0.205239
2030,16101,0.347757
2031,16091,0.455127
2032,16207,0.409288
2033,16207,0.307648
2034,16100,0.109756
2034,16160,0.092898
2034,19045,0.085181
2035,16052,0.077006
2036,17889,0.407089
2037,17890,0.328976
2038,17891,0.597246
2039,16334,0.34935
2039,20790,0.160213
2040,17893,0.110228
2040,22094,0.06704
2040,22555,0.110661
2041,17895,0.120145
2041,23125,0.154647
2041,21404,0.077012
2042,16277,0.263701
2042,23802,0.060818
2043,17899,0.397724
2044,16173,0.173484
2044,16091,0.06622
2045,17902,0.186
2045,18555,0.156343
2045,21838,0.070342
2045,21839,0.078557
2046,17905,0.545502
2047,17012,0.05137
2047,16245,0.176421
2047,16140,0.124149
2047,16177,0.088885
2047,19881,0.05037
2048,17906,0.176534
2048,20379,0.092864
2049,16727,0.070017
2049,17909,0.10905
2049,17911,0.051025
2049,17444,0.079202
2049,20897,0.081788
2049,25846,0.077996
2050,17907,0.093089
2050,19135,0.070091
2050,19722,0.196552
2051,17444,0.664653
2052,17910,0.243217
2052,25905,0.146611
2052,27106,0.152746
2052,28316,0.052116
2053,17912,0.068596
2053,18426,0.191664
2053,18427,0.294472
2054,17913,0.124616
2054,18361,0.091265
2054,22520,0.063256
2055,17914,0.240559
2055,24267,0.208827
2055,27699,0.095063
2056,17444,0.363942
2056,25534,0.15788
2056,25535,0.089063
2056,26749,0.08906
2057,17915,0.145924
2057,22598,0.10714
2057,18451,0.100476
2057,27091,0.087339
2058,17029,0.051716
2058,18742,0.082818
2058,19417,0.056512
2059,17763,0.196053
2059,17766,0.113478
2060,17916,0.172096
2060,20898,0.094615
2060,23322,0.066474
2060,29050,0.093004
2061,17917,0.056228
2061,18539,0.178448
2061,16284,0.15717
2061,25821,0.065997
2062,16245,0.132146
2062,17785,0.309967
2062,22663,0.079745
2063,17918,0.366785
2063,18552,0.055956
2064,17920,0.254476
2064,19281,0.084697
2064,20422,0.050639
2065,16118,0.058315
2065,16208,0.289185
2066,16147,0.117027
2067,17922,0.270209
2067,19305,0.054346
2067,28125,0.065107
2068,17038,0.331022
2068,17920,0.335968
2068,23797,0.058513
2069,17924,0.289257
2069,20000,0.063558
2070,17925,0.121852
2070,17926,0.217978
2070,19632,0.1958
2071,17929,0.103966
2071,19024,0.097465
2072,17931,0.09312
2073,16270,0.316222
2073,16612,0.317823
2074,16207,0.18873
2075,17932,0.659007
2076,17933,0.300803
2076,18609,0.11833
2077,16383,0.230022
2077,16843,0.162068
2077,19786,0.102391
2078,16275,0.293546
2079,16856,0.090545
2079,18116,0.055249
2079,18336,0.061862
2079,17578,0.052453
2080,16084,0.143002
2080,17935,0.171517
2080,19883,0.087028
2080,21537,0.05697
2081,16068,0.150586
2082,17936,0.318268
2082,19191,0.056888
2083,16506,0.195341
2083,28860,0.12785
2084,16354,0.553772
2085,16417,0.060669
2086,17688,0.165238
2086,17821,0.08338
2086,18939,0.05245
2087,17939,0.194769
2087,16676,0.143986
2087,24878,0.08737
2088,17940,0.095303
2088,16973,0.324727
2088,21238,0.156484
2089,16195,0.296683
2090,16484,0.318049
2090,16195,0.104926
2091,17941,0.101518
2091,26298,0.05677
2091,27295,0.056767
2092,17942,0.26724
2092,18967,0.114735
2092,21934,0.057084
2092,23555,0.057028
2093,17306,0.216867
2093,25548,0.082
2094,17943,0.37475
2094,19449,0.070646
2094,27838,0.059777
2095,17944,0.23268
2096,17616,0.119006
2096,16568,0.235994
2096,19861,0.074454
2097,16151,0.217308
2097,17946,0.340626
2097,18482,0.067931
2098,17947,0.164616
2098,22679,0.331241
2099,17948,0.392246
2099,26134,0.107359
2100,17949,0.227622
2100,20959,0.066878
2100,29017,0.067579
2101,16103,0.052668
2102,17950,0.073515
2102,17951,0.080058
2102,19666,0.201296
2103,17952,0.226328
2103,23397,0.126585
2104,17953,0.07441
2104,20623,0.170754
2104,22682,0.053952
2104,23263,0.054502
2104,17292,0.063641
2105,17954,0.214587
2105,22235,0.228249
2106,17956,0.123256
2106,18104,0.284023
2106,19017,0.074077
2107,17957,0.065045
2107,23730,0.162856
2107,24475,0.073273
2107,25025,0.076796
2107,19512,0.064459
2108,17958,0.109421
2108,27003,0.152287
2109,17959,0.102817
2109,18683,0.074505
2109,20526,0.064105
2110,17960,0.093384
2110,21582,0.262703
2110,21772,0.066909
2111,16342,0.447239
2112,16944,0.699332
2113,16573,0.17789
2113,16417,0.06706
2113,16112,0.159556
2114,17965,0.099225
2114,17629,0.08037
2114,16816,0.085278
2114,16947,0.22591
2115,17966,0.416302
2115,18812,0.055339
2116,17967,0.279275
2116,18698,0.116445
2116,16632,0.068349
2117,17620,0.171763
2117,22816,0.074889
2117,23704,0.061182
2118,17705,0.409781
2118,16467,0.323583
2119,17968,0.184418
2119,26528,0.051009
2120,17970,0.188773
2120,18377,0.108881
2121,17268,0.124422
2121,16782,0.444778
2122,17973,0.440013
2122,17974,0.058852
2122,17831,0.218708
2122,24832,0.062989
2123,17973,0.556564
2123,17884,0.114437
2124,17976,0.16241
2124,19169,0.301673
2124,21128,0.095422
2124,28296,0.068473
2125,17979,0.052371
2125,19230,0.067489
2125,20666,0.063674
2125,17069,0.126548
2126,16061,0.060386
2126,21928,0.1469
2126,23213,0.051197
2127,17225,0.358832
2128,17980,0.092975
2128,16183,0.068953
2129,17980,0.320248
2130,17981,0.479351
2131,17982,0.180777
2131,18389,0.069223
2131,18390,0.215264
2131,24596,0.079279
2132,17983,0.333337
2132,17988,0.074833
2132,19868,0.053771
2132,22962,0.060745
2132,24837,0.076724
2133,17984,0.05744
2133,17965,0.090085
2133,19096,0.298132
2133,16456,0.117583
2134,17985,0.168313
2134,17443,0.102293
2135,17986,0.075465
2135,19010,0.09536
2135,21490,0.054037
2136,17987,0.096671
2136,20195,0.189306
2137,17989,0.445642
2137,24757,0.259978
2138,17990,0.533282
2139,17991,0.455686
2139,28175,0.050468
2140,17992,0.442189
2141,17993,0.17584
2141,18122,0.168785
2141,21710,0.086707
2142,17994,0.054319
2142,16178,0.203341
2142,18072,0.32553
2143,17995,0.172277
2143,17175,0.115512
2144,17996,0.095925
2144,19859,0.065102
2144,19694,0.092771
2144,25362,0.150022
2145,16614,0.158789
2145,20592,0.057811
2145,16359,0.216287
2146,17304,0.153275
2146,18006,0.276656
2146,18671,0.060225
2146,20695,0.060785
2147,17998,0.237015
2147,27094,0.081142
2148,17999,0.170568
2148,22208,0.102851
2149,18000,0.463716
2150,17170,0.079168
2151,18001,0.133086
2151,18002,0.113607
2151,16435,0.075648
2151,18857,0.055016
2152,18003,0.222751
2152,18771,0.117368
2152,21166,0.172978
2152,27482,0.069826
2153,17884,0.161182
2153,17831,0.298558
2154,16119,0.325104
2155,18004,0.513867
2156,16185,0.234081
2157,18007,0.669665
2158,16183,0.238542
2159,18008,0.520525
2160,16246,0.060716
2161,18009,0.120229
2161,20257,0.185348
2161,22801,0.066134
2161,26064,0.053164
2162,18010,0.051572
2162,18937,0.090755
2162,19165,0.37748
2163,18011,0.149793
2163,18492,0.154279
2163,23518,0.074625
2163,23941,0.067283
2164,16210,0.346082
2164,16091,0.169609
2165,16101,0.358657
2166,16114,0.196112
2167,16197,0.314387
2168,18012,0.071801
2169,17579,0.387884
2169,18546,0.076373
2170,16409,0.558304
2171,16760,0.321908
2171,16052,0.096437
2172,18014,0.232827
2172,22579,0.373331
2173,16052,0.190168
2173,21192,0.055105
2174,18016,0.133725
2174,25935,0.061456
2174,26852,0.061311
2174,27661,0.085635
2175,18017,0.201509
2175,17519,0.228577
2176,18018,0.283237
2177,16217,0.138274
2178,16612,0.258345
2178,22230,0.058909
2178,22989,0.058654
2179,16104,0.283263
2180,18019,0.091695
2181,17462,0.097705
2182,18020,0.16919
2182,19055,0.26713
2183,18021,0.318272
2183,18022,0.311633
2184,16185,0.276258
2185,16118,0.198656
2186,17619,0.110697
2186,20344,0.157462
2186,20982,0.053194
2186,21701,0.064963
2187,17202,0.786643
2188,18023,0.180052
2189,16118,0.077816
2189,18037,0.382033
2190,16175,0.264002
2191,18024,0.404303
2191,25899,0.142311
2191,25976,0.120515
2192,18025,0.057289
2192,22108,0.073512
2192,27524,0.057287
2193,18029,0.410948
2193,19282,0.134717
2193,29064,0.059401
2194,18030,0.180128
2194,22158,0.247766
2195,17646,0.052571
2195,16704,0.08555
2196,18036,0.166206
2196,20626,0.119231
2197,18037,0.365229
2197,19501,0.101641
2197,16118,0.071679
2198,18039,0.062935
2198,17621,0.092608
2198,20632,0.126164
2198,21423,0.073371
2199,18040,0.088534
2199,20350,0.156965
2199,24782,0.084323
2200,17495,0.112265
2200,19464,0.096703
2200,21286,0.055094
2201,16758,0.152665
2201,19369,0.062086
2201,20559,0.096116
2201,22082,0.063813
2202,17603,0.404737
2202,18842,0.060822
2202,24425,0.066278
2203,16309,0.0627
2203,18423,0.225713
2203,16721,0.096498
2204,18044,0.073936
2204,23404,0.084663
2204,26648,0.076928
2205,18045,0.349186
2205,18046,0.250174
2205,21618,0.104423
2206,18049,0.245384
2206,18790,0.120381
2207,18050,0.173559
2207,17450,0.091939
2207,25845,0.067616
2207,29042,0.097875
2208,16328,0.332891
2208,20020,0.053665
2209,17167,0.479398
2209,24804,0.058871
2210,17987,0.390012
2210,17647,0.209289
2210,20971,0.173236
2211,18051,0.120978
2211,18832,0.246099
2212,18011,0.27092
2212,16604,0.188439
2213,17586,0.324591
2213,18054,0.09017
2213,18302,0.052307
2213,18640,0.134627
2214,18053,0.088018
2214,23291,0.256394
2215,16235,0.389859
2215,21592,0.193165
2216,17927,0.192315
2216,19592,0.185918
2216,26314,0.103046
2217,18055,0.221454
2217,21205,0.103539
2218,18056,0.117451
2218,17872,0.13421
2218,19983,0.159697
2218,16235,0.059688
2218,23889,0.08976
2219,18057,0.089369
2219,21313,0.072151
2220,18061,0.321143
2220,22243,0.188183
2221,16559,0.26666
2222,16417,0.086189
2223,18063,0.361461
2223,20711,0.05238
2223,25042,0.089144
2224,17382,0.424027
2224,20192,0.110762
2225,18065,0.074261
2225,18151,0.29367
2225,18067,0.279364
2226,18066,0.483561
2226,18067,0.310122
2227,18067,0.46256
2227,18432,0.063852
2228,18068,0.091448
2228,18598,0.071746
2228,18882,0.371645
2228,19994,0.058869
2229,18070,0.637055
2230,16899,0.151082
2230,17337,0.102923
2230,23023,0.138807
2231,16091,0.238263
2232,16068,0.234294
2233,18074,0.257782
2233,20557,0.170483
2233,21808,0.14317
2234,16275,0.16779
2234,21154,0.052606
2234,20939,0.114807
2235,16114,0.401222
2236,18075,0.491884
2236,25476,0.164553
2237,18076,0.117754
2237,18793,0.208228
2238,18079,0.569805
2239,18081,0.254893
2239,19942,0.167577
2239,20408,0.058692
2240,18082,0.076193
2240,20738,0.164972
2240,18433,0.077979
2240,16727,0.099474
2241,16451,0.108086
2241,18579,0.095753
2241,18804,0.055908
2241,17855,0.064092
2242,18083,0.346965
2242,24239,0.073196
2243,16598,0.054817
2243,18202,0.35457
2244,18084,0.066877
2244,23210,0.10073
2244,25360,0.222925
2244,25361,0.12374
2244,28930,0.066423
2245,16417,0.133151
2246,16279,0.174023
2247,16197,0.277571
2248,18085,0.098715
2249,18086,0.328753
2249,22432,0.067752
2249,25639,0.06127
2250,16756,0.193829
2251,18089,0.429504
2251,19735,0.252827
2252,17562,0.230469
2252,17383,0.296591
2253,18090,0.3753
2254,16674,0.34783
2254,21974,0.252698
2254,28433,0.064266
2255,16399,0.06769
2255,22742,0.098575
2255,24955,0.128806
2255,28438,0.068363
2256,18086,0.271895
2256,25639,0.100674
2256,22432,0.072223
2257,16573,0.142202
2257,16274,0.222113
2257,16101,0.08603
2258,18097,0.059657
2258,21975,0.060304
2258,22071,0.143501
2258,22427,0.078883
2258,24492,0.050926
2259,18099,0.062326
2259,16608,0.251259
2259,22312,0.101246
2260,16119,0.15877
2261,18103,0.238239
2261,18430,0.158802
2262,18105,0.065775
2262,17371,0.055571
2262,20664,0.059096
2262,19507,0.068956
2263,18106,0.12573
2263,28305,0.178496
2264,18107,0.053968
2264,18864,0.078032
2264,22203,0.07543
2264,18137,0.059732
2265,18109,0.403374
2266,18110,0.163716
2266,23866,0.208827
2267,18113,0.151926
2267,21902,0.096972
2267,18050,0.25729
2267,26763,0.069562
2268,18114,0.059364
2268,22384,0.387673
2268,22463,0.106199
2268,23358,0.059376
2269,18115,0.057735
2269,21794,0.126462
2269,26129,0.103801
2269,27749,0.218504
2269,26073,0.05798
2270,17223,0.185812
2271,16280,0.162245
2271,16118,0.08188
2271,16414,0.082111
2272,18118,0.089055
2272,17514,0.217939
2272,20568,0.072396
2272,23194,0.133279
2273,18119,0.266282
2273,21984,0.171259
2274,18120,0.096262
2274,21696,0.291954
2274,27163,0.069034
2275,18121,0.115342
2275,21604,0.229074
2275,24568,0.055284
2275,20087,0.170464
2276,16424,0.377344
2276,16725,0.060775
2276,24583,0.052675
2277,17883,0.41664
2278,18123,0.235581
2278,23518,0.083608
2279,18124,0.355984
2280,18125,0.301752
2280,19551,0.056758
2281,18126,0.184887
2281,21845,0.059439
2281,18995,0.099042
2282,16557,0.266271
2282,20896,0.081107
2282,25803,0.086717
2282,26758,0.090648
2282,27502,0.05227
2283,18129,0.092463
2283,24380,0.201828
2284,16425,0.131473
2285,18130,0.284805
2285,18131,0.150675
2286,18132,0.055759
2286,21551,0.219545
2286,22292,0.074662
2287,18133,0.25414
2287,22375,0.206249
2288,16453,0.381878
2288,16994,0.310746
2289,18134,0.061752
2289,19203,0.436757
2290,18135,0.094635
2290,17012,0.141933
2290,19926,0.057217
2291,18136,0.209874
2291,17305,0.072849
2291,27620,0.145889
2291,24626,0.126613
2291,28628,0.12886
2292,16279,0.44549
2293,17473,0.373126
2294,18137,0.686402
2295,18139,0.479552
2296,18140,0.057224
2296,18141,0.115654
2296,19730,0.071151
2296,18454,0.081786
2297,18142,0.648461
2298,18145,0.346854
2298,20708,0.102445
2299,17494,0.342957
2300,16197,0.112005
2301,17326,0.097643
2302,18148,0.354393
2302,16690,0.198019
2303,18149,0.083054
2303,21836,0.23171
2303,16291,0.07317
2303,23316,0.058558
2304,18150,0.249989
2304,21341,0.18679
2304,24838,0.050251
2304,27453,0.059297
2305,16627,0.073227
2305,19457,0.32113
2305,21722,0.050494
2305,19253,0.118226
2306,17916,0.261767
2307,18153,0.149995
2308,16276,0.199291
2308,16101,0.124896
2309,17493,0.127522
2309,16279,0.231395
2310,18155,0.074013
2311,18156,0.356661
2311,21602,0.127468
2312,16147,0.167089
2312,18160,0.107518
2312,16234,0.070502
2312,20445,0.094399
2313,18159,0.120288
2313,17110,0.26102
2314,16892,0.11206
2315,18161,0.50474
2315,21798,0.09155
2316,18162,0.642768
2317,17450,0.069995
2317,21001,0.294246
2318,18165,0.076764
2318,20012,0.114355
2318,20797,0.056444
2318,16919,0.07694
2319,16637,0.133601
2319,16957,0.147629
2320,16269,0.078513
2320,17694,0.113252
2320,16903,0.163104
2321,18167,0.137173
2321,19585,0.07598
2321,20080,0.120587
2321,20758,0.050202
2321,24010,0.051109
2321,24481,0.112227
2322,16079,0.546868
2323,18168,0.250557
2324,18169,0.434727
2324,18316,0.124169
2325,18170,0.365635
2325,23053,0.050304
2326,17017,0.159127
2326,17468,0.212358
2326,16681,0.128708
2326,24783,0.10568
2327,18171,0.322194
2327,19698,0.158218
2328,18172,0.591332
2329,18174,0.090492
2329,18175,0.053913
2329,19928,0.059341
2330,18176,0.34709
2330,25724,0.113952
2331,16320,0.066232
2331,19888,0.10013
2332,17065,0.083278
2332,19806,0.095953
2332,20491,0.242338
2332,24809,0.152796
2333,18178,0.518287
2333,19528,0.079347
2334,18179,0.541327
2335,18180,0.136086
2335,21813,0.064071
2335,23374,0.119709
2335,24716,0.064021
2335,26063,0.063551
2336,18181,0.296434
2336,20429,0.133957
2336,22770,0.06246
2337,18182,0.489709
2337,16979,0.136463
2338,18183,0.072127
2338,16923,0.318568
2338,20876,0.072143
2338,28812,0.100597
2339,17940,0.280175
2339,16973,0.166292
2340,18185,0.107131
2340,19890,0.082533
2340,22212,0.079591
2340,19306,0.058855
2340,28393,0.058964
2341,18186,0.357378
2341,21449,0.06796
2342,18187,0.464022
2343,17519,0.078933
2343,20056,0.073549
2343,19675,0.101908
2344,18188,0.079016
2344,17872,0.264477
2345,18189,0.239168
2345,19921,0.073082
2346,18190,0.455172
2347,18193,0.545393
2348,18194,0.075623
2348,23419,0.164203
2348,26841,0.131224
2348,17885,0.07464
2349,18195,0.213278
2349,27514,0.402939
2350,18197,0.276291
2350,24909,0.067806
2350,23018,0.091637
2351,18198,0.05199
2351,27728,0.072444
2352,18199,0.238203
2352,26524,0.108192
2353,18200,0.197061
2353,17305,0.178935
2353,20434,0.057755
2353,18915,0.079728
2353,16462,0.101586
2354,18201,0.123958
2354,19750,0.225542
2354,20353,0.051057
2354,17142,0.094501
2355,17498,0.470749
2355,19339,0.065021
2355,16438,0.123256
2356,16578,0.443631
2357,18202,0.16643
2357,16598,0.110797
2357,16501,0.128443
2358,16652,0.083431
2358,18507,0.078814
2358,19613,0.236684
2358,17124,0.057495
2358,20164,0.053673
2359,18203,0.085753
2359,16456,0.071529
2359,19096,0.21481
2359,21361,0.108894
2359,16638,0.129593
2360,16208,0.146463
2360,16118,0.242346
2361,18093,0.224522
2362,16215,0.375997
2363,16068,0.073817
2364,16108,0.432491
2364,19286,0.252835
2365,18205,0.630834
2366,18206,0.05511
2366,19366,0.101307
2366,16846,0.449771
2366,22588,0.062352
2366,26685,0.056586
2367,18207,0.272526
2367,18211,0.093714
2367,25856,0.185539
2367,25857,0.080826
2367,23161,0.076053
2368,18208,0.121226
2368,24287,0.093461
2368,24872,0.055669
2369,18209,0.367941
2369,19581,0.071821
2369,20332,0.060684
2369,22899,0.072109
2370,18210,0.134852
2370,19136,0.178173
2370,19870,0.089777
2371,18213,0.421539
2372,18214,0.120181
2372,17747,0.407866
2372,20110,0.070832
2373,16339,0.252451
2374,16756,0.085263
2375,17713,0.181105
2375,16996,0.056244
2375,19294,0.098294
2375,19295,0.065439
2375,20099,0.070001
2376,16574,0.188247
2377,17214,0.079446
2377,18722,0.084401
2377,22050,0.083408
2377,16973,0.066357
2378,16468,0.156131
2378,19120,0.131618
2379,18215,0.079841
2379,18585,0.103894
2379,18696,0.153191
2379,24537,0.073397
2380,18216,0.44328
2380,22345,0.052045
2380,26842,0.05202
2381,18217,0.371006
2381,20538,0.064311
2382,18218,0.142492
2382,20536,0.090425
2382,19326,0.052305
2382,22347,0.1032
2382,16143,0.064501
2383,18219,0.109605
2383,18220,0.378905
2383,26664,0.062029
2384,18221,0.185858
2384,19113,0.066372
2384,20999,0.066327
2385,18222,0.397966
2385,20506,0.0504
2386,18090,0.168768
2386,21639,0.054111
2387,16118,0.05038
2387,18445,0.055712
2388,18225,0.096877
2389,16053,0.063819
2390,16279,0.259902
2391,16270,0.368714
2392,17498,0.385569
2393,18226,0.159306
2393,22559,0.056013
2393,25545,0.081495
2394,18227,0.264676
2395,18230,0.43247
2395,22900,0.068064
2396,17621,0.191996
2397,18232,0.136255
2397,20010,0.128726
2397,21126,0.129084
2397,23426,0.172987
2398,18233,0.137095
2398,18234,0.154907
2399,18235,0.420734
2400,16276,0.199205
2400,16101,0.050215
2401,18236,0.069541
2402,16068,0.060866
2403,16182,0.381023
2403,16279,0.142239
2404,18237,0.087677
2404,19896,0.326322
2404,26881,0.087289
2405,18238,0.340667
2405,16579,0.137876
2405,19925,0.060175
2405,24536,0.069638
2406,18239,0.053024
2406,18440,0.078194
2406,16392,0.085499
2406,19285,0.079939
2406,20080,0.122896
2407,18240,0.19953
2407,20116,0.234151
2408,16635,0.382897
2408,17745,0.323172
2408,17013,0.113304
2409,16654,0.404807
2409,19765,0.081095
2409,19063,0.073677
2410,18241,0.163726
2410,18583,0.30483
2410,27894,0.092249
2411,18242,0.077611
2411,20000,0.074142
2411,17171,0.064532
2411,22199,0.057951
2411,16507,0.054914
2412,16414,0.284321
2413,18244,0.096062
2413,21115,0.371732
2414,16622,0.330364
2414,16609,0.271925
2415,18247,0.058319
2416,18248,0.299407
2416,22210,0.09698
2416,17614,0.181275
2417,18249,0.058834
2417,20082,0.053411
2418,18251,0.811249
2419,18252,0.359633
2420,18253,0.313634
2420,27520,0.104592
2421,18254,0.410751
2421,23078,0.082368
2421,27177,0.052454
2422,18255,0.066284
2422,17108,0.063652
2422,17902,0.066309
2422,22800,0.07713
2423,18256,0.137139
2423,16961,0.07655
2424,16068,0.21001
2425,18257,0.072869
2426,18258,0.120978
2426,18378,0.340565
2427,17775,0.214096
2427,16840,0.164338
2428,16118,0.293705
2428,18263,0.108565
2428,16722,0.115295
2429,16114,0.238759
2430,18265,0.062101
2430,21190,0.30851
2430,21189,0.116333
2431,18266,0.088671
2431,16408,0.108716
2432,18267,0.231443
2432,23406,0.063034
2432,24560,0.090529
2433,17655,0.086936
2434,16096,0.401044
2434,16635,0.063138
2434,17903,0.050135
2435,17909,0.08348
2435,20306,0.456978
2436,17053,0.489006
2437,18271,0.052849
2437,20067,0.155037
2437,20210,0.132531
2437,19796,0.1051
2438,18273,0.181088
2438,18241,0.084039
2439,18274,0.09486
2440,18275,0.100254
2440,19458,0.138301
2440,19912,0.111075
2441,18276,0.138054
2441,19812,0.227049
2441,19814,0.056732
2442,18011,0.175287
2443,16131,0.619337
2444,18277,0.142964
2444,17760,0.101786
2444,29167,0.142573
2445,17197,0.466732
2445,27230,0.251357
2446,16322,0.359436
2447,18280,0.489327
2447,21655,0.095608
2447,25003,0.059896
2448,17401,0.13508
2448,25707,0.073125
2449,18282,0.201113
2449,19303,0.068839
2450,18283,0.300421
2450,23049,0.362522
2451,18284,0.359734
2451,16556,0.376654
2452,16414,0.289182
2453,16483,0.055704
2453,17225,0.075343
2454,18285,0.151311
2454,17114,0.133856
2454,16928,0.065866
2454,23560,0.051565
2454,26863,0.055908
2455,18286,0.111139
2455,26137,0.057205
2455,27499,0.133785
2456,18287,0.226917
2456,18421,0.179211
2457,18288,0.057546
2457,17141,0.361809
2457,19673,0.114371
2457,16979,0.070675
2458,17346,0.320729
2458,19819,0.056201
2458,20474,0.055536
2458,20617,0.071097
2458,21412,0.055535
2459,16390,0.377294
2459,20029,0.088154
2460,18289,0.273742
2460,17304,0.177936
2460,23496,0.062781
2460,16473,0.181074
2461,18207,0.500457
2461,18211,0.07697
2462,18291,0.168945
2462,22574,0.138123
2462,22376,0.135396
2463,18292,0.086759
2464,18293,0.087639
2464,16374,0.063442
2464,18013,0.053346
2464,23385,0.097049
2464,23769,0.051208
2465,16175,0.237134
2465,16173,0.154799
2466,18294,0.290451
2467,16830,0.239273
2468,18296,0.137154
2468,18325,0.10471
2468,16583,0.119147
2469,16322,0.076829
2469,18482,0.085419
2469,16822,0.112137
2470,18297,0.301149
2470,25483,0.101834
2471,17171,0.445764
2471,17465,0.126072
2471,22782,0.133324
2471,25179,0.116156
2472,18298,0.159658
2473,16158,0.346948
2473,19073,0.098525
2473,21438,0.114145
2474,18299,0.096866
2474,19161,0.388821
2475,18300,0.164346
2475,16151,0.214954
2475,19220,0.058305
2475,19184,0.14893
2475,20430,0.094365
2476,18301,0.229333
2476,20031,0.054362
2477,17146,0.050655
2477,16320,0.116207
2477,21351,0.051967
2478,18303,0.054357
2478,18304,0.102246
2478,19794,0.147056
2479,18305,0.09535
2479,19189,0.116546
2479,17860,0.170795
2479,19655,0.134763
2479,23533,0.054943
2480,18306,0.10728
2480,18308,0.234753
2480,22340,0.097301
2480,19668,0.059327
2481,18308,0.180432
2481,21329,0.136143
2481,25191,0.064662
2481,18306,0.10558
2482,18309,0.051587
2482,18766,0.117578
2482,18797,0.38367
2483,16113,0.355269
2484,16967,0.312547
2484,16591,0.110542
2485,18310,0.421501
2485,20473,0.056246
2485,26089,0.072985
2486,18311,0.083514
2486,23179,0.185767
2486,19651,0.060555
2487,16412,0.176111
2488,18313,0.516627
2489,18314,0.175271
2489,28470,0.204794
2490,16196,0.130567
2490,16197,0.122861
2491,16195,0.266663
2492,17198,0.442294
2493,16354,0.273912
2493,20734,0.053976
2494,18315,0.081033
2494,20860,0.134096
2494,23670,0.055336
2494,20976,0.117822
2495,18317,0.061848
2495,18647,0.478456
2496,17851,0.096029
2496,20190,0.229177
2496,21699,0.17247
2496,23765,0.068659
2497,18318,0.055289
2497,18783,0.190514
2497,22191,0.064716
2497,23986,0.093698
2497,24185,0.059825
2498,18319,0.076417
2498,23511,0.064889
2499,18320,0.062509
2499,20900,0.108558
2499,17662,0.057209
2500,16916,0.151779
2500,18322,0.064626
2500,20508,0.054555
2500,17195,0.05563
2501,18323,0.34428
2501,24256,0.078213
2502,16207,0.36975
2503,18324,0.509028
2504,18326,0.051282
2504,18429,0.160146
2504,21392,0.076152
2504,20008,0.193001
2505,18327,0.248292
2506,18328,0.347931
2506,22875,0.076617
2507,18086,0.367199
2508,16207,0.129786
2509,16101,0.299449
2510,16381,0.662512
2511,18329,0.205734
2511,26424,0.14861
2512,18331,0.097065
2512,23614,0.068278
2513,16873,0.393666
2514,18332,0.339708
2514,26802,0.128754
2515,18333,0.479487
2516,18111,0.079985
2516,16742,0.376193
2517,16478,0.197401
2517,27610,0.084298
2518,18334,0.255987
2518,17242,0.060982
2518,23683,0.057126
2518,23684,0.124768
2518,23685,0.08646
2518,19160,0.096901
2519,16068,0.353943
2520,16184,0.427204
2521,16279,0.284253
2522,16118,0.282946
2522,16722,0.251604
2523,16068,0.111483
2524,16131,0.548321
2525,18337,0.294682
2525,16665,0.089299
2525,22213,0.089561
2526,18338,0.081352
2526,18339,0.057651
2526,16972,0.458701
2527,16612,0.06773
2527,16546,0.050607
2528,16414,0.10692
2528,16412,0.279428
2529,16207,0.067016
2530,18341,0.177739
2530,19480,0.193171
2530,19687,0.102626
2530,16437,0.072109
2531,18342,0.190745
2531,18105,0.128092
2532,16079,0.377013
2532,21310,0.052309
2533,18343,0.213527
2533,19093,0.213141
2534,18344,0.087684
2534,17683,0.10363
2534,19123,0.0724
2535,18346,0.498059
2536,16737,0.288705
2536,16728,0.397873
2537,18347,0.070526
2537,21208,0.296265
2537,21554,0.070616
2537,17577,0.129157
2537,21816,0.115697
2538,16183,0.295614
2539,16183,0.168231
2540,16068,0.229636
2541,18348,0.381154
2542,18349,0.137286
2542,16438,0.174432
2542,27254,0.141181
2543,18350,0.236674
2543,22997,0.156937
2543,25720,0.060868
2544,18351,0.184943
2544,22358,0.075666
2545,18352,0.123214
2546,18353,0.395125
2546,19171,0.051906
2547,16567,0.06504
2548,18355,0.396098
2548,18976,0.180052
2549,17757,0.165097
2549,18527,0.093797
2549,20785,0.105856
2549,20828,0.057551
2549,16491,0.080389
2550,18356,0.326815
2550,27512,0.105914
2551,18357,0.119963
2551,19209,0.258968
2551,20580,0.062796
2552,18358,0.105106
2552,18360,0.120703
2552,18894,0.089013
2552,20677,0.054941
2552,18359,0.164743
2553,18359,0.24575
2553,17029,0.060492
2553,18895,0.096317
2553,24600,0.06168
2553,25820,0.131998
2554,18362,0.077653
2554,18844,0.17929
2555,18363,0.512953
2556,18364,0.062038
2556,19433,0.16
2557,18365,0.300511
2558,18366,0.133908
2558,18664,0.185933
2558,18708,0.062137
2558,20595,0.101252
2559,16174,0.448149
2559,16183,0.088702
2560,16409,0.14337
2560,16412,0.205329
2561,16542,0.157565
2561,18391,0.139503
2561,23448,0.096035
2562,18367,0.308915
2563,16291,0.159804
2563,20795,0.088513
2564,17043,0.396348
2564,25431,0.11997
2565,18371,0.534523
2565,18938,0.16499
2566,16113,0.20022
2567,18372,0.395594
2568,18373,0.270022
2568,19412,0.158597
2569,18374,0.081253
2569,19250,0.199638
2569,16128,0.195977
2569,27575,0.059407
2570,18375,0.061774
2570,18376,0.118098
2571,16308,0.177894
2572,16079,0.119266
2573,18379,0.356276
2573,25463,0.077539
2574,16408,0.174359
2574,18962,0.059214
2574,17209,0.124364
2575,18380,0.058597
2575,17428,0.078814
2575,20630,0.302244
2576,18381,0.503174
2577,18382,0.490347
2577,19704,0.083759
2577,28009,0.083771
2578,18385,0.123836
2578,20611,0.206799
2578,18340,0.062186
2579,18386,0.425899
2580,18388,0.22535
2580,18403,0.105912
2581,16723,0.257054
2581,18390,0.291167
2582,16079,0.069027
2583,16052,0.316589
2584,16246,0.370323
2585,18392,0.456098
2585,20687,0.059707
2585,21311,0.101114
2586,18394,0.321972
2586,20145,0.117947
2586,20287,0.152445
2587,18396,0.130306
2587,22496,0.235673
2587,25018,0.067897
2588,18397,0.084383
2588,18938,0.06972
2588,16075,0.050302
2589,18399,0.124045
2589,20179,0.39597
2590,18400,0.532858
2591,18401,0.28765
2592,16273,0.431701
2593,16143,0.156774
2593,19660,0.204193
2594,18406,0.108116
2594,23870,0.069056
2594,26418,0.147513
2594,19698,0.089049
2595,18408,0.32487
2595,16688,0.244833
2595,19154,0.076327
2596,18409,0.244933
2596,19993,0.148791
2596,23371,0.078981
2597,18410,0.56138
2598,17992,0.397868
2598,17471,0.077681
2598,22085,0.087982
2599,17473,0.165054
2600,18411,0.716858
2601,16104,0.313725
2602,16100,0.079596
2602,16104,0.294193
2603,18414,0.281709
2603,21429,0.125834
2603,22502,0.229205
2604,18415,0.457181
2605,18418,0.173974
2605,19129,0.341643
2605,23608,0.145247
2606,16103,0.286178
2607,16175,0.38825
2608,16559,0.073101
2608,16068,0.050754
2608,16124,0.137453
2609,16102,0.127624
2610,18419,0.589402
2611,18420,0.545023
2612,17983,0.561709
2613,18410,0.482482
2614,16056,0.057335
2614,16551,0.07731
2615,18422,0.08535
2615,20755,0.084008
2615,16898,0.070305
2616,18425,0.321037
2616,19967,0.054597
2617,18428,0.183069
2617,16296,0.073324
2617,21100,0.102911
2617,23528,0.110752
2617,17507,0.065454
2618,16407,0.222317
2619,18429,0.253998
2619,18326,0.284688
2620,17842,0.190402
2620,19345,0.386105
2621,17269,0.338931
2621,18701,0.051776
2621,19717,0.055558
2622,18431,0.057814
2622,24345,0.068667
2622,23869,0.083381
2623,18433,0.12196
2623,19638,0.107576
2624,18435,0.052595
2624,17186,0.076395
2624,17450,0.102686
2625,16353,0.075012
2626,16466,0.199802
2626,19151,0.056719
2626,19337,0.110397
2626,22531,0.057821
2626,24062,0.052821
2627,18442,0.126053
2627,18541,0.20461
2627,21308,0.087484
2628,18443,0.271015
2628,22805,0.091391
2629,16079,0.402507
2629,16174,0.058385
2630,17360,0.062091
2631,18444,0.325394
2631,16636,0.218142
2631,19768,0.053916
2631,23189,0.062853
2631,16637,0.052618
2632,16386,0.428296
2632,17429,0.089761
2633,16593,0.668211
2634,16197,0.151126
2635,16104,0.232622
2636,16270,0.074331
2636,16760,0.069983
2637,16104,0.2
2638,18445,0.055867
2639,18446,0.569003
2640,17180,0.341093
2640,20160,0.081376
2641,16279,0.162649
2642,16760,0.343554
2643,16132,0.36221
2644,18448,0.211657
2644,18449,0.059406
2644,21320,0.113613
2644,16098,0.054094
2645,18450,0.23261
2645,20993,0.123677
2645,26517,0.091398
2646,16614,0.448167
2646,21785,0.06504
2647,16102,0.173385
2648,18454,0.221809
2648,20308,0.143076
2648,18601,0.060954
2649,16103,0.083208
2650,16468,0.0783
2650,16854,0.15268
2651,18456,0.408749
2651,24473,0.065336
2652,16213,0.245684
2652,18667,0.074729
2652,19598,0.065445
2653,17648,0.208622
2653,18847,0.078476
2654,18458,0.161874
2654,18725,0.206873
2654,20835,0.088748
2655,18459,0.151759
2656,18460,0.1667
2657,16213,0.273791
2657,18808,0.208501
2657,16262,0.159204
2657,29229,0.05542
2658,16530,0.14115
2658,16520,0.147513
2658,20982,0.080651
2658,21518,0.070635
2659,18462,0.079079
2660,18463,0.163312
2660,19739,0.213739
2660,16295,0.176252
2661,16375,0.066182
2661,20681,0.107403
2661,16398,0.17672
2662,16275,0.280947
2662,16173,0.071964
2663,18465,0.07336
2663,20881,0.392971
2663,27103,0.053865
2664,18466,0.29151
2664,22976,0.081392
2665,18467,0.396871
2665,28422,0.099413
2666,16202,0.146657
2666,20261,0.250672
2667,18469,0.124284
2667,20174,0.177803
2667,22896,0.05217
2668,16354,0.357675
2669,18471,0.103314
2669,20014,0.327728
2670,16068,0.29552
2671,16175,0.110513
2672,17051,0.358424
2673,18472,0.122176
2673,16387,0.312038
2673,20020,0.084311
2674,17367,0.113626
2674,19604,0.078029
2675,18473,0.615265
2676,18474,0.395985
2676,23475,0.132473
2677,18199,0.085999
2677,17377,0.119454
2678,18476,0.250677
2678,20989,0.05209
2679,16276,0.265158
2680,16091,0.172643
2681,16093,0.284361
2681,25188,0.055505
2682,18477,0.213568
2683,16118,0.472094
2684,16119,0.377699
2685,16417,0.52862
2686,16105,0.087069
2687,17756,0.234878
2687,21016,0.059358
2687,21155,0.09076
2688,18478,0.311399
2689,18480,0.058666
2689,16898,0.265227
2689,21325,0.129087
2689,25099,0.140145
2690,16068,0.166733
2690,16246,0.161356
2691,16087,0.11252
2691,16237,0.103938
2691,17698,0.095571
2692,18483,0.338954
2692,18508,0.054778
2692,19493,0.083578
2692,21467,0.054796
2693,18484,0.208332
2693,19259,0.166905
2694,18485,0.2868
2694,20965,0.079332
2694,21439,0.100202
2695,16055,0.063136
2696,18486,0.14408
2696,27464,0.114256
2697,18487,0.124974
2697,21198,0.072194
2697,19146,0.087116
2698,18488,0.061743
2698,22619,0.129062
2699,18489,0.417839
2699,22291,0.12391
2700,18490,0.098097
2700,19453,0.059503
2700,16728,0.251787
2700,23467,0.070756
2700,18070,0.059947
2701,18493,0.145596
2701,27758,0.186854
2702,18494,0.149873
2702,19688,0.104005
2702,22010,0.054943
2702,18043,0.050382
2703,18495,0.396984
2704,16118,0.086946
2705,16112,0.260165
2705,16113,0.334346
2706,18501,0.270303
2706,20799,0.08918
2706,20829,0.060268
2707,16092,0.240545
2707,16561,0.11145
2708,16456,0.074313
2708,16089,0.265375
2708,20413,0.078926
2708,24081,0.09762
2708,25245,0.05039
2709,18503,0.098467
2709,16464,0.162545
2710,18504,0.382994
2711,17776,0.05773
2711,16301,0.071103
2711,16087,0.166307
2712,18505,0.236769
2713,16104,0.326907
2714,18445,0.481176
2715,18061,0.212208
2715,18833,0.325332
2715,27766,0.113446
2716,16079,0.249085
2717,18509,0.067422
2717,18571,0.235172
2717,22036,0.226156
2718,18177,0.244412
2718,22911,0.057117
2719,18510,0.25818
2719,17332,0.122714
2719,28667,0.068637
2720,17012,0.203152
2720,18135,0.09529
2720,19926,0.05157
2721,18512,0.42736
2722,16113,0.179982
2723,16320,0.111678
2723,18547,0.087966
2723,16148,0.223144
2724,16320,0.124775
2724,18514,0.187067
2724,16148,0.124085
2724,17514,0.119649
2725,16276,0.324896
2726,18515,0.421388
2727,18516,0.417424
2728,17225,0.27091
2728,16483,0.148573
2729,16723,0.491827
2729,17476,0.196232
2730,18519,0.096687
2730,26135,0.228166
2730,16978,0.241456
2731,18520,0.073789
2731,21726,0.083194
2731,22206,0.471105
2732,18521,0.162516
2732,21497,0.214308
2732,16140,0.053699
2732,27972,0.057205
2733,18522,0.21449
2733,17367,0.066078
2733,20449,0.226999
2734,17756,0.194335
2734,16091,0.22847
2735,18523,0.141615
2735,22593,0.107282
2735,18668,0.057518
2736,18526,0.334189
2737,18528,0.134467
2737,19246,0.275172
2737,23444,0.093972
2737,26172,0.070535
2737,26995,0.057803
2738,18529,0.347115
2738,16889,0.054517
2739,18530,0.251531
2739,18531,0.067711
2739,19243,0.156857
2739,19244,0.245925
2740,18532,0.118339
2740,22266,0.063985
2740,22526,0.094936
2740,27426,0.064265
2741,16252,0.160931
2741,20441,0.12785
2742,18534,0.11631
2742,20560,0.137359
2742,27171,0.053228
2742,28007,0.074214
2742,28157,0.053237
2742,28990,0.053257
2743,18535,0.191737
2744,18536,0.153697
2744,21163,0.082212
2744,22234,0.229113
2745,16417,0.379307
2746,16113,0.298305
2747,16612,0.121595
2747,16649,0.130267
2747,16270,0.203392
2748,18540,0.455727
2749,16091,0.346629
2749,20062,0.06053
2750,18544,0.121551
2750,20448,0.317099
2751,17231,0.063292
2751,19494,0.189833
2751,18258,0.11443
2752,18545,0.5139
2753,18548,0.087537
2754,18549,0.469271
2755,18550,0.367769
2755,23178,0.174683
2756,18551,0.06065
2756,21760,0.124065
2756,17021,0.16926
2757,16162,0.073413
2757,17475,0.080663
2757,19543,0.112631
2757,18089,0.127463
2757,16061,0.122786
2758,18553,0.115864
2758,16874,0.151477
2758,20286,0.06855
2758,24424,0.151382
2759,18555,0.146818
2759,18556,0.057493
2759,17577,0.091405
2759,16250,0.059875
2759,17902,0.123005
2760,18557,0.186955
2760,20577,0.071181
2760,22364,0.067808
2761,18558,0.267683
2761,20208,0.083362
2762,16112,0.160887
2762,16113,0.220449
2763,18561,0.158711
2763,19497,0.165925
2764,18563,0.313057
2764,17573,0.139219
2764,17377,0.07164
2765,18565,0.192887
2766,18566,0.103174
2766,26324,0.065325
2766,16253,0.083456
2767,18568,0.107376
2768,18569,0.059916
2769,16274,0.323376
2770,16414,0.438332
2771,16101,0.295183
2772,18572,0.099794
2772,22471,0.077756
2772,23781,0.099809
2772,28711,0.055743
2773,16612,0.470738
2774,16210,0.057802
2774,18515,0.1743
2775,16102,0.158711
2776,16274,0.451126
2777,16173,0.438871
2778,16197,0.408036
2779,17140,0.216869
2780,18573,0.164637
2780,18623,0.073755
2780,18848,0.054704
2780,18953,0.179912
2781,18574,0.169763
2781,17883,0.1564
2781,16874,0.055254
2782,18575,0.416899
2782,21585,0.055765
2782,17561,0.112356
2783,18576,0.169723
2783,18636,0.064841
2783,16420,0.054773
2784,18577,0.403172
2784,16079,0.078229
2785,18580,0.284054
2785,19401,0.192229
2786,18582,0.118545
2786,20642,0.072359
2786,22763,0.065765
2786,23976,0.112169
2786,24778,0.054827
2787,16112,0.176245
2787,16113,0.193897
2788,16477,0.209006
2788,20286,0.122218
2789,18584,0.240682
2790,18587,0.084723
2790,20754,0.204463
2790,21768,0.064934
2790,17644,0.106892
2791,18588,0.076091
2791,20393,0.060854
2791,20411,0.111009
2791,16088,0.17835
2792,18589,0.052157
2793,18590,0.072326
2793,16440,0.056157
2794,16117,0.055581
2794,16160,0.054826
2794,16873,0.174509
2794,16246,0.081256
2795,18592,0.097677
2795,20510,0.165529
2795,20512,0.079428
2795,19426,0.064775
2796,18594,0.23536
2796,18595,0.409336
2796,17836,0.125921
2797,16052,0.063124
2798,18596,0.125587
2798,21724,0.120501
2799,18597,0.216824
2799,20981,0.134428
2800,16112,0.418388
2801,16417,0.070229
2802,16112,0.343486
2803,16760,0.413608
2804,18599,0.25345
2804,22495,0.076421
2805,17548,0.16151
2805,16461,0.086981
2806,18600,0.353805
2806,24934,0.073258
2807,16612,0.411228
2808,16207,0.448523
2809,16207,0.336657
2810,16760,0.141557
2811,18602,0.1092
2811,20078,0.094216
2811,20154,0.26744
2811,24018,0.064068
2812,17119,0.201131
2812,19434,0.318743
2813,17585,0.185231
2813,16276,0.245347
2814,16101,0.522418
2815,16547,0.437934
2816,17259,0.352805
2817,16104,0.354868
2818,18607,0.468943
2818,24320,0.074685
2819,18608,0.546734
2820,18609,0.163967
2820,17933,0.132876
2820,25358,0.065251
2821,18610,0.348896
2822,18611,0.282626
2822,23517,0.082961
2823,18612,0.35074
2823,29143,0.076994
2824,18613,0.100604
2824,17933,0.29369
2825,18614,0.114616
2826,18615,0.25601
2826,25150,0.054168
2827,17473,0.133482
2828,18617,0.411085
2829,18618,0.158321
2829,28174,0.158231
2830,18619,0.183561
2830,18657,0.106415
2831,18596,0.403164
2831,26498,0.111787
2832,18620,0.374791
2833,18622,0.119544
2833,16157,0.151823
2833,24516,0.113286
2833,21831,0.062364
2834,18624,0.199325
2835,18625,0.768109
2836,16095,0.564691
2837,18626,0.068678
2837,18850,0.182
2837,18951,0.072801
2837,20594,0.129977
2837,21922,0.057111
2838,18627,0.362653
2838,22103,0.083153
2839,16407,0.311396
2839,16509,0.056697
2840,16990,0.241639
2841,18629,0.118651
2841,19568,0.138286
2842,18629,0.230146
2842,18630,0.104677
2842,22528,0.29279
2843,18631,0.056992
2843,22211,0.076099
2844,16093,0.112489
2845,16112,0.200374
2846,16119,0.13805
2846,24450,0.094605
2847,16068,0.140929
2848,18632,0.485782
2849,18633,0.127671
2849,20184,0.229652
2850,18634,0.212377
2850,18426,0.187218
2850,18427,0.071458
2851,18637,0.057094
2851,18345,0.153624
2851,17492,0.089296
2851,20169,0.20286
2851,25950,0.057505
2852,18638,0.184604
2852,26567,0.184806
2853,18639,0.195003
2853,23242,0.091607
2854,17444,0.498113
2855,16174,0.251848
2856,16102,0.067768
2856,16927,0.097581
2857,16093,0.335116
2858,16324,0.358596
2858,17963,0.058917
2859,16053,0.25787
2860,18642,0.351681
2860,22784,0.052791
2860,17750,0.079614
2861,18644,0.428712
2861,22892,0.060622
2862,18645,0.321438
2863,17586,0.304331
2863,18640,0.132195
2863,18054,0.120556
2864,16119,0.372128
2865,16342,0.403854
2866,18646,0.561094
2867,18648,0.451855
2868,18650,0.055444
2868,18847,0.420572
2868,21737,0.115561
2869,16339,0.163208
2869,19404,0.050567
2869,16079,0.061036
2870,16276,0.321303
2871,17225,0.317677
2872,18236,0.388486
2873,18651,0.575185
2874,18653,0.064854
2874,16542,0.093549
2875,17473,0.091509
2875,16270,0.300028
2876,18654,0.389075
2876,22829,0.082806
2877,16416,0.367622
2878,18656,0.191729
2878,28811,0.191802
2879,18657,0.103993
2879,18619,0.066313
2879,21347,0.07272
2880,16657,0.066941
2880,18659,0.216222
2880,23820,0.136044
2880,25509,0.05292
2881,18660,0.136467
2881,26600,0.351224
2882,18663,0.300424
2882,20715,0.06065
2882,23166,0.052442
2882,23167,0.132467
2883,16626,0.072281
2883,20796,0.179751
2883,19764,0.120686
2883,18527,0.126466
2884,16339,0.103979
2884,17473,0.051347
2885,17449,0.051954
2885,16371,0.170515
2885,16305,0.085079
2886,16545,0.199233
2887,17170,0.198577
2888,17030,0.368953
2888,17029,0.09188
2888,16557,0.056394
2889,16788,0.424732
2890,18665,0.145026
2890,22433,0.309493
2890,16270,0.265915
2891,16228,0.061816
2891,21323,0.069409
2891,23199,0.053009
2891,17309,0.08977
2891,18901,0.101866
2892,18666,0.158343
2892,19460,0.227026
2892,17866,0.061234
2893,18668,0.059234
2893,18669,0.401585
2893,18586,0.146201
2893,19101,0.073599
2894,17017,0.09852
2894,17468,0.239661
2895,16207,0.287311
2896,16652,0.584335
2897,18670,0.078804
2897,20534,0.067538
2897,18248,0.063671
2897,29048,0.052152
2898,16279,0.077497
2899,18672,0.228185
2900,18673,0.276662
2900,21472,0.237042
2901,18674,0.15619
2901,22687,0.054997
2901,23734,0.123551
2902,16427,0.145055
2902,17147,0.062231
2902,17812,0.231106
2902,21987,0.078529
2903,16215,0.188843
2904,18675,0.076411
2904,20873,0.149007
2905,17795,0.354417
2906,18171,0.116589
2906,19830,0.061648
2906,16261,0.091655
2906,25355,0.086043
2907,16558,0.252403
2907,21636,0.091288
2908,16175,0.346175
2909,18677,0.213525
2909,19198,0.321281
2909,23736,0.087726
2909,26823,0.078939
2910,16342,0.577799
2911,16208,0.268029
2912,16175,0.233568
2912,16173,0.176409
2913,16118,0.220738
2913,16275,0.241301
2913,24435,0.055567
2914,16173,0.456151
2915,18539,0.245858
2915,27812,0.155172
2916,18680,0.318957
2916,25105,0.061679
2917,18681,0.111768
2917,20230,0.129586
2917,20650,0.112791
2918,18682,0.154139
2918,21612,0.110567
2918,26108,0.28521
2919,17748,0.088716
2919,16670,0.253784
2919,17783,0.098496
2919,16894,0.088294
2920,18433,0.109496
2920,25512,0.059927
2920,19638,0.094561
2921,18685,0.148306
2921,18774,0.109938
2921,23466,0.140737
2922,18686,0.072699
2923,18687,0.093509
2923,17241,0.208201
2923,21787,0.091964
2923,22673,0.056979
2924,18689,0.382719
2925,16093,0.320161
2926,16175,0.141846
2927,16102,0.193932
2928,16274,0.287156
2928,16132,0.086549
2929,18691,0.241608
2929,21356,0.169933
2930,17473,0.421192
2931,18692,0.324244
2931,19889,0.10118
2931,21520,0.075279
2931,24140,0.080405
2932,16128,0.061971
2932,17190,0.179895
2932,26892,0.134417
2932,27687,0.054863
2933,18693,0.136272
2933,22920,0.108035
2933,28348,0.058847
2934,18694,0.67442
2935,18699,0.200888
2935,18111,0.13209
2935,26365,0.092795
2935,26366,0.091755
2936,17153,0.267855
2936,26199,0.143802
2937,16904,0.137652
2937,17393,0.202317
2937,18655,0.211752
2938,16102,0.212305
2939,18702,0.222767
2939,20351,0.104084
2940,18703,0.057416
2940,16347,0.092425
2940,20853,0.214
2941,17315,0.260892
2942,18705,0.133973
2942,18724,0.07612
2942,19471,0.291376
2943,16102,0.398767
2944,18706,0.464153
2944,18707,0.438373
2945,18709,0.053826
2945,19065,0.10404
2945,22944,0.072446
2945,16309,0.097928
2946,18710,0.467752
2946,26629,0.184497
2947,17109,0.279912
2948,18711,0.135007
2948,21751,0.216157
2948,19681,0.095223
2949,18712,0.174828
2949,17035,0.082409
2949,16382,0.173875
2949,19257,0.156054
2949,27403,0.056748
2950,18713,0.751344
2951,18359,0.301396
2951,18714,0.301465
2951,19240,0.089435
2952,16052,0.057583
2953,18716,0.32823
2953,21294,0.091464
2954,18718,0.145349
2954,20486,0.085306
2954,20972,0.062483
2955,18720,0.575754
2956,17967,0.101661
2956,18698,0.199964
2956,16632,0.123047
2956,26869,0.054124
2956,27872,0.054109
2957,18721,0.056102
2957,19671,0.140024
2957,17065,0.0764
2958,18723,0.09618
2958,22290,0.121959
2959,18726,0.074896
2959,19020,0.104832
2959,19068,0.094879
2959,21761,0.114903
2959,25543,0.06493
2960,18398,0.503885
2961,18727,0.211422
2961,18735,0.236982
2961,24403,0.110976
2962,16104,0.315051
2963,16101,0.166167
2964,18728,0.261145
2964,16567,0.275758
2965,16092,0.317356
2966,18730,0.113707
2966,19181,0.387697
2966,23074,0.101787
2967,18731,0.108767
2967,19101,0.326861
2967,20323,0.117225
2968,18043,0.085765
2968,16479,0.079163
2969,16498,0.314903
2970,18032,0.151223
2970,16361,0.131286
2970,17636,0.247377
2971,16043,0.186245
2971,21913,0.296499
2971,22492,0.064565
2972,16934,0.300325
2972,27521,0.062586
2973,18736,0.429614
2973,26917,0.180728
2974,16354,0.082454
2975,18445,0.09623
2976,16464,0.14458
2976,19115,0.081914
2977,18737,0.184678
2977,20173,0.226591
2978,17630,0.551871
2979,17394,0.122713
2979,17124,0.056157
2980,18738,0.057129
2980,16748,0.191626
2980,21991,0.124194
2980,16371,0.225195
2981,18739,0.341772
2981,19361,0.061196
2981,18323,0.086585
2981,27630,0.086347
2982,18740,0.524272
2983,18741,0.227767
2983,16330,0.191287
2983,26509,0.104285
2984,18743,0.275648
2984,21986,0.06244
2984,22662,0.086515
2985,18744,0.107587
2985,22933,0.051402
2986,16756,0.115588
2987,18746,0.452484
2988,16760,0.282443
2989,18747,0.311623
2990,18748,0.2933
2991,17419,0.427136
2991,16994,0.302861
2992,18751,0.184315
2992,19746,0.360707
2993,16847,0.231473
2993,17406,0.225199
2994,18753,0.088185
2994,18845,0.058206
2994,16408,0.063522
2995,18754,0.069758
2995,20437,0.378553
2996,18755,0.05455
2997,17259,0.32673
2998,18699,0.248416
2998,24260,0.09672
2999,18756,0.184885
2999,19677,0.242026
2999,20863,0.050121
3000,18757,0.092632
3000,19320,0.075456
3000,19373,0.234798
3000,19916,0.056453
3001,18759,0.100809
3001,18827,0.478914
3002,18760,0.39456
3002,25515,0.064636
3002,25786,0.136838
3003,18761,0.085563
3003,20724,0.076565
3003,23382,0.150036
3003,24761,0.053127
3003,24141,0.235781
3004,16054,0.456958
3004,17439,0.162415
3005,16756,0.065928
3006,16462,0.084708
3006,17305,0.05423
3006,21307,0.084922
3007,17051,0.05685
3008,18767,0.320796
3009,18772,0.132323
3009,16226,0.32403
3009,16555,0.108279
3009,27432,0.060596
3010,16649,0.331589
3011,18774,0.116322
3011,18685,0.112481
3011,22273,0.054958
3012,18775,0.305303
3012,23425,0.111911
3012,16848,0.194691
3013,18776,0.374661
3013,26581,0.082561
3014,16175,0.092855
3014,16173,0.390426
3015,18778,0.268297
3016,17903,0.158176
3016,16096,0.440704
3017,18780,0.117396
3017,16089,0.052273
3017,17348,0.246383
3017,16898,0.056469
3018,18781,0.192968
3018,21182,0.0633
3018,20334,0.094156
3018,26393,0.079766
3019,18782,0.050003
3019,17648,0.058353
3020,18784,0.156329
3021,18785,0.265126
3021,18786,0.329088
3022,18787,0.091547
3022,20354,0.257398
3022,21783,0.121869
3022,18813,0.059731
3023,18788,0.187634
3024,16183,0.223255
3025,18336,0.453545
3026,18789,0.096345
3026,21709,0.299228
3026,18238,0.132097
3027,18151,0.212008
3027,19430,0.170389
3027,26890,0.068081
3028,18791,0.485726
3029,18795,0.207026
3029,19427,0.294281
3029,27730,0.071593
3030,18796,0.201983
3030,20348,0.146817
3031,18799,0.434702
3032,18800,0.254588
3033,18801,0.136816
3034,18802,0.123484
3034,20879,0.088255
3035,18803,0.081358
3035,19365,0.242615
3035,20275,0.095367
3036,16131,0.063471
3037,16192,0.10934
3038,18618,0.07033
3038,17057,0.170563
3038,23078,0.077844
3038,16500,0.06299
3039,18805,0.283118
3039,21641,0.207113
3040,18806,0.619214
3041,18807,0.406869
3042,16068,0.142369
3043,18809,0.118791
3043,16062,0.300607
3044,18215,0.173908
3044,17927,0.075434
3044,18335,0.101314
3044,16239,0.072459
3045,18810,0.237383
3045,25868,0.152106
3045,26438,0.109016
3045,17394,0.066286
3046,18811,0.104003
3046,20240,0.165074
3047,18813,0.194759
3047,20354,0.218819
3047,21783,0.065088
3047,25958,0.0603
3048,18814,0.064898
3048,20841,0.267973
3048,24346,0.057978
3048,20639,0.074445
3049,18815,0.20025
3049,16462,0.053152
3049,26179,0.123293
3050,18816,0.213346
3050,16085,0.229935
3050,19675,0.127407
3051,18818,0.116799
3051,17849,0.19497
3052,18819,0.339304
3053,18192,0.110391
3054,18821,0.53716
3054,23910,0.179487
3055,16119,0.345166
3056,18822,0.553536
3057,17780,0.360746
3058,18823,0.45423
3058,25040,0.115371
3059,16118,0.165583
3060,16118,0.084262
3060,16053,0.050411
3061,16052,0.3097
3062,16092,0.188375
3063,18824,0.321872
3063,18336,0.276465
3063,22731,0.150832
3064,18826,0.455547
3064,26486,0.153137
3065,16279,0.231154
3065,19131,0.093794
3066,16113,0.061185
3067,18828,0.234845
3067,23909,0.067124
3068,18829,0.233312
3068,24753,0.085449
3068,26357,0.093153
3068,25598,0.053094
3069,18712,0.440447
3069,19339,0.074436
3070,17952,0.25951
3071,16079,0.061577
3072,16651,0.051006
3073,17493,0.315474
3074,16103,0.280857
3075,16414,0.364248
3076,18834,0.464085
3077,17586,0.614979
3078,16573,0.147882
3079,16573,0.228802
3080,16207,0.146155
3081,16053,0.060958
3082,17481,0.235014
3082,20438,0.106625
3083,18837,0.377236
3083,21629,0.136924
3083,23482,0.082466
3084,18838,0.051702
3084,20209,0.115682
3084,18046,0.126893
3084,22109,0.051335
3085,18839,0.466604
3085,25073,0.064836
3086,18841,0.725276
3087,17555,0.095241
3087,19633,0.095149
3088,16156,0.330814
3088,24746,0.059852
3089,16079,0.126685
3090,16113,0.385804
3091,16567,0.246757
3092,16102,0.087503
3093,18843,0.082205
3094,17473,0.188549
3095,16274,0.353077
3096,16116,0.349798
3096,17439,0.074053
3097,18846,0.493358
3098,16140,0.076247
3099,18847,0.256215
3100,18263,0.065989
3100,16722,0.217073
3101,16210,0.161037
3102,17473,0.428778
3103,16100,0.137667
3104,18854,0.669488
3105,16494,0.135716
3105,16626,0.099447
3105,16379,0.098533
3105,18340,0.149138
3106,16119,0.546325
3107,18856,0.159756
3108,18857,0.095839
3108,18858,0.14931
3108,20543,0.071096
3108,16428,0.098206
3109,18859,0.240184
3109,22232,0.216804
3109,27087,0.099272
3110,18860,0.550195
3110,24582,0.110255
3111,18861,0.365273
3111,27124,0.261025
3112,18862,0.174479
3112,22137,0.052477
3113,18863,0.079076
3113,20471,0.237236
3113,21139,0.156251
3114,18865,0.464981
3114,22745,0.11358
3115,17951,0.162604
3115,19666,0.192004
3115,17950,0.20862
3116,16131,0.44127
3117,16279,0.185228
3118,16131,0.676322
3119,18867,0.184005
3119,27363,0.071334
3119,28462,0.127598
3120,18868,0.064676
3121,18063,0.073669
3121,22113,0.138083
3121,23007,0.182921
3122,18869,0.270352
3122,17861,0.161922
3122,23206,0.052126
3123,18870,0.072477
3123,19811,0.419109
3123,24784,0.054315
3124,18871,0.086048
3124,18779,0.134799
3124,22772,0.193155
3125,18443,0.216824
3125,22805,0.074831
3126,18872,0.185608
3126,21398,0.103096
3126,23241,0.088039
3126,23708,0.128089
3127,18647,0.531957
3127,18317,0.109927
3128,18169,0.458262
3128,18873,0.206551
3128,24409,0.089826
3129,16259,0.129722
3129,18742,0.180135
3129,21606,0.12172
3129,25399,0.0617
3129,16297,0.095406
3129,16630,0.166408
3129,28698,0.050537
3130,18874,0.144457
3130,21326,0.300989
3131,18875,0.527018
3132,18873,0.073429
3132,20990,0.15962
3132,17024,0.277834
3132,21606,0.075751
3132,24580,0.106897
3133,18878,0.100414
3133,19779,0.135262
3133,22536,0.055635
3134,18879,0.216043
3134,19499,0.066542
3134,19496,0.082203
3135,18880,0.48487
3136,16636,0.23933
3136,21319,0.087735
3136,23268,0.054769
3136,19749,0.055425
3137,17487,0.19276
3137,18045,0.217023
3138,18881,0.085808
3138,20266,0.075687
3138,20269,0.180185
3138,26723,0.116004
3139,16756,0.066293
3140,16559,0.11563
3140,16118,0.098452
3141,18883,0.08824
3141,24385,0.08824
3141,26813,0.297423
3142,18884,0.085394
3142,19733,0.246272
3142,20069,0.25508
3142,21337,0.067943
3142,25916,0.087433
3143,18885,0.486075
3144,16414,0.343781
3144,19784,0.068422
3145,16417,0.301589
3145,16573,0.159193
3146,18889,0.416667
3146,23069,0.101129
3147,16079,0.050454
3148,18890,0.255542
3149,16801,0.2718
3150,18891,0.086144
3151,18893,0.061016
3151,19238,0.16389
3151,20743,0.123867
3151,21368,0.140737
3151,21681,0.054731
3152,16468,0.258849
3152,17372,0.202852
3152,16385,0.051053
3152,17403,0.061213
3153,17342,0.292471
3153,23783,0.176955
3154,18185,0.111604
3154,20833,0.079625
3154,22212,0.138176
3155,18898,0.591489
3156,16174,0.076499
3157,18900,0.077495
3157,16086,0.371822
3157,17938,0.093889
3158,17402,0.109838
3158,18814,0.080374
3158,24665,0.079764
3159,18901,0.234256
3159,17309,0.068929
3159,16226,0.119337
3160,16812,0.417982
3160,19080,0.055603
3161,17175,0.176939
3161,17456,0.092049
3161,18096,0.121327
3161,20569,0.068892
3162,18905,0.193337
3162,22949,0.21933
3163,16274,0.227813
3164,16195,0.143218
3164,20882,0.072254
3165,16370,0.110312
3165,18906,0.108721
3165,26008,0.107627
3166,18907,0.078979
3166,18908,0.080193
3166,19505,0.125798
3167,16113,0.160801
3168,18910,0.059313
3168,19299,0.331343
3168,23247,0.08571
3169,18911,0.101576
3169,20361,0.101565
3169,24472,0.262005
3170,18912,0.110651
3170,17581,0.124582
3170,19764,0.068456
3170,17596,0.053018
3171,16160,0.053441
3171,16100,0.090295
3172,16118,0.378369
3173,16118,0.14402
3174,18915,0.162404
3174,17305,0.107831
3175,16375,0.056985
3175,18916,0.132273
3175,16870,0.096294
3176,18917,0.108656
3176,25618,0.156095
3176,28824,0.051811
3177,18918,0.066743
3177,16614,0.298445
3177,21437,0.080923
3177,21789,0.088521
3177,16110,0.158402
3178,18919,0.489669
3179,16398,0.159441
3179,17740,0.178132
3179,20578,0.054661
3179,21077,0.10958
3180,18921,0.507914
3181,18922,0.136008
3181,28147,0.097663
3182,18923,0.055823
3182,21707,0.121808
3182,25991,0.116097
3182,28823,0.059233
3183,17108,0.131514
3183,23038,0.112623
3183,24265,0.06505
3184,18924,0.113092
3184,16322,0.05335
3184,24210,0.133882
3184,18482,0.058295
3184,20727,0.072469
3185,18927,0.114379
3185,19600,0.17517
3185,17615,0.239903
3186,18685,0.076612
3186,21478,0.091357
3186,16163,0.105645
3186,28109,0.091526
3187,16182,0.376302
3188,18928,0.197988
3188,28502,0.143829
3189,16526,0.145915
3189,21959,0.087927
3189,25625,0.068501
3189,20170,0.067105
3190,16733,0.053879
3190,19106,0.091401
3191,18929,0.102241
3191,22430,0.131246
3191,25197,0.189261
3191,27580,0.102278
3192,18930,0.355475
3192,27606,0.132561
3193,17519,0.24034
3193,19027,0.055992
3193,20056,0.097121
3193,28082,0.059032
3194,18932,0.256794
3194,28006,0.164271
3195,18933,0.131588
3195,25319,0.059781
3195,26618,0.06009
3196,18934,0.255406
3196,19559,0.097159
3196,19951,0.074815
3196,22702,0.090212
3196,24511,0.054195
3196,26511,0.08773
3197,18935,0.229459
3197,22568,0.07094
3198,18936,0.063129
3198,22813,0.094404
3198,25202,0.107809
3199,18940,0.085214
3200,18941,0.1029
3200,20137,0.143387
3200,17757,0.065388
3200,25537,0.060636
3201,18942,0.076613
3202,17487,0.100867
3202,17888,0.242702
3202,17006,0.214845
3203,16619,0.274696
3204,18943,0.062344
3204,19699,0.164336
3204,16282,0.154865
3204,16442,0.171113
3204,19543,0.082371
3205,18944,0.334888
3205,22397,0.164466
3205,27042,0.05351
3206,18945,0.170807
3206,18111,0.253085
3207,18946,0.190798
3207,25184,0.136944
3208,18947,0.223631
3208,20050,0.054603
3208,20721,0.125155
3208,26786,0.078673
3209,18948,0.426947
3209,27373,0.237832
3210,18950,0.58578
3211,18951,0.18466
3211,20380,0.12432
3211,18850,0.176034
3212,17859,0.121141
3212,22724,0.17383
3212,26554,0.059641
3212,26957,0.060457
3213,18954,0.173819
3213,16330,0.108316
3213,21408,0.112713
3213,26104,0.050637
3213,28710,0.050655
3214,18955,0.237416
3214,21756,0.052038
3214,27153,0.15276
3214,27641,0.051912
3215,16175,0.318593
3216,18958,0.635184
3217,16117,0.446366
3218,17585,0.216568
3219,18959,0.099772
3219,16173,0.131793
3220,16270,0.204649
3221,16117,0.435088
3222,18960,0.117816
3223,18961,0.304678
3223,23504,0.081694
3223,16829,0.090171
3224,16558,0.231524
3225,16207,0.195986
3225,16079,0.063819
3226,16160,0.162332
3227,18963,0.202359
3227,27775,0.07474
3228,18964,0.114216
3228,17997,0.264371
3228,16852,0.051677
3229,18966,0.171684
3229,19513,0.095126
3229,19828,0.053368
3230,18968,0.110231
3230,22520,0.359145
3231,17890,0.259137
3232,16567,0.624444
3233,16415,0.393157
3233,21316,0.052054
3234,18971,0.128086
3234,18111,0.172419
3234,22169,0.127985
3235,18972,0.303908
3235,20656,0.232104
3235,21374,0.053808
3235,26032,0.082413
3236,16075,0.297604
3236,21376,0.091556
3236,22902,0.065866
3236,24411,0.113322
3237,18974,0.110125
3237,17628,0.108039
3238,18577,0.380947
3239,18977,0.097146
3239,23220,0.442797
3240,18979,0.164276
3240,24707,0.051761
3240,25058,0.089177
3241,18980,0.296556
3242,18982,0.052451
3242,17688,0.066476
3242,20456,0.074141
3243,18983,0.27515
3243,22368,0.07666
3244,18984,0.106178
3244,19665,0.061143
3244,21432,0.123058
3244,22269,0.101695
3244,23752,0.074848
3245,16545,0.229797
3246,17339,0.384345
3246,27213,0.078323
3247,18985,0.174572
3248,18986,0.242431
3248,22140,0.149203
3249,16119,0.301909
3250,16279,0.272794
3251,18987,0.483212
3252,18988,0.07384
3252,20318,0.146462
3252,17429,0.059267
3252,16075,0.190579
3252,23224,0.083033
3253,18989,0.186314
3254,16414,0.371008
3254,16052,0.244058
3255,16102,0.190724
3255,22396,0.161013
3256,18617,0.257259
3257,18337,0.222653
3257,20409,0.295596
3258,18991,0.197464
3258,16526,0.090793
3258,24466,0.051077
3258,18503,0.065232
3259,18503,0.298263
3259,18992,0.14687
3259,25026,0.147217
3260,18613,0.113194
3260,20704,0.269642
3260,26412,0.140431
3261,18993,0.140891
3261,18994,0.060091
3261,21499,0.168335
3262,16270,0.298881
3262,16649,0.061662
3263,16102,0.113383
3264,16835,0.227156
3265,18995,0.088057
3265,16847,0.155494
3265,17406,0.054868
3266,17486,0.286513
3266,16501,0.063318
3267,18996,0.149615
3267,17114,0.194943
3268,18997,0.409689
3268,18998,0.063473
3269,18999,0.486575
3270,19001,0.060245
3270,16428,0.104306
3270,16801,0.052793
3271,17555,0.189888
3271,19633,0.14594
3272,19003,0.066537
3272,19124,0.118096
3272,24268,0.056339
3272,25835,0.051162
3272,24336,0.228422
3272,21570,0.05627
3273,16279,0.085982
3274,16103,0.236029
3275,16414,0.248906
3276,16207,0.29487
3276,16414,0.325033
3277,16091,0.380318
3278,16118,0.148756
3279,16068,0.368428
3280,19007,0.619442
3281,19008,0.232597
3281,19086,0.061693
3281,19700,0.069836
3282,19009,0.198229
3282,23926,0.132841
3282,24669,0.058446
3282,27386,0.054422
3283,19010,0.118105
3283,23446,0.334858
3283,28388,0.074594
3284,16279,0.178193
3285,16612,0.297378
3285,16270,0.33141
3286,16612,0.11171
3286,16270,0.143053
3286,16649,0.195097
3287,16052,0.215307
3288,19011,0.402992
3288,17692,0.086534
3289,19012,0.272221
3290,16068,0.43106
3291,19013,0.087655
3291,17135,0.39857
3292,19014,0.118657
3292,23753,0.185855
3292,17107,0.087363
3292,17790,0.103166
3293,19015,0.057221
3293,16637,0.279643
3293,16123,0.056542
3294,16303,0.181587
3294,19017,0.117486
3294,18104,0.187743
3294,25389,0.055658
3294,21312,0.121776
3295,19019,0.055813
3296,19021,0.502395
3297,16921,0.384761
3297,20588,0.080682
3297,26726,0.124506
3298,16087,0.333001
3298,16126,0.061785
3299,19023,0.386052
3300,16104,0.063666
3301,19026,0.114388
3301,21346,0.139807
3302,19030,0.071276
3302,21578,0.157741
3302,20851,0.062348
3303,16118,0.114694
3304,16119,0.279711
3304,17585,0.05205
3305,16174,0.13031
3306,16182,0.458882
3307,16340,0.205418
3308,19031,0.572014
3309,16215,0.917363
3310,19032,0.13114
3310,24967,0.064581
3310,17843,0.306367
3311,16113,0.28854
3312,16101,0.16243
3313,19035,0.222713
3313,23390,0.051126
3313,24543,0.05223
3314,19036,0.215546
3314,22915,0.087482
3314,20459,0.064512
3315,19037,0.211741
3315,26259,0.104376
3315,20693,0.066699
3316,19038,0.157847
3316,20897,0.068801
3316,22537,0.051685
3317,19042,0.079487
3317,19074,0.295012
3317,25119,0.103462
3318,19044,0.319761
3318,24512,0.070437
3318,26544,0.070428
3319,16183,0.248466
3320,16173,0.456982
3321,16175,0.245676
3321,16173,0.292103
3322,16101,0.493665
3323,16113,0.242877
3323,16112,0.30199
3324,16339,0.149424
3325,16354,0.382113
3326,19047,0.275422
3327,16558,0.161335
3328,17202,0.288448
3329,16279,0.142462
3330,19048,0.749131
3331,19050,0.128822
3331,20265,0.07777
3332,17473,0.363437
3333,16558,0.299144
3334,16342,0.465943
3335,16183,0.3075
3336,16113,0.141448
3337,19053,0.247714
3337,16651,0.32281
3338,19054,0.178239
3338,18310,0.100753
3339,16118,0.075677
3340,18805,0.065828
3340,19201,0.098697
3340,23053,0.060443
3341,19057,0.243069
3341,20824,0.083939
3341,23091,0.057347
3342,19058,0.278822
3342,23692,0.057212
3343,18272,0.159503
3343,25940,0.076886
3344,17439,0.256946
3345,16101,0.068762
3346,19059,0.689835
3347,18685,0.069403
3347,25130,0.081544
3347,17654,0.152671
3347,18272,0.105383
3348,19062,0.205436
3349,19064,0.069365
3349,22281,0.207316
3349,16355,0.124193
3350,19066,0.52944
3351,19067,0.118103
3351,17374,0.187297
3352,19069,0.108776
3352,19241,0.117914
3353,19071,0.081191
3353,22890,0.127104
3354,16279,0.230591
3355,19072,0.522413
3356,17223,0.43893
3357,19075,0.108691
3357,22145,0.226097
3357,24129,0.108682
3358,16215,0.195932
3359,19078,0.330764
3359,23856,0.100753
3360,19080,0.225165
3360,22732,0.059144
3361,19081,0.187556
3362,17225,0.211008
3363,19082,0.354169
3363,28029,0.077338
3364,19084,0.231159
3364,24316,0.130427
3364,25057,0.091862
3364,26075,0.091844
3364,16230,0.112399
3365,16095,0.652156
3366,19087,0.365072
3367,19088,0.067702
3367,17186,0.324588
3367,19843,0.09622
3367,16116,0.050813
3367,22228,0.05172
3368,19089,0.142724
3368,21061,0.304775
3368,25802,0.129164
3369,16068,0.240117
3370,16118,0.354772
3371,16185,0.232315
3372,16175,0.372401
3373,19090,0.087429
3373,16183,0.269017
3374,16756,0.182965
3374,17225,0.08173
3375,16978,0.056478
3375,19097,0.296055
3375,27342,0.067739
3376,16967,0.103821
3376,16591,0.250712
3376,24678,0.067996
3377,19091,0.113203
3377,22839,0.056677
3377,19097,0.24132
3377,27223,0.091712
3378,19094,0.052927
3378,17688,0.337051
3378,16300,0.133565
3378,20749,0.104463
3379,19095,0.132364
3379,19361,0.265816
3379,23071,0.086845
3379,24618,0.068557
3380,18262,0.063868
3380,18260,0.406365
3380,22670,0.066703
3380,23942,0.061176
3381,19098,0.218683
3381,16120,0.066024
3381,17803,0.100702
3382,19099,0.447393
3382,20057,0.103637
3383,19102,0.487903
3384,19104,0.097627
3384,21781,0.097743
3385,18063,0.38033
3385,20711,0.127548
3385,24041,0.077309
3386,16760,0.093597
3386,16340,0.068369
3387,16279,0.158301
3388,16412,0.212021
3389,16918,0.12764
3389,19108,0.062377
3389,16384,0.059255
3389,19109,0.060843
3389,26007,0.10674
3390,17562,0.253118
3390,16918,0.143446
3390,19110,0.115771
3391,17966,0.27759
3391,25506,0.103016
3391,27711,0.089721
3392,19111,0.122983
3392,25403,0.084558
3392,25812,0.198279
3393,16925,0.419011
3394,16174,0.353214
3395,16279,0.18574
3396,19112,0.056672
3396,20372,0.206763
3396,18192,0.117921
3397,16354,0.438788
3398,16246,0.303665
3399,16275,0.283838
3400,16068,0.338873
3401,16103,0.185218
3402,19114,0.399904
3402,25580,0.075427
3403,19116,0.212798
3403,22959,0.124703
3403,17203,0.119119
3404,19117,0.070982
3404,21173,0.087616
3404,16129,0.325446
3404,16684,0.05583
3405,19118,0.204115
3405,21224,0.152483
3405,20118,0.053791
3405,23314,0.080183
3405,28677,0.05365
3406,19119,0.206542
3407,19121,0.091748
3407,20880,0.294699
3407,22581,0.066472
3407,23564,0.148604
3408,19122,0.441741
3409,16052,0.08762
3410,16417,0.271197
3411,19125,0.4512
3411,16118,0.191077
3412,19126,0.243958
3413,18966,0.271952
3413,20016,0.173357
3414,17117,0.669761
3415,19127,0.081363
3415,19450,0.386612
3415,25271,0.075356
3416,17473,0.106668
3417,19128,0.146776
3417,16657,0.137385
3417,16658,0.066894
3417,20108,0.096475
3418,16415,0.20807
3418,19130,0.519519
3419,16160,0.172014
3420,19131,0.193606
3420,16279,0.077285
3421,16175,0.089457
3421,16173,0.060504
3422,16173,0.098718
3423,17938,0.246407
3423,19224,0.094006
3423,17388,0.149274
3424,19132,0.115107
3424,19133,0.268802
3424,19134,0.105717
3424,27107,0.128053
3424,23012,0.11589
3425,17763,0.169334
3425,16526,0.107772
3426,19137,0.397962
3426,24362,0.056739
3427,16414,0.245947
3427,16274,0.110993
3428,16068,0.076351
3429,19138,0.7577
3430,19139,0.186812
3430,19140,0.164346
3431,19142,0.256789
3431,19096,0.157665
3431,22927,0.061585
3432,19143,0.141323
3432,19144,0.36836
3433,19145,0.309784
3433,23022,0.197345
3434,19146,0.332745
3434,22769,0.0552
3435,19148,0.075875
3435,24741,0.080851
3435,18565,0.240482
3435,27553,0.057305
3436,17790,0.307552
3437,16302,0.055411
3437,16814,0.086744
3437,16542,0.199404
3438,16760,0.301879
3439,18043,0.085886
3439,19688,0.159317
3439,22054,0.071608
3439,22549,0.075623
3440,17277,0.467349
3441,16409,0.537842
3442,19152,0.095688
3442,23973,0.122749
3442,22586,0.135264
3443,19153,0.075909
3443,19338,0.506875
3444,19155,0.280565
3444,16262,0.270809
3444,21531,0.051566
3444,20216,0.053747
3445,19156,0.404941
3445,20977,0.05114
3446,19157,0.136327
3446,22737,0.166202
3446,28221,0.076216
3447,19158,0.391619
3448,19159,0.085186
3449,19160,0.226222
3449,21204,0.147108
3449,16514,0.05207
3449,26351,0.058402
3450,18080,0.197837
3450,22081,0.110976
3450,23788,0.103491
3451,17065,0.398673
3451,20479,0.056993
3452,18341,0.069937
3452,16437,0.106499
3452,19687,0.38763
3453,16330,0.150125
3453,18422,0.127596
3454,19166,0.320562
3454,24421,0.115577
3454,27786,0.090251
3455,17644,0.087922
3456,19167,0.05488
3456,20019,0.23648
3457,19168,0.076906
3457,21251,0.123298
3457,24329,0.078809
3457,19021,0.162168
3458,17585,0.105247
3459,17225,0.206466
3460,16068,0.195767
3461,16339,0.062848
3462,19171,0.288991
3462,17920,0.133186
3462,20422,0.054495
3462,20423,0.099938
3462,19281,0.11023
3463,17166,0.461429
3463,20446,0.080178
3463,21549,0.106703
3463,19048,0.067203
3464,19174,0.367961
3464,24763,0.053048
3465,19175,0.387942
3465,22164,0.129608
3465,25533,0.059353
3466,19176,0.386876
3467,16174,0.401552
3468,19177,0.160685
3468,16903,0.199692
3468,19799,0.151595
3468,18085,0.095767
3469,19178,0.291353
3469,22818,0.050709
3469,23618,0.050422
3469,23080,0.090725
3470,19179,0.448348
3471,19180,0.401687
3472,18103,0.272925
3472,16867,0.154936
3472,18430,0.109884
3473,16104,0.276349
3474,16279,0.0553
3475,16322,0.185585
3475,16941,0.138036
3475,28163,0.056965
3476,18915,0.322417
3476,17305,0.080054
3476,23732,0.090084
3477,16207,0.298493
3478,16113,0.170852
3479,16184,0.372289
3480,19184,0.167009
3480,16151,0.222967
3480,20430,0.074834
3480,18300,0.124315
3481,16514,0.671721
3482,18617,0.118436
3483,16279,0.091769
3484,19185,0.119833
3484,20815,0.242435
3485,19186,0.307962
3486,16158,0.480466
3486,22052,0.122752
3486,22319,0.101086
3487,17493,0.076416
3488,19187,0.10945
3488,27468,0.095853
3488,28485,0.116497
3489,19188,0.084971
3489,17855,0.20031
3489,24315,0.109063
3490,19190,0.14039
3490,19298,0.073128
3490,23395,0.215714
3490,26816,0.053228
3491,19191,0.398864
3491,20317,0.091141
3492,18680,0.201443
3492,19693,0.113063
3492,20248,0.112178
3492,25422,0.15762
3493,19192,0.291455
3493,19972,0.092618
3493,19191,0.066422
3493,23563,0.052844
3493,24939,0.06649
3494,16197,0.367185
3495,19194,0.123602
3496,19195,0.061504
3496,19680,0.297813
3497,19196,0.057303
3497,25235,0.203484
3498,16841,0.087795
3498,28055,0.059492
3499,19199,0.199187
3499,20239,0.056023
3499,24089,0.103293
3499,22609,0.071937
3499,26132,0.221175
3500,19200,0.116161
3500,20089,0.139581
3500,22955,0.20011
3500,26180,0.06094
3501,18409,0.492041
3501,22385,0.131183
3502,16108,0.437441
3502,18694,0.089619
3503,19202,0.164361
3503,20970,0.059528
3503,27190,0.059528
3504,19204,0.086707
3504,24852,0.148854
3504,25272,0.218942
3504,16468,0.09121
3505,16557,0.547987
3506,18126,0.137276
3506,20253,0.125232
3507,19205,0.289326
3507,18712,0.437931
3508,19207,0.130888
3508,20203,0.112556
3508,21494,0.103878
3509,16354,0.246738
3510,19210,0.27111
3510,16590,0.271316
3511,19211,0.12222
3511,19988,0.098463
3512,19084,0.070983
3512,16905,0.281997
3512,23439,0.052209
3512,16556,0.133086
3512,17278,0.155307
3513,19212,0.328861
3513,21363,0.122104
3514,19213,0.228107
3514,20767,0.050114
3514,22706,0.08989
3515,16195,0.522789
3516,17409,0.331251
3516,19864,0.107382
3516,21661,0.097481
3517,19214,0.40348
3518,19215,0.188055
3518,23679,0.1998
3518,16424,0.184671
3519,17565,0.070711
3519,20683,0.077851
3519,17783,0.063948
3520,16173,0.335213
3521,19216,0.477665
3521,27508,0.06851
3522,16567,0.276407
3523,19217,0.057995
3523,19218,0.10963
3523,26718,0.110867
3523,27166,0.060103
3524,18070,0.303884
3524,18745,0.223126
3525,19219,0.239901
3526,17021,0.082237
3526,20025,0.116232
3527,19221,0.266191
3527,18344,0.093289
3527,19954,0.192719
3527,21410,0.078671
3528,19223,0.370358
3528,23327,0.176011
3528,26765,0.068284
3529,19224,0.153321
3529,17388,0.135518
3529,17938,0.193256
3530,17763,0.159546
3530,17766,0.230854
3531,19226,0.088583
3531,19239,0.087459
3531,22497,0.080329
3531,18940,0.059891
3532,19227,0.372408
3532,25069,0.16012
3532,25824,0.09635
3532,22684,0.050728
3533,19228,0.271384
3533,16131,0.441204
3534,16649,0.302486
3534,16270,0.081243
3535,16068,0.136767
3536,16215,0.176457
3537,19231,0.423408
3537,24306,0.16518
3537,25555,0.08164
3538,16281,0.372332
3538,19232,0.224907
3538,17175,0.095296
3538,27676,0.073979
3539,16717,0.179552
3540,19233,0.222513
3540,22737,0.171753
3540,23255,0.052497
3541,16456,0.436643
3541,20134,0.107045
3542,17262,0.157656
3543,19235,0.484801
3543,22211,0.143486
3543,18631,0.09956
3544,16297,0.119472
3544,24321,0.066143
3544,17538,0.050714
3545,16920,0.242986
3545,23026,0.210641
3546,17727,0.181931
3546,21968,0.140591
3546,19639,0.067617
3547,17367,0.081952
3547,18483,0.450861
3548,18477,0.350856
3549,16119,0.366506
3550,17573,0.12099
3550,16626,0.104724
3550,19640,0.247942
3550,16892,0.080046
3551,19242,0.072799
3552,19245,0.103955
3552,16920,0.200705
3553,16119,0.351586
3553,17585,0.053403
3554,16604,0.341581
3554,18011,0.166156
3555,17987,0.2404
3555,17590,0.075172
3555,23553,0.11374
3556,16052,0.167539
3556,20218,0.115326
3557,19247,0.065292
3557,17676,0.27695
3557,27380,0.057517
3557,16122,0.058358
3558,16274,0.423949
3559,19248,0.054726
3559,21569,0.101254
3559,17740,0.100549
3559,20578,0.069314
3559,21077,0.055062
3559,28615,0.054732
3560,16767,0.167254
3561,19249,0.102723
3561,16453,0.133288
3562,16072,0.086196
3562,16989,0.112728
3562,29012,0.064095
3562,17498,0.088847
3563,16068,0.065537
3564,19251,0.247024
3564,18253,0.248429
3565,19252,0.187693
3565,21244,0.060518
3565,23787,0.318221
3565,27416,0.073705
3566,19253,0.225919
3566,21722,0.112382
3567,19254,0.174605
3567,16452,0.203699
3567,17348,0.095597
3568,19255,0.313652
3569,19256,0.158911
3569,21611,0.056943
3569,27090,0.101871
3569,27862,0.259502
3570,19258,0.29956
3570,23343,0.156436
3571,18287,0.616078
3572,18942,0.25089
3572,22703,0.067807
3572,24724,0.085323
3572,22836,0.061502
3573,19259,0.183709
3573,23488,0.056656
3574,16093,0.178859
3574,16079,0.085726
3575,19260,0.085798
3575,23164,0.234052
3575,18779,0.055076
3576,17566,0.175573
3577,19262,0.238037
3577,18337,0.113149
3578,19263,0.062911
3578,18694,0.273619
3579,18900,0.356779
3579,19264,0.326391
3579,16866,0.057225
3580,19265,0.210938
3580,22993,0.067138
3580,24704,0.052118
3580,25203,0.062112
3581,19266,0.395631
3581,27658,0.07711
3582,19267,0.331059
3583,19268,0.109046
3583,20759,0.110187
3583,19450,0.124133
3583,24634,0.064528
3584,17366,0.101885
3584,16974,0.150963
3584,22754,0.098011
3584,19804,0.05184
3585,17181,0.212598
3585,20104,0.099545
3586,18207,0.440513
3586,18211,0.099139
3586,25857,0.144287
3587,19270,0.275309
3587,18916,0.061429
3587,20572,0.100919
3588,19271,0.156017
3588,27185,0.050833
3589,19272,0.139862
3589,28870,0.140576
3590,16982,0.431791
3590,17805,0.250206
3590,16706,0.128339
3591,16276,0.76708
3592,16926,0.328881
3593,19274,0.068126
3593,22701,0.174357
3593,24931,0.111871
3593,21295,0.094769
3594,19275,0.501634
3595,19276,0.320097
3596,16498,0.761439
3597,16052,0.085604
3598,17473,0.236296
3599,16498,0.380122
3600,19277,0.510704
3601,16558,0.32174
3602,19278,0.06721
3602,16232,0.404979
3603,19279,0.351548
3604,19280,0.205812
3604,25297,0.128181
3605,16668,0.359529
3605,20342,0.117936
3605,23256,0.053292
3606,19283,0.133179
3606,20029,0.053039
3606,21292,0.054466
3606,16688,0.229886
3606,26518,0.092951
3607,16113,0.147742
3608,17173,0.137693
3608,18146,0.138818
3609,17360,0.050234
3609,20853,0.312204
3609,16347,0.115034
3609,18703,0.114815
3610,16108,0.348165
3610,19286,0.299875
3610,23043,0.074349
3611,16052,0.162288
3612,19287,0.406056
3612,20412,0.118326
3612,21521,0.128602
3613,16290,0.185372
3613,16160,0.100701
3614,19288,0.361306
3615,16183,0.081805
3615,19090,0.054963
3616,17872,0.524876
3616,22030,0.095251
3617,19289,0.343201
3617,25675,0.198287
3618,16091,0.548269
3619,16174,0.434669
3620,19293,0.161872
3620,26818,0.124392
3621,19300,0.162314
3621,20079,0.281442
3621,21854,0.069408
3621,22699,0.068232
3622,19301,0.371668
3622,22925,0.053603
3622,26001,0.053508
3623,19302,0.064537
3623,23248,0.073867
3623,23035,0.078349
3624,19304,0.075952
3624,18644,0.13562
3624,25705,0.12087
3624,27743,0.134511
3625,17688,0.164486
3625,17821,0.089592
3625,18939,0.063782
3626,16126,0.118859
3626,20912,0.183157
3626,17032,0.087302
3627,19306,0.222475
3627,19999,0.199586
3628,17961,0.122606
3628,19620,0.110906
3628,17470,0.095142
3629,19307,0.210119
3629,16656,0.100777
3630,16760,0.05324
3631,16102,0.238032
3632,16102,0.38204
3632,16068,0.059112
3633,19308,0.196128
3633,19449,0.067523
3633,21500,0.136395
3633,19858,0.051893
3634,19310,0.220959
3634,17184,0.057229
3634,25897,0.167084
3634,27205,0.053098
3635,19311,0.395728
3635,23804,0.059911
3636,16102,0.372791
3637,16415,0.09312
3638,19312,0.195497
3638,21029,0.193451
3638,25818,0.105314
3639,19314,0.108919
3639,20637,0.16687
3639,25750,0.206726
3640,17763,0.13284
3640,17849,0.143359
3641,19315,0.57105
3642,19316,0.068087
3642,19317,0.331158
3643,19324,0.184068
3643,23880,0.067774
3643,16337,0.050229
3644,19325,0.065028
3645,16279,0.387011
3646,19326,0.761386
3647,19327,0.089378
3647,16760,0.247969
3647,24673,0.066268
3648,19328,0.126594
3648,21148,0.333945
3649,19329,0.115655
3649,19787,0.234577
3649,17305,0.206724
3650,19330,0.273441
3651,19331,0.068738
3652,19332,0.166196
3652,19467,0.263698
3653,18058,0.2338
3654,19334,0.269858
3654,19335,0.132148
3654,19215,0.084145
3655,19336,0.05781
3655,23667,0.079921
3655,24981,0.057821
3655,17770,0.122854
3655,26372,0.132238
3656,19340,0.133686
3656,24009,0.429663
3656,26389,0.086491
3657,16993,0.060066
3657,20569,0.121881
3657,17175,0.14338
3658,19341,0.108595
3658,19429,0.050955
3658,20922,0.087354
3658,22656,0.081508
3658,20331,0.079941
3659,16573,0.249564
3660,18905,0.45133
3660,19342,0.236161
3661,19343,0.33804
3661,18278,0.280888
3662,16102,0.121439
3662,16927,0.143127
3663,16342,0.382124
3664,19344,0.165771
3665,19346,0.283337
3666,19347,0.312713
3666,20627,0.117491
3666,24319,0.107962
3667,16183,0.196532
3667,19090,0.096503
3668,19349,0.229283
3668,18252,0.095328
3669,17585,0.058381
3670,19351,0.334509
3670,21379,0.094964
3670,22590,0.074435
3671,19352,0.147903
3671,22808,0.111874
3671,23479,0.169544
3672,19353,0.373924
3672,22888,0.112641
3672,23687,0.107707
3673,19354,0.107265
3673,27651,0.146028
3673,24487,0.140007
3673,28733,0.110181
3674,19355,0.07129
3674,22929,0.152851
3674,26308,0.219132
3674,28721,0.071176
3674,29028,0.052708
3675,19356,0.169509
3675,19363,0.163713
3675,22475,0.112179
3675,23354,0.060012
3675,25299,0.055017
3675,26556,0.055805
3676,19357,0.05151
3676,20093,0.080614
3676,21715,0.168402
3676,22089,0.069592
3676,27179,0.079707
3677,16119,0.207696
3678,18057,0.189884
3679,16175,0.311405
3680,19358,0.328963
3680,21809,0.058475
3680,21843,0.087027
3680,22576,0.140167
3681,16722,0.079804
3682,19359,0.446862
3683,19360,0.580452
3684,18771,0.59707
3685,19362,0.166575
3685,27665,0.121602
3685,27666,0.162962
3685,27667,0.121612
3686,17884,0.376951
3686,28490,0.100269
3687,19364,0.071886
3687,16437,0.426784
3688,16547,0.092642
3689,17259,0.169214
3690,16175,0.270479
3691,18180,0.118726
3691,22819,0.090698
3691,23374,0.073618
3692,19367,0.53806
3693,19368,0.089447
3693,23383,0.071969
3694,16173,0.194689
3695,16274,0.297435
3696,19370,0.844973
3697,19371,0.146206
3697,19387,0.290666
3697,20575,0.088771
3698,19372,0.278591
3698,18285,0.059735
3699,16320,0.249889
3699,16471,0.214332
3700,19375,0.356657
3701,18997,0.341776
3702,19377,0.391214
3702,16866,0.342604
3702,23878,0.070099
3703,19378,0.476182
3704,16160,0.409362
3705,19379,0.129628
3705,25603,0.070109
3705,28041,0.067517
3706,16235,0.458837
3706,16336,0.337466
3707,18577,0.239517
3707,17439,0.094587
3708,19380,0.307725
3708,20178,0.101739
3708,18565,0.068865
3708,23337,0.050666
3709,16088,0.373441
3709,18031,0.08496
3710,19381,0.079431
3710,22646,0.422585
3711,16612,0.300601
3712,19382,0.463555
3713,19383,0.110178
3713,17871,0.371124
3713,18793,0.101262
3714,16101,0.105298
3714,18018,0.09546
3715,16567,0.134163
3716,16568,0.153979
3717,19384,0.069227
3717,22864,0.11185
3717,26635,0.066705
3717,23450,0.052105
3718,19386,0.294623
3718,17772,0.129591
3718,27953,0.106055
3719,16114,0.284299
3720,16426,0.160592
3720,19388,0.176321
3720,16093,0.119987
3721,19389,0.079432
3721,25554,0.190291
3721,20780,0.147181
3722,16262,0.246471
3722,19391,0.150186
3722,22038,0.166567
3723,19392,0.178521
3724,19393,0.217832
3724,21646,0.121753
3724,25562,0.121529
3725,19394,0.351021
3726,19396,0.125396
3726,21584,0.073511
3726,23155,0.137496
3727,19397,0.623467
3728,19398,0.393031
3728,22264,0.288613
3729,19399,0.366899
3729,20094,0.06006
3729,22630,0.111141
3730,19400,0.537253
3730,16429,0.163992
3731,19401,0.06884
3731,18580,0.203801
3731,16462,0.068608
3732,19403,0.145809
3732,17676,0.051077
3733,19405,0.187127
3733,21755,0.154241
3733,23543,0.223385
3734,19406,0.159416
3735,19407,0.13407
3735,20671,0.09182
3735,23644,0.077842
3735,23954,0.25944
3736,16287,0.207594
3736,21250,0.138123
3736,25024,0.065228
3736,26621,0.064324
3737,19409,0.111151
3737,19567,0.281628
3737,23129,0.122163
3738,19410,0.439913
3738,19938,0.064663
3739,17415,0.107807
3739,16143,0.248319
3739,18414,0.096976
3740,16875,0.155797
3740,19549,0.243514
3741,16637,0.158937
3741,22462,0.074996
3741,16123,0.058055
3742,16052,0.24822
3743,17020,0.102391
3743,21334,0.274051
3744,19413,0.273015
3744,18247,0.215178
3744,23207,0.065171
3744,19183,0.060677
3745,19415,0.200727
3745,18607,0.274353
3745,26099,0.069342
3746,19416,0.186469
3746,22392,0.261142
3747,19418,0.320488
3747,19210,0.153422
3748,16132,0.213286
3748,25363,0.148922
3749,16760,0.138447
3749,16052,0.191988
3750,16232,0.226523
3751,19421,0.230354
3751,16340,0.144424
3752,16103,0.329625
3753,19422,0.160791
3753,21660,0.110307
3753,16482,0.098879
3753,24523,0.064139
3754,16112,0.385775
3755,16282,0.378642
3756,19423,0.160756
3756,20505,0.223208
3757,19424,0.167316
3757,17682,0.162996
3757,23487,0.07319
3757,24705,0.05484
3758,18997,0.169478
3758,20279,0.192284
3758,20365,0.100627
3759,16573,0.425327
3759,23607,0.085285
3760,16270,0.229237
3761,16068,0.094969
3762,19425,0.304462
3762,20157,0.086972
3762,16569,0.067
3763,16550,0.355219
3764,19428,0.270176
3765,19431,0.245893
3765,22642,0.127684
3765,23920,0.056403
3765,24902,0.099071
3766,19432,0.061039
3766,18516,0.070856
3766,19435,0.114916
3767,19433,0.100196
3768,17765,0.378468
3768,16777,0.268644
3769,16339,0.216045
3770,16100,0.322359
3770,17233,0.072011
3771,19436,0.068785
3771,19833,0.163692
3771,21433,0.067014
3772,19437,0.092393
3772,19438,0.067028
3772,20778,0.228454
3772,18284,0.114936
3773,16785,0.43927
3773,16467,0.413366
3774,17560,0.159722
3774,19440,0.093839
3774,18483,0.267841
3775,17078,0.072187
3775,17540,0.054398
3776,18410,0.451015
3776,16610,0.060091
3777,16084,0.160149
3777,17432,0.071175
3778,16197,0.283019
3779,19443,0.054015
3780,19444,0.139436
3780,23900,0.176335
3780,28335,0.05788
3781,19446,0.107148
3781,20794,0.208087
3781,25475,0.18883
3781,28208,0.096217
3782,19447,0.562129
3783,16057,0.465683
3783,22459,0.070118
3784,19451,0.058493
3784,19577,0.473492
3784,29102,0.075054
3785,19452,0.267058
3785,16451,0.128951
3785,16262,0.20013
3785,19735,0.165718
3786,19454,0.213495
3786,25170,0.383169
3787,16746,0.07972
3787,24610,0.105336
3787,16164,0.10512
3787,19060,0.105542
3788,16557,0.299821
3788,24432,0.261487
3789,19456,0.079283
3789,22931,0.053008
3790,16075,0.3676
3790,16076,0.367299
3791,19459,0.584845
3791,18338,0.126244
3792,19461,0.511747
3792,21594,0.087904
3792,23352,0.079902
3793,19462,0.468063
3793,19474,0.116552
3793,24019,0.080911
3794,16113,0.373758
3795,19035,0.304306
3795,17766,0.070016
3796,19463,0.161586
3796,19464,0.269558
3796,22504,0.112657
3797,19465,0.248904
3797,21792,0.094207
3797,25911,0.145016
3798,19466,0.09384
3798,20547,0.139486
3798,22198,0.067532
3798,16109,0.062435
3799,16212,0.185365
3799,17082,0.064159
3799,19553,0.065585
3800,18224,0.05444
3800,17029,0.069908
3800,16399,0.054678
3801,17873,0.36088
3801,21709,0.052508
3802,19470,0.204215
3803,19471,0.103895
3804,17253,0.127955
3805,17101,0.215516
3806,19472,0.116011
3807,17660,0.086965
3807,24577,0.078674
3807,17651,0.07729
3808,19473,0.073454
3808,18346,0.116668
3808,19370,0.15809
3809,17085,0.089162
3809,16577,0.247402
3809,18799,0.241912
3810,19476,0.21929
3810,19500,0.315868
3811,19477,0.194545
3811,18536,0.15417
3811,23238,0.092648
3811,22234,0.072006
3812,19478,0.549657
3813,19058,0.498919
3813,23692,0.090877
3814,17715,0.313201
3814,24649,0.105457
3815,19479,0.224412
3815,22084,0.056814
3815,26425,0.08914
3816,19482,0.073272
3816,17907,0.360166
3817,19483,0.664984
3818,17474,0.174879
3818,16071,0.126526
3819,19484,0.160499
3819,17651,0.064698
3820,19486,0.128969
3820,19487,0.189993
3820,17066,0.066543
3820,26127,0.062119
3821,16714,0.134807
3821,20378,0.103093
3821,18304,0.286399
3822,17679,0.195464
3823,16545,0.35235
3824,19488,0.404525
3825,16566,0.350933
3825,21827,0.078029
3825,16841,0.062544
3826,19490,0.134852
3826,20327,0.349798
3826,20522,0.099119
3827,19491,0.63317
3828,16195,0.627752
3829,19493,0.080978
3829,18508,0.054801
3829,18483,0.325273
3830,19495,0.172574
3830,19498,0.05895
3831,19496,0.190567
3831,19498,0.108198
3831,19499,0.361526
3832,18565,0.469732
3832,25359,0.090161
3833,16426,0.074735
3833,20374,0.194795
3833,22278,0.092192
3833,25569,0.124262
3833,25922,0.064949
3833,18260,0.069048
3834,19502,0.098533
3834,22265,0.269553
3835,19503,0.073756
3835,24699,0.073919
3836,19504,0.068435
3836,23792,0.08678
3836,25737,0.084329
3836,17235,0.074419
3836,20023,0.126123
3837,18907,0.264483
3837,23118,0.291633
3837,26615,0.058873
3838,17586,0.575924
3839,19506,0.091851
3839,19392,0.091187
3839,29108,0.128045
3840,17998,0.408675
3841,16417,0.164366
3841,21665,0.065196
3841,24876,0.083347
3842,16104,0.206474
3843,19507,0.33454
3843,19781,0.08035
3844,19509,0.492413
3845,19510,0.081293
3845,19708,0.08409
3845,20736,0.093725
3845,21445,0.128609
3846,19511,0.376295
3846,16657,0.185535
3847,19512,0.119107
3847,21088,0.148341
3847,18273,0.052772
3848,16756,0.425077
3849,19514,0.239285
3849,19406,0.070921
3849,26873,0.126888
3850,16185,0.34593
3850,16083,0.050262
3851,16234,0.095277
3851,18160,0.248401
3851,22017,0.053355
3851,18409,0.070578
3852,17630,0.231923
3852,21246,0.156671
3852,16140,0.056018
3853,19515,0.219367
3853,17804,0.115939
3853,27941,0.089333
3854,16507,0.29229
3855,19517,0.078361
3855,18175,0.223449
3855,21160,0.123144
3855,26450,0.07853
3856,19518,0.347191
3856,24578,0.095426
3857,19261,0.178771
3857,16140,0.052135
3857,22541,0.106413
3857,19858,0.092385
3857,25258,0.093589
3858,19519,0.346598
3858,18645,0.200276
3858,17765,0.062237
3859,19520,0.211773
3859,25418,0.100591
3859,26320,0.05623
3860,19521,0.177086
3860,23903,0.177052
3861,19522,0.249964
3861,26441,0.138718
3862,19523,0.12331
3862,19524,0.195444
3862,19678,0.069294
3863,16185,0.376538
3864,16100,0.132308
3865,16068,0.059048
3865,16102,0.195286
3866,16197,0.38028
3867,19525,0.212112
3867,16412,0.107779
3867,23702,0.093588
3868,19526,0.344376
3868,27950,0.091441
3869,19527,0.493858
3870,16052,0.120139
3871,16091,0.28527
3872,19529,0.178048
3872,20389,0.257195
3873,19530,0.437306
3874,19534,0.425367
3875,19535,0.398454
3875,24731,0.115107
3876,19537,0.331824
3876,18532,0.084029
3876,22526,0.14459
3877,19538,0.247863
3877,20908,0.073865
3877,16654,0.054446
3877,26006,0.132163
3878,19539,0.261283
3879,19540,0.06998
3879,23948,0.089654
3879,16224,0.221645
3880,17756,0.290085
3881,16100,0.400776
3882,16414,0.354173
3883,16414,0.663311
3884,17848,0.250046
3884,19418,0.323774
3885,19541,0.425752
3885,17429,0.28757
3886,16052,0.132365
3887,16117,0.49757
3888,16274,0.063655
3888,16183,0.099999
3889,19542,0.42003
3890,17051,0.147501
3891,16183,0.362605
3892,19544,0.062481
3892,18180,0.079532
3893,19546,0.409721
3893,24360,0.093063
3893,24382,0.093039
3894,19548,0.391659
3894,28002,0.242731
3895,16174,0.306343
3896,16100,0.428983
3897,19552,0.070003
3897,21804,0.173111
3897,23632,0.117054
3898,19554,0.357797
3899,19555,0.056299
3899,24137,0.081806
3899,16065,0.151179
3900,19556,0.233498
3901,16104,0.319557
3902,16182,0.219029
3903,16760,0.305682
3904,16054,0.091056
3905,19372,0.345238
3905,16262,0.365865
3905,18513,0.062931
3906,19560,0.196988
3906,20832,0.122116
3906,21060,0.111439
3907,19561,0.170609
3907,23905,0.218929
3908,16837,0.063608
3908,16418,0.194545
3908,18030,0.052894
3909,19562,0.106825
3909,19858,0.152908
3909,19869,0.068321
3909,16120,0.059038
3910,19563,0.055572
3910,19656,0.297245
3910,22626,0.099408
3910,24964,0.055572
3911,19372,0.332968
3911,16212,0.26532
3911,17082,0.118729
3912,19564,0.270525
3912,23041,0.059921
3912,26674,0.076677
3912,27523,0.130873
3913,16412,0.408005
3914,16277,0.280484
3915,16054,0.497293
3916,19566,0.434924
3917,19035,0.623292
3918,16567,0.055716
3918,18728,0.435473
3918,24847,0.062863
3919,18549,0.146013
3919,27322,0.155922
3920,19571,0.22102
3920,18899,0.116106
3920,16080,0.062014
3921,19572,0.137661
3921,19573,0.492122
3922,19574,0.10736
3922,20533,0.158754
3922,24532,0.089847
3922,25086,0.131181
3923,16501,0.062965
3923,19575,0.308473
3923,18140,0.050663
3924,18241,0.310345
3925,19578,0.131206
3926,16104,0.127463
3927,16174,0.388708
3928,16275,0.841414
3929,19579,0.19488
3929,19580,0.188123
3930,17175,0.122103
3930,23927,0.070362
3930,17692,0.059415
3931,19582,0.606838
3932,17449,0.53465
3933,17683,0.277216
3933,19123,0.206218
3934,19587,0.280585
3934,27975,0.104477
3935,19588,0.519964
3936,17321,0.246789
3937,16052,0.141611
3938,16195,0.246437
3939,16412,0.41363
3940,19592,0.287872
3940,19596,0.177137
3940,25329,0.098633
3941,19005,0.494596
3942,19594,0.08717
3942,16291,0.159495
3942,18269,0.106841
3943,19597,0.379259
3944,19599,0.092152
3944,19684,0.384766
3944,21557,0.070605
3945,17362,0.122319
3946,19601,0.223555
3946,23575,0.056762
3947,19602,0.759909
3948,19603,0.104125
3948,19070,0.093228
3948,16641,0.164565
3948,19902,0.109379
3948,18875,0.061085
3948,25697,0.051745
3949,17261,0.144873
3949,16868,0.08303
3949,16464,0.077821
3949,16149,0.072566
3949,18896,0.087255
3949,20443,0.050351
3950,16868,0.185365
3951,19605,0.054746
3951,20870,0.085947
3951,21069,0.131143
3951,16966,0.071513
3952,17453,0.257383
3952,17451,0.165782
3952,17703,0.137142
3953,17912,0.565691
3954,16052,0.232806
3954,21192,0.050995
3955,19608,0.088591
3955,18694,0.136354
3955,16941,0.117443
3955,16087,0.128981
3955,17776,0.067873
3955,19389,0.065604
3956,19609,0.080949
3956,17019,0.087113
3957,19610,0.155391
3957,22919,0.120906
3957,26539,0.086254
3958,16080,0.082028
3958,18899,0.174002
3958,19571,0.203006
3959,19611,0.307153
3959,19629,0.07751
3959,19793,0.074095
3959,19961,0.079304
3960,19614,0.073829
3960,18698,0.433
3960,22239,0.056444
3961,18152,0.341513
3961,19949,0.076874
3961,20165,0.080584
3961,24613,0.070679
3962,19615,0.530881
3963,16105,0.07078
3963,19160,0.483014
3964,19617,0.255634
3964,19701,0.111063
3965,19618,0.212575
3965,19723,0.097334
3965,26202,0.097326
3966,19619,0.489456
3967,16052,0.167122
3967,16414,0.173555
3968,16215,0.405455
3969,16054,0.055241
3970,19621,0.12013
3970,20609,0.372538
3970,25571,0.087032
3971,19622,0.159623
3971,16962,0.389438
3972,16409,0.222482
3973,19623,0.279551
3973,16547,0.090914
3974,19624,0.075342
3974,23120,0.054444
3974,25221,0.084834
3974,26791,0.118979
3974,27715,0.054448
3975,19625,0.485306
3976,19626,0.076686
3976,17251,0.09361
3976,24166,0.114129
3976,17383,0.066164
3977,19627,0.053732
3977,19940,0.073352
3977,20241,0.158752
3978,19628,0.115249
3978,19732,0.057552
3978,23052,0.051364
3978,17527,0.263298
3979,17598,0.073596
3979,22978,0.05348
3979,24754,0.058282
3980,19630,0.087906
3980,20003,0.053556
3981,19188,0.209149
3982,17169,0.34789
3982,17051,0.119364
3983,18057,0.339765
3984,19633,0.186208
3984,21935,0.050108
3984,17555,0.145391
3985,19634,0.063375
3985,17942,0.05884
3985,22592,0.187636
3985,25427,0.180072
3985,25902,0.053682
3985,28442,0.053673
3986,19635,0.174799
3986,21251,0.067677
3986,19021,0.108534
3986,19168,0.061313
3987,16622,0.182631
3987,23428,0.130809
3988,19637,0.280815
3988,23160,0.056722
3988,24441,0.079176
3989,19639,0.119268
3989,20298,0.076149
3989,17727,0.251357
3989,24295,0.054616
3990,19641,0.220044
3990,23775,0.177798
3990,25635,0.05618
3991,19642,0.372564
3992,19643,0.193072
3993,19644,0.306849
3994,19387,0.382964
3994,22500,0.058083
3995,16118,0.213658
3996,19645,0.239508
3996,23329,0.054691
3997,19646,0.500563
3997,16574,0.138246
3998,19647,0.122708
3998,16713,0.213587
3999,19648,0.074588
3999,21543,0.081787
3999,24494,0.062763
4000,19651,0.147755
4000,21096,0.119266
4000,24208,0.07072
4001,16339,0.316377
4002,16197,0.222898
4002,16196,0.156429
4003,19652,0.336001
4004,19653,0.579387
4005,19657,0.253305
4005,25508,0.092705
4005,18712,0.060549
4006,19658,0.521656
4007,19661,0.068423
4007,19073,0.052061
4007,19118,0.071348
4007,27567,0.062069
4008,16276,0.338856
4009,19662,0.071347
4009,17171,0.394805
4009,16707,0.055962
4009,18931,0.165865
4009,19508,0.1126
4010,19663,0.071396
4010,20879,0.1191
4011,19664,0.186741
4012,17747,0.059794
4012,19430,0.365756
4012,20228,0.068722
4013,16175,0.087129
4014,16107,0.248722
4014,19668,0.266135
4015,19096,0.193407
4015,19415,0.133264
4015,18607,0.053872
4015,18437,0.17568
4016,19670,0.131029
4016,21952,0.166378
4016,23497,0.078853
4017,16484,0.324523
4018,17655,0.391258
4019,19674,0.13348
4020,19675,0.181431
4020,16085,0.130412
4020,27289,0.05991
4020,24987,0.061711
4020,18816,0.085759
4021,16425,0.12817
4022,19676,0.05171
4022,25496,0.051713
4022,23767,0.138
4022,25344,0.075624
4023,17158,0.729401
4024,19679,0.053917
4024,18199,0.127127
4024,16615,0.084625
4025,19680,0.113712
4026,19681,0.456807
4026,16382,0.15676
4027,19682,0.051674
4027,19743,0.107358
4027,17880,0.292521
4028,19683,0.101859
4028,21491,0.210203
4028,20886,0.070029
4028,22229,0.061214
4029,18698,0.153386
4030,19685,0.373045
4030,17162,0.079942
4030,21685,0.073852
4030,21220,0.080793
4031,18076,0.38117
4032,17085,0.054793
4033,19686,0.286662
4034,19691,0.304173
4035,16068,0.177639
4036,19692,0.383232
4037,16246,0.122508
4038,19694,0.096347
4038,19859,0.196159
4039,19695,0.115088
4039,19860,0.052694
4039,20509,0.177577
4040,19696,0.279962
4040,23826,0.214456
4040,24839,0.05861
4040,26219,0.084853
4041,16412,0.230865
4042,16274,0.422087
4043,19697,0.260355
4043,19915,0.111249
4044,16175,0.103264
4044,16274,0.275952
4045,19702,0.1055
4045,17855,0.115632
4045,20197,0.128177
4045,22028,0.070424
4046,17233,0.174939
4047,16491,0.162089
4047,29088,0.090921
4048,16276,0.057
4048,16068,0.089769
4049,17429,0.105251
4049,19705,0.256738
4049,17848,0.178462
4049,22627,0.221281
4050,16786,0.369266
4050,16440,0.19896
4050,28445,0.066004
4051,19711,0.066162
4051,24747,0.152702
4051,25834,0.116448
4052,19712,0.101362
4052,19715,0.09188
4052,19716,0.069866
4052,21360,0.312891
4053,19713,0.113751
4053,25646,0.063509
4053,22551,0.105236
4053,18769,0.090742
4054,19714,0.147554
4054,24976,0.147753
4055,19718,0.439501
4055,24918,0.051501
4055,27259,0.078512
4056,19719,0.084857
4056,16285,0.147745
4056,17463,0.252249
4056,26205,0.058537
4057,19720,0.289978
4057,28337,0.101345
4058,17141,0.129017
4058,16325,0.154918
4058,19673,0.17183
4059,16569,0.116521
4059,20537,0.099511
4059,16644,0.054476
4060,17798,0.499506
4060,19335,0.074747
4061,16957,0.280683
4061,16462,0.449156
4062,19724,0.816978
4063,16093,0.323441
4064,16451,0.281833
4064,17778,0.148245
4065,19726,0.163179
4065,18748,0.248986
4065,27458,0.056854
4066,16712,0.066807
4067,16712,0.152706
4068,16756,0.09311
4069,16978,0.713783
4070,19727,0.185702
4071,19728,0.322159
4071,20665,0.102432
4071,22002,0.173117
4072,16197,0.239431
4072,23020,0.169611
4073,16114,0.396649
4074,19731,0.071125
4074,20282,0.06021
4074,22035,0.080577
4074,25146,0.207076
4075,16076,0.537483
4076,16175,0.408632
4077,16175,0.234235
4077,16173,0.177026
4078,16841,0.061543
4078,22584,0.107048
4078,20817,0.121526
4079,17688,0.169001
4079,16551,0.100596
4079,17821,0.058818
4080,16477,0.056166
4080,22019,0.058313
4081,19734,0.05302
4081,23288,0.063311
4081,16330,0.318995
4082,19736,0.358259
4082,21280,0.059589
4082,21336,0.13541
4083,19737,0.147479
4083,19740,0.351108
4083,28254,0.072396
4084,19738,0.442776
4084,23970,0.145155
4085,18955,0.374183
4085,27641,0.062837
4086,19741,0.424457
4086,17202,0.137675
4087,19742,0.234828
4088,16118,0.357697
4089,17012,0.094544
4089,21083,0.292603
4089,23541,0.089817
4089,27899,0.058601
4090,19445,0.278761
4090,21418,0.07468
4090,17198,0.132445
4090,23561,0.065384
4091,16173,0.423347
4091,16091,0.306784
4092,17051,0.358065
4093,16100,0.103002
4093,16101,0.352925
4094,19744,0.448826
4094,26875,0.150871
4095,18617,0.090336
4095,18018,0.106784
4096,19745,0.5436
4096,20804,0.088957
4097,16409,0.145871
4097,16491,0.102374
4097,17225,0.059817
4098,18090,0.247046
4098,16944,0.163571
4098,22299,0.058418
4098,21639,0.055784
4099,18502,0.07899
4099,21610,0.063595
4099,21555,0.098047
4100,16396,0.069249
4100,17510,0.206958
4100,17517,0.072185
4101,19751,0.414406
4101,20571,0.178123
4102,19640,0.077649
4102,23999,0.082693
4102,16242,0.198105
4102,22606,0.074286
4102,29211,0.059322
4103,17393,0.137408
4104,16276,0.167839
4105,16114,0.187065
4106,16102,0.123264
4106,16119,0.125948
4107,19755,0.140502
4107,21102,0.155458
4107,23042,0.161003
4108,19756,0.194617
4108,17921,0.2474
4108,19434,0.056621
4108,22032,0.093104
4109,17000,0.501012
4110,19758,0.262727
4110,21225,0.343293
4111,16189,0.353207
4112,19760,0.058161
4112,20653,0.152822
4112,21343,0.152732
4113,17500,0.347615
4114,19763,0.212312
4114,16113,0.08939
4115,16091,0.559966
4116,16068,0.133918
4117,17298,0.084244
4117,16762,0.479808
4118,16543,0.221844
4118,19764,0.319455
4118,19893,0.067994
4118,25458,0.072411
4119,16725,0.076608
4119,19215,0.243354
4119,26624,0.102588
4119,27098,0.101963
4120,18739,0.427403
4121,16092,0.45474
4121,16414,0.054123
4122,19766,0.370139
4122,20286,0.078952
4122,19838,0.052538
4123,19767,0.511267
4123,21720,0.097368
4124,16185,0.296577
4125,16279,0.291534
4125,17493,0.09375
4126,16649,0.170098
4126,16612,0.253891
4127,17802,0.108222
4127,20500,0.082555
4127,18818,0.073438
4127,17849,0.08086
4127,25798,0.070411
4127,26775,0.070387
4128,18579,0.383678
4128,18494,0.063748
4129,19770,0.171303
4129,24645,0.174141
4130,19771,0.121362
4130,18289,0.41172
4131,17271,0.234979
4131,18330,0.140115
4131,24893,0.088167
4132,16925,0.601393
4133,17570,0.380536
4134,16068,0.052774
4134,16558,0.079259
4135,16185,0.080801
4136,19325,0.176118
4136,16918,0.073103
4136,24167,0.056214
4137,19772,0.098164
4137,27449,0.081645
4137,28619,0.070379
4138,16688,0.358832
4138,19773,0.186147
4138,19775,0.127138
4139,19774,0.307048
4140,19486,0.080597
4140,17066,0.19954
4140,17481,0.062143
4141,17299,0.071086
4141,16437,0.343249
4141,21238,0.090367
4141,19364,0.051329
4142,16052,0.107391
4143,19776,0.427584
4144,19777,0.238039
4144,17416,0.131229
4144,21233,0.071782
4145,17797,0.069287
4145,17056,0.062874
4145,18177,0.224325
4145,22911,0.086765
4145,22696,0.086764
4146,19782,0.114983
4146,16509,0.425664
4146,21082,0.059098
4147,19783,0.135189
4147,19426,0.116941
4147,17560,0.184263
4147,23655,0.12093
4148,17942,0.086865
4149,16279,0.173522
4150,16119,0.42056
4151,19784,0.100105
4151,16414,0.124551
4152,19785,0.119143
4152,26846,0.085425
4152,28103,0.1443
4153,19786,0.128741
4153,16843,0.209155
4153,16383,0.128496
4154,17936,0.265309
4154,19191,0.164552
4155,19789,0.172831
4155,21147,0.096617
4155,26201,0.208364
4156,19790,0.150854
4156,20506,0.289868
4156,22313,0.078557
4157,16824,0.196385
4158,19792,0.147786
4158,23442,0.053304
4159,16163,0.424473
4160,19794,0.099511
4160,19805,0.083295
4161,19795,0.303653
4161,28450,0.052186
4162,16052,0.053574
4163,16174,0.134501
4164,16118,0.108232
4165,19796,0.138913
4165,26577,0.051906
4166,16573,0.064245
4166,18577,0.128482
4167,18145,0.152656
4168,19797,0.31882
4168,24587,0.061148
4168,26128,0.071246
4169,19798,0.486529
4170,19799,0.155744
4170,18385,0.056761
4170,21462,0.092766
4170,24043,0.054924
4171,19800,0.086332
4171,20313,0.05782
4171,16865,0.197877
4172,19801,0.055335
4172,19802,0.281777
4172,28145,0.056562
4173,19803,0.0581
4173,16322,0.067519
4173,25181,0.057111
4173,26345,0.069198
4173,21422,0.055181
4174,16052,0.21273
4175,19804,0.232932
4175,23622,0.102614
4175,24792,0.05132
4176,16088,0.42472
4176,16867,0.380187
4177,19807,0.515171
4177,20418,0.092331
4178,16565,0.09785
4178,16500,0.092583
4178,16729,0.090143
4179,16129,0.510025
4180,17629,0.084044
4180,16087,0.070338
4181,16101,0.323276
4182,19810,0.146645
4183,16131,0.627956
4184,19813,0.129416
4185,19814,0.10879
4185,19812,0.136884
4185,16143,0.06843
4185,20348,0.118818
4185,16675,0.086243
4185,18276,0.092526
4186,16806,0.147193
4186,20845,0.112598
4186,21092,0.059548
4187,19511,0.309809
4187,27600,0.142744
4188,19817,0.179629
4188,20591,0.199594
4189,19818,0.128997
4189,20513,0.229406
4189,20621,0.234566
4190,19820,0.104395
4190,19418,0.428447
4191,16175,0.162417
4192,19821,0.12475
4192,20139,0.366675
4192,20183,0.055159
4193,19822,0.293614
4193,19823,0.117656
4194,16043,0.405849
4195,17825,0.071117
4195,22214,0.084541
4195,23228,0.054933
4196,19825,0.253404
4196,20655,0.063323
4196,21863,0.107856
4196,16095,0.139447
4197,19826,0.074599
4197,20488,0.093684
4197,22144,0.088586
4197,24574,0.059196
4198,16920,0.336974
4198,19633,0.14843
4198,24849,0.092031
4199,19831,0.149436
4199,23138,0.279054
4199,19097,0.15593
4200,16573,0.331121
4200,16417,0.053548
4201,19832,0.2312
4201,27712,0.090307
4202,17397,0.492915
4203,16275,0.225021
4204,16354,0.174019
4204,23557,0.055384
4205,19834,0.433167
4205,17096,0.219707
4206,19835,0.112747
4206,25892,0.157165
4206,28853,0.246104
4207,19836,0.160571
4207,25172,0.113283
4207,28962,0.11517
4208,19838,0.492602
4208,18565,0.103412
4209,19839,0.055706
4209,16515,0.063098
4209,21009,0.239275
4209,16647,0.103377
4209,25280,0.070409
4210,19841,0.16771
4210,28256,0.0837
4211,19842,0.445946
4212,19844,0.41373
4213,16052,0.136567
4214,16270,0.290867
4215,16185,0.192373
4216,19848,0.545526
4217,17734,0.245944
4217,21003,0.080931
4217,22822,0.076273
4217,18247,0.060183
4218,18524,0.088017
4218,21591,0.144258
4218,16521,0.085691
4219,16175,0.12055
4220,16113,0.070556
4221,18459,0.234378
4221,22451,0.12499
4221,26213,0.125011
4221,20989,0.069894
4222,19850,0.354106
4223,16925,0.466505
4224,16102,0.223942
4225,16173,0.370571
4226,16545,0.10262
4226,17024,0.130245
4227,19852,0.128344
4227,17038,0.219525
4228,19853,0.22699
4228,17012,0.214308
4228,19926,0.141465
4229,19854,0.098443
4229,25186,0.09424
4229,18805,0.062535
4230,16273,0.182616
4230,21940,0.051204
4230,22306,0.060746
4231,17420,0.113806
4231,16113,0.068901
4232,16159,0.306217
4233,19856,0.155884
4234,16417,0.32473
4235,16856,0.154255
4235,19727,0.051245
4235,17578,0.096332
4236,16197,0.088267
4237,17233,0.171123
4238,19863,0.131722
4238,16389,0.119751
4239,19865,0.12158
4239,20286,0.057712
4239,21215,0.066326
4239,26385,0.178714
4240,19866,0.750752
4241,16270,0.175341
4241,16573,0.064091
4242,19867,0.313135
4242,20070,0.144663
4242,23695,0.050591
4243,16892,0.482948
4243,19640,0.15468
4244,19590,0.432053
4244,23922,0.075003
4244,28052,0.051683
4245,17108,0.457805
4246,19872,0.295741
4247,16306,0.141549
4247,23103,0.172127
4247,25287,0.079438
4247,25557,0.077129
4247,25728,0.0642
4248,17688,0.058343
4248,20154,0.352555
4248,24018,0.065999
4248,27385,0.077439
4248,18602,0.078136
4249,19874,0.236223
4249,25978,0.061393
4249,25110,0.083574
4250,19875,0.332515
4251,19876,0.101975
4251,21403,0.353787
4251,22130,0.078251
4252,19878,0.131217
4252,20273,0.107654
4252,22258,0.20791
4253,16409,0.173475
4253,25641,0.091199
4254,19880,0.224284
4254,23800,0.106676
4254,25038,0.13022
4255,19882,0.055687
4255,19985,0.334968
4255,17773,0.07413
4255,17107,0.223774
4255,20834,0.057616
4256,19885,0.45507
4256,21552,0.082208
4256,22111,0.18064
4257,16585,0.216943
4257,25696,0.059999
4257,18208,0.066294
4258,19886,0.473462
4259,19888,0.205559
4259,22750,0.121278
4260,18066,0.073869
4260,17745,0.291534
4260,28512,0.076945
4261,17322,0.061621
4261,16913,0.077601
4261,22715,0.157949
4261,17425,0.082244
4261,21378,0.065311
4262,16582,0.108301
4262,19754,0.107273
4262,17606,0.220895
4263,19891,0.073818
4263,23637,0.175925
4263,18781,0.196063
4263,24026,0.096642
4264,19892,0.186353
4264,19038,0.271691
4265,16649,0.423082
4266,16182,0.295934
4267,19894,0.076997
4267,20696,0.318253
4267,22457,0.065324
4267,20410,0.136855
4268,16091,0.42652
4269,19023,0.320049
4270,16340,0.184201
4271,17233,0.306926
4272,19897,0.177116
4273,19898,0.403123
4274,18686,0.092416
4275,19900,0.072525
4275,21358,0.234022
4275,24057,0.072616
4275,27964,0.071904
4276,19901,0.177302
4276,18613,0.247128
4277,16756,0.383037
4278,19797,0.3568
4279,19903,0.209731
4279,16402,0.207939
4280,19904,0.249362
4280,23966,0.121633
4280,27352,0.050336
4281,19905,0.29144
4281,23836,0.192667
4281,28261,0.051161
4282,19907,0.103979
4282,22819,0.345611
4283,16240,0.138415
4283,21407,0.141386
4283,23072,0.101385
4283,17238,0.156738
4284,19261,0.330566
4284,17935,0.074477
4284,21969,0.062742
4284,24533,0.06304
4285,17884,0.178878
4286,18577,0.466671
4287,19908,0.468007
4288,19909,0.173094
4288,21716,0.104322
4288,18257,0.078231
4289,16068,0.072111
4290,16926,0.085272
4290,16118,0.179177
4290,17223,0.171935
4291,16113,0.069592
4291,23510,0.066807
4292,19911,0.58734
4293,16102,0.442515
4294,16274,0.095044
4295,16215,0.387106
4296,16079,0.084115
4296,16210,0.184499
4297,16279,0.310699
4298,19913,0.578273
4299,19914,0.132909
4299,29113,0.132909
4300,16274,0.401488
4301,18809,0.237037
4301,19915,0.102937
4302,16197,0.126476
4302,16196,0.061701
4303,16119,0.303538
4304,16279,0.29184
4305,19917,0.082515
4305,20769,0.093561
4305,19259,0.103521
4305,18174,0.141149
4306,18636,0.355162
4306,16088,0.065226
4306,26330,0.087861
4307,17889,0.61598
4308,17766,0.258973
4308,17531,0.133426
4308,23649,0.161314
4308,27129,0.052365
4309,19920,0.072547
4309,23386,0.335283
4310,19029,0.066054
4310,20211,0.09463
4310,20520,0.098919
4310,20622,0.081058
4310,19335,0.067852
4311,19922,0.396838
4311,19923,0.180991
4312,16414,0.100023
4312,16114,0.14777
4313,16183,0.215182
4314,19339,0.172072
4315,16202,0.295789
4315,18103,0.144104
4316,19927,0.286373
4316,25629,0.177529
4316,25806,0.068838
4317,16546,0.392677
4317,16068,0.077959
4318,16079,0.305832
4319,16173,0.644017
4320,19929,0.258702
4320,22867,0.075751
4321,19930,0.050186
4321,20764,0.05019
4322,16070,0.15335
4322,28003,0.05512
4323,17462,0.055235
4323,16068,0.14889
4324,16100,0.327123
4324,16160,0.096362
4325,16900,0.309307
4326,18640,0.128968
4326,17586,0.136177
4326,18054,0.053139
4327,16113,0.274029
4328,16484,0.371196
4329,19931,0.320889
4329,27795,0.061568
4330,16276,0.36199
4331,19932,0.055073
4332,19933,0.230008
4333,16545,0.485936
4334,16185,0.337702
4335,16215,0.073869
4336,19934,0.060135
4336,19939,0.055444
4336,23556,0.060085
4336,24925,0.051784
4337,16043,0.101399
4337,20176,0.064997
4337,18377,0.118692
4338,19936,0.427698
4338,27503,0.059631
4339,19937,0.077549
4339,21359,0.238559
4339,26797,0.079976
4339,27296,0.057204
4339,27912,0.079976
4340,19941,0.093832
4340,20929,0.238623
4340,22190,0.103905
4341,16927,0.348614
4342,19943,0.106188
4342,19944,0.127696
4342,23709,0.09512
4342,22237,0.183075
4342,23710,0.055792
4343,17360,0.120537
4343,25126,0.388669
4344,19945,0.32378
4345,19946,0.217998
4345,21645,0.311985
4346,17107,0.354184
4346,19948,0.184789
4346,21072,0.085187
4347,16653,0.162462
4347,21172,0.140767
4347,23594,0.058875
4347,25131,0.079378
4348,19950,0.400746
4349,16354,0.211559
4350,19952,0.192858
4350,16070,0.062737
4350,25471,0.064497
4350,26570,0.263661
4351,16567,0.451533
4352,19953,0.233538
4353,19956,0.298971
4354,19957,0.13069
4354,19958,0.53675
4355,19959,0.528034
4355,24304,0.103891
4356,16466,0.212728
4356,26483,0.135777
4356,22531,0.097404
4357,16923,0.140326
4357,27025,0.161806
4358,16892,0.547819
4359,19962,0.439716
4359,27569,0.09982
4360,19963,0.234575
4360,20227,0.084034
4360,25108,0.19949
4361,19964,0.217974
4361,28447,0.161851
4362,19965,0.190476
4363,19968,0.083725
4363,16636,0.113247
4363,24133,0.08682
4363,26062,0.05253
4363,22710,0.056711
4363,26383,0.076081
4364,16093,0.1066
4365,18332,0.109835
4365,20561,0.071817
4365,22218,0.070962
4365,18200,0.174921
4365,23197,0.062458
4366,19969,0.117209
4366,21483,0.166653
4366,17760,0.198984
4367,19970,0.44851
4367,28026,0.083335
4368,19971,0.228795
4369,19508,0.13813
4369,18931,0.179149
4369,16707,0.133151
4370,16174,0.359928
4371,19973,0.344442
4371,18156,0.155109
4372,16279,0.169081
4373,16279,0.207482
4374,17184,0.062721
4374,19847,0.12967
4374,23349,0.069709
4374,17269,0.088403
4375,18818,0.075364
4375,17849,0.106668
4376,19975,0.42464
4376,23416,0.080634
4376,24017,0.078165
4376,24603,0.170816
4377,19976,0.173593
4377,26783,0.321271
4378,19977,0.133714
4378,22799,0.076208
4378,23055,0.097307
4378,24229,0.097197
4379,19978,0.687025
4380,19979,0.454884
4381,16550,0.21123
4382,16246,0.403561
4382,16079,0.277196
4383,19981,0.200084
4383,21803,0.221113
4383,25559,0.136173
4383,17341,0.05874
4384,17883,0.096528
4385,19982,0.237823
4386,19984,0.408242
4386,22815,0.105911
4387,19985,0.450274
4387,20834,0.084269
4388,19986,0.255202
4389,19987,0.095394
4389,22333,0.070708
4389,18131,0.070411
4390,19908,0.052817
4391,19989,0.057971
4391,20624,0.447602
4391,27921,0.073532
4392,16112,0.362439
4393,19990,0.253724
4393,19991,0.194709
4393,16084,0.10023
4394,19992,0.104064
4394,20930,0.144074
4394,20602,0.053123
4394,19903,0.147783
4395,17394,0.547052
4396,16182,0.275519
4397,16207,0.292453
4398,19995,0.254906
4399,19996,0.09341
4399,26713,0.073525
4400,19997,0.051721
4400,20058,0.367582
4400,16786,0.080676
4401,16052,0.236511
4402,20001,0.187706
4402,19417,0.103456
4402,16150,0.126104
4402,18045,0.144087
4402,17084,0.131052
4403,16068,0.069971
4404,16119,0.36287
4405,16722,0.157203
4406,16573,0.442065
4407,17873,0.121031
4407,23154,0.066421
4407,24604,0.170415
4407,19230,0.119128
4408,20005,0.174221
4408,18380,0.237885
4409,20008,0.073231
4409,20009,0.362751
4409,24053,0.067846
4409,17242,0.068169
4410,16760,0.25937
4411,16835,0.337294
4412,20011,0.20006
4412,20012,0.344101
4412,23202,0.066414
4412,22992,0.071835
4413,16195,0.14444
4414,20016,0.086629
4414,17278,0.070934
4415,20017,0.281602
4415,17574,0.375115
4416,16414,0.354903
4417,20021,0.140383
4417,22966,0.165819
4417,24928,0.165724
4417,27968,0.064287
4418,17159,0.211088
4418,23200,0.118486
4419,16558,0.317296
4420,16414,0.102342
4420,16573,0.05559
4421,20027,0.141152
4421,18570,0.170013
4422,20028,0.096413
4423,16612,0.217508
4424,20032,0.284333
4424,20625,0.114844
4425,17850,0.323324
4425,20519,0.117385
4426,20033,0.061497
4426,20186,0.081018
4426,17283,0.160199
4427,20034,0.059206
4427,20272,0.102353
4427,22101,0.197606
4428,17234,0.234113
4428,20035,0.129406
4429,19220,0.162602
4429,20916,0.204264
4429,26836,0.063096
4430,16451,0.397292
4430,17778,0.104542
4431,19420,0.438514
4431,17025,0.096912
4431,17306,0.072785
4432,18601,0.410063
4432,19522,0.09739
4433,20037,0.077287
4433,20329,0.091213
4433,20850,0.100111
4433,24594,0.053985
4433,25388,0.15495
4434,20039,0.255085
4435,16294,0.235963
4435,20249,0.070945
4436,20042,0.133326
4436,19831,0.05015
4436,16319,0.2294
4436,18936,0.102488
4437,18494,0.310824
4437,22010,0.0681
4437,18579,0.084421
4438,17085,0.084639
4439,20045,0.448272
4440,16545,0.261236
4441,20047,0.052035
4441,20961,0.1475
4441,19698,0.138111
4441,23076,0.053386
4442,16756,0.360217
4443,17225,0.203518
4444,20048,0.375213
4445,17655,0.130478
4445,16104,0.2762
4446,17087,0.198162
4446,23066,0.08728
4446,23077,0.135916
4447,20049,0.549713
4448,16091,0.46603
4449,16173,0.195981
4449,16091,0.122785
4450,20051,0.090811
4450,19106,0.059357
4451,20052,0.117154
4451,16756,0.192494
4452,16887,0.120449
4453,20053,0.095689
4454,16342,0.354836
4455,16124,0.063825
4456,20054,0.202473
4456,27919,0.05969
4456,18791,0.093414
4456,28273,0.101614
4456,17903,0.052421
4457,19788,0.08847
4458,18755,0.060403
4459,20055,0.557524
4460,20060,0.322401
4461,16887,0.193463
4462,18092,0.101602
4463,16084,0.18635
4463,21356,0.087143
4464,20061,0.399063
4464,24896,0.109612
4465,20062,0.19079
4466,16124,0.113668
4467,20064,0.555737
4467,16256,0.317899
4468,16148,0.111254
4468,16635,0.131934
4468,25810,0.06069
4468,27336,0.118817
4469,20065,0.369509
4469,24491,0.197853
4469,26877,0.129065
4470,16830,0.16074
4471,20066,0.352294
4472,20068,0.294037
4472,23223,0.173115
4472,24007,0.10735
4472,27413,0.082539
4473,20071,0.073051
4473,20073,0.272886
4473,22124,0.059679
4474,20072,0.177235
4474,18241,0.067919
4474,22727,0.055355
4474,20138,0.222918
4475,20074,0.060823
4475,16375,0.067611
4476,19083,0.279132
4476,17778,0.174918
4477,16700,0.343915
4477,25934,0.067761
4478,18875,0.465893
4478,18340,0.250903
4479,20075,0.203256
4479,22853,0.065485
4479,24601,0.058556
4479,16132,0.1186
4480,20077,0.440519
4481,18869,0.215277
4481,16162,0.093205
4481,21162,0.085108
4481,23686,0.059067
4482,17884,0.114718
4482,18090,0.217845
4483,16427,0.083541
4483,17034,0.090027
4483,20576,0.059459
4483,28724,0.100232
4484,16052,0.060773
4485,20078,0.572676
4486,20082,0.344904
4486,20820,0.074765
4486,23678,0.064313
4486,24276,0.053659
4486,21693,0.098222
4487,20083,0.291213
4487,23158,0.066836
4488,17211,0.293112
4489,17439,0.311717
4489,23097,0.051079
4490,20085,0.374204
4490,20086,0.362232
4490,26123,0.057258
4491,19413,0.423184
4492,20087,0.229503
4492,21604,0.187316
4493,16270,0.091054
4494,20088,0.565794
4494,26013,0.13595
4495,18093,0.097067
4496,20090,0.308662
4496,24042,0.074287
4497,20091,0.384454
4498,20092,0.050097
4498,16612,0.118026
4498,22100,0.14107
4499,17519,0.251362
4499,18931,0.092216
4499,29273,0.085997
4500,16101,0.101419
4501,20095,0.338159
4502,16567,0.517445
4503,20097,0.15261
4503,22539,0.153197
4503,25348,0.071766
4503,27695,0.051485
4504,19263,0.240535
4504,17870,0.153679
4505,20100,0.095554
4505,20376,0.329318
4505,16468,0.062447
4506,16468,0.47602
4506,23975,0.064934
4506,25011,0.078713
4507,20102,0.193248
4507,17143,0.075426
4507,18568,0.054846
4507,20973,0.055062
4507,23656,0.054764
4507,24001,0.080683
4508,16068,0.291274
4509,16211,0.51945
4510,16270,0.062124
4511,20103,0.069915
4511,24037,0.334329
4512,16102,0.166523
4513,19745,0.417325
4514,20105,0.161948
4514,21801,0.200152
4514,27417,0.086026
4515,17111,0.187544
4515,28455,0.106058
4516,20106,0.181734
4516,22389,0.196216
4516,26508,0.065564
4516,27803,0.06556
4517,20108,0.499481
4518,16079,0.098631
4519,20109,0.459865
4520,17873,0.105645
4520,21230,0.12573
4520,21745,0.15531
4520,24604,0.071843
4521,20111,0.245868
4522,20111,0.184538
4523,16119,0.31677
4524,18383,0.145498
4524,20114,0.052603
4524,24322,0.068742
4525,20115,0.087525
4525,20501,0.119968
4525,17350,0.167534
4525,28703,0.053107
4526,20117,0.141751
4526,20779,0.275935
4527,16279,0.127515
4528,19041,0.103658
4529,16414,0.217319
4530,16760,0.288491
4531,17473,0.069943
4531,16279,0.260446
4532,20118,0.073027
4532,19118,0.158386
4533,16118,0.078725
4533,16559,0.109178
4533,16414,0.05167
4533,16280,0.057673
4534,18915,0.109995
4534,20434,0.099273
4534,17305,0.185979
4535,20120,0.122821
4535,24828,0.051822
4536,18223,0.173175
4536,20121,0.316551
4536,20123,0.084953
4536,17888,0.111547
4537,18831,0.555152
4538,16182,0.099182
4539,16104,0.103899
4540,18445,0.19096
4541,20124,0.63697
4542,18686,0.302126
4543,16279,0.296111
4544,19295,0.073116
4544,16096,0.182939
4544,22898,0.265851
4545,20125,0.073489
4545,21040,0.249412
4545,22750,0.109541
4546,20126,0.131236
4546,23333,0.056225
4546,25027,0.182844
4547,20127,0.054545
4547,21477,0.183867
4547,25859,0.076044
4547,26405,0.100562
4548,20128,0.448146
4549,20129,0.072226
4549,20091,0.384159
4549,24671,0.055619
4550,20130,0.475106
4550,26302,0.109385
4550,27084,0.091877
4551,17251,0.111193
4552,20131,0.093086
4552,27366,0.129783
4552,28609,0.152062
4553,20132,0.053229
4553,20757,0.080148
4553,20868,0.111145
4553,20477,0.130302
4554,20133,0.327843
4555,17360,0.095412
4555,22468,0.064943
4555,20334,0.064738
4556,20135,0.085514
4556,22163,0.416234
4556,27211,0.068872
4557,16534,0.369868
4557,22571,0.085039
4558,20136,0.121594
4559,16567,0.078866
4560,20138,0.303686
4560,20760,0.103676
4560,16384,0.069955
4561,16417,0.408478
4562,16417,0.434052
4563,16417,0.391718
4564,16417,0.474459
4565,18013,0.131338
4565,16489,0.093323
4565,18071,0.060615
4566,20140,0.274394
4566,21135,0.060451
4566,18737,0.059548
4567,16953,0.337365
4567,21678,0.160545
4567,26972,0.078341
4568,20141,0.149521
4568,25084,0.124657
4568,26486,0.069356
4569,20142,0.05248
4569,20286,0.108907
4569,21120,0.073428
4569,24873,0.052008
4570,20143,0.077681
4570,24947,0.113103
4570,18126,0.058373
4570,29074,0.069497
4571,20144,0.340555
4571,16557,0.187893
4571,17565,0.125853
4572,20147,0.275191
4573,20148,0.121999
4573,20462,0.098807
4573,17781,0.099704
4573,16574,0.051673
4574,16246,0.19355
4575,20150,0.661379
4576,17107,0.468756
4576,19430,0.356158
4577,18455,0.49666
4578,20151,0.14574
4578,17901,0.139817
4578,23754,0.061903
4578,24690,0.065713
4579,20152,0.16985
4579,21491,0.071237
4579,18609,0.082463
4580,20153,0.085247
4580,20644,0.085136
4580,24946,0.098271
4580,25600,0.07219
4580,27206,0.059041
4581,20155,0.069105
4581,17278,0.39752
4581,26751,0.094677
4582,17723,0.47136
4582,24162,0.096245
4583,16091,0.103983
4584,20156,0.186163
4584,21580,0.123186
4584,23106,0.084179
4585,18149,0.15374
4585,20158,0.294558
4585,25876,0.123134
4586,17644,0.104253
4586,17035,0.318268
4587,19147,0.077812
4587,21728,0.054804
4588,16104,0.196404
4589,20159,0.111742
4589,21669,0.176573
4590,20160,0.090649
4590,16871,0.117992
4590,16800,0.081214
4590,16892,0.138133
4590,17217,0.06387
4591,20161,0.104712
4591,20800,0.074753
4591,16794,0.055443
4591,21446,0.062036
4591,22771,0.060121
4592,18145,0.152521
4592,17337,0.234577
4592,21111,0.10944
4592,18444,0.104745
4593,20162,0.072119
4593,18058,0.258089
4593,21697,0.102066
4594,17816,0.242513
4594,18444,0.129792
4594,22277,0.058406
4595,20163,0.099956
4596,20165,0.158494
4596,20872,0.10318
4596,24613,0.080897
4596,19949,0.09415
4597,16246,0.105092
4598,20166,0.058783
4598,18672,0.09665
4598,28339,0.086536
4598,29054,0.062074
4599,20167,0.056021
4599,16926,0.152451
4599,16195,0.116256
4600,20168,0.080686
4600,21181,0.245183
4600,17111,0.061263
4601,16102,0.347862
4602,16132,0.139566
4602,25363,0.222506
4603,16830,0.058266
4603,16068,0.108706
4604,17439,0.430984
4605,20171,0.477979
4606,19203,0.449337
4606,25723,0.100821
4606,16057,0.059293
4607,20172,0.13474
4607,17002,0.299252
4607,23755,0.117129
4607,28011,0.065475
4608,20173,0.189045
4608,26451,0.279971
4609,17223,0.453242
4610,16052,0.329582
4611,20175,0.099203
4611,23555,0.099165
4612,17390,0.084895
4612,25735,0.086035
4612,18192,0.061889
4613,20177,0.185535
4613,20096,0.082876
4613,28128,0.130992
4614,16352,0.507191
4614,17022,0.139531
4615,16189,0.124279
4616,20180,0.444701
4617,20181,0.290355
4618,19910,0.295703
4619,20182,0.77484
4620,16208,0.237728
4621,18302,0.068149
4621,18013,0.060908
4621,18640,0.126985
4621,18054,0.0913
4621,17586,0.221822
4622,16854,0.125617
4622,22122,0.066132
4622,19173,0.200224
4622,22121,0.181922
4623,16118,0.309153
4623,16722,0.227533
4624,20185,0.542125
4625,17040,0.146216
4625,17127,0.09449
4625,25177,0.077418
4626,20187,0.155712
4626,23856,0.060424
4626,25856,0.071396
4626,19078,0.083516
4627,20188,0.059373
4627,18157,0.150013
4627,16658,0.066532
4628,19426,0.2159
4628,16481,0.146327
4629,20191,0.074632
4629,21589,0.055799
4630,20193,0.187014
4631,20194,0.168088
4632,20196,0.096733
4632,19338,0.380507
4633,16978,0.076076
4633,21559,0.233573
4633,18669,0.223769
4634,16104,0.092592
4635,16173,0.475392
4636,16114,0.27685
4637,16113,0.409177
4637,16112,0.452688
4638,16104,0.224997
4639,20197,0.167668
4639,20244,0.16916
4639,20245,0.066351
4639,22733,0.051586
4639,21568,0.052056
4639,25464,0.057264
4640,20198,0.159564
4640,22904,0.074878
4640,24440,0.053701
4640,26641,0.053725
4640,26690,0.05368
4641,18236,0.082888
4642,20199,0.081949
4642,21781,0.084436
4642,18241,0.063565
4642,20341,0.209287
4642,17664,0.198803
4643,20200,0.242828
4644,20201,0.294005
4644,21436,0.15867
4645,20202,0.356907
4645,28139,0.065184
4646,16305,0.055199
4646,18310,0.181758
4647,16101,0.183315
4648,17497,0.14083
4648,20846,0.075204
4649,17170,0.553253
4650,20205,0.213303
4650,26547,0.068274
4650,26639,0.053368
4650,28792,0.087086
4651,20207,0.775179
4652,20208,0.056983
4653,16277,0.232332
4654,20056,0.392264
4655,19464,0.240691
4655,27735,0.177894
4656,17849,0.145551
4656,17763,0.065477
4656,16862,0.051973
4657,20212,0.198994
4657,22883,0.067114
4658,17445,0.167609
4658,18098,0.240335
4659,20215,0.103965
4659,19337,0.091856
4659,21288,0.068193
4659,22296,0.064044
4659,19341,0.074317
4659,24280,0.054286
4660,19338,0.269718
4660,22141,0.148851
4660,22909,0.051134
4661,16468,0.388969
4661,21855,0.251046
4662,20218,0.410279
4662,16235,0.169984
4663,16567,0.225815
4664,20219,0.216852
4664,20221,0.063572
4664,22423,0.091711
4664,24096,0.104341
4665,17142,0.388241
4665,16915,0.130487
4666,20223,0.186572
4666,20224,0.076855
4666,19990,0.056783
4667,20225,0.08901
4667,16346,0.341141
4667,16326,0.130507
4668,20111,0.440553
4669,16342,0.259546
4670,17820,0.189172
4670,20226,0.383646
4671,17820,0.432335
4671,20226,0.305963
4672,17061,0.188671
4672,19292,0.054531
4673,16841,0.294446
4674,20229,0.409906
4675,16246,0.251951
4675,16079,0.293394
4676,16415,0.546093
4677,16404,0.634135
4678,20232,0.076325
4678,23551,0.055104
4679,20233,0.189011
4679,25482,0.274402
4679,21525,0.082859
4680,20234,0.090456
4680,25408,0.058115
4680,22151,0.207262
4681,20235,0.088271
4682,16417,0.343688
4683,16887,0.299845
4684,16342,0.231742
4685,16052,0.292693
4686,20236,0.303101
4686,20849,0.052893
4686,22456,0.052742
4687,16573,0.092539
4688,19118,0.065342
4688,20238,0.106564
4688,16892,0.209551
4688,25106,0.053493
4688,21224,0.123461
4689,20237,0.125273
4689,16322,0.056532
4689,27064,0.106023
4690,16113,0.317176
4691,16322,0.482828
4692,20240,0.271753
4692,27924,0.174233
4693,16182,0.437557
4694,16043,0.515696
4695,20242,0.754538
4696,16068,0.253805
4697,20243,0.082571
4697,21700,0.062601
4698,16118,0.161131
4698,16414,0.074274
4699,19307,0.259777
4700,20247,0.06022
4700,22587,0.170076
4700,16162,0.072863
4700,26920,0.067308
4701,16941,0.173198
4701,24383,0.112639
4701,27819,0.053944
4702,18124,0.25485
4702,22880,0.060403
4702,24016,0.119634
4702,24248,0.069665
4703,16916,0.20158
4703,21979,0.086108
4703,27585,0.102476
4704,16792,0.084448
4704,20340,0.108053
4704,18013,0.073058
4704,17586,0.064112
4704,17577,0.165312
4705,17382,0.549468
4706,18123,0.42351
4707,20250,0.052902
4707,22172,0.094645
4707,22175,0.052907
4707,22824,0.052907
4707,22826,0.052659
4708,17429,0.297126
4708,18128,0.149249
4708,22348,0.054343
4708,17848,0.112495
4708,16813,0.066514
4709,18489,0.188577
4709,16054,0.072515
4710,20251,0.254998
4710,27784,0.066245
4710,22618,0.084699
4710,28330,0.070419
4711,20252,0.101781
4711,24434,0.079355
4711,19792,0.081102
4711,23442,0.072971
4712,16947,0.083139
4712,16319,0.157495
4712,24423,0.058227
4713,20254,0.12084
4713,25461,0.298087
4714,16173,0.334975
4715,17119,0.368004
4716,16118,0.465197
4716,17585,0.15229
4716,16119,0.12855
4717,18577,0.398947
4717,21982,0.082962
4717,25158,0.078962
4718,20256,0.166493
4718,21399,0.176393
4719,16118,0.335511
4720,16414,0.22166
4721,17980,0.219701
4722,16270,0.315174
4723,16208,0.314913
4724,20259,0.149168
4725,20206,0.479882
4726,20260,0.238714
4726,17746,0.16653
4727,16174,0.127159
4728,20262,0.089934
4728,21562,0.36702
4729,20263,0.100358
4729,20203,0.234055
4729,27479,0.076958
4730,20264,0.386485
4731,20267,0.194987
4731,23938,0.226145
4731,25588,0.070433
4732,20268,0.157893
4732,22251,0.12301
4732,29060,0.098691
4733,20271,0.266021
4733,28635,0.23105
4734,18844,0.154857
4734,18362,0.128211
4734,24527,0.106529
4735,16101,0.456053
4736,16760,0.366275
4737,16052,0.227185
4738,20276,0.439969
4739,20277,0.15437
4739,23092,0.083323
4739,21800,0.05691
4740,20281,0.145766
4740,21637,0.360191
4740,25701,0.053955
4740,27702,0.069063
4740,28094,0.053949
4741,16943,0.319832
4741,17743,0.114108
4742,20283,0.20528
4742,21598,0.096327
4742,28076,0.096351
4743,16756,0.266322
4744,17804,0.114494
4744,16658,0.194401
4744,24015,0.052705
4744,23454,0.073877
4745,20288,0.455121
4746,20289,0.079126
4746,20290,0.172572
4746,20487,0.075283
4746,24773,0.083079
4747,20290,0.255992
4747,20289,0.053445
4747,27079,0.119157
4747,20487,0.066419
4748,20292,0.219542
4748,20875,0.314818
4749,20293,0.220594
4750,20294,0.198531
4750,25841,0.070796
4751,18815,0.210689
4751,17728,0.191373
4752,20296,0.056709
4752,20747,0.226387
4753,16175,0.273991
4754,18686,0.088713
4755,16119,0.204694
4755,17585,0.063204
4756,20300,0.180759
4756,20301,0.247437
4756,25473,0.152421
4757,16484,0.35241
4758,16100,0.081116
4759,16101,0.207804
4760,20302,0.089055
4760,20303,0.089061
4760,18144,0.073704
4760,27172,0.226118
4760,20084,0.052638
4761,19329,0.070791
4761,25729,0.053443
4762,20304,0.339657
4763,20305,0.09859
4763,19511,0.421224
4763,27600,0.05091
4764,20307,0.053951
4764,21532,0.077922
4764,16567,0.189348
4765,18261,0.111242
4765,17002,0.39872
4765,21706,0.130887
4766,16182,0.331672
4767,16102,0.057615
4767,16173,0.093364
4767,16175,0.070756
4768,16339,0.074793
4768,16124,0.117373
4769,16279,0.252964
4770,20309,0.188909
4770,20978,0.211851
4770,21260,0.078538
4771,18660,0.061015
4771,20579,0.157366
4771,26098,0.060962
4771,26167,0.133123
4771,23841,0.084961
4772,18524,0.25644
4772,16186,0.113879
4772,26612,0.152836
4773,16371,0.791128
4774,20310,0.375455
4774,26296,0.127541
4774,26573,0.127566
4775,20312,0.124007
4775,26576,0.071294
4776,19114,0.228678
4776,16118,0.094745
4777,20314,0.107721
4777,20988,0.261524
4777,27127,0.112391
4777,27555,0.062837
4778,20315,0.268716
4778,20316,0.26383
4779,20317,0.278973
4779,17429,0.227797
4779,26978,0.061822
4780,20319,0.233611
4780,20321,0.078475
4780,16908,0.169567
4780,27097,0.055035
4781,17107,0.237754
4781,17790,0.27085
4781,22261,0.090496
4782,20322,0.072711
4782,17214,0.175902
4783,16968,0.098571
4783,17082,0.085543
4783,17005,0.097486
4783,17934,0.178016
4784,16573,0.542238
4785,16093,0.334429
4786,16052,0.329078
4787,20324,0.077599
4787,17278,0.332851
4788,16055,0.11739
4788,18500,0.150758
4788,17171,0.278873
4789,18698,0.369085
4789,22239,0.063391
4790,18540,0.091248
4790,23478,0.050114
4791,16174,0.362276
4792,16382,0.252685
4792,19657,0.358044
4792,18712,0.066434
4793,18686,0.132827
4794,16330,0.320911
4795,20330,0.128599
4795,18617,0.177435
4795,28957,0.074005
4796,19643,0.415413
4797,19851,0.386168
4798,16898,0.109717
4798,21306,0.078352
4799,16409,0.342888
4800,20333,0.123143
4800,17405,0.124769
4800,16463,0.058347
4800,16723,0.190558
4801,20334,0.260035
4801,23784,0.067881
4801,23785,0.08684
4801,25317,0.271985
4802,18000,0.450756
4803,20335,0.061976
4803,21203,0.140556
4803,18181,0.075425
4803,16626,0.063753
4804,20336,0.113976
4804,21347,0.209488
4804,20923,0.136137
4805,20339,0.119272
4805,24720,0.1984
4805,18960,0.098875
4806,16091,0.445349
4806,16173,0.135005
4807,18314,0.296579
4808,20341,0.107644
4808,21781,0.062407
4808,28123,0.107715
4809,16873,0.205977
4810,20343,0.52785
4811,16185,0.41256
4812,20345,0.520611
4813,20346,0.368938
4813,26341,0.05953
4814,20347,0.110747
4814,17849,0.179244
4814,26209,0.054555
4815,17095,0.289286
4815,20348,0.103176
4816,17298,0.414189
4816,17740,0.373811
4817,20349,0.072837
4817,21512,0.28678
4817,22249,0.159029
4817,23829,0.072114
4818,20352,0.174533
4819,20357,0.221569
4820,19584,0.202888
4820,25240,0.077001
4821,20358,0.290094
4822,20359,0.322888
4822,25291,0.108349
4822,28514,0.064962
4823,20360,0.103557
4824,20362,0.060789
4824,22930,0.198913
4824,16391,0.074141
4824,17642,0.109557
4824,28952,0.052775
4825,20363,0.102621
4825,20403,0.134523
4825,22914,0.126488
4826,20364,0.245816
4827,16414,0.139114
4828,20366,0.553337
4829,20367,0.529048
4830,20368,0.067203
4830,22330,0.118961
4830,22331,0.091489
4830,24164,0.243578
4831,20369,0.108781
4831,21120,0.050269
4831,20286,0.069977
4831,21513,0.098887
4832,16079,0.072051
4832,16545,0.162379
4833,20371,0.566549
4834,20100,0.093156
4834,17190,0.081797
4834,23600,0.080901
4834,16148,0.056728
4834,25980,0.050387
4835,20375,0.430701
4835,20376,0.242394
4836,16169,0.290736
4836,25185,0.175657
4836,16170,0.088054
4837,16412,0.13668
4838,18600,0.473849
4839,16100,0.300911
4840,16093,0.085956
4841,20381,0.531317
4842,20383,0.199038
4842,21203,0.120157
4842,24213,0.063056
4842,24310,0.051647
4843,20384,0.103948
4843,16086,0.125
4843,17938,0.187269
4844,17741,0.129137
4845,16279,0.116946
4845,16174,0.28061
4846,20215,0.084932
4846,17124,0.075788
4846,19337,0.11652
4846,19341,0.061335
4846,16553,0.055605
4847,20385,0.419188
4848,20386,0.061081
4848,21367,0.111245
4848,16662,0.091646
4849,16052,0.242807
4850,20387,0.084763
4850,20388,0.32944
4851,16100,0.290315
4852,18283,0.328621
4852,21597,0.093732
4852,22105,0.093759
4852,25132,0.093672
4853,20391,0.071472
4853,22362,0.312088
4854,20392,0.159105
4854,21022,0.196041
4854,17355,0.092712
4855,20395,0.606052
4856,20396,0.420597
4857,20397,0.077065
4857,23299,0.082937
4857,23498,0.165781
4858,20398,0.088341
4858,17424,0.123722
4858,17090,0.123517
4858,19649,0.228946
4859,20399,0.245814
4859,27945,0.169667
4860,20400,0.057264
4860,17675,0.424327
4861,18473,0.25431
4861,24503,0.059777
4861,25354,0.082895
4862,20401,0.455351
4863,19838,0.394443
4863,16633,0.115653
4864,19341,0.224471
4864,16553,0.131182
4864,19337,0.179577
4865,17742,0.191029
4865,17374,0.09598
4865,17252,0.287621
4866,20404,0.05095
4866,21290,0.111722
4866,21483,0.328168
4867,16914,0.373688
4867,18111,0.231909
4868,20405,0.102445
4868,23168,0.102391
4868,27705,0.074242
4868,28396,0.055733
4869,20406,0.453078
4870,20407,0.109492
4871,16342,0.319183
4872,16174,0.343871
4873,17094,0.096537
4873,20410,0.207615
4873,18045,0.2663
4873,20696,0.069329
4873,28382,0.058736
4874,17692,0.197172
4874,17474,0.092605
4874,23190,0.11425
4874,16636,0.091787
4874,19414,0.071066
4875,16183,0.05488
4876,16679,0.285056
4876,16483,0.052588
4877,20414,0.485763
4877,18202,0.118239
4877,18182,0.073261
4878,20415,0.132762
4879,16092,0.153176
4880,20416,0.52066
4881,17433,0.061776
4881,16892,0.351523
4881,16422,0.18241
4882,18104,0.106873
4882,17209,0.168436
4882,22132,0.105276
4883,17890,0.124845
4884,20419,0.203453
4884,20420,0.234652
4884,24147,0.078875
4884,26267,0.078875
4885,20421,0.227449
4885,21393,0.098668
4885,23749,0.064421
4886,20426,0.07319
4886,17367,0.068103
4886,18454,0.066518
4886,25878,0.050006
4886,18141,0.072382
4887,20427,0.089415
4887,16500,0.084819
4888,20428,0.086668
4888,24769,0.448663
4888,25020,0.07116
4889,16101,0.086156
4890,20431,0.156765
4890,21105,0.124189
4890,21106,0.087675
4890,21107,0.060059
4890,24227,0.082701
4891,20432,0.279887
4891,21108,0.079228
4891,21194,0.053555
4891,19714,0.091984
4892,20433,0.090104
4892,29258,0.213848
4893,20435,0.288194
4893,16447,0.144686
4893,29318,0.074574
4893,17307,0.051027
4894,20436,0.056174
4894,17586,0.461959
4894,22665,0.078319
4894,16489,0.054409
4895,20439,0.062004
4895,23384,0.094845
4896,20442,0.079742
4896,22741,0.341749
4897,19798,0.092741
4897,20803,0.334306
4898,20444,0.587393
4899,20445,0.140069
4899,16234,0.187243
4899,19753,0.095683
4900,18847,0.187666
4901,18174,0.317712
4901,19928,0.08696
4901,17666,0.10504
4901,20769,0.151905
4902,20447,0.479208
4902,18112,0.127101
4903,16334,0.187766
4903,16823,0.12352
4904,16551,0.200536
4904,17688,0.125342
4904,17821,0.077479
4905,16262,0.342508
4905,18598,0.063061
4905,18882,0.254952
4906,16649,0.17752
4907,16091,0.499454
4908,20451,0.170413
4908,17225,0.297581
4909,20208,0.14739
4910,20453,0.328276
4911,19802,0.112654
4911,18280,0.274636
4911,28926,0.116797
4912,20454,0.624949
4913,20455,0.153298
4913,23027,0.105073
4913,24675,0.250081
4913,27078,0.056791
4914,20457,0.216802
4914,27356,0.063717
4915,16756,0.143149
4915,19053,0.173645
4916,16567,0.869651
4917,20458,0.121763
4918,19811,0.477738
4918,19036,0.177947
4918,20459,0.187984
4919,16980,0.094438
4919,20727,0.098152
4919,18019,0.082777
4920,20460,0.52367
4921,18241,0.170829
4921,18583,0.181518
4922,20463,0.188662
4923,20464,0.126441
4924,20465,0.107181
4924,26682,0.201846
4924,29173,0.05991
4925,18260,0.351607
4925,18262,0.065663
4925,29136,0.065713
4926,16261,0.382641
4926,16099,0.113286
4927,20466,0.465317
4928,17274,0.365906
4929,16250,0.278318
4930,20467,0.573986
4931,20468,0.348231
4932,17688,0.419873
4932,16300,0.105872
4933,16232,0.267817
4934,16068,0.191521
4934,25285,0.122632
4935,16567,0.619118
4936,20469,0.430238
4936,23916,0.103096
4936,28091,0.081314
4937,16118,0.252463
4938,17259,0.529995
4939,20470,0.116558
4940,16118,0.295032
4941,17051,0.139014
4942,16197,0.202598
4943,16197,0.251465
4944,16118,0.108157
4944,16414,0.237127
4945,17007,0.479759
4946,20472,0.063517
4946,20613,0.218007
4946,19483,0.082004
4946,17255,0.05873
4946,25929,0.084956
4947,18072,0.137624
4947,20952,0.117116
4947,17882,0.090879
4947,26950,0.091307
4948,19131,0.146326
4949,16119,0.239805
4950,20475,0.12767
4950,25608,0.081493
4950,26835,0.150576
4951,20476,0.136052
4952,20477,0.261987
4952,20868,0.142203
4952,25642,0.085309
4952,27469,0.053752
4953,19388,0.113094
4954,18755,0.205346
4954,27102,0.063251
4955,17031,0.447737
4956,18389,0.151585
4957,16119,0.130174
4958,16277,0.333571
4959,16861,0.054562
4960,16940,0.338927
4960,26353,0.075241
4960,28782,0.060136
4961,16114,0.375248
4962,20480,0.219703
4963,20481,0.153119
4963,25385,0.098377
4963,26177,0.139676
4964,20483,0.06265
4964,19466,0.133523
4964,25382,0.1243
4965,16270,0.345926
4966,16119,0.13934
4967,16104,0.073077
4967,16100,0.107391
4968,16100,0.150529
4969,16100,0.275819
4970,20484,0.366587
4970,21159,0.059172
4970,21927,0.120151
4971,20485,0.28647
4971,22363,0.118848
4971,17531,0.104986
4971,21967,0.093535
4972,19249,0.347677
4972,19086,0.073982
4973,16573,0.14277
4974,16104,0.21664
4975,18202,0.051161
4976,18430,0.067811
4976,20793,0.16458
4976,19110,0.0803
4976,22958,0.069018
4977,20489,0.071986
4977,20546,0.174263
4977,20867,0.062795
4978,18455,0.139757
4978,16389,0.113648
4978,17123,0.10662
4979,16920,0.072323
4980,20492,0.264342
4980,22478,0.235763
4980,26278,0.055789
4981,16925,0.084989
4981,16612,0.177345
4982,20494,0.524909
4983,18445,0.422814
4984,16246,0.256594
4985,20497,0.112404
4985,21853,0.065681
4985,23117,0.142461
4985,24901,0.056104
4985,17056,0.065185
4985,16358,0.089248
4985,16308,0.05996
4986,20498,0.104364
4986,24508,0.104209
4986,28883,0.104361
4987,20499,0.579533
4988,20501,0.461417
4988,20745,0.087055
4989,19700,0.231288
4989,20892,0.305514
4990,20502,0.093239
4990,22446,0.113845
4990,26116,0.052074
4990,20987,0.118733
4990,27840,0.113854
4991,20277,0.30368
4992,16999,0.13474
4992,21095,0.114768
4992,21941,0.056009
4993,16287,0.15874
4993,21856,0.055274
4994,20503,0.318361
4994,22119,0.074315
4994,25930,0.058809
4995,20504,0.193318
4995,19888,0.245163
4996,20505,0.320411
4997,16210,0.34317
4998,16276,0.395886
4999,16926,0.260853
4999,25452,0.061527
5000,16277,0.282056
5001,17166,0.436881
5002,20507,0.160701
5002,23147,0.327473
5003,20515,0.055904
5003,17056,0.059096
5003,23963,0.057029
5004,20516,0.076441
5004,20585,0.370089
5004,21424,0.07774
5005,20517,0.350873
5005,20670,0.093807
5005,22173,0.056306
5005,23318,0.088225
5005,25384,0.068716
5006,16207,0.050842
5007,16277,0.17667
5008,20518,0.120214
5008,24723,0.08874
5008,25994,0.219591
5008,27688,0.056687
5009,20521,0.239414
5009,21473,0.145331
5010,20523,0.272417
5011,20524,0.134066
5011,24341,0.279638
5012,20111,0.173049
5013,17742,0.066785
5013,22552,0.210964
5013,17374,0.062428
5014,20527,0.216298
5015,20528,0.118414
5015,26388,0.118413
5015,28111,0.165069
5016,17590,0.063372
5016,17439,0.055025
5017,17490,0.169383
5017,16281,0.299986
5017,27643,0.065205
5018,20529,0.109285
5018,22781,0.260256
5019,20530,0.093351
5019,20801,0.30703
5020,20531,0.452936
5021,20532,0.265548
5022,20535,0.235918
5023,20539,0.309512
5023,23031,0.054405
5024,16545,0.222464
5025,16174,0.452728
5026,20540,0.11821
5026,27130,0.17266
5027,16414,0.158082
5028,16649,0.430968
5029,20541,0.066212
5029,17873,0.056749
5029,18494,0.094723
5029,22010,0.101058
5030,17987,0.389443
5030,17836,0.204954
5030,18594,0.095847
5031,17170,0.284484
5032,20542,0.369578
5032,18944,0.166793
5033,17225,0.153528
5034,20544,0.27488
5035,16540,0.252913
5035,21780,0.073508
5035,25372,0.075346
5035,26027,0.053164
5036,20545,0.160087
5037,16415,0.215591
5038,20549,0.104862
5038,27073,0.104817
5038,27934,0.081721
5039,20506,0.184558
5039,22313,0.143
5039,19790,0.114998
5040,20550,0.195781
5040,27128,0.162374
5040,27552,0.094193
5041,20551,0.056374
5041,18422,0.053948
5042,20552,0.354566
5042,16705,0.073939
5043,16197,0.175592
5044,20553,0.349267
5045,20554,0.30058
5046,16101,0.328674
5047,20555,0.104852
5047,28659,0.104855
5047,16320,0.060615
5048,16182,0.102956
5049,20558,0.227565
5049,23302,0.227594
5050,16919,0.168852
5050,19608,0.08717
5050,16551,0.125633
5051,16342,0.484105
5052,17170,0.21321
5053,16112,0.402208
5053,16113,0.376653
5054,16103,0.339181
5055,16276,0.310097
5056,16175,0.345339
5056,16173,0.14794
5057,16412,0.30589
5058,16068,0.180212
5059,20562,0.103578
5059,26174,0.080317
5059,26632,0.149152
5059,27037,0.058039
5059,28372,0.057795
5060,20563,0.119483
5060,20776,0.086459
5060,24472,0.086459
5060,28901,0.086465
5061,20564,0.275883
5062,20565,0.430135
5063,20566,0.072882
5063,21032,0.286568
5063,24100,0.073233
5064,16091,0.494735
5065,20567,0.820988
5066,16198,0.154842
5066,22407,0.263482
5066,17407,0.076046
5067,16100,0.053061
5068,16549,0.240879
5069,19131,0.052867
5070,20570,0.234544
5071,20573,0.114073
5071,18652,0.320155
5071,17461,0.145426
5072,20574,0.310802
5072,20855,0.056985
5072,22440,0.056985
5072,23851,0.089483
5073,20581,0.320588
5073,17660,0.179088
5074,16175,0.165799
5075,20582,0.383898
5076,20585,0.261966
5076,26904,0.063103
5077,20586,0.07891
5077,24454,0.140139
5078,20587,0.112766
5078,21149,0.105626
5078,25847,0.075875
5079,18494,0.132793
5079,26252,0.065878
5080,20589,0.106652
5081,16697,0.248545
5081,20413,0.111638
5081,25455,0.062499
5081,26297,0.062511
5082,18723,0.184243
5082,18624,0.108129
5082,23824,0.060256
5083,20590,0.152428
5083,16742,0.174984
5083,23629,0.052517
5083,17029,0.07237
5084,20591,0.605756
5085,18057,0.15568
5086,16573,0.226536
5087,20596,0.181014
5087,23767,0.098474
5087,25344,0.051196
5087,27057,0.087136
5088,18642,0.071616
5088,23782,0.101783
5088,28215,0.159406
5088,28399,0.073007
5088,20600,0.101758
5089,16340,0.327375
5090,20597,0.059556
5091,20598,0.599162
5092,17670,0.385264
5093,18859,0.297858
5093,22034,0.152634
5094,17629,0.564689
5095,16567,0.417512
5096,19700,0.292114
5097,20599,0.286645
5097,22796,0.158746
5097,25622,0.118041
5098,20600,0.057158
5098,20638,0.125516
5098,24413,0.236921
5098,18642,0.080082
5099,20601,0.079023
5099,21075,0.122855
5099,17548,0.201884
5099,25980,0.109714
5099,27410,0.109569
5100,20602,0.179921
5100,16145,0.09518
5100,24325,0.050532
5100,17065,0.145311
5101,20603,0.052547
5101,20864,0.062025
5101,21782,0.308844
5101,24434,0.054103
5102,20604,0.232797
5102,24506,0.087756
5102,25624,0.1377
5102,27159,0.053585
5103,20605,0.26682
5104,19084,0.594337
5105,19697,0.109136
5105,19680,0.367593
5105,18809,0.114521
5106,17166,0.553194
5107,16270,0.306812
5107,16612,0.328891
5108,16861,0.086672
5109,16100,0.184094
5110,16279,0.240913
5111,16175,0.192058
5112,16160,0.418571
5113,20111,0.315736
5114,20607,0.170471
5114,21431,0.069617
5114,22855,0.082252
5114,27114,0.057056
5115,20608,0.08936
5115,17770,0.059374
5116,20610,0.616006
5117,20611,0.066254
5117,24697,0.105678
5117,28226,0.128915
5118,16182,0.082779
5119,16091,0.316285
5120,16174,0.373695
5121,16279,0.156658
5121,16182,0.260652
5122,16173,0.493898
5123,20612,0.16738
5123,26796,0.16481
5124,20614,0.663626
5125,20615,0.686598
5126,17450,0.310128
5126,17433,0.140354
5126,17348,0.114252
5127,20618,0.148369
5128,16174,0.214383
5129,20620,0.210921
5129,21860,0.123283
5129,25510,0.059526
5130,16417,0.294481
5131,19643,0.193469
5131,27249,0.064216
5131,29152,0.065181
5132,16068,0.178123
5133,16068,0.301698
5134,16760,0.184944
5135,16132,0.188488
5136,17780,0.248285
5136,16246,0.050121
5137,16340,0.337176
5138,20628,0.335978
5138,19330,0.261283
5139,20629,0.233641
5140,16811,0.083785
5140,21533,0.155345
5140,16097,0.136608
5141,16451,0.069389
5141,16814,0.287955
5141,16165,0.081146
5141,18579,0.190278
5142,17781,0.144828
5142,22279,0.156782
5142,16168,0.08476
5143,18781,0.066303
5144,16326,0.227674
5144,16325,0.326159
5145,20405,0.155178
5145,17371,0.071322
5146,16547,0.347528
5147,20082,0.358542
5147,21693,0.067089
5147,20820,0.104492
5147,18249,0.063952
5148,20633,0.167253
5148,24075,0.253531
5149,20634,0.126763
5149,24204,0.09093
5150,16175,0.554794
5151,16279,0.195462
5151,17493,0.125061
5152,19377,0.329641
5152,16866,0.28307
5152,20635,0.056955
5152,16867,0.17434
5153,20636,0.384323
5154,20639,0.092271
5154,20841,0.088212
5155,20640,0.652742
5156,20641,0.06459
5156,21576,0.243237
5156,22604,0.089881
5156,22155,0.064588
5157,20136,0.142871
5158,16131,0.320527
5159,16104,0.184494
5159,16415,0.121379
5160,16873,0.058773
5161,20643,0.238442
5161,26120,0.105592
5161,27272,0.061263
5162,19413,0.10172
5163,20646,0.175728
5163,25097,0.067998
5164,20647,0.148427
5164,28993,0.106803
5165,16305,0.329026
5166,16118,0.294552
5166,16722,0.263224
5167,17780,0.275745
5167,23170,0.05696
5168,17259,0.219259
5168,16114,0.215956
5169,16114,0.304538
5170,16414,0.207153
5170,16114,0.127519
5171,17122,0.478335
5172,16093,0.307279
5172,16416,0.258598
5173,17780,0.240475
5174,20648,0.160165
5174,16300,0.181643
5175,16995,0.550155
5176,17349,0.127025
5176,23089,0.349141
5176,17476,0.082871
5177,20649,0.058038
5177,20618,0.115628
5178,18915,0.541842
5179,20651,0.239436
5179,21749,0.281901
5180,16068,0.132289
5181,18455,0.562785
5182,16118,0.094031
5183,20652,0.563574
5184,20653,0.289002
5185,20657,0.072383
5185,26126,0.088434
5186,20658,0.388588
5186,21127,0.08407
5186,16322,0.057339
5187,20659,0.364423
5187,26491,0.127962
5187,16326,0.090349
5188,18111,0.467883
5188,16914,0.404151
5189,20660,0.590228
5190,17562,0.213476
5190,21888,0.089244
5191,20662,0.148955
5191,23024,0.056176
5191,23676,0.099625
5191,22455,0.056121
5192,20663,0.153745
5192,21901,0.087889
5193,20667,0.194693
5193,26218,0.271414
5194,20668,0.618294
5195,20669,0.109999
5195,17306,0.118499
5195,25433,0.110911
5196,16275,0.202527
5197,16119,0.187112
5198,16118,0.231011
5199,20673,0.202829
5200,16246,0.150001
5201,16414,0.209939
5202,19616,0.167196
5202,23553,0.068223
5202,21995,0.063557
5203,16068,0.07354
5204,16055,0.151075
5204,21257,0.053805
5204,22641,0.085896
5204,24800,0.083132
5204,25767,0.05068
5205,20674,0.528025
5206,20675,0.177226
5206,21740,0.073199
5206,25447,0.073199
5207,20676,0.122683
5208,20678,0.054871
5208,23265,0.149649
5208,25289,0.117075
5208,26319,0.10151
5209,16382,0.49572
5210,16385,0.586435
5211,16173,0.22282
5212,20679,0.377022
5213,19195,0.237863
5213,19995,0.108422
5213,17202,0.195708
5214,16207,0.188867
5215,17233,0.162413
5216,20680,0.849482
5217,16422,0.201471
5217,21879,0.175133
5218,17983,0.173248
5218,23542,0.089895
5219,19427,0.343365
5219,21158,0.056272
5219,18795,0.243602
5220,20682,0.258627
5220,27245,0.145536
5220,28671,0.144573
5221,16113,0.166542
5222,20111,0.311545
5223,20111,0.385268
5224,16414,0.266812
5225,17169,0.254583
5226,16612,0.092212
5227,18752,0.078614
5227,23245,0.080267
5227,27663,0.254804
5228,20688,0.052517
5229,20689,0.122043
5229,22744,0.135938
5229,25364,0.060192
5230,20690,0.552625
5231,20691,0.06645
5231,21186,0.164097
5231,21892,0.084685
5231,24063,0.057494
5232,20692,0.301155
5233,16557,0.25864
5233,26847,0.102043
5234,16052,0.054221
5234,16104,0.080287
5235,16718,0.365269
5235,16588,0.28633
5235,21983,0.060797
5236,19203,0.411196
5237,20697,0.227544
5237,26468,0.109211
5237,25867,0.127216
5238,20415,0.309976
5238,16085,0.077765
5239,20698,0.146218
5239,28489,0.075295
5240,20699,0.205418
5240,20700,0.145315
5240,23182,0.075248
5240,28586,0.055255
5240,28834,0.055255
5241,20702,0.054624
5242,18085,0.102378
5242,20703,0.142984
5242,27740,0.087355
5242,28927,0.057939
5243,16148,0.18249
5243,16320,0.12107
5243,18700,0.146493
5244,20705,0.604835
5245,17660,0.173533
5245,17651,0.196949
5246,16197,0.073109
5247,16091,0.240391
5248,16091,0.222742
5249,20707,0.056387
5250,17014,0.092002
5250,16407,0.334402
5250,16579,0.182379
5250,22146,0.088198
5251,20710,0.411407
5251,23068,0.061243
5252,20714,0.121211
5252,18802,0.072171
5252,21893,0.057562
5252,21895,0.056186
5252,25770,0.068461
5253,19637,0.474431
5253,17429,0.433996
5254,20718,0.377497
5254,21769,0.160809
5255,16198,0.157132
5255,26164,0.112791
5256,20719,0.50121
5257,16573,0.335538
5258,16184,0.120686
5259,16198,0.516596
5259,22407,0.163166
5260,20720,0.650131
5261,17710,0.683203
5262,16270,0.121697
5262,17233,0.112023
5263,16270,0.216551
5263,16649,0.095064
5264,20722,0.067301
5264,22768,0.111928
5264,16319,0.16917
5264,17044,0.126583
5265,20723,0.420966
5265,24625,0.190499
5266,16210,0.090878
5267,17473,0.195616
5268,20725,0.259892
5269,20726,0.076293
5269,21807,0.159244
5269,16875,0.10452
5269,28741,0.076299
5270,16159,0.057999
5271,20728,0.107569
5271,16175,0.059967
5272,17964,0.177716
5272,18938,0.199478
5272,18397,0.11178
5273,19114,0.112249
5273,20570,0.053718
5274,20730,0.165496
5274,27359,0.079646
5275,19123,0.272145
5275,18840,0.087503
5275,25169,0.064145
5276,16342,0.207814
5277,20731,0.142692
5278,16113,0.26793
5279,17307,0.081886
5279,16122,0.285652
5279,25213,0.087084
5279,28705,0.076752
5280,20732,0.288566
5280,20733,0.111871
5281,16119,0.191597
5282,16174,0.125941
5283,20735,0.308563
5283,21469,0.050312
5284,20737,0.057521
5284,16870,0.242021
5284,18916,0.141637
5284,25394,0.07594
5285,20739,0.121388
5285,18370,0.158994
5285,23985,0.11069
5285,25609,0.055354
5285,20738,0.053666
5286,20740,0.462247
5286,20741,0.088196
5286,21603,0.188095
5287,20190,0.403953
5287,16695,0.258663
5288,20744,0.174016
5288,20745,0.144596
5288,20746,0.071796
5288,21682,0.053987
5289,16322,0.140726
5289,24383,0.060253
5289,28838,0.058234
5290,20748,0.505413
5291,20562,0.299971
5291,27037,0.240427
5292,20749,0.334322
5292,17688,0.187822
5293,19638,0.200286
5293,20750,0.111037
5293,27578,0.147559
5294,20752,0.245085
5294,16068,0.218953
5295,16308,0.081271
5295,16408,0.062698
5296,20753,0.340061
5297,16215,0.271088
5298,20755,0.128804
5298,19846,0.121375
5298,16465,0.08894
5299,16118,0.14655
5300,20756,0.071122
5300,24337,0.070132
5300,26192,0.319637
5300,28991,0.070132
5301,17195,0.090713
5301,16096,0.141919
5302,20018,0.332502
5302,20746,0.291522
5302,18628,0.054666
5302,21869,0.070834
5303,18515,0.157511
5304,16112,0.20031
5304,16113,0.191775
5305,16409,0.192013
5306,17467,0.064534
5306,17251,0.193935
5307,20761,0.36482
5307,16212,0.09131
5307,17665,0.063045
5307,20195,0.082706
5308,16197,0.418295
5308,20763,0.073717
5308,23020,0.258254
5309,20765,0.138822
5309,18241,0.113324
5309,18273,0.142275
5310,16119,0.069542
5311,17493,0.105157
5312,16649,0.312041
5313,20768,0.270828
5313,22062,0.061013
5313,24410,0.127106
5313,27274,0.072055
5314,16415,0.131921
5315,16756,0.141953
5316,17169,0.135957
5316,25129,0.094676
5317,17780,0.127508
5318,16472,0.270312
5318,23622,0.300908
5319,20770,0.148582
5319,19069,0.283804
5319,23796,0.118816
5320,20771,0.095826
5320,20902,0.150684
5320,21920,0.059607
5320,21921,0.090516
5321,20773,0.068103
5321,22512,0.141583
5321,28810,0.053595
5322,16114,0.220608
5323,16093,0.119738
5323,17875,0.058753
5324,18647,0.529751
5325,16759,0.101487
5326,20774,0.140062
5326,25338,0.245981
5326,28760,0.130955
5327,18487,0.26771
5327,27374,0.219549
5327,29248,0.065006
5328,17267,0.055448
5329,20777,0.124353
5329,24597,0.058329
5329,24842,0.140545
5329,20529,0.187505
5329,27778,0.13973
5330,18409,0.446052
5331,16215,0.089996
5332,17292,0.346854
5333,20781,0.340786
5333,23691,0.064253
5333,28954,0.104253
5334,20782,0.623204
5335,20786,0.08416
5335,22918,0.062725
5336,20787,0.131283
5336,20788,0.238315
5336,21296,0.204919
5336,26599,0.075565
5337,20789,0.121072
5337,21298,0.113774
5337,23642,0.172431
5338,16162,0.066844
5338,20791,0.150894
5338,16901,0.0522
5339,20792,0.190581
5339,18115,0.296927
5340,20794,0.089723
5340,17531,0.115579
5340,25475,0.087392
5341,16926,0.230986
5342,16174,0.344931
5342,16183,0.36132
5343,16195,0.722258
5344,17169,0.116611
5345,16104,0.14506
5346,16334,0.181213
5346,16437,0.105721
5346,18690,0.056496
5346,17518,0.070353
5347,20795,0.44993
5347,16291,0.078297
5348,20796,0.215639
5348,21180,0.054369
5348,24297,0.097272
5349,17225,0.227115
5350,16756,0.115617
5351,16113,0.112125
5352,16184,0.102693
5352,17225,0.079488
5353,19776,0.444788
5353,23894,0.117947
5354,16786,0.470061
5355,20035,0.422165
5355,21007,0.107404
5355,21277,0.100805
5356,16068,0.088383
5357,20802,0.116104
5357,16546,0.187845
5358,20805,0.251657
5358,28093,0.10145
5359,16718,0.510578
5359,16826,0.32614
5360,20806,0.08168
5360,21593,0.060893
5360,24067,0.060546
5361,20807,0.19988
5361,17289,0.128211
5361,27618,0.057455
5362,17765,0.125103
5362,21343,0.076271
5362,18645,0.235324
5362,17193,0.056688
5363,16339,0.105429
5364,19353,0.180259
5364,20809,0.056835
5365,16219,0.098467
5365,22533,0.079193
5366,20810,0.442323
5367,20812,0.196872
5367,25014,0.134838
5367,25843,0.114181
5368,20813,0.316884
5368,24845,0.055401
5369,20814,0.152133
5369,23102,0.195573
5369,24144,0.065402
5369,25574,0.133655
5369,28260,0.051504
5370,16054,0.121661
5370,18489,0.164213
5371,20816,0.29462
5372,20817,0.312494
5372,24500,0.064009
5372,26541,0.091041
5373,17257,0.584694
5374,17223,0.061697
5374,16275,0.077487
5375,20818,0.178995
5375,24851,0.055722
5375,25350,0.080405
5376,17541,0.406358
5377,20819,0.291132
5377,27021,0.06767
5377,28137,0.097576
5378,16182,0.423007
5379,20821,0.160804
5379,19697,0.16096
5379,17043,0.112424
5380,20823,0.200308
5380,22868,0.070674
5380,25925,0.059827
5381,17825,0.184891
5381,16162,0.176699
5381,27099,0.200012
5382,16390,0.277887
5382,29066,0.150853
5383,16619,0.230487
5384,20826,0.651238
5385,19131,0.326061
5386,16117,0.061833
5387,20827,0.587704
5388,16944,0.308794
5388,16331,0.163608
5389,19850,0.053128
5390,17473,0.303213
5391,16052,0.140455
5392,20830,0.058338
5392,21986,0.381389
5393,16546,0.265601
5394,20831,0.235612
5394,22802,0.055389
5394,17821,0.095713
5394,25979,0.066471
5395,16162,0.117486
5395,16320,0.108406
5395,16471,0.146961
5395,18869,0.121174
5396,20836,0.119374
5396,28158,0.086441
5397,16197,0.185558
5398,20837,0.321509
5398,28594,0.108577
5399,16123,0.15467
5399,19015,0.213271
5400,20838,0.101958
5401,16270,0.064936
5402,17692,0.35108
5402,22994,0.069498
5402,23190,0.069477
5402,25912,0.069237
5403,20839,0.374054
5403,25793,0.178251
5404,20840,0.287139
5404,27254,0.146528
5405,18979,0.13818
5405,22927,0.299018
5406,16412,0.267627
5406,24485,0.228712
5407,20842,0.600432
5408,16118,0.282042
5408,20843,0.132326
5409,16342,0.41127
5410,17766,0.311321
5410,16889,0.07473
5410,19749,0.051937
5411,16174,0.118077
5412,16101,0.377948
5413,16184,0.3181
5414,16573,0.122881
5415,16063,0.199239
5415,18171,0.212888
5415,26080,0.084304
5415,16346,0.097984
5415,19830,0.053454
5416,19012,0.395462
5417,16484,0.321155
5418,16207,0.179448
5418,23913,0.103855
5419,16091,0.198585
5420,16100,0.229631
5421,20851,0.053809
5421,24887,0.052937
5422,20852,0.050111
5422,21043,0.242324
5422,24745,0.086347
5423,20854,0.224911
5423,21862,0.088285
5423,25176,0.10778
5424,16175,0.423316
5425,16547,0.369718
5426,16413,0.325081
5427,20857,0.274943
5427,24687,0.343321
5428,20858,0.066272
5428,16076,0.17071
5428,17562,0.077335
5428,20604,0.095133
5428,24680,0.050626
5429,20859,0.214825
5429,23887,0.244085
5429,22235,0.051183
5430,20860,0.234123
5430,20861,0.074021
5430,18758,0.166878
5430,21086,0.100814
5431,16414,0.316058
5432,16131,0.40067
5433,20862,0.117946
5433,22990,0.062303
5433,16852,0.111195
5433,25196,0.075744
5434,16118,0.166572
5435,16398,0.440931
5436,20865,0.181204
5436,24170,0.109683
5437,18361,0.165337
5438,16414,0.267053
5439,20869,0.561958
5440,20872,0.13271
5440,20845,0.127237
5440,17781,0.150212
5441,17208,0.346598
5442,20874,0.093784
5442,20739,0.422159
5442,16706,0.058811
5443,16118,0.136813
5444,20463,0.163406
5445,16197,0.294137
5446,16184,0.426927
5447,16612,0.580875
5448,16210,0.567234
5449,16562,0.23962
5450,20877,0.267708
5450,16484,0.09035
5451,16760,0.211331
5452,20878,0.284666
5452,21523,0.072757
5452,25406,0.053421
5452,25887,0.111527
5453,16104,0.242962
5453,17346,0.068019
5454,20879,0.266666
5455,20883,0.470888
5456,16409,0.341803
5457,20884,0.195202
5457,16172,0.129844
5458,20885,0.371098
5458,20169,0.118213
5459,20886,0.201909
5459,23005,0.106038
5459,16949,0.107008
5460,16949,0.207486
5460,20577,0.064543
5460,20886,0.075795
5460,25717,0.089053
5461,16182,0.359378
5462,20887,0.423881
5463,16131,0.488424
5464,16159,0.080764
5465,20888,0.46924
5466,16468,0.282327
5466,23298,0.224904
5467,18067,0.232601
5467,19430,0.201314
5467,18065,0.25909
5468,16143,0.078522
5468,19660,0.201143
5468,24604,0.067254
5468,17183,0.067638
5469,20890,0.557533
5470,20891,0.115056
5470,17825,0.156591
5470,22214,0.051589
5471,20066,0.470696
5472,20893,0.802319
5473,20894,0.229195
5473,25345,0.069955
5474,17594,0.220491
5474,21729,0.054379
5474,21627,0.158938
5475,19243,0.235019
5475,19345,0.179888
5475,17842,0.071444
5475,23598,0.060493
5476,20901,0.388232
5476,19205,0.119223
5476,25686,0.08115
5477,20902,0.281836
5478,20903,0.501433
5479,16226,0.304398
5480,20905,0.067399
5480,26971,0.095366
5480,28646,0.055398
5481,20906,0.158041
5481,16372,0.099526
5482,20907,0.062252
5482,18752,0.158074
5482,25206,0.098802
5482,26608,0.084665
5483,20909,0.059933
5483,17277,0.186201
5484,20910,0.093122
5484,21668,0.050342
5484,24333,0.107451
5484,24398,0.178882
5484,27674,0.050351
5485,18980,0.139606
5485,22800,0.212452
5485,18255,0.111145
5485,23826,0.052489
5486,20913,0.324981
5486,28735,0.090935
5487,17497,0.415065
5488,20914,0.064085
5488,23420,0.34352
5488,27737,0.180365
5489,18597,0.384964
5489,25772,0.110609
5489,25773,0.076718
5489,27393,0.054052
5489,17053,0.059477
5490,16558,0.256527
5491,16174,0.274976
5492,16274,0.435161
5493,20915,0.050316
5493,21219,0.176741
5493,23367,0.065585
5494,16614,0.34209
5495,17326,0.148032
5495,16565,0.069225
5496,20918,0.123958
5497,19799,0.155587
5497,16903,0.215225
5498,17655,0.308498
5499,19110,0.29852
5499,20793,0.149068
5499,27248,0.08649
5500,16101,0.058184
5501,20919,0.545467
5502,17933,0.122677
5502,18349,0.103126
5502,23150,0.106835
5503,20920,0.284444
5503,21525,0.284449
5503,25791,0.056843
5504,20921,0.20328
5505,16160,0.41338
5506,16102,0.385391
5507,16079,0.211485
5508,16113,0.332632
5509,16417,0.09734
5510,16118,0.195452
5511,16567,0.362986
5511,16068,0.081725
5512,16608,0.220696
5512,16720,0.123586
5512,26040,0.070039
5512,18126,0.057183
5513,17342,0.109279
5513,20923,0.077722
5513,26909,0.081178
5514,17175,0.147314
5514,17252,0.059843
5515,20925,0.709886
5516,20926,0.187621
5516,29212,0.18764
5517,20927,0.226226
5517,22935,0.145169
5517,25650,0.15936
5518,20928,0.1636
5518,20495,0.133974
5518,25973,0.074196
5519,16303,0.17719
5520,17688,0.083157
5520,16373,0.083498
5520,23584,0.087847
5520,20456,0.104107
5520,27603,0.056687
5521,16093,0.238838
5522,20931,0.32675
5522,16866,0.208483
5522,24031,0.255003
5523,20932,0.153289
5523,21099,0.06178
5523,21539,0.150704
5523,22100,0.058622
5524,20933,0.462037
5525,20934,0.177997
5525,22493,0.059836
5526,20935,0.555501
5527,16545,0.387332
5528,20936,0.60796
5529,17800,0.057848
5530,20937,0.634603
5531,20938,0.420241
5532,16079,0.105201
5533,20939,0.09849
5533,16275,0.236603
5534,16340,0.400449
5535,16091,0.415272
5536,20941,0.5901
5537,16732,0.221392
5537,18679,0.108421
5537,26277,0.091238
5538,18612,0.081311
5539,20943,0.455407
5539,23780,0.097515
5539,26149,0.069335
5540,20944,0.310196
5541,20945,0.42996
5541,20780,0.120732
5542,16550,0.315745
5543,20947,0.374874
5543,23694,0.059489
5543,27669,0.082416
5544,16068,0.187466
5545,20079,0.307147
5545,21800,0.301402
5546,20948,0.244458
5547,20949,0.05524
5547,21026,0.194863
5547,28946,0.121359
5548,20950,0.514669
5549,20951,0.446212
5549,18563,0.100496
5550,20954,0.636097
5551,20955,0.218458
5552,20956,0.092812
5552,23361,0.116334
5552,29264,0.085265
5553,20957,0.395772
5553,23850,0.231979
5554,20958,0.131683
5555,20960,0.296864
5555,22184,0.067929
5556,20962,0.172755
5556,26748,0.2491
5557,20963,0.511631
5557,25900,0.079812
5558,17780,0.287142
5559,20964,0.071585
5559,22490,0.184627
5559,26207,0.127907
5559,27155,0.094638
5560,20966,0.460736
5561,20967,0.28322
5561,25005,0.059144
5561,20730,0.050941
5561,26859,0.062649
5562,16124,0.087082
5563,16612,0.170154
5564,20613,0.129572
5564,23501,0.071657
5564,25012,0.107083
5564,25013,0.088529
5565,16463,0.242116
5565,22572,0.077816
5565,18915,0.060435
5566,18427,0.237711
5566,23919,0.06378
5566,16963,0.110545
5566,28641,0.063738
5567,16175,0.228971
5567,16173,0.200034
5568,16567,0.365441
5569,20974,0.264268
5570,20976,0.25937
5571,20977,0.061925
5571,23098,0.179072
5571,27957,0.126667
5571,27226,0.057916
5572,16119,0.556997
5573,20979,0.52266
5574,16232,0.051026
5575,20980,0.364766
5576,16760,0.377135
5577,17400,0.446683
5577,20983,0.250624
5577,27800,0.115511
5578,16545,0.065117
5579,20984,0.108
5579,18670,0.26115
5579,23757,0.191722
5580,16889,0.408783
5581,20985,0.334366
5581,20225,0.067977
5582,20986,0.69831
5583,20987,0.071896
5583,22577,0.315931
5584,20991,0.534533
5585,20992,0.209528
5586,18749,0.637804
5587,20994,0.137544
5587,21796,0.179861
5587,22133,0.163743
5588,20995,0.19028
5588,22065,0.141112
5588,22594,0.073814
5588,17686,0.055301
5589,18923,0.161608
5590,20997,0.062336
5590,17380,0.323124
5590,23292,0.062385
5591,20998,0.273925
5591,22438,0.164466
5591,26336,0.070605
5592,16118,0.067583
5592,20570,0.13466
5592,16559,0.059608
5593,16274,0.229528
5594,17233,0.102999
5595,16830,0.081968
5596,19700,0.2798
5596,26206,0.106035
5596,26694,0.202817
5597,21002,0.404412
5598,21004,0.46014
5598,19078,0.056194
5599,19910,0.309933
5600,16160,0.416998
5601,16760,0.14216
5602,16183,0.373007
5602,16174,0.399465
5603,16131,0.580818
5604,21005,0.655985
5605,16197,0.148426
5605,21994,0.073466
5606,16101,0.073659
5607,16052,0.324932
5608,16558,0.271381
5609,16279,0.312054
5610,16113,0.171305
5611,21006,0.360317
5612,19783,0.222048
5612,22489,0.081612
5612,24742,0.176203
5613,18382,0.252706
5613,19704,0.059562
5613,25244,0.050706
5613,27236,0.158087
5613,28832,0.065644
5614,16093,0.322946
5615,18590,0.081263
5615,22023,0.080278
5615,22684,0.079199
5616,21008,0.26349
5616,22862,0.263348
5617,16688,0.633981
5618,21010,0.107457
5618,21074,0.174359
5618,22632,0.29761
5619,20202,0.502583
5620,21011,0.287927
5620,17702,0.127827
5620,24585,0.109638
5621,16279,0.196489
5622,17439,0.779741
5623,16612,0.06652
5624,21012,0.198388
5624,21476,0.166837
5624,24488,0.057994
5625,16068,0.139059
5626,16103,0.091244
5627,21014,0.241787
5627,16421,0.07307
5627,19754,0.050696
5628,21015,0.686122
5629,16132,0.108555
5629,16093,0.050608
5630,21017,0.394712
5631,16354,0.124045
5632,16567,0.329233
5633,18093,0.346865
5633,19995,0.062389
5634,21019,0.267884
5634,22147,0.178218
5634,28577,0.052878
5635,21020,0.355255
5636,21021,0.130905
5636,21020,0.05681
5637,18524,0.226115
5637,16521,0.081622
5637,23181,0.055415
5637,24662,0.061264
5637,24664,0.061558
5638,21023,0.530616
5639,21024,0.478851
5639,21023,0.140998
5640,21025,0.063344
5640,26610,0.092378
5640,27139,0.063382
5641,16545,0.379668
5642,21027,0.173944
5642,23236,0.343541
5643,16487,0.236086
5643,18197,0.235012
5644,16782,0.056815
5645,21031,0.177915
5645,26703,0.191582
5646,21032,0.084957
5646,23485,0.201876
5647,18236,0.076953
5647,16092,0.090006
5648,17703,0.112362
5648,21033,0.054909
5648,16447,0.05078
5648,17954,0.20935
5648,18669,0.097275
5649,21036,0.162957
5649,23457,0.122945
5649,24317,0.114892
5650,17190,0.081094
5650,19584,0.053534
5650,24815,0.054218
5651,21037,0.195153
5652,21038,0.08519
5652,22371,0.061163
5652,16808,0.051888
5652,24590,0.096342
5653,21039,0.081937
5653,21142,0.094048
5653,20794,0.070421
5654,18110,0.133146
5655,21041,0.121437
5655,22692,0.272112
5655,23360,0.053545
5655,28143,0.092329
5656,16974,0.250271
5656,17056,0.07691
5657,21042,0.078273
5657,25955,0.163733
5657,29100,0.109146
5658,18418,0.050868
5658,17268,0.109921
5658,16178,0.129962
5659,21044,0.059977
5659,21538,0.083676
5659,25781,0.080095
5659,26327,0.060021
5659,27827,0.056294
5660,21045,0.428232
5661,21046,0.126922
5661,21388,0.083031
5662,21047,0.211754
5663,21048,0.187299
5663,27584,0.057324
5664,18378,0.227187
5664,18044,0.354322
5665,21049,0.255205
5665,23456,0.317166
5665,28342,0.057729
5666,21050,0.286141
5666,21051,0.211532
5667,21052,0.501107
5668,16079,0.128624
5669,21053,0.446141
5670,19421,0.2908
5670,19279,0.133484
5671,21055,0.073178
5671,23602,0.086581
5671,25568,0.191209
5671,27191,0.113081
5672,16414,0.236015
5673,21056,0.095404
5673,22170,0.311901
5673,25133,0.06476
5673,25134,0.095107
5674,21057,0.113197
5674,27566,0.142587
5674,27698,0.142582
5674,28183,0.055277
5675,16113,0.224675
5676,16279,0.140338
5676,16093,0.090713
5677,16279,0.158973
5677,17473,0.070378
5678,16612,0.143628
5679,16649,0.567847
5680,21058,0.20237
5681,21059,0.075162
5681,17820,0.057933
5681,18093,0.206683
5681,18809,0.055199
5682,16197,0.603702
5683,16100,0.180665
5684,16887,0.053035
5684,18477,0.100183
5685,16183,0.165256
5686,19735,0.429685
5687,17769,0.186725
5687,16614,0.126817
5688,21063,0.168917
5688,25530,0.206278
5689,16195,0.410342
5690,16053,0.233097
5691,16474,0.226954
5691,21253,0.087692
5691,16438,0.14501
5692,16116,0.24347
5692,17186,0.262995
5693,17780,0.277696
5694,16100,0.15541
5695,18018,0.231337
5696,16981,0.38951
5697,16409,0.070371
5698,17390,0.082959
5698,16399,0.24388
5698,21165,0.255874
5699,21078,0.326512
5699,28211,0.067094
5700,20332,0.111691
5700,18209,0.423273
5700,19581,0.08607
5701,19595,0.081395
5701,16966,0.168944
5701,23717,0.055862
5701,17650,0.084802
5701,26238,0.053874
5702,21084,0.766596
5703,21086,0.106562
5703,17103,0.324714
5703,21488,0.061898
5703,20860,0.225208
5704,18921,0.457179
5704,17745,0.175882
5705,21087,0.189336
5705,21396,0.057976
5706,21089,0.722618
5707,18921,0.413644
5708,16706,0.37144
5708,16179,0.237383
5708,17296,0.065445
5708,28017,0.055503
5709,21090,0.165888
5709,24363,0.107818
5709,25093,0.055754
5709,27617,0.084417
5709,27738,0.078182
5710,21091,0.208018
5710,19254,0.229755
5710,22484,0.050663
5711,21092,0.235012
5711,23658,0.092279
5711,24650,0.088916
5711,27312,0.091413
5711,26572,0.051618
5712,21094,0.133149
5712,26284,0.28994
5712,27601,0.133162
5713,16738,0.459585
5714,21097,0.1142
5714,24125,0.088928
5714,24258,0.088968
5714,29093,0.063838
5715,21098,0.186723
5715,18722,0.133959
5716,17585,0.190535
5717,17101,0.218797
5718,20541,0.053753
5718,17873,0.11457
5718,19230,0.078608
5718,24604,0.127108
5718,24983,0.054855
5719,16567,0.464999
5720,21101,0.727482
5721,19106,0.093981
5722,21103,0.468448
5723,21104,0.201503
5723,22445,0.096589
5723,26862,0.147472
5724,16210,0.403215
5725,16342,0.113258
5726,16173,0.097987
5726,16175,0.12158
5727,16558,0.251921
5728,17373,0.318319
5728,19250,0.065402
5729,16738,0.378669
5730,17436,0.330017
5731,17326,0.281839
5731,25726,0.061773
5732,21109,0.16651
5732,22337,0.121552
5732,22338,0.122828
5733,17001,0.192692
5733,27701,0.107335
5734,16412,0.408736
5735,17557,0.167015
5735,22152,0.115804
5736,21110,0.754299
5737,19810,0.277854
5737,27252,0.120608
5737,16173,0.067445
5738,16279,0.304246
5739,16913,0.275265
5740,16305,0.227626
5740,23415,0.07346
5740,16477,0.115088
5740,18373,0.063798
5741,21113,0.282203
5742,16322,0.114413
5742,28712,0.090835
5743,21116,0.141251
5743,19307,0.123192
5743,23266,0.153317
5743,25587,0.071733
5744,21117,0.16472
5744,22854,0.305135
5744,26503,0.11359
5745,21119,0.135435
5745,24947,0.073194
5745,28320,0.052504
5746,16439,0.067608
5747,21121,0.450273
5748,16092,0.293696
5749,16649,0.09654
5749,16270,0.215924
5749,17473,0.069046
5750,21122,0.391499
5750,21943,0.189886
5751,21124,0.119829
5751,21302,0.13605
5751,25386,0.109298
5752,16197,0.050095
5753,16052,0.360202
5754,16091,0.256807
5755,16887,0.097168
5755,21844,0.088291
5755,23405,0.087769
5756,16601,0.213139
5756,21672,0.148457
5756,17287,0.121393
5756,16657,0.097587
5757,16143,0.231217
5758,21129,0.157492
5758,25668,0.346626
5759,16103,0.237151
5760,21131,0.401944
5761,21132,0.383897
5761,16726,0.151113
5761,26638,0.164399
5762,16747,0.126597
5763,21134,0.099976
5763,22061,0.440066
5764,16636,0.066834
5764,21136,0.293182
5764,22874,0.098678
5764,16637,0.116917
5764,18111,0.06398
5765,21137,0.094599
5765,22178,0.064952
5765,26709,0.244612
5765,27572,0.218926
5766,21138,0.158814
5766,18735,0.136245
5766,22985,0.053988
5767,21140,0.097153
5767,25891,0.179764
5768,16102,0.090359
5769,21141,0.494151
5770,16376,0.073045
5770,21312,0.171358
5770,18342,0.095183
5770,22983,0.103042
5770,16303,0.071051
5771,21143,0.236275
5771,17101,0.154605
5772,16279,0.101058
5773,16092,0.337564
5774,17241,0.100647
5774,21787,0.347372
5774,29317,0.051414
5775,21145,0.106528
5775,27052,0.079282
5775,27240,0.083035
5775,28189,0.097797
5776,17662,0.159765
5776,19005,0.345961
5777,21146,0.322443
5778,21149,0.121888
5778,20664,0.114388
5778,24514,0.142864
5778,27771,0.122341
5779,17643,0.436971
5780,16416,0.284609
5780,19910,0.26467
5781,16207,0.133742
5782,17834,0.23394
5782,18397,0.481848
5783,21150,0.117682
5783,26830,0.073233
5784,17545,0.075047
5784,21079,0.070077
5785,17465,0.140628
5785,21151,0.165898
5785,21964,0.080843
5785,21415,0.102706
5785,27307,0.053724
5786,21152,0.26515
5786,24775,0.126543
5787,21153,0.317915
5787,27843,0.106401
5788,17175,0.183776
5788,17389,0.104447
5788,16754,0.167987
5789,21154,0.075752
5789,16275,0.289135
5790,16100,0.084028
5791,17493,0.261699
5792,21156,0.288171
5792,16063,0.119942
5792,27757,0.289303
5793,21157,0.132077
5793,26899,0.084319
5793,27257,0.084319
5794,16412,0.409489
5795,21161,0.312735
5795,25259,0.124002
5795,27065,0.071981
5796,21162,0.314258
5797,21164,0.146022
5797,24051,0.066902
5797,17000,0.225456
5797,22820,0.066185
5798,16558,0.207825
5799,16742,0.18842
5800,21165,0.105388
5801,21167,0.318587
5802,21168,0.083231
5802,24841,0.153973
5802,25199,0.059705
5802,24071,0.224581
5802,16866,0.083086
5803,21169,0.292141
5804,16119,0.091536
5805,21170,0.261785
5806,19412,0.128971
5806,21733,0.094902
5806,18373,0.144815
5807,21171,0.314133
5807,21091,0.050823
5807,17277,0.217197
5807,17475,0.068313
5808,16280,0.42587
5809,16280,0.322252
5810,16182,0.37831
5811,21174,0.263915
5812,16279,0.159847
5813,16102,0.14063
5814,21175,0.079684
5814,22753,0.098772
5814,19934,0.062766
5815,19792,0.105624
5815,23442,0.237566
5816,21176,0.636261
5817,21177,0.131
5817,26146,0.233601
5818,21178,0.250211
5819,21179,0.368466
5820,16612,0.198021
5821,16118,0.105678
5822,18600,0.446059
5823,17664,0.063211
5823,20341,0.368168
5823,20199,0.050041
5823,21781,0.050041
5824,16270,0.417984
5825,18393,0.102913
5826,21184,0.637113
5827,21185,0.143669
5828,16092,0.18713
5829,21187,0.569028
5830,16612,0.24923
5831,16558,0.135883
5832,21188,0.233109
5832,25462,0.169612
5833,21189,0.477054
5834,18617,0.399916
5835,16270,0.220561
5836,21193,0.493523
5836,16060,0.066186
5837,16892,0.361541
5837,17217,0.277479
5837,17468,0.058196
5837,25612,0.050767
5838,19796,0.121911
5838,20210,0.308733
5838,18271,0.060349
5839,21195,0.349553
5840,16118,0.064277
5841,21196,0.275241
5841,16820,0.257067
5841,28434,0.232974
5842,21197,0.1378
5842,27032,0.381393
5842,25326,0.055844
5842,26527,0.07857
5843,18753,0.078201
5843,21542,0.066216
5843,23484,0.054214
5844,21199,0.378427
5845,16782,0.308331
5845,19434,0.188537
5846,21201,0.091426
5846,22949,0.163445
5846,16245,0.135764
5846,18905,0.160269
5847,16280,0.334396
5847,16053,0.213011
5847,25151,0.081473
5848,21204,0.141868
5848,19160,0.407389
5849,21205,0.503896
5850,21206,0.321477
5851,21207,0.493436
5852,21209,0.154994
5852,21737,0.50658
5853,16236,0.092785
5853,19840,0.226904
5853,17481,0.133686
5854,21210,0.348628
5854,26432,0.093264
5855,21211,0.261325
5855,18184,0.165234
5856,21212,0.555325
5857,21213,0.528618
5858,16414,0.342779
5859,16761,0.120084
5859,23433,0.088244
5860,21216,0.107991
5860,22644,0.077964
5860,24034,0.199946
5861,16650,0.466051
5862,21217,0.15052
5862,21676,0.084139
5862,16898,0.074457
5863,21218,0.53082
5863,20955,0.120066
5864,21220,0.08417
5864,16913,0.064861
5865,21221,0.094846
5865,16957,0.161321
5865,18765,0.330675
5865,27886,0.056352
5866,21222,0.584328
5867,21223,0.289697
5867,18127,0.06495
5867,20138,0.071839
5868,17869,0.202911
5868,25001,0.290873
5869,21226,0.061536
5869,22984,0.183884
5869,25209,0.107229
5869,21773,0.05869
5869,17198,0.110517
5870,21227,0.0792
5870,16644,0.19619
5870,24325,0.102131
5871,21228,0.145096
5871,24001,0.354779
5872,16766,0.381682
5873,21230,0.055672
5873,16073,0.218107
5873,21745,0.301375
5873,18658,0.083011
5874,21232,0.431929
5874,25494,0.131946
5874,28343,0.086139
5875,16279,0.084951
5876,17190,0.248854
5876,16128,0.140166
5876,25060,0.076069
5877,17780,0.068742
5878,18703,0.168748
5878,19677,0.079997
5878,16072,0.118258
5879,16612,0.195616
5879,16720,0.089491
5880,16819,0.480251
5881,21234,0.295091
5881,25877,0.083059
5881,27380,0.105213
5882,21235,0.194205
5882,23627,0.166021
5882,16606,0.059753
5882,25909,0.050806
5882,26266,0.064753
5883,16414,0.277951
5884,16483,0.062927
5885,16927,0.151828
5886,21236,0.117978
5887,21237,0.300283
5887,26874,0.167844
5888,20696,0.121118
5888,23647,0.059774
5888,20410,0.155264
5888,23931,0.098288
5889,16102,0.48237
5890,16068,0.177251
5891,16101,0.239563
5891,16100,0.120383
5892,16113,0.348827
5893,16184,0.452658
5894,16279,0.223818
5895,21239,0.221359
5895,24956,0.107424
5896,17101,0.404053
5897,16275,0.172695
5898,16279,0.149882
5899,16114,0.234484
5900,21240,0.11802
5900,22439,0.052585
5900,23180,0.085112
5901,21242,0.082375
5901,21714,0.082565
5901,17273,0.123325
5901,26810,0.059226
5902,20306,0.121697
5902,24021,0.253012
5902,16742,0.237694
5903,16197,0.084663
5904,21243,0.725019
5905,21236,0.056779
5905,19064,0.079063
5906,21245,0.290196
5907,16381,0.148545
5908,16210,0.291782
5908,16091,0.084364
5909,16892,0.545621
5910,16427,0.111861
5911,21247,0.325091
5911,27891,0.152757
5911,27150,0.194124
5912,21248,0.622506
5913,16175,0.253369
5914,21249,0.106638
5914,21504,0.098561
5915,21250,0.562763
5916,17418,0.050651
5916,16856,0.0746
5916,25320,0.092356
5916,17173,0.125359
5917,19114,0.449181
5917,16118,0.145691
5918,16760,0.333297
5919,21252,0.304532
5919,17429,0.342964
5920,20791,0.252178
5921,21254,0.134351
5922,16270,0.128426
5922,16649,0.264081
5922,16612,0.146258
5923,21255,0.393984
5924,21256,0.095716
5924,26151,0.245043
5925,17825,0.135104
5925,22214,0.055447
5925,23228,0.123515
5925,20891,0.094819
5926,21258,0.336445
5926,21819,0.125185
5926,29067,0.057312
5927,16622,0.194584
5927,16609,0.12241
5927,17096,0.078475
5927,25490,0.07821
5928,16952,0.153329
5928,25799,0.150418
5929,16339,0.143997
5930,16118,0.284569
5930,16722,0.139182
5931,16409,0.366935
5932,16573,0.138988
5933,16414,0.328831
5934,17540,0.261662
5934,23572,0.051393
5934,26039,0.078583
5934,17147,0.087291
5935,20488,0.119593
5935,20501,0.401734
5935,21262,0.119603
5935,17147,0.052597
5936,16104,0.409086
5937,16270,0.266308
5937,16612,0.065582
5937,16649,0.085727
5938,21263,0.386835
5938,18063,0.079688
5938,17521,0.06369
5939,21265,0.274024
5940,21266,0.189109
5940,21370,0.078474
5941,21268,0.499604
5942,16545,0.273435
5943,21269,0.163303
5943,24122,0.054766
5943,27748,0.054749
5944,16091,0.34479
5945,21270,0.093829
5946,21271,0.885026
5947,18809,0.056745
5948,21272,0.609259
5949,21273,0.138431
5949,27662,0.12674
5949,27815,0.077421
5949,28910,0.10793
5950,16175,0.448005
5951,17560,0.462012
5951,17561,0.35715
5952,17561,0.258081
5952,17560,0.416295
5953,20065,0.320241
5954,16760,0.241816
5955,21276,0.561026
5956,17849,0.25148
5956,23982,0.198446
5957,16173,0.370987
5958,20395,0.304349
5959,18711,0.300734
5960,17025,0.395857
5961,21279,0.079356
5961,23012,0.135339
5961,16468,0.08106
5961,16556,0.057335
5961,18355,0.232483
5962,21281,0.238239
5962,25401,0.052817
5962,28744,0.12274
5963,21282,0.197695
5964,21284,0.255146
5964,19773,0.22549
5964,25460,0.10716
5965,21285,0.251546
5966,21286,0.190124
5966,17331,0.363866
5966,17495,0.135421
5967,21287,0.506085
5967,23530,0.090303
5968,18791,0.121881
5968,19660,0.06688
5969,21289,0.095623
5969,17739,0.066812
5969,22591,0.062542
5969,17056,0.078599
5970,21291,0.058056
5970,24565,0.080914
5970,27857,0.080945
5970,25085,0.103853
5971,16559,0.085848
5971,16118,0.115614
5972,21293,0.118679
5972,21586,0.209647
5973,21294,0.176485
5973,16567,0.313627
5974,21295,0.116236
5975,21297,0.343105
5975,26770,0.198307
5976,17833,0.37814
5976,21887,0.052197
5976,21891,0.162841
5977,21299,0.462612
5978,21300,0.602066
5979,21301,0.487807
5980,21303,0.372036
5980,21889,0.058855
5981,16958,0.258598
5981,16311,0.21685
5981,26566,0.064723
5982,16174,0.21892
5983,21304,0.424882
5984,21305,0.054362
5985,20290,0.260357
5986,16101,0.398302
5987,18041,0.213775
5987,21308,0.277473
5987,21309,0.162895
5987,23207,0.162866
5987,28775,0.056189
5988,16340,0.229306
5988,24176,0.06059
5989,21314,0.613549
5990,21315,0.367987
5990,25553,0.051699
5990,26809,0.095908
5990,28916,0.068797
5991,18362,0.37425
5991,20905,0.18589
5992,17036,0.104734
5992,20650,0.078171
5993,16150,0.533039
5994,18655,0.066965
5994,17393,0.190893
5995,16760,0.053714
5996,17753,0.331112
5997,21317,0.128868
5997,24648,0.257958
5998,18515,0.390122
5999,21318,0.099307
5999,23965,0.099454
5999,24065,0.134217
5999,24277,0.087798
5999,24911,0.087753
5999,26736,0.064466
6000,21320,0.250827
6000,18448,0.050473
6001,17763,0.228445
6001,22774,0.052745
6001,17849,0.078632
6002,18429,0.158782
6003,21324,0.244302
6003,25044,0.069859
6004,21325,0.260889
6004,16529,0.058065
6005,17662,0.222822
6005,18111,0.401789
6006,16174,0.440483
6007,21328,0.499153
6008,16102,0.06769
6009,19259,0.06757
6009,19379,0.080845
6010,16104,0.452461
6011,21330,0.281391
6012,21331,0.121641
6012,27678,0.080126
6013,18755,0.085567
6014,16784,0.342916
6014,24190,0.066549
6015,21333,0.222382
6016,20944,0.157519
6017,16132,0.239671
6018,16738,0.658338
6019,21335,0.422528
6020,21338,0.425506
6021,21339,0.172296
6021,26630,0.067701
6022,21340,0.10111
6022,25421,0.050687
6023,21342,0.41671
6024,18573,0.092312
6024,20152,0.158169
6025,16412,0.255074
6026,17439,0.138745
6026,16091,0.095822
6027,21345,0.066735
6027,21937,0.066735
6027,26986,0.092978
6027,27428,0.066923
6028,17913,0.075657
6028,22114,0.091135
6029,17298,0.179102
6029,21077,0.187935
6030,17154,0.144165
6031,16771,0.661809
6032,16102,0.317525
6033,21348,0.17136
6033,21725,0.464458
6034,21349,0.291385
6034,23057,0.065059
6035,21350,0.140331
6035,22543,0.073247
6035,23843,0.062019
6035,24172,0.050786
6035,26410,0.219312
6036,17473,0.267791
6037,19211,0.106429
6037,19988,0.053002
6037,25842,0.211934
6037,27187,0.054344
6038,16558,0.213276
6039,17202,0.344345
6039,19680,0.110316
6040,19697,0.308116
6040,19915,0.051724
6041,21352,0.955157
6042,16550,0.139028
6043,17057,0.288376
6043,21495,0.121249
6043,28681,0.051823
6044,19550,0.107272
6044,22074,0.313167
6044,18338,0.051963
6044,27782,0.054615
6045,20675,0.347799
6046,19575,0.351924
6046,18140,0.062255
6047,21353,0.359518
6048,21354,0.392111
6049,16612,0.389573
6050,21355,0.078595
6050,23635,0.368513
6050,28013,0.189974
6051,21356,0.492585
6052,18252,0.118528
6052,22669,0.073179
6053,17586,0.164149
6053,18302,0.340507
6054,21357,0.279741
6055,16112,0.340442
6055,16113,0.080442
6056,19034,0.063522
6057,16468,0.549928
6057,16331,0.096135
6058,21362,0.371848
6058,27902,0.089348
6059,20622,0.216049
6060,21364,0.227419
6060,23458,0.099396
6060,24141,0.118548
6060,18994,0.079216
6060,17475,0.061499
6061,18815,0.264097
6061,16797,0.078222
6061,28461,0.070689
6062,21365,0.283118
6063,18564,0.279071
6064,21366,0.060448
6064,27119,0.092421
6065,21369,0.514013
6066,21371,0.084067
6066,21372,0.175424
6067,21373,0.119712
6067,24715,0.424223
6068,21375,0.175334
6068,25501,0.188475
6069,17277,0.359436
6069,17029,0.193982
6070,16756,0.345501
6071,17420,0.104421
6072,21377,0.301523
6073,21378,0.175226
6073,22715,0.151317
6073,26379,0.084121
6074,16698,0.084516
6074,23090,0.146547
6075,16649,0.249771
6075,16270,0.126899
6076,21380,0.124928
6076,24161,0.421073
6077,16103,0.269664
6078,16414,0.272063
6079,21381,0.391588
6080,18641,0.229429
6080,22192,0.112848
6080,23059,0.127742
6080,27427,0.112791
6081,21382,0.054024
6081,21565,0.055594
6081,16322,0.079811
6082,16417,0.197223
6082,16113,0.166815
6083,16119,0.079755
6083,16113,0.127833
6084,16173,0.136596
6084,16119,0.099962
6085,21383,0.415635
6085,21658,0.139711
6086,16175,0.200924
6086,18959,0.210513
6087,16417,0.092326
6087,16573,0.190495
6088,16112,0.143546
6088,16113,0.369718
6089,21384,0.144534
6090,21386,0.095319
6090,25505,0.149349
6090,27263,0.132762
6090,27677,0.068382
6090,28984,0.068382
6091,16279,0.153605
6091,17493,0.065855
6092,17389,0.132876
6092,23812,0.205167
6092,16557,0.16159
6093,21387,0.092994
6093,18005,0.233531
6093,16048,0.059947
6093,20976,0.081156
6094,19937,0.168219
6095,21390,0.367971
6095,24668,0.151191
6095,25305,0.185981
6096,17225,0.219997
6096,19680,0.074607
6097,21391,0.673096
6098,21394,0.650148
6099,21395,0.497243
6100,21397,0.14104
6100,18753,0.191486
6101,19118,0.090314
6101,21647,0.126965
6101,17913,0.090993
6102,21400,0.206138
6103,17371,0.163246
6103,19831,0.068947
6103,16433,0.12644
6103,16682,0.065231
6104,19037,0.085851
6104,18991,0.086827
6104,22392,0.087127
6104,27243,0.164338
6104,29133,0.067972
6105,18563,0.258381
6105,25660,0.050484
6105,18567,0.05019
6105,28150,0.0791
6106,17693,0.125514
6107,19047,0.203016
6107,17172,0.340946
6108,21401,0.143404
6108,25964,0.111778
6108,27488,0.111616
6109,21402,0.260853
6109,24766,0.069284
6109,28509,0.069195
6109,18280,0.066025
6110,16119,0.351741
6110,17585,0.145267
6111,21404,0.124877
6111,22024,0.073789
6111,23969,0.124331
6111,25006,0.069699
6112,19209,0.241932
6113,16068,0.096507
6114,17596,0.277074
6115,16483,0.062497
6115,16102,0.111584
6116,16079,0.102034
6117,21406,0.379003
6117,17468,0.168178
6117,27154,0.145087
6118,18272,0.362464
6119,17553,0.381579
6120,16106,0.205613
6120,25212,0.180124
6121,20916,0.153372
6121,20895,0.131679
6121,18012,0.06317
6122,21409,0.434666
6123,21411,0.091064
6123,23620,0.091052
6123,20397,0.260618
6124,16414,0.399047
6125,21413,0.11332
6125,22008,0.081288
6125,28259,0.115606
6125,28875,0.081288
6126,21414,0.635715
6127,16549,0.220636
6128,16417,0.294069
6129,21415,0.174657
6129,21564,0.072705
6129,23837,0.085932
6129,18611,0.099141
6130,21416,0.086644
6130,19097,0.163061
6131,21417,0.500736
6132,16412,0.28672
6133,16102,0.715003
6134,21419,0.619422
6135,21420,0.234469
6135,22870,0.171818
6136,18103,0.118955
6136,22428,0.068737
6136,16202,0.052489
6136,23663,0.068751
6136,24860,0.081168
6137,21421,0.169047
6137,17804,0.073465
6137,25238,0.141829
6137,27360,0.052381
6137,24199,0.074531
6138,21422,0.136936
6139,17393,0.062215
6140,17214,0.315685
6141,21424,0.277637
6141,25033,0.155321
6142,20989,0.590172
6143,21425,0.058403
6143,24644,0.058408
6143,24785,0.071303
6143,25706,0.174629
6144,18043,0.20207
6144,18117,0.214478
6145,21426,0.365189
6146,16118,0.359684
6147,21427,0.178088
6147,22004,0.145376
6147,22516,0.066198
6147,25767,0.076428
6147,16055,0.059719
6148,19697,0.183368
6148,18809,0.251465
6149,21428,0.142863
6149,22472,0.15764
6149,17557,0.053732
6150,16448,0.206163
6150,16790,0.36344
6150,16458,0.206216
6151,21429,0.695657
6152,16118,0.391116
6152,16722,0.268649
6153,16276,0.19314
6154,21430,0.558519
6155,17942,0.509619
6156,20560,0.220171
6156,28656,0.051854
6157,21433,0.332392
6157,23449,0.07304
6157,26513,0.056852
6157,26666,0.06953
6158,21434,0.127085
6158,17269,0.149706
6158,23212,0.351889
6158,24426,0.071041
6159,21435,0.436075
6160,21436,0.085168
6160,20201,0.455519
6161,19041,0.18621
6162,18625,0.412318
6163,20046,0.392378
6164,21438,0.336344
6164,26798,0.18801
6165,16116,0.291446
6165,24128,0.164433
6166,21440,0.050754
6166,22230,0.142555
6166,17034,0.191109
6166,17540,0.071632
6167,21441,0.051839
6167,17880,0.083236
6167,22812,0.072459
6168,19005,0.158598
6168,22698,0.051163
6168,24905,0.059264
6168,16070,0.082214
6168,21139,0.058615
6169,21442,0.232599
6169,22049,0.232603
6170,19507,0.107945
6170,23175,0.079137
6171,21444,0.592305
6172,21447,0.108843
6172,21482,0.126538
6172,26262,0.051739
6173,21448,0.137436
6173,21634,0.301604
6174,21450,0.604276
6175,18445,0.071927
6175,19012,0.074732
6176,21451,0.205108
6177,21452,0.489756
6178,21453,0.204303
6179,21454,0.111442
6179,16221,0.08067
6179,16704,0.080998
6180,17204,0.2762
6181,16119,0.347931
6182,21455,0.286929
6182,22095,0.081952
6182,22097,0.059741
6183,21456,0.051641
6183,22932,0.070273
6183,19948,0.241852
6184,21457,0.404777
6184,27112,0.107439
6185,21458,0.544069
6186,21460,0.179204
6186,17025,0.231004
6186,16134,0.07757
6186,18077,0.093671
6187,21223,0.237511
6187,16386,0.104844
6187,22836,0.228109
6188,20463,0.149271
6189,16270,0.228187
6189,16760,0.087736
6190,21461,0.508118
6191,17498,0.557706
6191,20195,0.125648
6192,21462,0.341148
6192,16717,0.102467
6192,18246,0.07471
6193,21463,0.0579
6193,17467,0.128516
6193,22215,0.091274
6193,27347,0.065548
6194,21464,0.112377
6194,25413,0.071668
6194,23655,0.075094
6195,21465,0.064228
6195,22688,0.105508
6195,23939,0.05414
6195,16831,0.064472
6196,16852,0.441199
6196,25124,0.097143
6196,16450,0.096944
6197,18223,0.463579
6197,25848,0.068917
6198,21466,0.325774
6198,28358,0.089168
6199,21468,0.766129
6200,16856,0.065731
6200,21087,0.169582
6200,27192,0.077902
6201,17473,0.142666
6201,16100,0.070155
6202,21470,0.290019
6203,21471,0.052488
6203,23937,0.054867
6204,16947,0.077647
6204,16534,0.114259
6204,28558,0.196118
6205,16105,0.231159
6206,21474,0.055212
6206,21652,0.078131
6206,23402,0.125089
6206,23431,0.084036
6207,18272,0.105338
6208,19171,0.18253
6208,20423,0.075678
6208,28836,0.059065
6209,21475,0.206703
6209,20201,0.19235
6210,21479,0.579474
6211,21480,0.123717
6211,23634,0.151052
6211,20440,0.14873
6211,24593,0.069088
6212,16210,0.151629
6212,16101,0.072598
6213,21481,0.529915
6214,17394,0.065455
6214,22437,0.053128
6215,21483,0.120695
6215,20404,0.142483
6215,25331,0.221357
6215,21290,0.136234
6216,21484,0.456578
6216,17872,0.114082
6217,21485,0.729716
6218,21487,0.075486
6218,22648,0.17936
6218,26455,0.095057
6219,16413,0.355315
6219,16414,0.443835
6220,17634,0.315691
6221,21489,0.126825
6221,22901,0.217073
6221,25205,0.126834
6222,20734,0.159621
6222,16354,0.229811
6223,20463,0.372289
6224,20896,0.065596
6224,26622,0.11275
6224,26700,0.066077
6224,26951,0.066077
6224,24311,0.178508
6224,28012,0.114525
6225,20285,0.260063
6225,22420,0.050653
6225,22776,0.096293
6225,22777,0.135669
6226,16756,0.252415
6227,21421,0.342077
6228,21496,0.190297
6228,21407,0.087109
6229,16494,0.334878
6229,19537,0.300613
6230,21501,0.50541
6230,24606,0.111078
6231,16290,0.234713
6232,21502,0.184508
6232,23104,0.099719
6232,27141,0.099732
6233,21503,0.311729
6233,22650,0.062953
6233,23409,0.062962
6234,16547,0.166835
6235,16175,0.21018
6236,21505,0.404555
6237,21506,0.224224
6237,23590,0.15107
6237,24437,0.108314
6237,17465,0.161809
6238,16275,0.204905
6239,17300,0.267967
6239,25983,0.050452
6239,27266,0.052927
6240,21507,0.600463
6241,21508,0.238771
6241,16892,0.131001
6241,17481,0.064295
6242,19942,0.337392
6242,17396,0.32346
6243,21509,0.090764
6243,21873,0.099341
6243,17347,0.105343
6243,22342,0.106574
6243,24670,0.144235
6244,16412,0.205208
6245,16210,0.089828
6246,21510,0.18755
6246,27214,0.130069
6246,29150,0.101977
6247,16274,0.381528
6248,21511,0.086987
6248,18586,0.058784
6249,16079,0.186966
6250,16567,0.419946
6251,17627,0.378116
6252,16498,0.653609
6253,16898,0.270777
6253,19673,0.09066
6253,18422,0.172078
6253,16982,0.052756
6254,16215,0.067755
6255,21514,0.257728
6256,16195,0.228523
6257,19387,0.143448
6257,22500,0.091556
6258,17834,0.328693
6258,21899,0.061696
6258,26234,0.069007
6259,21515,0.191906
6260,21516,0.460653
6260,20785,0.139722
6260,16431,0.067599
6260,24330,0.066004
6261,21517,0.277415
6262,18784,0.762905
6263,20396,0.092153
6263,25403,0.084786
6263,25812,0.195479
6263,27824,0.07099
6264,21518,0.229684
6264,21519,0.309936
6265,16546,0.745344
6266,21522,0.413111
6266,21732,0.321985
6267,16484,0.433229
6268,19203,0.324435
6268,17639,0.130349
6269,21524,0.396031
6269,25716,0.086965
6270,17864,0.126056
6270,16500,0.097163
6270,16488,0.234789
6271,16430,0.266114
6272,16052,0.124367
6273,21525,0.423719
6273,20920,0.099282
6273,16788,0.061944
6273,24439,0.080433
6274,21526,0.161877
6274,26279,0.316513
6274,17420,0.064474
6275,21527,0.192471
6275,23372,0.374481
6276,21528,0.298755
6277,21529,0.404022
6277,24393,0.116964
6278,19073,0.186654
6278,16158,0.241538
6278,29154,0.073908
6279,16119,0.199024
6280,21534,0.132303
6280,21558,0.285718
6280,27030,0.17525
6281,21535,0.294016
6282,16183,0.172854
6283,19638,0.192013
6284,21536,0.170886
6284,19788,0.168446
6285,19194,0.121596
6286,21540,0.440634
6287,21541,0.219459
6287,26363,0.230669
6287,27152,0.057847
6287,27845,0.073239
6288,16101,0.329256
6288,16100,0.245944
6289,16197,0.085674
6290,21544,0.550272
6291,17395,0.071837
6291,17147,0.073953
6291,17540,0.116349
6291,17078,0.100501
6292,21545,0.150021
6292,20753,0.083622
6293,16270,0.137835
6293,16649,0.244058
6294,18005,0.140774
6294,23670,0.130934
6294,20976,0.084954
6295,21546,0.083508
6295,17596,0.061696
6295,25261,0.063129
6296,21547,0.070762
6296,25116,0.113659
6296,26275,0.114344
6297,21548,0.450113
6298,21550,0.520132
6298,22244,0.145352
6299,21556,0.113117
6299,22368,0.054981
6299,23465,0.059784
6299,18983,0.147844
6300,16119,0.218116
6301,21560,0.264922
6302,21561,0.152162
6302,24789,0.059246
6302,25942,0.059709
6303,16279,0.168513
6304,18289,0.414408
6304,17304,0.08806
6304,16473,0.075053
6305,21563,0.52366
6306,16175,0.380616
6306,16173,0.405699
6307,21567,0.19747
6307,28185,0.347198
6308,17169,0.403098
6309,16052,0.270647
6310,19195,0.170797
6310,19680,0.240232
6311,16619,0.226491
6311,16173,0.055196
6312,21570,0.067811
6312,24336,0.08545
6312,27804,0.066983
6312,28037,0.08712
6313,21571,0.086938
6313,21572,0.205599
6313,24080,0.084367
6314,20111,0.20183
6315,21574,0.536062
6316,16101,0.317385
6317,16175,0.193469
6318,21575,0.114288
6318,17269,0.248794
6318,17454,0.258482
6318,16493,0.249001
6319,21577,0.360058
6320,20818,0.515285
6321,21578,0.065871
6321,16944,0.123771
6321,16918,0.098934
6321,28047,0.115272
6321,18636,0.056538
6321,19332,0.083296
6322,21579,0.253153
6323,21581,0.515813
6324,21586,0.111955
6324,23388,0.051687
6324,25456,0.064743
6324,26036,0.053867
6324,26547,0.063607
6325,21587,0.320536
6326,20341,0.194968
6326,16087,0.081709
6326,25815,0.06844
6327,18477,0.285315
6328,16114,0.211462
6329,16102,0.637402
6330,21590,0.289341
6331,16756,0.116875
6331,16079,0.094765
6332,20293,0.070793
6332,26283,0.053005
6332,26965,0.056718
6333,21595,0.050031
6333,23936,0.098595
6333,25524,0.101426
6334,16276,0.598572
6335,21596,0.199259
6335,23459,0.168367
6336,16119,0.438669
6337,19241,0.101428
6337,28333,0.222222
6338,21599,0.156915
6338,22486,0.140632
6338,20174,0.057906
6338,26338,0.091609
6339,17980,0.407439
6340,20786,0.221383
6340,16788,0.086337
6340,23795,0.105422
6340,16179,0.090774
6341,21601,0.054671
6341,18905,0.053695
6341,18890,0.054657
6342,21602,0.211103
6343,16565,0.448783
6343,16918,0.07245
6344,21604,0.371037
6344,16941,0.053816
6345,16925,0.295006
6346,19697,0.089995
6347,21605,0.294608
6347,24025,0.410704
6348,19462,0.579616
6349,21607,0.701876
6350,21608,0.651182
6351,16561,0.327876
6352,16195,0.21255
6353,21609,0.558628
6354,18374,0.499447
6355,21613,0.439565
6356,16131,0.350428
6357,21615,0.378986
6358,21616,0.343761
6359,16195,0.247994
6360,17570,0.065638
6361,16052,0.058066
6362,16068,0.059521
6363,18174,0.070184
6364,16995,0.299518
6365,16068,0.247771
6366,16550,0.212724
6367,16414,0.209375
6367,16114,0.208389
6368,17253,0.286448
6369,16409,0.299309
6370,16053,0.245903
6371,16277,0.321461
6372,17570,0.378067
6373,21619,0.054928
6373,22704,0.117173
6373,23234,0.086048
6373,23522,0.086015
6373,23748,0.054867
6374,21620,0.323017
6375,18045,0.625125
6376,16118,0.154477
6377,21621,0.059542
6378,21622,0.083924
6378,22359,0.068423
6378,23452,0.299542
6379,19833,0.37942
6379,27300,0.091462
6380,20784,0.325605
6380,16580,0.20709
6381,18246,0.181982
6381,21462,0.282703
6382,16102,0.174228
6383,21623,0.251282
6384,21624,0.221337
6385,17225,0.084831
6386,21625,0.187215
6387,21628,0.527387
6387,26068,0.087131
6388,16305,0.583344
6389,16861,0.328677
6389,17473,0.051083
6390,16279,0.414608
6391,18788,0.212242
6391,18800,0.068356
6392,21631,0.080029
6392,22215,0.062992
6393,21611,0.183728
6393,19256,0.14523
6394,21632,0.2003
6394,24373,0.278243
6394,28239,0.2003
6395,16270,0.444728
6395,16612,0.389444
6396,16174,0.37663
6397,17101,0.281735
6398,17788,0.725298
6399,21633,0.161184
6399,25719,0.083938
6399,25869,0.071071
6400,21634,0.198664
6400,28868,0.095775
6400,29270,0.051191
6401,21635,0.121959
6401,26214,0.067923
6401,16702,0.107915
6401,26710,0.06831
6402,16320,0.137145
6402,16158,0.208239
6402,18429,0.103436
6402,22265,0.060345
6403,21638,0.305096
6404,16185,0.067434
6404,25239,0.0739
6405,21640,0.258107
6405,21786,0.133932
6405,21817,0.132675
6405,21818,0.142075
6406,16124,0.139712
6406,25740,0.057572
6407,21643,0.454778
6407,19322,0.222404
6408,17362,0.457647
6408,18729,0.093578
6408,20780,0.074228
6409,20683,0.320671
6409,21286,0.053715
6409,17495,0.088427
6409,17450,0.099196
6410,17222,0.195093
6410,21644,0.211168
6411,16175,0.331039
6411,16173,0.30389
6412,16079,0.355568
6412,16113,0.069717
6413,16114,0.577093
6414,16619,0.279677
6414,16279,0.208806
6414,16545,0.160253
6415,21648,0.142489
6416,16417,0.350204
6417,16118,0.108974
6418,17753,0.360465
6419,21649,0.226389
6420,16560,0.40513
6421,21650,0.344397
6421,17933,0.09083
6421,27989,0.069613
6421,28726,0.066139
6422,21653,0.12095
6422,22758,0.093355
6422,22759,0.142227
6423,21654,0.102584
6423,26398,0.143037
6424,17964,0.393758
6424,17834,0.393788
6425,21657,0.058066
6425,23216,0.066488
6425,24187,0.083818
6425,27328,0.08517
6425,27621,0.119363
6425,28122,0.057988
6426,21658,0.597461
6427,21662,0.145023
6427,16745,0.115148
6427,28205,0.104038
6428,21663,0.280593
6429,16417,0.270988
6430,16417,0.212703
6431,16615,0.07921
6431,20897,0.057426
6431,18199,0.154438
6431,18451,0.184411
6432,21664,0.332465
6432,19156,0.22258
6432,25592,0.092057
6433,16175,0.176305
6434,17648,0.195243
6435,21670,0.504064
6435,16128,0.144123
6436,21671,0.136402
6436,17090,0.07606
6437,16114,0.213579
6438,16112,0.095291
6439,16079,0.17841
6440,21674,0.231691
6440,16365,0.09138
6440,17024,0.069307
6440,16798,0.052884
6441,21675,0.137781
6441,24623,0.07837
6442,17277,0.287423
6442,22096,0.123709
6442,22335,0.230891
6443,21677,0.13467
6444,18370,0.269421
6444,16179,0.088025
6444,16845,0.103608
6444,18859,0.117158
6444,19322,0.052962
6445,16923,0.421946
6446,21680,0.078243
6446,17655,0.414791
6447,21683,0.051467
6447,24088,0.100109
6448,21347,0.134685
6448,22773,0.055968
6448,26212,0.073327
6449,21684,0.107623
6449,27362,0.474231
6450,18266,0.192922
6451,21685,0.16956
6451,17578,0.073729
6452,21686,0.453075
6453,19337,0.520882
6454,18796,0.127113
6454,22580,0.326038
6455,16100,0.290216
6456,16093,0.245861
6457,21687,0.058984
6457,18688,0.058882
6457,17992,0.416053
6457,24855,0.083553
6458,16573,0.383513
6459,21688,0.210067
6459,19108,0.201115
6459,27202,0.058224
6460,21689,0.141516
6461,21690,0.15864
6461,23881,0.072629
6461,20066,0.272687
6462,18165,0.09435
6463,21691,0.170889
6464,21692,0.426327
6465,18963,0.27059
6465,20102,0.090429
6465,27310,0.079764
6466,16068,0.391441
6466,16546,0.346678
6467,21694,0.193325
6467,19645,0.236114
6468,18669,0.480687
6469,21695,0.56491
6470,21696,0.241137
6471,21698,0.518825
6472,16118,0.266695
6473,21702,0.136011
6473,23081,0.05289
6473,19182,0.055678
6473,25372,0.054707
6474,17277,0.109467
6474,24181,0.140559
6475,19664,0.454169
6476,21703,0.169604
6476,24155,0.299659
6476,25061,0.065752
6477,16162,0.066319
6477,22877,0.063579
6478,20718,0.30691
6478,24738,0.165794
6479,21704,0.075614
6479,21183,0.118329
6479,28682,0.076995
6480,21705,0.194908
6480,22379,0.159641
6480,28086,0.19488
6481,16760,0.26845
6482,17753,0.379375
6483,16270,0.367416
6484,16068,0.173246
6485,16174,0.207617
6486,17350,0.1643
6486,17475,0.212329
6486,17082,0.063244
6486,26273,0.09357
6487,16131,0.672787
6488,21711,0.282638
6488,23719,0.10957
6489,21712,0.478935
6490,17498,0.232515
6491,16175,0.212522
6492,21713,0.161448
6493,18082,0.321544
6494,21717,0.090482
6494,24069,0.376581
6494,28522,0.090482
6495,16174,0.348635
6496,16104,0.09528
6496,16100,0.098735
6497,16119,0.243809
6498,16382,0.472558
6498,21719,0.305013
6499,17634,0.213602
6500,21721,0.332665
6500,27657,0.09064
6501,17800,0.301779
6502,16720,0.550876
6503,19404,0.100573
6504,16175,0.310339
6505,18327,0.270077
6506,21723,0.465589
6507,16114,0.247335
6508,16175,0.372514
6509,19503,0.458824
6509,22830,0.092117
6510,16502,0.409401
6511,21727,0.223512
6512,21730,0.237203
6512,19918,0.1789
6513,17101,0.393955
6514,21731,0.650734
6515,21356,0.111732
6515,17360,0.057591
6515,20023,0.133757
6515,16777,0.130451
6516,21734,0.269294
6516,22547,0.18182
6517,21735,0.088523
6517,24263,0.120397
6517,26301,0.06872
6518,21736,0.057457
6518,22991,0.277779
6518,23328,0.211223
6518,24113,0.057457
6519,19821,0.472595
6520,21738,0.157705
6520,27227,0.219852
6521,21739,0.487458
6522,17580,0.332904
6522,17219,0.119196
6522,17549,0.130547
6522,17565,0.061381
6523,16279,0.228246
6524,16052,0.35785
6525,21741,0.054717
6525,22442,0.087008
6525,17491,0.333031
6525,22444,0.052778
6526,21746,0.254008
6527,21747,0.302619
6528,21748,0.301107
6529,21752,0.774701
6530,17214,0.513769
6531,21167,0.080111
6531,21753,0.111656
6531,22005,0.174986
6531,26914,0.080119
6531,24407,0.080112
6532,21754,0.80695
6533,16957,0.598378
6534,21757,0.889636
6535,18737,0.231647
6536,18840,0.138427
6536,21758,0.070405
6536,17306,0.096751
6536,21079,0.236764
6537,16075,0.278652
6538,21762,0.354896
6538,21763,0.234624
6539,21764,0.388087
6539,29314,0.278385
6540,21765,0.24855
6540,23207,0.054875
6541,18355,0.326678
6541,22601,0.224549
6542,19053,0.219413
6543,21767,0.072627
6543,25615,0.071052
6544,21770,0.478058
6545,16174,0.244847
6546,17612,0.089354
6546,21773,0.053899
6546,19079,0.129583
6547,21774,0.542844
6548,21776,0.177789
6549,16325,0.229503
6549,19673,0.20136
6549,27708,0.087415
6550,16459,0.557094
6551,17457,0.091588
6551,23671,0.091471
6551,26026,0.152034
6552,21777,0.394986
6553,21778,0.300704
6554,21779,0.102978
6554,24540,0.064225
6554,24940,0.067655
6554,17378,0.211468
6555,21780,0.225181
6555,22123,0.066354
6555,23681,0.124849
6556,16207,0.351249
6557,16131,0.064906
6558,16131,0.516761
6559,17654,0.194155
6560,21784,0.36187
6561,16282,0.403272
6562,21636,0.247645
6563,16068,0.091738
6564,18323,0.205736
6564,25800,0.182393
6564,24256,0.08685
6565,16118,0.056571
6566,21790,0.238218
6567,21791,0.376492
6568,16279,0.063474
6569,21793,0.509966
6570,21795,0.663013
6571,21798,0.376243
6571,23489,0.063212
6571,16390,0.057218
6572,21799,0.168315
6572,21800,0.167226
6572,23444,0.194584
6573,17257,0.79075
6574,17258,0.61583
6575,17274,0.226414
6576,16174,0.176277
6577,21805,0.302547
6577,22027,0.120808
6577,25836,0.101506
6578,18122,0.184893
6579,16118,0.48213
6579,16414,0.054539
6580,16102,0.076872
6580,16118,0.061546
6581,17400,0.107617
6581,20683,0.251086
6581,22484,0.051445
6581,16422,0.108555
6581,22748,0.114189
6582,21810,0.121701
6582,19125,0.24495
6583,21811,0.085261
6583,24462,0.186197
6584,16185,0.369204
6585,16112,0.305914
6586,21812,0.160833
6587,17298,0.246151
6587,16375,0.099675
6587,24849,0.052481
6588,21814,0.057892
6588,22128,0.076454
6588,22139,0.097633
6588,22369,0.35047
6589,16124,0.053978
6590,21815,0.124053
6590,23018,0.079812
6590,23280,0.057957
6590,23303,0.080856
6591,21816,0.088399
6591,22056,0.069313
6591,23276,0.108114
6591,18405,0.063605
6592,16068,0.054713
6592,16052,0.182253
6593,21395,0.20047
6593,25919,0.084697
6593,25926,0.159658
6594,16207,0.385483
6595,16091,0.403997
6596,16174,0.187788
6597,21820,0.156061
6597,25240,0.301285
6598,17225,0.198394
6599,16210,0.118065
6600,16102,0.285181
6601,21821,0.084515
6601,16631,0.196002
6602,21822,0.376304
6603,16101,0.230485
6604,16091,0.327218
6605,20751,0.051722
6605,17618,0.086028
6605,16405,0.145731
6606,21823,0.104527
6606,22382,0.132748
6606,25595,0.074974
6606,26889,0.18102
6606,27178,0.070213
6607,21824,0.144947
6607,19667,0.059904
6608,21825,0.249399
6608,22483,0.062868
6608,26477,0.079626
6609,16760,0.345798
6610,21826,0.33869
6610,17606,0.377649
6610,26348,0.095019
6611,19932,0.077634
6612,16682,0.458865
6612,17975,0.089176
6612,17449,0.067996
6613,21829,0.441237
6614,21830,0.154259
6615,21832,0.1924
6616,16381,0.20137
6616,17237,0.091848
6617,21833,0.058307
6617,20307,0.122378
6617,16567,0.086505
6618,21835,0.105234
6619,20677,0.061196
6619,17881,0.246427
6619,18720,0.179348
6619,27518,0.07235
6620,16284,0.54278
6621,16498,0.311829
6621,18809,0.168178
6622,16384,0.162921
6622,18127,0.122258
6622,23559,0.050751
6622,23930,0.072601
6622,28290,0.107829
6623,17262,0.187024
6624,17902,0.187413
6624,18556,0.169455
6625,21840,0.29429
6625,22508,0.051227
6625,26169,0.091642
6625,27929,0.091642
6626,16101,0.071288
6627,21841,0.484579
6628,16545,0.138311
6629,16545,0.076379
6630,18467,0.131074
6630,23515,0.131052
6631,17342,0.520286
6631,20923,0.143522
6632,21847,0.106263
6632,17955,0.09046
6632,23491,0.059568
6632,18586,0.068711
6632,21559,0.106293
6633,16215,0.255935
6634,16417,0.165565
6635,21849,0.08658
6635,16914,0.266356
6635,27969,0.06007
6636,21850,0.190769
6636,26411,0.136768
6636,23968,0.136746
6637,21852,0.140583
6637,20535,0.095622
6638,17101,0.060779
6639,17980,0.291758
6640,17372,0.181711
6640,18576,0.309663
6641,20852,0.065828
6641,18355,0.135445
6641,24815,0.068289
6642,16385,0.411471
6642,18579,0.325273
6643,17624,0.33193
6644,16412,0.255437
6644,16409,0.086051
6645,16102,0.263145
6646,16430,0.501788
6647,17527,0.451182
6647,29039,0.084409
6648,21533,0.540092
6649,21855,0.670557
6650,16612,0.429282
6651,21857,0.416894
6652,16118,0.201907
6653,18207,0.282245
6654,21858,0.054832
6654,18932,0.056628
6654,16212,0.072623
6655,21859,0.0854
6655,23860,0.170987
6655,26750,0.104204
6655,27118,0.084208
6656,17900,0.053992
6657,16539,0.355785
6658,16409,0.247009
6659,18688,0.059545
6659,22964,0.050877
6660,17606,0.360206
6660,21864,0.157669
6661,21865,0.987884
6662,21866,0.110298
6662,27832,0.120504
6663,16760,0.144696
6664,21868,0.221614
6664,25260,0.073339
6664,25565,0.074771
6664,23490,0.052993
6665,21870,0.050711
6666,21871,0.189089
6666,21883,0.433182
6667,19581,0.064161
6667,18209,0.061707
6668,16089,0.33196
6669,21872,0.327437
6669,25078,0.061232
6669,28249,0.061238
6669,28849,0.061264
6670,21874,0.150318
6670,24247,0.092107
6671,21875,0.335229
6671,29309,0.099463
6672,21877,0.469049
6673,21878,0.341103
6673,25850,0.101201
6674,21880,0.192421
6675,20657,0.213895
6676,19152,0.050857
6676,19284,0.140324
6677,17005,0.167816
6677,16968,0.252951
6677,18089,0.09804
6678,21881,0.851941
6679,17498,0.382776
6679,16386,0.361357
6680,21882,0.084985
6680,22078,0.251558
6681,21884,0.167092
6681,19288,0.261704
6682,21885,0.272415
6682,22066,0.161214
6683,21886,0.075064
6683,26226,0.306331
6683,27394,0.243487
6684,16101,0.254527
6685,21890,0.318877
6686,19162,0.332828
6686,24024,0.200038
6687,21894,0.105299
6687,22615,0.222475
6687,23008,0.095499
6688,21896,0.253055
6689,21898,0.233854
6690,21900,0.119531
6690,19420,0.107576
6690,28841,0.119554
6691,21903,0.337183
6691,24493,0.130717
6692,16084,0.147337
6692,17538,0.294514
6692,24529,0.097007
6692,29301,0.054226
6693,16656,0.247831
6694,21905,0.072759
6694,21912,0.05331
6694,21938,0.100586
6694,16248,0.206794
6694,28684,0.085281
6695,17119,0.113967
6695,17921,0.427665
6695,19434,0.207883
6696,16113,0.157001
6697,21906,0.722843
6698,21907,0.085857
6698,23697,0.119697
6698,23625,0.119634
6699,19131,0.333758
6700,17186,0.093079
6701,16207,0.447972
6702,16149,0.548496
6703,17345,0.598822
6704,16414,0.057544
6705,16545,0.337601
6706,16417,0.101931
6706,24876,0.053359
6707,21909,0.342467
6708,17655,0.461287
6708,21680,0.054147
6709,16175,0.146673
6710,21910,0.054751
6710,19801,0.065543
6710,20791,0.118156
6710,26574,0.064466
6711,18267,0.278516
6711,24560,0.123937
6712,21911,0.202915
6712,29125,0.07666
6713,16093,0.123594
6713,22937,0.087303
6714,16946,0.075285
6714,19377,0.239647
6714,18409,0.064805
6714,21599,0.053758
6715,19568,0.056154
6715,22499,0.087961
6715,23345,0.167644
6715,26489,0.071674
6716,16417,0.160944
6717,21914,0.182698
6717,22416,0.127579
6717,28027,0.087747
6718,18433,0.097201
6718,25294,0.35283
6719,16540,0.158684
6720,21917,0.096864
6720,23296,0.518059
6721,21918,0.132307
6721,16792,0.237618
6722,20427,0.182753
6722,22532,0.149679
6723,21919,0.445641
6723,28262,0.064415
6724,17797,0.149813
6724,17590,0.129344
6724,29008,0.126402
6724,18177,0.150452
6725,17921,0.207559
6725,19756,0.345446
6726,20646,0.11205
6727,20783,0.406368
6727,27557,0.092396
6728,18415,0.211354
6728,16258,0.073772
6729,21923,0.236911
6729,17238,0.107222
6729,25999,0.20543
6730,21924,0.068039
6730,22722,0.223193
6730,23832,0.171598
6731,16112,0.19512
6732,17965,0.086138
6732,17308,0.183331
6732,18095,0.211373
6732,16816,0.070275
6733,21929,0.205831
6734,21931,0.580693
6735,21933,0.380851
6735,24112,0.113021
6736,21939,0.214727
6736,19303,0.299369
6737,16119,0.085189
6738,21942,0.577045
6739,21944,0.057614
6739,20945,0.222264
6740,21945,0.488341
6741,21946,0.143113
6741,23460,0.169567
6741,23461,0.064298
6742,21947,0.14783
6743,21948,0.558494
6744,18689,0.25396
6744,26426,0.093631
6745,21949,0.314412
6745,23945,0.116378
6745,25584,0.066939
6745,27375,0.069492
6746,21950,0.596386
6747,16113,0.230771
6748,17202,0.386348
6749,21951,0.40157
6750,19582,0.458844
6751,16246,0.455275
6752,21953,0.095666
6752,25417,0.286299
6752,25572,0.068878
6753,21954,0.30537
6754,16053,0.227412
6755,21955,0.12186
6755,22083,0.129047
6755,22833,0.179647
6756,21956,0.119392
6756,27446,0.213615
6757,21957,0.150746
6757,22284,0.090544
6757,22527,0.282358
6757,25380,0.066405
6758,21958,0.691718
6759,16409,0.393532
6760,16054,0.280425
6761,17140,0.318466
6762,16100,0.113082
6763,17140,0.301749
6763,23101,0.293446
6764,21960,0.066985
6764,16399,0.358187
6765,21961,0.226486
6765,22466,0.282479
6765,24008,0.061947
6766,20639,0.20045
6766,19245,0.119998
6766,25056,0.088409
6767,21962,0.114727
6767,27228,0.065578
6768,16898,0.266684
6768,18422,0.166174
6768,18480,0.06432
6769,21965,0.40546
6769,27149,0.166214
6770,21966,0.088598
6770,22485,0.135338
6771,21967,0.063304
6771,20485,0.055565
6771,26357,0.063521
6771,18000,0.062039
6772,18968,0.064993
6773,21970,0.167908
6774,21971,0.341117
6775,21972,0.051182
6775,22346,0.227688
6775,16289,0.055532
6775,28964,0.06596
6776,16207,0.444158
6777,16926,0.218183
6778,16610,0.081808
6778,24918,0.149958
6778,19718,0.341824
6779,17396,0.562938
6780,21973,0.229072
6780,28997,0.094677
6781,20906,0.206049
6782,16612,0.209456
6783,21976,0.152208
6784,16118,0.21617
6784,24435,0.050891
6785,16210,0.07344
6786,16068,0.255143
6786,16102,0.317255
6787,21977,0.087743
6787,23800,0.087733
6788,17251,0.265861
6788,17942,0.20932
6789,21978,0.081222
6789,24427,0.067933
6789,25115,0.068941
6789,16515,0.070295
6789,28356,0.056579
6790,16824,0.226564
6790,20636,0.128816
6790,26625,0.065964
6790,27251,0.095172
6791,20008,0.100892
6792,21980,0.847755
6793,21944,0.117239
6793,20945,0.389925
6794,21981,0.060862
6794,23283,0.253141
6794,28350,0.060388
6794,28550,0.132929
6795,21985,0.124246
6795,25990,0.2368
6795,27986,0.055873
6796,16275,0.221425
6796,21154,0.073025
6797,21987,0.125456
6797,17812,0.224226
6798,19483,0.166984
6798,21519,0.437933
6798,17306,0.081178
6799,21988,0.608593
6800,17439,0.208837
6801,16114,0.391429
6802,21990,0.348172
6803,17546,0.446416
6803,16750,0.129523
6803,23977,0.092431
6804,21992,0.551032
6805,21993,0.347987
6806,17497,0.067368
6806,20846,0.120427
6806,17867,0.10067
6806,27372,0.066883
6807,19606,0.15167
6807,21995,0.110027
6807,19616,0.217789
6808,16274,0.166272
6808,16612,0.185933
6809,16102,0.615687
6810,16573,0.082844
6811,21998,0.268869
6811,21839,0.120126
6811,26042,0.062624
6812,18677,0.265322
6812,23736,0.180517
6813,16649,0.156322
6814,16514,0.406018
6815,16279,0.247125
6816,16854,0.088907
6817,16355,0.084515
6817,22621,0.102696
6817,16920,0.100754
6817,26040,0.065494
6817,27978,0.084611
6817,27906,0.067125
6818,19832,0.142946
6818,22110,0.080186
6818,28878,0.102899
6819,22000,0.466751
6820,17058,0.467478
6821,18171,0.159981
6821,19698,0.102277
6821,18957,0.128559
6822,21914,0.280896
6823,16303,0.230466
6823,17500,0.095592
6823,26310,0.061755
6823,16097,0.057382
6824,22006,0.683745
6825,22007,0.06245
6826,16068,0.43861
6827,19656,0.325849
6827,16523,0.065492
6828,16971,0.357039
6828,17511,0.198464
6828,21093,0.104667
6829,19391,0.249744
6830,16756,0.117383
6830,16175,0.137295
6831,16279,0.1392
6831,20463,0.110069
6832,16414,0.350004
6833,16113,0.411692
6833,16112,0.166252
6834,16118,0.363877
6834,16722,0.295735
6835,22009,0.331814
6836,18900,0.266205
6836,22377,0.164992
6837,16114,0.063812
6838,22011,0.102579
6838,16075,0.100766
6838,27645,0.102579
6839,19494,0.06642
6839,25378,0.062653
6840,22013,0.648828
6841,22014,0.380486
6841,21471,0.133827
6842,16118,0.362037
6843,16414,0.189691
6844,20323,0.111481
6844,19101,0.198875
6844,23828,0.052018
6844,18731,0.097183
6845,22016,0.241299
6845,26094,0.131038
6845,26096,0.131073
6846,16119,0.290242
6847,16968,0.076017
6847,18956,0.090947
6847,16162,0.05667
6848,21800,0.371875
6848,17818,0.215589
6849,22018,0.051086
6849,23980,0.08331
6849,24684,0.075037
6850,22020,0.363877
6850,26864,0.089423
6850,27387,0.124681
6850,27388,0.08945
6851,22021,0.425868
6851,23429,0.148997
6852,16414,0.079982
6853,20111,0.358502
6854,22022,0.280492
6854,23141,0.151896
6854,24806,0.096952
6854,25837,0.069546
6854,23037,0.079005
6855,20847,0.113729
6855,18920,0.139238
6855,18074,0.289564
6856,16160,0.206313
6857,21669,0.212792
6857,17462,0.084438
6857,26051,0.119487
6858,19430,0.090724
6858,16952,0.098145
6858,17816,0.096217
6858,26915,0.057792
6859,16354,0.073934
6859,16053,0.077349
6860,22025,0.373105
6861,17259,0.379846
6862,22026,0.243726
6863,18667,0.382855
6864,22029,0.107354
6865,16270,0.386528
6866,22031,0.056744
6866,24563,0.101473
6866,21344,0.258596
6866,26849,0.056535
6867,16507,0.296434
6868,17393,0.111815
6869,17101,0.227957
6870,16414,0.414345
6871,16417,0.185079
6872,20739,0.351987
6872,22034,0.147152
6872,28206,0.079462
6872,28207,0.108873
6873,19505,0.365251
6873,24974,0.074546
6873,19504,0.124636
6874,22039,0.48263
6875,22040,0.09842
6875,23274,0.101649
6875,27905,0.126268
6875,28088,0.070601
6875,29024,0.098423
6876,22041,0.171888
6877,16174,0.358477
6878,16883,0.197052
6878,23492,0.065937
6878,20713,0.080488
6878,26256,0.064781
6878,28099,0.051025
6879,22043,0.500225
6880,17225,0.550952
6881,22044,0.594209
6882,22045,0.360837
6883,17170,0.345809
6884,22046,0.30611
6884,24094,0.054444
6885,22047,0.229104
6886,22048,0.280153
6886,24392,0.128236
6887,16119,0.186353
6888,22051,0.480566
6889,22053,0.333561
6890,19008,0.188202
6890,18045,0.137359
6890,22996,0.1822
6890,25182,0.128984
6890,28148,0.070536
6891,22055,0.174341
6891,28233,0.174641
6892,22057,0.55192
6893,22058,0.487255
6894,22059,0.435053
6895,22060,0.446224
6896,17326,0.213401
6897,16500,0.099622
6897,25298,0.184265
6897,25656,0.10998
6897,26016,0.126205
6897,27531,0.098899
6898,22063,0.050552
6898,27050,0.131095
6898,28213,0.070828
6898,28865,0.071348
6899,22064,0.350344
6900,16175,0.243008
6901,18093,0.158399
6902,22068,0.188345
6903,22069,0.152352
6903,24517,0.106882
6903,25937,0.231362
6903,21627,0.099396
6904,22070,0.49552
6905,22072,0.332412
6905,22162,0.07689
6906,16927,0.271628
6907,16118,0.569614
6908,21781,0.14791
6908,17053,0.162418
6908,17664,0.059291
6909,17980,0.099327
6910,22075,0.363597
6911,18686,0.170505
6911,16342,0.08082
6911,16483,0.062852
6912,17051,0.080507
6913,22076,0.485272
6913,19341,0.112715
6914,22077,0.086843
6914,24236,0.099572
6915,22079,0.134558
6916,22080,0.155225
6916,23716,0.155185
6916,20278,0.127035
6916,27668,0.071079
6917,16112,0.720303
6918,16417,0.078068
6919,22086,0.576848
6919,23677,0.125818
6920,16414,0.202592
6921,22087,0.331128
6922,22088,0.311103
6923,16119,0.578019
6924,19207,0.553278
6925,22090,0.08173
6925,22900,0.087599
6925,18230,0.34948
6926,16091,0.338795
6927,16207,0.077161
6928,16339,0.075618
6929,16830,0.162662
6930,16068,0.083096
6931,16545,0.201503
6932,16195,0.076011
6933,16160,0.665393
6934,22092,0.304861
6934,21254,0.176166
6935,22093,0.312507
6935,17202,0.248931
6936,16625,0.379783
6937,16054,0.503078
6938,16484,0.369605
6939,22096,0.347584
6939,17805,0.096622
6939,16706,0.19096
6939,23604,0.063742
6940,16925,0.708852
6941,17326,0.283433
6942,22098,0.121747
6942,24039,0.075785
6942,18306,0.056435
6943,19327,0.062823
6943,16270,0.148424
6943,16760,0.062602
6944,22099,0.07213
6944,17002,0.094271
6944,18079,0.179023
6945,22085,0.318628
6945,19335,0.062419
6945,23739,0.067855
6945,25944,0.062138
6945,20163,0.052856
6946,18443,0.096184
6946,20730,0.068441
6946,25005,0.072103
6946,26052,0.067563
6947,16117,0.391887
6948,22101,0.130495
6948,23085,0.050609
6948,17350,0.064997
6948,26415,0.052937
6948,20034,0.072518
6948,28264,0.050475
6948,28274,0.070552
6948,28805,0.050585
6949,16279,0.303832
6950,22104,0.137546
6950,26316,0.257568
6950,27596,0.092374
6951,18576,0.42879
6951,18355,0.16111
6952,16342,0.071837
6953,22106,0.288353
6953,25826,0.34991
6954,22107,0.457566
6954,25738,0.058643
6955,16234,0.394191
6956,22109,0.051803
6956,24130,0.084087
6956,17186,0.057766
6957,16447,0.113143
6957,26328,0.151545
6957,27246,0.082728
6958,16119,0.320828
6959,16265,0.308153
6959,19965,0.063897
6960,16113,0.334992
6961,20787,0.186115
6962,16215,0.170382
6962,16559,0.132914
6963,16118,0.136025
6964,16140,0.346172
6965,16118,0.367177
6966,22112,0.362537
6966,25074,0.066089
6967,16507,0.30847
6968,18048,0.469211
6968,18340,0.306686
6969,22115,0.315149
6970,16274,0.127418
6971,16104,0.376932
6972,18445,0.185948
6972,21384,0.06389
6973,16274,0.310097
6974,22116,0.690364
6975,16354,0.172417
6975,18007,0.164234
6976,22117,0.418966
6977,22120,0.431807
6978,19372,0.353197
6979,19173,0.366697
6979,22121,0.34293
6980,16232,0.334125
6981,22126,0.124103
6981,20214,0.272864
6981,24442,0.058212
6982,17300,0.267898
6982,25157,0.100081
6982,27266,0.063338
6983,22127,0.593963
6984,22129,0.352576
6984,18000,0.062906
6985,16559,0.635695
6986,22131,0.199938
6987,22132,0.182879
6987,25446,0.059256
6987,26552,0.094009
6987,26979,0.06107
6988,17606,0.10451
6988,20604,0.389973
6988,20107,0.052365
6989,22135,0.10629
6989,24404,0.104429
6990,19160,0.310814
6991,16051,0.090299
6992,16210,0.094743
6993,16567,0.447608
6994,22142,0.184956
6994,24456,0.120779
6994,28749,0.051909
6995,22143,0.54692
6996,16091,0.050069
6996,20062,0.091136
6997,20186,0.093789
6997,20123,0.092199
6997,17359,0.065168
6997,17283,0.115667
6997,23094,0.079332
6998,18477,0.175691
6999,22148,0.10542
6999,18535,0.061499
7000,22149,0.29526
7001,22150,0.561608
7002,22151,0.099484
7002,27014,0.099497
7003,18832,0.183489
7004,22153,0.352354
7005,22154,0.14602
7005,27344,0.104702
7006,22155,0.471976
7007,16706,0.281062
7007,16076,0.155944
7007,26561,0.234484
7008,19388,0.410662
7009,16079,0.055404
7010,22156,0.10101
7011,22157,0.187631
7011,24174,0.14589
7011,28449,0.145237
7012,22159,0.458563
7013,17051,0.126559
7014,17051,0.070774
7015,22161,0.053865
7015,16467,0.346484
7015,23000,0.063563
7016,17780,0.063381
7017,16527,0.074598
7017,18163,0.284427
7017,16528,0.26859
7017,17219,0.120634
7018,16207,0.385312
7019,16873,0.306159
7020,16104,0.223751
7021,16813,0.606428
7022,22166,0.178957
7022,18798,0.280013
7023,22167,0.098136
7023,22709,0.136686
7023,25226,0.08509
7023,27736,0.176238
7024,22168,0.16045
7025,20336,0.217245
7025,18005,0.169561
7025,21347,0.161673
7025,25128,0.082724
7026,22169,0.459223
7027,17518,0.097065
7027,16437,0.070983
7028,22171,0.26819
7028,25593,0.067104
7028,25853,0.067532
7029,22174,0.236658
7029,26268,0.146245
7030,22176,0.153323
7030,22177,0.059938
7030,17054,0.095699
7030,28074,0.073475
7030,16424,0.081636
7031,22179,0.157883
7031,22255,0.127315
7032,19387,0.251304
7033,22180,0.271715
7033,23047,0.195763
7034,22181,0.754027
7035,22182,0.108629
7035,23441,0.056597
7035,20561,0.274312
7035,26543,0.10669
7036,22185,0.11147
7036,23798,0.179063
7036,25477,0.103506
7036,28075,0.058627
7037,22186,0.664902
7037,26659,0.24741
7038,21926,0.192257
7038,26814,0.072135
7038,16040,0.090534
7039,16174,0.303808
7040,22187,0.082582
7040,19131,0.367685
7041,16414,0.139086
7042,22133,0.091981
7042,21796,0.067687
7042,22957,0.142548
7042,25550,0.057696
7042,26915,0.209484
7043,16197,0.337689
7043,16196,0.058821
7044,16091,0.054574
7045,22188,0.066488
7045,22045,0.215976
7045,16567,0.149362
7045,26423,0.066828
7046,16339,0.102668
7046,16124,0.103382
7047,16622,0.055196
7047,16543,0.427544
7047,28675,0.084808
7048,22189,0.258782
7048,16334,0.076443
7048,26484,0.063659
7048,16543,0.147963
7049,20014,0.820536
7050,22193,0.298767
7051,22194,0.050159
7051,17360,0.261854
7051,16240,0.094614
7052,22195,0.122059
7052,23226,0.371796
7052,24163,0.086137
7052,25645,0.052409
7053,16173,0.437822
7053,16091,0.274383
7054,16274,0.357994
7055,16119,0.411988
7056,16113,0.180447
7057,22196,0.338981
7057,24751,0.07447
7058,16412,0.256322
7059,20605,0.050368
7059,22916,0.052077
7060,16318,0.185829
7060,16526,0.103377
7061,16279,0.170231
7061,17274,0.260574
7062,16573,0.114044
7063,16274,0.198859
7064,22201,0.306944
7064,28277,0.220198
7065,19798,0.074988
7065,24894,0.117906
7065,28904,0.054005
7066,19380,0.242305
7067,22202,0.240016
7068,22204,0.194248
7068,19873,0.089976
7068,28902,0.089155
7069,16101,0.178844
7070,22207,0.615686
7071,22209,0.484533
7071,27293,0.074206
7072,17225,0.350141
7073,19660,0.287463
7074,20193,0.646992
7075,16210,0.209073
7076,16207,0.478147
7077,16102,0.426308
7078,16342,0.347824
7079,20023,0.074097
7079,23568,0.050238
7080,22217,0.180945
7080,23097,0.093717
7080,17439,0.206243
7081,16091,0.257767
7082,22219,0.280046
7083,22221,0.258901
7083,24771,0.101482
7084,18433,0.090522
7084,27066,0.066996
7084,27406,0.065188
7085,16174,0.342638
7086,16102,0.259274
7087,22222,0.18109
7087,25766,0.125592
7088,22223,0.342741
7088,22366,0.222091
7089,22224,0.388435
7090,21911,0.324623
7091,16925,0.195519
7092,16412,0.213099
7093,17507,0.139522
7093,17214,0.449288
7094,16104,0.70145
7095,16277,0.797799
7096,16119,0.23688
7097,22227,0.339714
7097,18337,0.2368
7098,18944,0.522909
7099,16173,0.506612
7100,16091,0.195699
7101,22231,0.702328
7102,22233,0.07233
7102,24941,0.124284
7102,28706,0.083752
7103,16660,0.056283
7103,17639,0.165585
7104,16276,0.157593
7105,21192,0.177716
7106,22237,0.193968
7107,22238,0.453779
7108,17585,0.325553
7109,16182,0.258177
7110,20016,0.229753
7110,23290,0.077264
7111,16162,0.184061
7111,17137,0.073671
7112,22240,0.093297
7112,23481,0.066969
7112,21441,0.198571
7112,27182,0.060909
7112,28432,0.093396
7113,22241,0.147799
7113,23312,0.28539
7113,27889,0.108529
7114,16101,0.097438
7115,22242,0.071541
7115,19797,0.156192
7116,18809,0.214538
7116,25207,0.057412
7116,19915,0.080619
7116,19697,0.118742
7117,19915,0.352763
7118,16093,0.242571
7119,22244,0.119927
7119,21550,0.238614
7119,16994,0.18827
7119,17732,0.050324
7120,22245,0.396372
7121,21982,0.185128
7121,18577,0.086768
7122,16982,0.43597
7122,17005,0.300677
7123,17237,0.316912
7124,22246,0.42341
7125,22247,0.4991
7125,23015,0.062882
7126,16236,0.085322
7126,22684,0.177292
7126,18590,0.104707
7127,22248,0.841007
7128,22252,0.501478
7128,17590,0.106481
7129,22253,0.204303
7130,22254,0.192521
7131,18085,0.194606
7131,27309,0.113915
7132,18105,0.052952
7132,22256,0.096121
7132,16273,0.296363
7132,27981,0.069466
7133,16838,0.21486
7133,23668,0.110987
7133,16087,0.191165
7134,22257,0.342912
7135,16238,0.063841
7135,18285,0.266559
7136,16417,0.351998
7137,16174,0.402164
7138,22262,0.224653
7138,22749,0.115181
7138,21426,0.109112
7139,16816,0.135586
7139,16308,0.297637
7140,16328,0.444501
7141,16926,0.14251
7142,16279,0.515094
7143,16052,0.052258
7144,22263,0.214259
7144,17531,0.155895
7145,16068,0.06113
7146,16079,0.082852
7147,20879,0.613525
7148,20944,0.310687
7148,18745,0.395946
7149,20189,0.311296
7150,17019,0.287515
7150,17022,0.162752
7150,16352,0.183286
7151,16118,0.306837
7152,16068,0.22667
7152,19861,0.174612
7153,16132,0.341209
7153,25363,0.074044
7154,22268,0.547195
7155,16414,0.386339
7156,22270,0.193988
7156,25610,0.193988
7157,22271,0.474948
7158,16079,0.242125
7159,22272,0.134319
7160,22273,0.33586
7160,24235,0.094718
7161,22274,0.05294
7161,17220,0.247905
7161,17726,0.117866
7161,24559,0.075389
7162,22275,0.513561
7163,22278,0.059823
7163,16426,0.296289
7163,21501,0.07253
7163,20374,0.244463
7164,17363,0.068188
7164,27930,0.124555
7165,22280,0.138075
7165,19044,0.109027
7166,22282,0.365982
7167,22137,0.0776
7168,22283,0.272614
7169,16760,0.131095
7170,22285,0.683642
7171,22286,0.334861
7171,20514,0.084758
7171,17351,0.071662
7172,22287,0.428201
7172,18067,0.307107
7173,22014,0.318737
7174,22288,0.307811
7175,16114,0.076945
7176,16815,0.251813
7176,22289,0.22779
7177,17628,0.392317
7178,22290,0.228452
7178,22348,0.077732
7178,22349,0.129996
7178,17848,0.050853
7178,17429,0.206336
7179,16114,0.185074
7180,16184,0.122318
7180,17225,0.052865
7181,16215,0.256209
7182,16113,0.212673
7183,18165,0.176573
7184,22293,0.138671
7184,17217,0.134034
7184,16437,0.259642
7185,16437,0.32708
7185,17703,0.364416
7186,20046,0.271254
7187,22294,0.534025
7188,16461,0.195906
7188,17548,0.061841
7188,24973,0.074397
7189,16649,0.350288
7190,16174,0.09178
7191,22297,0.532836
7192,16925,0.369163
7193,16722,0.106191
7193,16118,0.077173
7194,22298,0.146845
7194,17251,0.196131
7195,16117,0.393289
7196,20111,0.277679
7197,20944,0.150261
7197,17662,0.066456
7197,16070,0.073011
7197,27673,0.063543
7198,16174,0.113226
7199,22300,0.059958
7199,18043,0.101692
7199,16479,0.087868
7200,22301,0.100988
7200,23994,0.054428
7200,26946,0.161773
7201,20728,0.33132
7202,22302,0.561286
7203,22303,0.630261
7204,16182,0.301363
7205,20463,0.239802
7206,22304,0.506734
7207,22305,0.079274
7207,23932,0.251712
7207,25421,0.125205
7207,25435,0.092178
7208,16052,0.074977
7209,22306,0.148202
7209,16711,0.104654
7210,22307,0.132298
7210,20919,0.062039
7210,25725,0.17501
7210,27515,0.114674
7211,22308,0.407191
7212,22309,0.174577
7212,23846,0.125228
7213,22310,0.095984
7213,22311,0.449231
7214,16918,0.356821
7215,16210,0.089181
7216,16279,0.163751
7217,22314,0.079724
7217,22689,0.079676
7217,22963,0.230635
7217,27341,0.124904
7217,28096,0.079724
7218,20494,0.117272
7218,24355,0.151102
7219,22316,0.429836
7220,22317,0.132073
7220,17689,0.287762
7221,22318,0.087446
7221,26871,0.087498
7221,28377,0.156628
7222,19174,0.136199
7223,22321,0.482075
7223,27280,0.081292
7223,19349,0.056196
7224,16119,0.271292
7225,18225,0.084429
7226,22322,0.52261
7227,22323,0.416691
7228,16208,0.316792
7229,16612,0.397195
7230,16158,0.540484
7231,22324,0.67779
7232,17965,0.202714
7232,17308,0.05897
7233,22326,0.305105
7234,22327,0.108021
7234,24101,0.083192
7235,22328,0.487668
7236,22329,0.171457
7237,16612,0.054619
7238,16119,0.432071
7239,18726,0.063954
7239,25644,0.063943
7239,21761,0.139932
7239,19020,0.139925
7240,22334,0.357343
7240,25045,0.055986
7241,16498,0.430438
7242,22287,0.150482
7243,20463,0.394341
7244,19035,0.672347
7245,22336,0.233062
7246,16756,0.063483
7247,22339,0.187952
7248,16217,0.12246
7248,20290,0.071514
7249,16174,0.088047
7249,16091,0.113258
7250,16210,0.059771
7251,22341,0.116452
7252,16124,0.151417
7253,18933,0.225916
7253,16142,0.225643
7254,22343,0.051816
7254,17768,0.050691
7254,29052,0.072681
7255,22344,0.325309
7255,25479,0.181849
7256,16556,0.093556
7256,24432,0.459018
7257,16813,0.351326
7257,16430,0.258304
7258,16782,0.221563
7258,16273,0.090285
7259,22350,0.235595
7260,16279,0.511187
7261,22352,0.347643
7262,21167,0.138743
7262,22354,0.138685
7262,17395,0.193047
7263,16095,0.534767
7264,16118,0.213557
7265,20843,0.074081
7266,22355,0.666325
7267,22356,0.266255
7267,25032,0.150684
7268,16197,0.097428
7269,19611,0.309855
7269,22357,0.275238
7270,22360,0.254595
7270,16046,0.075811
7271,16265,0.377652
7272,16987,0.423908
7273,19113,0.114656
7273,26188,0.149835
7273,28539,0.19204
7274,16113,0.259017
7275,18085,0.185608
7276,16118,0.236124
7277,16847,0.353123
7277,21429,0.273558
7277,17406,0.097024
7278,16184,0.235129
7279,18655,0.148949
7280,22361,0.256166
7280,17540,0.514903
7281,22362,0.256522
7281,23264,0.054513
7281,23577,0.088089
7281,20391,0.060681
7282,16926,0.220345
7283,22365,0.675914
7284,16113,0.217193
7285,16174,0.358327
7286,17170,0.390265
7287,16674,0.502117
7287,18452,0.076251
7287,21974,0.06635
7288,22370,0.251134
7288,17452,0.173772
7289,16112,0.392551
7289,16113,0.302169
7290,22374,0.205001
7291,22376,0.082912
7291,18291,0.122628
7292,22378,0.239173
7292,27982,0.239173
7293,16546,0.457658
7294,16213,0.382246
7294,27787,0.054688
7295,22381,0.616138
7296,22383,0.430368
7297,22385,0.187196
7298,21839,0.317293
7299,16738,0.301921
7300,18737,0.13142
7300,23447,0.123724
7301,22386,0.050359
7301,22659,0.105875
7301,22764,0.058364
7301,25031,0.176529
7302,22387,0.380782
7303,22388,0.135035
7303,22797,0.186258
7303,25623,0.057804
7303,26270,0.161118
7304,22390,0.083959
7304,23512,0.277149
7305,16918,0.186695
7306,16773,0.332632
7307,22393,0.375964
7307,23923,0.17968
7308,22394,0.21366
7308,24833,0.246646
7308,21455,0.057806
7309,22395,0.289086
7310,16114,0.330153
7311,16649,0.072005
7312,22396,0.085284
7313,19083,0.091903
7313,17655,0.241074
7314,21048,0.141898
7314,26535,0.303001
7314,27490,0.101585
7315,22398,0.440318
7316,17169,0.635064
7317,16275,0.363946
7317,16173,0.072736
7318,22399,0.589463
7319,22402,0.155671
7319,23810,0.21698
7320,21365,0.387231
7321,17225,0.309066
7322,22403,0.194956
7323,21634,0.373119
7323,21448,0.0753
7324,22404,0.356896
7324,25813,0.080468
7324,25814,0.055847
7324,28440,0.143974
7325,16279,0.159909
7326,16619,0.362522
7327,17393,0.083861
7328,22405,0.124733
7328,25823,0.097189
7328,18417,0.103715
7329,21940,0.21353
7329,28223,0.063441
7330,19810,0.540352
7331,22408,0.107581
7331,24349,0.073557
7331,26572,0.088189
7332,22409,0.465241
7333,22410,0.096884
7333,27279,0.287837
7334,17490,0.780496
7335,16409,0.103702
7336,16827,0.247424
7336,22411,0.288235
7336,19926,0.174313
7337,16131,0.683021
7338,22412,0.657578
7339,22413,0.097643
7339,16407,0.282304
7340,22414,0.351168
7341,22415,0.230503
7341,23546,0.232208
7342,16279,0.062223
7343,22417,0.356643
7344,22418,0.204032
7344,24765,0.376927
7345,22419,0.204273
7345,25503,0.077999
7345,26959,0.060615
7346,20029,0.072352
7347,22424,0.577249
7348,16649,0.320546
7349,20192,0.306956
7349,25258,0.052198
7349,17382,0.091506
7350,16793,0.083221
7351,22425,0.643727
7352,22426,0.191274
7353,18655,0.099365
7354,16174,0.464953
7355,22431,0.231092
7356,16092,0.18098
7357,16927,0.166319
7358,16091,0.131263
7359,22436,0.184033
7359,16207,0.146644
7360,17137,0.162425
7360,23244,0.05606
7360,22816,0.193707
7361,22441,0.187216
7362,16183,0.271542
7363,22444,0.229948
7363,22442,0.194256
7364,22447,0.412016
7364,24076,0.057046
7364,24264,0.05219
7365,22448,0.098133
7365,24823,0.133812
7365,19331,0.102609
7366,22449,0.29612
7367,22450,0.080553
7367,27527,0.112297
7367,28200,0.080553
7367,28269,0.112256
7368,22452,0.178515
7369,18252,0.373659
7370,16920,0.130335
7370,20791,0.065719
7370,17624,0.265495
7371,22453,0.510309
7372,22454,0.59101
7373,22455,0.075893
7373,23676,0.077577
7373,21402,0.075742
7373,20662,0.075865
7374,16760,0.052474
7374,16955,0.108333
7375,16113,0.343716
7376,21285,0.11732
7376,17259,0.20045
7377,22458,0.314922
7377,27793,0.076233
7378,22460,0.24765
7378,23610,0.27221
7379,22464,0.374886
7380,22465,0.085415
7380,19459,0.376793
7380,29190,0.117336
7381,18417,0.303086
7382,16183,0.386963
7383,22470,0.113667
7383,20286,0.207927
7383,18549,0.187329
7384,17972,0.125781
7384,27061,0.099738
7384,28441,0.184553
7384,18045,0.132776
7385,20193,0.077675
7386,22473,0.121745
7386,22474,0.121162
7386,18526,0.225603
7386,28988,0.088416
7387,16207,0.32501
7387,28505,0.269734
7388,22476,0.336812
7389,16484,0.453995
7390,16567,0.424714
7391,16232,0.09522
7392,22477,0.27159
7392,17606,0.214969
7392,21725,0.091405
7392,28762,0.127343
7393,17306,0.223427
7393,16452,0.098517
7394,19810,0.493307
7394,16279,0.080219
7395,18050,0.509682
7396,22479,0.163428
7396,27842,0.287544
7397,22481,0.073807
7397,20322,0.212218
7397,17214,0.105773
7398,22482,0.270203
7398,23254,0.059255
7399,18392,0.473588
7399,24657,0.051083
7399,25440,0.091609
7399,29142,0.070851
7400,22488,0.108279
7400,25103,0.136773
7400,25248,0.073388
7400,26927,0.13374
7401,17765,0.430698
7401,18303,0.1397
7401,23346,0.114215
7402,20204,0.133686
7402,22639,0.061143
7402,24703,0.182311
7402,22350,0.085374
7403,22491,0.459571
7404,16657,0.165945
7404,26348,0.11872
7404,28401,0.136158
7404,22634,0.130708
7405,22494,0.330678
7406,19644,0.272545
7407,16279,0.3587
7408,22498,0.120253
7408,24390,0.406406
7409,17214,0.451386
7410,22501,0.117494
7410,17987,0.283992
7411,22503,0.270961
7412,22505,0.327479
7413,22506,0.486319
7414,17223,0.312382
7415,16279,0.198105
7416,16946,0.183709
7416,22762,0.149733
7416,25607,0.061842
7417,16477,0.136973
7417,22511,0.097505
7417,21765,0.100484
7417,24039,0.151635
7418,22513,0.337112
7418,22858,0.080335
7419,16174,0.241431
7419,16196,0.058635
7420,21223,0.488056
7420,24169,0.070578
7420,26044,0.060154
7421,18312,0.067394
7421,26969,0.078923
7421,27650,0.1422
7422,16666,0.420668
7422,16221,0.118031
7423,16068,0.227875
7424,22514,0.572602
7424,24719,0.115566
7425,17634,0.146444
7426,16290,0.234071
7427,16101,0.341042
7428,22515,0.786232
7429,22088,0.40004
7430,22517,0.12406
7430,22928,0.096678
7430,24136,0.151467
7431,21458,0.464771
7431,19347,0.433991
7432,22518,0.092459
7432,18262,0.051773
7432,28890,0.051784
7432,22057,0.092521
7433,22519,0.557521
7433,22442,0.098822
7434,16892,0.326492
7435,22521,0.398424
7436,16409,0.074968
7437,22522,0.187387
7437,19700,0.134188
7438,22392,0.203349
7438,18991,0.358094
7439,22523,0.863941
7440,22524,0.110715
7440,27859,0.243074
7441,22525,0.363048
7442,16104,0.0759
7443,16207,0.215032
7444,16414,0.20033
7444,16412,0.129742
7445,16354,0.261168
7446,16417,0.208343
7447,20111,0.307494
7448,16207,0.435328
7448,16414,0.27853
7449,16414,0.415679
7450,17439,0.61715
7451,16448,0.473957
7451,16179,0.360847
7452,16173,0.050135
7453,21871,0.335538
7454,22528,0.26665
7455,22529,0.287964
7455,24118,0.153289
7456,22530,0.309642
7457,16769,0.240677
7457,25839,0.242566
7458,16483,0.113547
7458,16054,0.16772
7458,23740,0.069104
7459,22534,0.462318
7460,17185,0.328831
7461,20556,0.091062
7461,16682,0.306358
7461,28042,0.065221
7462,22125,0.213391
7463,16414,0.083107
7464,22540,0.220116
7464,26938,0.083707
7464,27199,0.066502
7465,16468,0.489538
7465,17987,0.060634
7465,16800,0.07043
7466,22541,0.436096
7466,25258,0.13897
7467,22542,0.421381
7468,16195,0.061024
7469,16207,0.213222
7470,22544,0.088227
7470,16287,0.300788
7471,21175,0.478602
7472,22545,0.136451
7472,19306,0.080394
7472,24737,0.154429
7473,17846,0.332745
7474,22546,0.329062
7474,24636,0.083281
7474,27764,0.114222
7475,22547,0.201723
7475,21734,0.143928
7476,17724,0.124226
7476,23334,0.229157
7477,22548,0.067513
7477,27063,0.124903
7477,27144,0.163219
7477,27940,0.124921
7478,16119,0.066122
7479,16414,0.18034
7480,16756,0.145831
7481,16104,0.397304
7482,22551,0.157127
7482,23666,0.123386
7482,25586,0.083677
7482,27409,0.144697
7483,16197,0.211849
7484,19945,0.309914
7485,16567,0.221846
7485,16712,0.134154
7485,24570,0.134033
7486,22553,0.569203
7487,22554,0.097215
7487,19251,0.336348
7487,26492,0.08353
7488,17151,0.389743
7489,19530,0.570141
7490,22556,0.436202
7491,16079,0.093908
7492,16684,0.370802
7493,18717,0.306625
7494,22557,0.102564
7494,16547,0.213574
7495,20326,0.272379
7495,25570,0.379711
7496,22558,0.117429
7496,16865,0.264895
7497,22560,0.401572
7498,22561,0.233975
7498,27500,0.360952
7499,16557,0.118483
7500,16168,0.196455
7501,16183,0.114327
7502,22562,0.111083
7502,22655,0.090292
7502,17001,0.062785
7503,22563,0.208203
7504,22564,0.271552
7504,16818,0.151688
7504,29166,0.150959
7505,22565,0.340377
7505,17457,0.094478
7505,23671,0.094423
7505,26026,0.108966
7506,22566,0.171276
7506,20765,0.138
7506,18273,0.110815
7507,22567,0.136717
7507,24173,0.079185
7508,16276,0.129389
7509,16118,0.120142
7510,16052,0.154717
7511,22569,0.251576
7511,22570,0.465499
7512,16414,0.53411
7513,22571,0.204095
7514,18169,0.299791
7514,22573,0.137241
7514,20121,0.125396
7515,16118,0.38494
7516,22575,0.222195
7517,22578,0.389693
7517,24906,0.072102
7518,17526,0.23354
7518,24888,0.206297
7518,25349,0.260446
7519,18914,0.240792
7520,18021,0.27334
7520,18022,0.239577
7520,19458,0.107557
7521,22580,0.600856
7522,16100,0.693277
7523,22582,0.333068
7523,23259,0.333068
7524,22583,0.072828
7524,16567,0.059327
7525,21426,0.334617
7525,16750,0.190714
7525,21706,0.097123
7526,16208,0.319845
7527,22585,0.231027
7527,16493,0.293849
7527,17602,0.164244
7528,22586,0.223631
7528,23973,0.184682
7529,18361,0.123825
7529,24305,0.142799
7529,17019,0.067024
7530,20818,0.109808
7530,27443,0.067893
7531,16768,0.484692
7531,27195,0.06127
7532,19167,0.161527
7532,23324,0.076098
7532,16162,0.050571
7533,22589,0.252867
7533,22661,0.053122
7533,23355,0.217475
7533,26623,0.064857
7534,17200,0.122969
7534,22370,0.1215
7535,21172,0.127607
7535,27353,0.132041
7536,22595,0.052422
7536,23235,0.148066
7536,19938,0.308587
7536,22628,0.055001
7537,22596,0.196975
7537,28588,0.275546
7538,16184,0.328601
7539,18161,0.288702
7539,22597,0.057455
7539,17303,0.099195
7540,22599,0.140408
7540,18860,0.182629
7540,27831,0.056311
7541,16100,0.076184
7541,16104,0.063075
7542,16978,0.063952
7542,25743,0.051639
7542,20796,0.077905
7542,26597,0.083288
7542,27447,0.061518
7543,16830,0.249824
7544,22602,0.058465
7544,20553,0.081382
7545,22603,0.657677
7546,22605,0.114764
7546,23113,0.165449
7546,25308,0.273225
7547,22607,0.52143
7548,19424,0.39057
7548,17682,0.078901
7548,24705,0.071994
7549,18057,0.683806
7550,22608,0.095346
7550,26397,0.079602
7551,22609,0.180061
7551,26132,0.481776
7552,17780,0.225361
7553,16068,0.134136
7554,16756,0.247791
7555,16113,0.361367
7556,17298,0.187201
7556,27903,0.107654
7557,17640,0.162167
7557,22611,0.081649
7557,24292,0.105682
7557,21249,0.128757
7557,16157,0.082724
7558,22612,0.229746
7558,23300,0.193815
7558,25907,0.062065
7558,26743,0.073279
7559,17169,0.103048
7560,16547,0.273701
7561,22613,0.536952
7562,22614,0.417009
7563,16197,0.19035
7564,16995,0.215156
7564,17862,0.222738
7564,27123,0.0683
7565,18247,0.26759
7565,16330,0.235402
7565,17918,0.33583
7566,20261,0.064589
7566,17339,0.053636
7567,22616,0.07804
7567,23117,0.285156
7567,24504,0.129782
7568,22617,0.09457
7568,24084,0.393573
7568,27721,0.09457
7569,22618,0.385481
7570,22620,0.126855
7570,18610,0.084711
7570,29085,0.058081
7571,22622,0.264848
7571,24762,0.08609
7572,17491,0.310563
7573,19565,0.308316
7573,16348,0.187571
7573,26204,0.070408
7574,22623,0.25938
7575,16208,0.362247
7576,22625,0.308569
7576,23065,0.05274
7576,23876,0.079641
7576,26286,0.132434
7577,18007,0.663766
7578,16079,0.120542
7579,22627,0.23457
7579,23186,0.051375
7579,23606,0.165946
7579,26801,0.065183
7580,22628,0.118363
7581,17727,0.588898
7582,16091,0.242765
7583,17493,0.177563
7584,20989,0.574314
7585,16328,0.131514
7585,18430,0.191743
7585,22629,0.171065
7585,24044,0.082542
7585,27700,0.058091
7586,16091,0.298126
7587,16276,0.360141
7588,20463,0.339165
7589,16279,0.318571
7590,17225,0.082976
7591,22509,0.498059
7592,21455,0.342498
7593,22633,0.42163
7593,16468,0.423963
7594,22635,0.368597
7595,22636,0.128067
7595,19441,0.072841
7595,18434,0.087101
7595,20195,0.265405
7596,16354,0.394334
7596,23557,0.07438
7597,16124,0.171296
7597,19404,0.056675
7598,20111,0.359662
7599,16339,0.137811
7600,16157,0.088513
7600,19021,0.139181
7600,24463,0.082956
7601,22640,0.242981
7601,27422,0.131317
7601,27791,0.094198
7602,22641,0.291507
7602,21257,0.142737
7603,22643,0.379407
7604,21331,0.385376
7605,22645,0.147031
7606,16545,0.299363
7607,16182,0.42328
7608,22647,0.432722
7609,22649,0.313239
7610,16768,0.201487
7611,22651,0.054464
7611,23197,0.072527
7611,18332,0.10125
7612,22652,0.238382
7612,22653,0.279699
7612,17621,0.131129
7613,20632,0.723636
7614,16270,0.203663
7614,16612,0.07963
7614,16649,0.050213
7615,22657,0.232471
7615,27076,0.283782
7616,16558,0.170997
7617,22658,0.14447
7618,16639,0.064385
7618,16375,0.140448
7619,20019,0.244683
7619,17494,0.361935
7619,28543,0.107447
7620,17757,0.097767
7620,17647,0.162989
7621,22660,0.11043
7621,22967,0.140261
7621,26161,0.078759
7621,22047,0.141608
7622,17360,0.128919
7622,17198,0.154899
7622,22180,0.110913
7623,16567,0.441659
7624,16095,0.685723
7625,19608,0.050547
7625,19877,0.078781
7625,19837,0.073125
7626,22664,0.358051
7626,28014,0.095069
7627,16279,0.061402
7628,16682,0.347476
7629,17475,0.265224
7630,22668,0.351776
7630,24959,0.161938
7631,16052,0.148551
7632,22671,0.071384
7633,16113,0.067711
7634,16175,0.295416
7635,17449,0.266692
7636,17169,0.311764
7636,16068,0.236558
7637,18915,0.325827
7637,17305,0.07521
7637,23832,0.054021
7638,17585,0.286264
7639,22087,0.510355
7640,17493,0.283155
7641,16567,0.235518
7642,16561,0.235598
7643,16342,0.319206
7644,22675,0.652
7645,22676,0.144075
7645,25442,0.062141
7646,19636,0.055832
7647,22677,0.29048
7648,22678,0.436538
7649,16081,0.31342
7650,17560,0.403879
7650,18258,0.133378
7651,16342,0.283334
7652,19480,0.279968
7652,25771,0.127313
7653,22679,0.271672
7653,23842,0.05373
7653,28446,0.053717
7654,22680,0.221131
7654,24564,0.063606
7654,27576,0.063949
7655,17449,0.369313
7656,16104,0.202529
7656,16113,0.197121
7657,16112,0.388749
7657,16113,0.360898
7658,22683,0.100851
7658,27697,0.098881
7659,22685,0.161057
7659,26582,0.077881
7659,19227,0.109458
7660,22686,0.115738
7660,22953,0.133749
7661,19275,0.387185
7661,23962,0.10106
7661,26634,0.100892
7662,16235,0.296345
7662,17606,0.242053
7662,24884,0.095815
7663,22691,0.16656
7663,28451,0.129273
7664,16101,0.251825
7665,22693,0.162571
7665,26153,0.098417
7665,27774,0.055018
7666,17231,0.465222
7666,16399,0.418092
7667,22695,0.661173
7668,19167,0.178617
7668,23324,0.124621
7668,16368,0.094438
7668,16336,0.084255
7669,22696,0.112359
7669,26028,0.057989
7669,18177,0.267435
7670,17883,0.217325
7670,22837,0.107739
7671,21812,0.265731
7672,17184,0.129626
7672,23696,0.152915
7673,17533,0.50797
7674,17183,0.285538
7674,25393,0.120847
7675,16174,0.717425
7676,22705,0.541145
7677,22707,0.447334
7677,26043,0.062209
7677,29217,0.111528
7678,22708,0.336364
7679,17371,0.058597
7679,27683,0.070653
7680,16113,0.177789
7681,16091,0.194386
7682,16573,0.14317
7683,22710,0.101834
7683,22711,0.188113
7684,17883,0.101427
7684,17400,0.06327
7684,16084,0.198269
7684,18567,0.057722
7685,22712,0.051846
7685,24584,0.082776
7685,25096,0.095038
7685,22902,0.072412
7685,26048,0.138152
7685,26392,0.052271
7686,22713,0.200538
7687,16118,0.152709
7688,17092,0.413028
7689,22714,0.595396
7690,22716,0.1384
7691,19155,0.07017
7691,18332,0.139513
7691,28159,0.070148
7691,28653,0.053019
7692,16054,0.088547
7693,22718,0.282926
7694,16756,0.112284
7694,16068,0.061039
7695,22720,0.386376
7696,22721,0.108995
7696,23185,0.132059
7697,16195,0.766923
7698,22723,0.466164
7699,21207,0.138073
7699,23659,0.457664
7699,17367,0.087864
7700,22725,0.731578
7701,16132,0.381438
7702,22726,0.376642
7702,25295,0.166818
7702,17906,0.104436
7703,18575,0.436737
7703,17561,0.249275
7704,22729,0.217521
7704,26935,0.064597
7704,21867,0.100436
7704,28538,0.104296
7705,16068,0.301999
7706,21326,0.145035
7707,16409,0.302386
7708,22730,0.706892
7709,22734,0.367677
7710,22735,0.219538
7710,23469,0.092037
7710,24193,0.137134
7710,27424,0.05318
7711,20894,0.114275
7712,22739,0.433262
7713,22740,0.57137
7714,22258,0.152582
7714,24126,0.110363
7714,25015,0.147563
7715,18482,0.325862
7716,18725,0.07322
7716,25439,0.055226
7716,27937,0.055125
7717,22743,0.20162
7717,24312,0.116687
7717,25121,0.054128
7718,16207,0.409269
7719,22748,0.429319
7720,16414,0.235784
7721,16274,0.462593
7722,19101,0.107294
7722,21406,0.199872
7722,28141,0.108134
7723,17554,0.474124
7723,16847,0.180513
7724,22751,0.0769
7724,23228,0.186016
7724,25136,0.060956
7724,17825,0.11236
7725,22752,0.2285
7725,23815,0.298558
7726,19408,0.381709
7727,22757,0.050882
7727,19304,0.05586
7727,22892,0.050743
7727,25091,0.216863
7728,22760,0.083431
7728,23585,0.446242
7729,22761,0.622193
7730,16112,0.050525
7731,16275,0.353285
7732,16925,0.408289
7733,16270,0.378026
7734,16197,0.122526
7735,22466,0.457432
7736,16412,0.311904
7737,22765,0.402148
7738,16342,0.417752
7739,16173,0.120048
7739,16175,0.157672
7740,22766,0.143816
7740,26086,0.314082
7741,22375,0.107453
7741,23445,0.10888
7742,22767,0.657318
7743,18238,0.307817
7743,22800,0.097174
7744,20184,0.209813
7745,19106,0.31456
7745,16733,0.097015
7746,22773,0.112243
7746,28730,0.065608
7747,16782,0.399955
7747,17463,0.211517
7748,22775,0.054423
7748,22794,0.17504
7748,22795,0.22636
7748,23172,0.05883
7749,17851,0.270444
7749,17745,0.093492
7750,17560,0.311745
7750,19467,0.110412
7750,19332,0.058495
7751,17561,0.128492
7751,24307,0.168665
7751,21075,0.107846
7752,22778,0.056816
7752,25585,0.091099
7752,25788,0.07769
7752,23666,0.178612
7753,21946,0.218675
7753,24868,0.124693
7754,19403,0.445459
7754,17677,0.445459
7755,17119,0.120986
7755,21578,0.280865
7755,21639,0.122556
7755,26658,0.087089
7756,18872,0.698259
7757,20043,0.275866
7757,18678,0.292793
7758,16215,0.193957
7759,17262,0.206677
7760,16068,0.226362
7760,16546,0.339928
7761,16052,0.20049
7762,22783,0.090842
7762,20302,0.070175
7762,24900,0.129983
7762,22085,0.065597
7762,28779,0.050787
7763,22785,0.137565
7764,22786,0.334112
7764,17734,0.137223
7765,18951,0.228857
7765,18330,0.192744
7765,17546,0.20261
7765,24194,0.068298
7765,19707,0.074609
7766,22788,0.089778
7766,24907,0.065858
7766,24449,0.141878
7767,22789,0.550573
7768,16210,0.059222
7769,19326,0.095557
7770,17493,0.360656
7771,22790,0.624745
7772,16103,0.080407
7773,16760,0.299201
7774,22791,0.189431
7774,22792,0.196914
7775,16573,0.181747
7776,21648,0.622632
7777,22793,0.392525
7777,26119,0.11895
7778,16207,0.287748
7779,17655,0.122486
7780,16183,0.280161
7780,19090,0.057015
7780,27682,0.054519
7781,19388,0.386781
7781,22840,0.079465
7782,18686,0.089282
7782,18327,0.07283
7783,16052,0.079029
7783,17169,0.060581
7784,22798,0.261966
7785,21696,0.140774
7785,18829,0.071928
7786,17875,0.300674
7787,22803,0.402165
7788,22804,0.051867
7788,18207,0.095423
7788,16039,0.181954
7788,26181,0.09172
7789,16695,0.216239
7789,24318,0.07618
7789,18238,0.124262
7790,22806,0.60172
7791,22807,0.209329
7791,27423,0.080003
7791,27951,0.09584
7792,20797,0.108146
7792,18966,0.112023
7792,19828,0.101079
7793,22809,0.162813
7793,24191,0.069535
7793,28877,0.091878
7794,20752,0.394957
7795,22810,0.476464
7795,28394,0.074219
7795,28795,0.072739
7796,21209,0.174141
7796,21737,0.336132
7797,16381,0.341168
7798,16113,0.214428
7799,16279,0.200873
7800,17688,0.259907
7801,22811,0.656092
7802,16679,0.076891
7803,16079,0.135819
7804,21093,0.109689
7805,16656,0.356426
7806,22814,0.548377
7806,28419,0.122799
7807,16113,0.07593
7808,16911,0.307451
7808,21066,0.191565
7809,22817,0.521802
7810,16830,0.354871
7811,19183,0.495475
7811,16528,0.13046
7812,16068,0.074121
7813,20622,0.308606
7813,22992,0.055794
7813,20012,0.113919
7813,28222,0.099893
7814,18829,0.337966
7814,25598,0.124369
7814,27785,0.0701
7815,16649,0.264678
7816,22821,0.328237
7816,22850,0.079881
7816,25485,0.119695
7817,22823,0.62249
7818,22827,0.099574
7818,26138,0.107361
7818,26955,0.068487
7819,22828,0.114396
7820,17477,0.320306
7821,18032,0.598329
7822,16573,0.149772
7823,17553,0.35047
7824,22832,0.301574
7824,16969,0.109886
7825,18405,0.115203
7825,21367,0.16389
7825,25703,0.092349
7826,22834,0.052034
7827,16118,0.123853
7827,20463,0.076484
7828,16276,0.374681
7829,16887,0.416621
7830,16887,0.282256
7831,17540,0.140209
7831,16852,0.051079
7831,23775,0.179152
7831,17078,0.054358
7831,19641,0.076174
7832,16102,0.340977
7833,19131,0.490045
7834,22838,0.27521
7835,17593,0.336933
7836,16913,0.294973
7837,22841,0.063619
7837,24966,0.089244
7837,25208,0.072073
7837,21025,0.138571
7837,26610,0.070315
7838,22842,0.304462
7839,22843,0.17778
7839,23841,0.131614
7840,16742,0.236805
7841,17614,0.087971
7841,22936,0.158589
7841,17581,0.191889
7841,28898,0.158051
7842,16559,0.261278
7843,18182,0.129914
7843,20414,0.32975
7843,16327,0.086795
7844,22844,0.259993
7844,23339,0.233706
7845,21189,0.113107
7845,17884,0.074058
7845,18721,0.072625
7845,21219,0.05461
7846,18409,0.234151
7846,20899,0.051007
7846,18063,0.059355
7847,17382,0.075521
7847,16476,0.473029
7848,19810,0.64765
7849,16053,0.26078
7849,16280,0.257767
7849,25151,0.054188
7849,26640,0.069186
7850,22845,0.647891
7851,18689,0.120383
7851,20121,0.313461
7851,23094,0.200164
7852,22846,0.087453
7852,24228,0.182556
7852,26982,0.087499
7853,22847,0.184872
7854,22848,0.110758
7854,28471,0.079327
7855,17825,0.16834
7856,22851,0.143192
7856,22852,0.167381
7856,26604,0.05617
7856,17498,0.16768
7856,16386,0.092169
7856,26605,0.094714
7856,26606,0.106393
7857,20200,0.529042
7857,24624,0.094864
7858,19522,0.057896
7858,17885,0.125558
7858,26441,0.093927
7858,18601,0.138788
7859,16408,0.065369
7859,26028,0.058947
7860,19233,0.125137
7860,23255,0.148074
7861,16174,0.395138
7862,16322,0.238363
7862,17743,0.067905
7863,19623,0.335327
7864,16118,0.077594
7865,22859,0.339107
7866,22860,0.348673
7867,16114,0.265444
7868,16274,0.518794
7869,16565,0.822129
7870,22861,0.346044
7870,22897,0.181534
7870,28557,0.096315
7871,19186,0.118677
7871,24958,0.149988
7872,22863,0.124587
7872,25450,0.089369
7872,26110,0.159382
7872,26160,0.124587
7873,20410,0.541555
7874,22864,0.154027
7874,23634,0.125565
7874,24412,0.087325
7874,28059,0.104355
7875,22865,0.239515
7876,16635,0.259077
7876,17745,0.125574
7876,16639,0.306944
7877,16414,0.143512
7878,22869,0.382623
7879,22871,0.535995
7880,22872,0.353656
7881,16612,0.260821
7882,19266,0.416143
7883,22876,0.433433
7883,17707,0.309834
7884,16119,0.178978
7885,16119,0.759422
7886,16782,0.442197
7887,16118,0.505587
7888,22879,0.638778
7889,22881,0.060581
7890,18523,0.112104
7890,22882,0.077754
7890,21848,0.110833
7890,24767,0.098568
7890,28135,0.20586
7891,16944,0.313414
7891,18742,0.058138
7891,19417,0.157019
7891,26966,0.090914
7892,16483,0.092123
7893,22884,0.393169
7893,28931,0.13215
7894,16545,0.515933
7895,16160,0.274186
7896,16562,0.156359
7897,16279,0.109973
7898,19505,0.342443
7898,23770,0.105393
7898,26527,0.075408
7899,22885,0.238996
7899,25139,0.071988
7900,16079,0.162954
7900,16183,0.167985
7901,22886,0.675117
7902,22887,0.158036
7903,22889,0.200404
7903,22890,0.221971
7904,22892,0.179064
7904,18644,0.128352
7905,16114,0.29262
7906,22894,0.06085
7906,24725,0.091958
7907,22895,0.16905
7908,18064,0.069876
7908,18517,0.053926
7908,25098,0.135177
7909,16182,0.305376
7910,16632,0.266956
7910,23239,0.058166
7910,18698,0.122548
7910,25156,0.058144
7911,22805,0.075807
7911,18443,0.20811
7911,26072,0.076103
7912,16114,0.278162
7913,16274,0.362863
7914,16131,0.195005
7914,16173,0.066529
7915,21618,0.125948
7915,18046,0.176423
7916,22133,0.197314
7916,21796,0.129436
7916,24943,0.109037
7917,18408,0.226904
7917,24269,0.189714
7917,24913,0.084112
7917,25575,0.068841
7918,19067,0.442542
7919,19106,0.12082
7919,23183,0.060191
7920,22901,0.364244
7921,20494,0.099338
7921,24355,0.119755
7921,24887,0.112955
7922,17602,0.304048
7922,16968,0.252847
7922,19684,0.079249
7923,22903,0.459509
7924,22905,0.220059
7925,18199,0.127969
7925,22906,0.22628
7925,26643,0.085589
7925,28938,0.087976
7926,22907,0.601714
7927,22908,0.333494
7928,22910,0.353483
7928,16813,0.228009
7929,16093,0.262186
7930,22912,0.157569
7930,25541,0.067627
7930,18986,0.115539
7930,28650,0.052965
7931,21192,0.200508
7932,22913,0.716178
7933,22920,0.066709
7933,23204,0.117467
7933,18693,0.248951
7934,22921,0.396781
7935,22922,0.175529
7935,22533,0.471107
7935,18258,0.180266
7936,22923,0.351281
7937,16887,0.081637
7938,22924,0.31129
7939,16619,0.060047
7939,16175,0.083863
7940,20086,0.203065
7941,16342,0.356878
7942,22926,0.892946
7943,16265,0.288174
7943,26550,0.054492
7943,16323,0.054142
7944,22931,0.06143
7944,19456,0.056083
7945,22934,0.096729
7945,24609,0.090961
7945,17921,0.07414
7945,20456,0.087185
7946,16131,0.403343
7947,16354,0.335548
7948,16567,0.218474
7949,16974,0.235786
7949,23661,0.305862
7949,16332,0.075104
7949,16827,0.064246
7950,20383,0.066425
7951,16275,0.290771
7952,16210,0.552773
7953,22042,0.096472
7953,18408,0.182766
7953,24633,0.126866
7953,29271,0.098869
7953,29272,0.070154
7954,22938,0.415834
7955,18057,0.434206
7956,22939,0.06821
7957,16108,0.459742
7958,16277,0.213175
7959,16184,0.403397
7960,22940,0.249969
7961,22941,0.507949
7962,21308,0.175129
7962,21057,0.067411
7962,27012,0.066104
7962,16651,0.05219
7963,22942,0.385198
7963,27161,0.08452
7964,22943,0.229005
7965,22946,0.361216
7965,25997,0.135095
7966,19705,0.135518
7966,26587,0.084265
7966,17429,0.093904
7966,28986,0.084265
7967,17797,0.283439
7967,17939,0.180301
7967,16676,0.107225
7968,22947,0.473644
7968,25654,0.08281
7969,16472,0.392703
7969,17618,0.152526
7970,16174,0.196825
7971,17655,0.101578
7972,16619,0.409471
7973,16417,0.089937
7974,22950,0.502103
7975,22951,0.109058
7975,25304,0.426239
7975,26803,0.193747
7976,16415,0.089687
7977,22954,0.184848
7978,18338,0.155276
7979,22956,0.151568
7979,25076,0.454251
7979,25718,0.103833
7980,22960,0.231411
7981,16567,0.318052
7982,22961,0.212718
7982,28678,0.212036
7983,21911,0.539108
7984,20196,0.573261
7985,18477,0.398246
7986,22231,0.237385
7987,22963,0.290727
7987,27341,0.140719
7988,22964,0.057045
7988,18997,0.064432
7988,27548,0.051363
7989,17295,0.474061
7989,16843,0.095299
7989,28304,0.058903
7990,16079,0.486057
7991,22965,0.344835
7992,20178,0.33207
7992,18640,0.118751
7992,23337,0.120039
7992,17586,0.092924
7993,22968,0.433451
7993,24631,0.099389
7993,28828,0.055637
7994,22969,0.47674
7995,16342,0.430809
7996,22970,0.357014
7997,22971,0.220006
7998,16093,0.054167
7999,22972,0.270425
7999,21403,0.068586
7999,25192,0.070521
7999,25708,0.050609
8000,22974,0.272074
8001,22975,0.102962
8001,23156,0.336149
8002,16174,0.18468
8003,22977,0.098491
8003,25552,0.126435
8004,16279,0.276606
8005,22979,0.385981
8006,22980,0.395906
8006,24262,0.205017
8006,28835,0.068915
8007,16636,0.155501
8007,19430,0.20442
8007,24133,0.201431
8007,24498,0.060457
8007,26295,0.063701
8007,26383,0.081865
8008,18037,0.680648
8009,22981,0.242809
8010,16118,0.227989
8011,22982,0.141263
8011,21739,0.143888
8011,28765,0.110943
8011,20293,0.138691
8012,22987,0.758276
8013,16414,0.437289
8014,16451,0.407687
8014,17231,0.270642
8015,22728,0.101429
8015,16320,0.109626
8016,16685,0.163011
8016,21064,0.065157
8017,22989,0.130025
8018,22995,0.542105
8019,21400,0.509519
8020,19631,0.169148
8020,17039,0.3411
8021,16174,0.18589
8022,17570,0.182886
8022,27550,0.105543
8023,17274,0.324273
8024,16101,0.144492
8025,16417,0.333074
8026,22998,0.14255
8026,24299,0.12173
8026,25807,0.062784
8026,28235,0.077654
8027,22999,0.145177
8027,19845,0.119056
8027,19043,0.06988
8027,26725,0.144312
8028,16197,0.569758
8029,23001,0.475323
8030,23002,0.161261
8031,23003,0.508816
8032,16207,0.417714
8033,23004,0.34883
8034,16320,0.053555
8034,17830,0.11068
8034,25222,0.064244
8034,19390,0.162115
8034,28487,0.085076
8035,16545,0.222856
8036,23009,0.13253
8037,16119,0.154834
8037,26988,0.244661
8038,23010,0.0768
8038,23891,0.185441
8038,25865,0.055091
8038,26839,0.076791
8038,27481,0.142106
8039,23011,0.143912
8039,23819,0.158353
8039,24711,0.232494
8039,25785,0.084027
8040,16685,0.096184
8040,16787,0.139723
8040,25963,0.116998
8040,27390,0.064691
8041,23013,0.153413
8041,23014,0.390808
8042,16957,0.259082
8042,16462,0.299156
8042,16637,0.184389
8043,23016,0.443059
8044,17969,0.144264
8044,18104,0.272944
8044,16129,0.200795
8044,19017,0.095461
8044,25389,0.054481
8045,23017,0.082941
8045,24222,0.113491
8046,23019,0.394295
8047,23021,0.164924
8047,27826,0.076895
8047,16856,0.076921
8048,16175,0.310106
8048,16173,0.30328
8049,16175,0.250039
8050,18686,0.402756
8051,16118,0.078367
8052,22396,0.075426
8053,16619,0.15524
8054,23025,0.406175
8055,16784,0.36865
8056,19306,0.568157
8057,17390,0.222126
8058,16679,0.204011
8059,16068,0.256725
8060,23028,0.197814
8060,23029,0.132953
8060,25957,0.132952
8061,23030,0.324964
8062,16052,0.53902
8063,23032,0.085538
8063,16565,0.057489
8063,25741,0.061566
8063,25078,0.061526
8063,21872,0.107483
8064,16112,0.178791
8064,16068,0.137617
8065,23033,0.165231
8066,16068,0.209247
8067,18689,0.196516
8067,23034,0.16558
8067,18462,0.098256
8068,23035,0.268617
8068,18555,0.082752
8068,16250,0.087758
8069,16274,0.613734
8070,23037,0.174343
8070,17620,0.057784
8070,27536,0.08158
8070,28019,0.081671
8070,28668,0.058654
8070,19035,0.057336
8071,16118,0.274987
8072,16275,0.153407
8072,28162,0.051801
8073,22354,0.138348
8073,19531,0.116756
8074,23039,0.223012
8074,25500,0.159967
8074,26854,0.159971
8075,23040,0.46192
8075,26975,0.155289
8076,18712,0.637901
8077,16573,0.177995
8078,17409,0.311134
8078,16488,0.347399
8079,16383,0.179356
8079,17409,0.359817
8079,19786,0.06956
8080,16798,0.095644
8080,17695,0.065211
8081,23044,0.172026
8081,18914,0.093127
8082,16270,0.217397
8083,23045,0.267793
8084,16407,0.326632
8085,23046,0.140521
8085,23779,0.089693
8085,24937,0.08969
8085,25445,0.064339
8085,25816,0.21685
8085,28329,0.064339
8086,20121,0.498825
8086,17283,0.07715
8087,16173,0.122074
8088,16545,0.162817
8089,17225,0.381935
8090,23048,0.099356
8090,24510,0.085851
8091,19502,0.107259
8091,19129,0.068567
8091,29075,0.081258
8092,16262,0.437115
8092,18045,0.389771
8093,16587,0.521372
8094,23049,0.056091
8095,23050,0.444921
8096,23051,0.18056
8096,23052,0.080204
8096,24061,0.067302
8096,27350,0.107634
8097,17553,0.215678
8097,28935,0.070949
8098,23054,0.179834
8098,23056,0.053059
8098,25251,0.095225
8098,20797,0.178776
8099,20060,0.436617
8100,21010,0.161489
8101,23058,0.272545
8102,16279,0.209836
8103,16567,0.156206
8104,23061,0.337058
8105,16558,0.065956
8105,17800,0.157133
8106,16279,0.168153
8106,16093,0.076113
8107,16118,0.269869
8108,16270,0.396973
8109,23062,0.380099
8109,23255,0.134418
8110,19553,0.37503
8111,23063,0.107494
8111,26290,0.066656
8112,23064,0.181177
8112,25165,0.283861
8113,23067,0.190367
8113,24106,0.191739
8114,23070,0.365862
8115,23073,0.139242
8115,25114,0.065337
8116,16961,0.254904
8116,17541,0.162006
8117,19174,0.317763
8117,16766,0.061354
8118,17969,0.443602
8119,16119,0.296458
8120,16197,0.559163
8121,23075,0.083169
8121,24558,0.247427
8121,25282,0.313232
8122,22287,0.494198
8122,18432,0.099206
8123,16197,0.283331
8124,16829,0.112733
8124,18872,0.16045
8124,16154,0.066652
8124,19118,0.07748
8125,16417,0.167742
8126,21076,0.056941
8126,23079,0.192454
8126,18991,0.124284
8127,19929,0.176356
8127,23080,0.314305
8127,21765,0.125636
8128,18558,0.14761
8128,17239,0.147404
8129,23082,0.236807
8130,19241,0.312263
8131,20086,0.414624
8131,23084,0.064819
8131,23746,0.185682
8132,23086,0.527571
8133,23087,0.253937
8133,26035,0.175953
8134,23088,0.12944
8135,16303,0.326257
8135,20063,0.147021
8136,18617,0.5384
8137,16113,0.336748
8138,23093,0.821963
8139,23094,0.587435
8140,23096,0.4955
8141,23099,0.263479
8141,25145,0.158454
8142,23100,0.803733
8143,23101,0.088351
8144,17554,0.069686
8145,18523,0.429673
8145,25513,0.050932
8146,23103,0.207939
8147,16354,0.329118
8148,16568,0.349906
8149,16370,0.165382
8149,19654,0.190447
8149,27717,0.069182
8150,23105,0.098044
8150,23192,0.333901
8150,26807,0.119539
8151,17640,0.122963
8151,16162,0.097888
8152,23107,0.538733
8153,18774,0.086842
8153,21478,0.130173
8153,26061,0.185743
8154,23108,0.452758
8154,24924,0.144475
8155,23109,0.585306
8156,16649,0.104623
8157,22045,0.404867
8158,23110,0.342183
8158,23111,0.242368
8159,23112,0.190981
8159,24642,0.082515
8159,23616,0.074303
8159,22575,0.068091
8160,20846,0.188097
8160,17497,0.07561
8160,25991,0.102985
8161,23115,0.218179
8161,20046,0.383162
8162,23116,0.258131
8163,19523,0.166595
8164,19388,0.178382
8164,16093,0.15454
8165,23119,0.223304
8166,17983,0.163582
8167,23121,0.347254
8167,24608,0.221653
8168,20375,0.232904
8168,20203,0.141549
8169,16722,0.153633
8170,16182,0.143301
8171,16208,0.058336
8172,16175,0.294063
8173,23123,0.283802
8174,23124,0.554331
8175,20062,0.183289
8176,18057,0.436205
8177,16173,0.234868
8178,16275,0.24658
8179,23126,0.481672
8180,23127,0.055903
8180,20341,0.099719
8180,28553,0.055934
8181,16823,0.094635
8181,25346,0.20677
8182,23130,0.538699
8183,23131,0.101809
8183,24040,0.182109
8183,26446,0.262596
8184,23132,0.055074
8184,19607,0.085567
8184,23134,0.124494
8185,23133,0.211972
8185,23134,0.301218
8186,23135,0.167014
8187,23136,0.611105
8188,23137,0.465291
8189,21770,0.37294
8189,25852,0.209385
8190,23139,0.065456
8190,23845,0.067969
8190,25219,0.088824
8191,23140,0.239266
8192,23142,0.413315
8192,23258,0.126586
8193,23143,0.552293
8194,23144,0.469821
8195,23145,0.455878
8196,23146,0.079349
8196,23648,0.054032
8197,16210,0.112857
8198,16119,0.384298
8199,17364,0.240843
8199,19100,0.100138
8200,23148,0.171187
8200,21686,0.069173
8201,23149,0.079363
8201,26241,0.10934
8201,26439,0.173333
8202,23151,0.200072
8202,27239,0.200072
8203,21400,0.701114
8204,23153,0.462235
8205,20546,0.079389
8205,17486,0.18651
8205,18409,0.068778
8206,16207,0.193837
8206,28998,0.142662
8207,17634,0.065675
8208,23157,0.053596
8208,17383,0.07604
8208,17204,0.111228
8209,23159,0.149124
8209,27746,0.143641
8209,16287,0.061666
8210,16294,0.30466
8211,23161,0.133558
8211,25857,0.289952
8211,18207,0.140058
8212,19388,0.281051
8213,23163,0.069942
8213,17884,0.096415
8213,25089,0.053008
8213,18200,0.057521
8213,26722,0.090741
8214,19160,0.061135
8214,23335,0.275059
8214,23336,0.074222
8215,18391,0.339205
8215,17089,0.197725
8216,23165,0.093736
8216,25794,0.118172
8216,26394,0.069631
8216,28679,0.059233
8217,20517,0.423292
8218,19932,0.081493
8219,23169,0.494915
8220,17326,0.224823
8221,22684,0.374415
8222,23171,0.173798
8222,22860,0.231571
8222,26676,0.154957
8223,16118,0.36049
8224,16414,0.371043
8225,16414,0.233671
8226,17420,0.277554
8227,16322,0.104342
8227,21065,0.257901
8227,28652,0.085746
8228,23174,0.08364
8228,23914,0.108441
8228,22927,0.096504
8228,27056,0.053437
8229,23176,0.329645
8230,17473,0.256097
8230,16861,0.054978
8231,18126,0.083753
8231,20253,0.050133
8232,23177,0.400882
8233,21275,0.174856
8233,17055,0.132825
8234,16114,0.435972
8235,17573,0.163112
8236,16567,0.453898
8237,16195,0.186318
8238,22279,0.086397
8238,26306,0.087324
8239,17269,0.53865
8240,16103,0.050184
8241,23184,0.559861
8242,16277,0.183298
8243,16101,0.071931
8244,17521,0.119126
8244,21264,0.075031
8244,17531,0.122532
8244,25430,0.054959
8245,23187,0.327391
8246,16091,0.301218
8247,17430,0.539971
8248,23191,0.166605
8248,23591,0.166437
8249,23193,0.388341
8250,23195,0.095929
8250,28024,0.074756
8250,25165,0.095902
8250,28300,0.053624
8251,16091,0.134557
8251,20062,0.099986
8252,16102,0.154681
8253,18631,0.082489
8253,19337,0.077517
8254,18145,0.673324
8255,16354,0.173656
8256,23201,0.446541
8257,23205,0.081797
8258,16101,0.18333
8259,16412,0.345366
8260,17439,0.304626
8261,17875,0.189808
8262,20469,0.374268
8262,28091,0.123805
8263,17119,0.480959
8264,23208,0.688797
8265,23209,0.175312
8265,22392,0.147819
8266,22085,0.482766
8267,16197,0.274743
8268,23211,0.329674
8269,16160,0.137418
8270,16131,0.504658
8271,19594,0.286138
8271,23347,0.100408
8272,23214,0.167196
8272,17524,0.128577
8272,25700,0.061558
8273,23215,0.345142
8274,17195,0.072949
8274,17942,0.066179
8275,16279,0.088729
8275,21566,0.066204
8276,23217,0.267149
8276,26689,0.147049
8277,18613,0.152095
8278,23218,0.110582
8279,16560,0.257437
8280,18337,0.158943
8280,19178,0.171363
8281,16412,0.517721
8282,16207,0.109529
8283,17528,0.54966
8284,23221,0.139111
8284,26767,0.193949
8285,23222,0.051399
8285,23338,0.077274
8285,24000,0.209576
8285,24667,0.102078
8286,23227,0.076221
8286,21740,0.076585
8286,27400,0.098061
8286,28584,0.077244
8286,22623,0.05546
8287,17825,0.24697
8288,16342,0.35013
8289,23229,0.123021
8289,19598,0.192642
8290,23230,0.527703
8291,23231,0.118214
8291,25398,0.353639
8291,27726,0.118174
8292,23232,0.656034
8293,19717,0.105455
8293,17269,0.282654
8294,16342,0.356002
8295,16409,0.236951
8296,23233,0.190754
8296,23257,0.089558
8296,24399,0.114605
8296,25734,0.064236
8297,20111,0.113046
8298,23237,0.235249
8298,20494,0.302604
8299,23240,0.570399
8300,16938,0.150149
8300,19780,0.172774
8301,22128,0.336475
8301,22139,0.105931
8302,23243,0.108568
8302,24048,0.108379
8303,16174,0.307094
8304,23246,0.129424
8305,23247,0.405308
8306,16100,0.051418
8307,23249,0.415441
8307,24070,0.166668
8308,16290,0.188437
8309,23250,0.052126
8310,16262,0.363586
8310,23797,0.140798
8311,16207,0.276543
8312,16207,0.221835
8313,23251,0.695201
8314,16684,0.267871
8314,22656,0.348541
8315,20632,0.321409
8315,26224,0.171409
8315,29161,0.079431
8315,21045,0.110467
8316,23253,0.805212
8317,23254,0.249721
8317,19179,0.159693
8318,16079,0.063444
8319,18849,0.404806
8319,16874,0.432369
8320,16573,0.091614
8321,22467,0.131368
8321,17747,0.232401
8321,19490,0.135844
8321,16145,0.07213
8322,20780,0.130197
8323,16215,0.405669
8324,17123,0.07606
8324,16634,0.064557
8324,17699,0.070456
8325,23260,0.107077
8325,23451,0.066365
8325,24400,0.107077
8325,25237,0.056192
8326,22748,0.20836
8327,16119,0.721483
8328,16409,0.241941
8329,22102,0.307417
8330,16340,0.165608
8331,23262,0.197707
8331,23576,0.14272
8331,24552,0.081828
8331,24869,0.081828
8331,28895,0.058697
8332,17120,0.699829
8333,23267,0.071353
8333,17106,0.157038
8333,26401,0.070821
8333,27647,0.099204
8334,17225,0.110552
8335,16092,0.200875
8335,16561,0.138368
8336,23270,0.249604
8337,21155,0.11644
8338,23271,0.177965
8339,23272,0.090018
8339,24431,0.25078
8339,25648,0.074445
8339,28794,0.07445
8340,18601,0.063717
8341,20053,0.103906
8342,23275,0.281797
8343,23276,0.118392
8343,25200,0.115
8344,16559,0.178612
8344,16118,0.050802
8345,23278,0.099135
8345,25617,0.099135
8345,26092,0.216523
8345,28459,0.177345
8346,23279,0.145654
8346,26482,0.221255
8346,26500,0.270147
8347,16281,0.133251
8347,16218,0.102728
8347,17490,0.197231
8347,16109,0.242176
8348,17298,0.11809
8348,16056,0.497986
8349,21462,0.309372
8350,16814,0.406675
8351,23281,0.062722
8351,17445,0.152805
8351,26715,0.109343
8351,27570,0.050543
8352,16068,0.374563
8352,16546,0.247063
8353,23284,0.544639
8354,23285,0.577099
8355,17713,0.077721
8355,20646,0.111423
8355,23720,0.146419
8356,23286,0.767423
8357,19623,0.37148
8358,19173,0.418885
8359,18196,0.317763
8360,19549,0.212741
8360,29247,0.087706
8361,23289,0.43936
8362,16601,0.116304
8362,23569,0.05064
8362,25275,0.07298
8363,21737,0.222404
8364,16248,0.069719
8364,25851,0.051677
8364,26588,0.076432
8364,20824,0.05636
8365,16175,0.271436
8365,16173,0.118116
8365,18959,0.139634
8366,23293,0.765845
8367,23294,0.684825
8368,23295,0.546838
8369,23297,0.239992
8369,27706,0.172612
8370,16547,0.426836
8371,16279,0.373731
8372,16756,0.269712
8373,23304,0.500318
8373,19096,0.311362
8374,16545,0.163334
8375,22545,0.161197
8375,23305,0.166972
8376,17935,0.58087
8377,16914,0.278185
8377,17848,0.109553
8377,17429,0.322091
8378,23306,0.145815
8378,16412,0.115272
8379,23307,0.804158
8380,18346,0.216135
8381,16057,0.279149
8382,23308,0.216963
8382,24942,0.164154
8383,16824,0.23589
8383,23310,0.105238
8383,20636,0.163375
8384,23309,0.440915
8385,16092,0.149983
8386,23311,0.071981
8386,24394,0.196666
8386,28413,0.072722
8387,16408,0.109143
8387,19799,0.142883
8387,16903,0.305376
8388,16174,0.362823
8389,20753,0.134978
8390,17846,0.51826
8391,16414,0.278388
8391,16759,0.1138
8392,17169,0.519995
8393,23313,0.433966
8394,17312,0.232585
8394,18827,0.232287
8395,19680,0.186712
8396,21052,0.404036
8396,23314,0.236124
8397,17627,0.414785
8398,16549,0.291606
8399,16872,0.408183
8400,23315,0.159967
8400,16642,0.105982
8400,17900,0.160202
8401,17797,0.401781
8401,20923,0.131303
8401,21347,0.100578
8402,17688,0.356743
8402,20749,0.258244
8403,16741,0.132217
8403,20426,0.125683
8403,19837,0.16091
8404,23317,0.3295
8405,22544,0.06154
8405,16287,0.088019
8406,23319,0.092778
8406,24898,0.129316
8406,27876,0.129172
8407,23320,0.310482
8407,26173,0.061585
8407,28855,0.062276
8408,23321,0.45542
8409,21252,0.173262
8409,17690,0.243302
8410,20304,0.305532
8410,27753,0.083644
8411,16320,0.079576
8412,23326,0.560293
8413,16276,0.064289
8413,16052,0.091111
8414,18567,0.233004
8414,16599,0.234041
8415,16545,0.33215
8416,23330,0.056317
8416,17648,0.094204
8416,23331,0.056317
8416,26868,0.093659
8417,23332,0.477437
8418,23090,0.128335
8418,20329,0.230172
8419,23337,0.165183
8419,23454,0.103841
8419,19794,0.071261
8420,16173,0.230838
8420,16175,0.249502
8421,23340,0.480382
8422,23341,0.229083
8423,23342,0.478668
8424,23344,0.362214
8425,17287,0.181874
8425,24522,0.070108
8425,20173,0.080454
8425,16973,0.054964
8426,21199,0.255629
8427,19137,0.395871
8428,16342,0.262782
8429,16404,0.385208
8430,23348,0.173319
8430,23831,0.136947
8431,23349,0.351745
8431,26831,0.104198
8432,23350,0.410306
8433,23351,0.507189
8434,17514,0.183548
8434,22220,0.269634
8435,16118,0.509999
8436,23357,0.57582
8437,16197,0.223479
8438,18111,0.153617
8438,16084,0.110838
8439,23361,0.258469
8440,16112,0.203981
8441,16113,0.41934
8442,16114,0.480888
8443,23362,0.436226
8444,23363,0.13691
8444,22833,0.154683
8444,21180,0.050782
8444,25247,0.054986
8444,16273,0.052941
8445,23364,0.170715
8445,25164,0.136693
8445,27176,0.136693
8446,23365,0.113329
8446,24259,0.174874
8446,25264,0.051888
8446,18482,0.073941
8446,29308,0.051886
8447,23045,0.406191
8448,23368,0.315297
8449,23369,0.352607
8450,16113,0.152932
8451,16483,0.205849
8452,23373,0.057351
8452,23431,0.223014
8453,16131,0.327437
8454,16546,0.106262
8455,23375,0.129583
8455,23729,0.180283
8456,16102,0.482231
8457,16102,0.246703
8458,17875,0.181056
8459,16760,0.148457
8460,17833,0.276421
8460,21891,0.129277
8460,23396,0.121266
8460,25863,0.059154
8461,23376,0.163388
8461,24938,0.313998
8461,28336,0.113712
8462,22369,0.169967
8463,23377,0.334122
8464,23379,0.405444
8464,28507,0.13572
8465,16414,0.488083
8466,23380,0.290593
8466,23381,0.404546
8467,18409,0.398829
8468,18070,0.451595
8469,23383,0.314758
8470,16091,0.347778
8470,23589,0.118871
8471,23387,0.159927
8471,16675,0.176365
8472,20083,0.074268
8473,18960,0.101575
8473,17969,0.101417
8474,16118,0.081864
8475,16185,0.21954
8476,19365,0.188138
8476,17614,0.152546
8477,23391,0.219907
8477,25453,0.127528
8478,16545,0.264562
8479,23392,0.150454
8479,23778,0.068879
8479,18737,0.150434
8479,28242,0.059301
8480,23394,0.579475
8481,23175,0.331691
8481,20664,0.292652
8482,23399,0.171144
8482,21691,0.09567
8482,21036,0.109413
8483,23400,0.158592
8483,22598,0.089245
8483,27863,0.078639
8483,28391,0.166989
8484,23403,0.095018
8485,20463,0.204393
8486,16195,0.23823
8487,16118,0.365346
8488,16175,0.086745
8488,16173,0.098337
8489,16091,0.182457
8490,23407,0.108477
8490,22465,0.451763
8491,23408,0.073289
8491,18938,0.196161
8491,20318,0.094504
8491,28349,0.067937
8491,28850,0.066097
8492,23410,0.179505
8493,23411,0.42099
8494,18432,0.852314
8495,23412,0.335357
8495,23544,0.112898
8496,16114,0.228715
8497,23413,0.539063
8498,23414,0.125648
8498,23701,0.057571
8498,28504,0.080093
8499,16118,0.061703
8500,22046,0.515374
8501,17452,0.426792
8501,19689,0.064705
8501,19377,0.066928
8502,17540,0.21385
8502,17034,0.165736
8502,17078,0.205854
8502,19284,0.051669
8503,16093,0.269629
8504,19740,0.528365
8505,23421,0.420225
8506,16174,0.316007
8507,16112,0.461011
8508,16279,0.216898
8509,16175,0.441193
8510,23422,0.095984
8510,26018,0.167082
8510,28197,0.068852
8511,23423,0.383609
8512,16104,0.099555
8513,16068,0.054097
8514,16079,0.074317
8515,16175,0.261255
8516,16417,0.067244
8517,16973,0.068577
8517,16130,0.072469
8517,17940,0.146886
8518,17880,0.230146
8518,18247,0.064279
8518,19743,0.164313
8518,24817,0.161882
8519,23427,0.518109
8520,23428,0.213816
8521,17509,0.176282
8521,16403,0.333871
8522,17629,0.503863
8523,16079,0.051163
8524,23430,0.605439
8525,20696,0.307082
8526,17215,0.158824
8527,23432,0.435864
8527,18840,0.382172
8528,20622,0.484861
8529,16276,0.450964
8530,23435,0.250597
8531,16068,0.097349
8531,19404,0.104625
8532,16113,0.369842
8533,16173,0.134956
8533,25324,0.063417
8533,16091,0.110371
8534,23436,0.598107
8535,16093,0.220802
8536,17420,0.38214
8537,16068,0.606796
8538,16545,0.189174
8539,21156,0.26206
8540,16183,0.320963
8541,16841,0.187537
8541,23437,0.270617
8542,21620,0.34984
8543,16183,0.746554
8544,23440,0.200962
8545,23443,0.711249
8546,16110,0.912574
8547,16573,0.054621
8548,22708,0.554047
8549,16079,0.219672
8550,16873,0.238034
8551,17021,0.185305
8551,21760,0.321306
8551,28217,0.102096
8552,16319,0.329932
8553,17850,0.188956
8554,23032,0.538705
8555,23453,0.249556
8556,23454,0.076963
8557,16175,0.31601
8558,23455,0.128179
8559,16652,0.265872
8559,24240,0.081236
8560,23456,0.296265
8561,16197,0.407139
8562,19850,0.091254
8563,17518,0.063162
8563,16437,0.073232
8563,26309,0.053946
8563,22773,0.061496
8564,23462,0.185015
8564,20636,0.13273
8565,23464,0.399935
8565,27589,0.399935
8566,22892,0.142606
8567,23468,0.449849
8568,21664,0.168971
8568,27577,0.057153
8569,23470,0.098932
8569,26079,0.061567
8569,26902,0.102919
8570,21847,0.309669
8570,28600,0.124371
8571,23471,0.309335
8572,23472,0.121701
8572,21021,0.06865
8572,17136,0.056978
8573,23473,0.192575
8573,23474,0.155326
8573,21362,0.1476
8574,16916,0.191561
8574,24815,0.061234
8575,23476,0.227106
8576,23359,0.127337
8576,25270,0.061298
8577,23477,0.67277
8578,20337,0.187863
8578,24071,0.094379
8578,17997,0.05816
8579,16342,0.411262
8580,18013,0.353801
8580,16967,0.282804
8581,18997,0.079906
8581,20240,0.217397
8582,22171,0.286855
8582,23207,0.087224
8582,26163,0.13443
8583,23483,0.206658
8583,18778,0.111738
8584,22050,0.123826
8584,18722,0.101785
8584,26139,0.056821
8585,22187,0.129015
8585,27625,0.165401
8586,18282,0.202471
8586,23486,0.417884
8587,23490,0.343194
8587,23735,0.075394
8587,20516,0.142672
8587,29091,0.075841
8588,22356,0.318058
8589,16177,0.141494
8589,19419,0.222722
8589,21027,0.081468
8590,16430,0.157464
8591,17085,0.080477
8592,17085,0.247427
8592,26529,0.098301
8593,16079,0.102995
8594,16760,0.276275
8595,16104,0.27651
8596,23494,0.661529
8597,23495,0.05177
8597,18310,0.415157
8597,20473,0.061757
8598,17085,0.191375
8599,16118,0.488706
8600,23271,0.468401
8601,20841,0.155234
8602,23499,0.186516
8602,25797,0.141516
8603,23500,0.112454
8603,19821,0.340119
8603,17390,0.155684
8604,21130,0.36798
8604,17135,0.276631
8605,17938,0.497125
8605,16598,0.298854
8606,23502,0.089543
8606,24494,0.335699
8606,27865,0.140278
8607,17611,0.35903
8608,16118,0.167863
8608,26738,0.084242
8609,16618,0.05681
8609,20909,0.129907
8609,20593,0.180886
8610,16052,0.370951
8611,23505,0.378159
8612,23507,0.605358
8613,23508,0.428583
8614,17622,0.061314
8615,18530,0.606652
8616,16409,0.276241
8617,16173,0.303674
8618,23509,0.189427
8618,20376,0.125173
8618,26699,0.155422
8618,28130,0.12112
8619,23510,0.125951
8620,16104,0.393244
8621,19021,0.549969
8622,16173,0.19764
8623,23513,0.219439
8624,16573,0.238969
8625,23514,0.335622
8625,23703,0.098649
8626,23516,0.088906
8626,24020,0.055132
8626,18755,0.104551
8627,23519,0.30993
8628,23520,0.171828
8628,23521,0.143635
8628,28928,0.080304
8629,23523,0.292752
8630,23524,0.073843
8631,19773,0.163363
8631,25880,0.070209
8631,26084,0.101232
8631,28934,0.054643
8632,16091,0.217558
8632,16182,0.231654
8633,16091,0.407401
8634,17251,0.420107
8635,16183,0.460248
8636,23526,0.087261
8637,23434,0.362983
8638,23527,0.256889
8638,26540,0.11775
8639,23529,0.431029
8640,23532,0.05289
8640,18005,0.052919
8641,21093,0.659657
8642,23534,0.066091
8642,25000,0.301206
8642,27880,0.143545
8643,23535,0.292872
8644,23536,0.56099
8644,19947,0.194199
8645,23537,0.304328
8646,16926,0.426401
8646,16079,0.096094
8647,17101,0.115801
8648,16079,0.052547
8649,17101,0.479761
8650,16279,0.054855
8650,21566,0.09155
8651,23538,0.145895
8651,17015,0.081107
8652,23539,0.058172
8652,22100,0.134211
8653,23540,0.204704
8654,20111,0.710601
8655,23545,0.291574
8656,23547,0.212201
8656,28833,0.271881
8657,23548,0.593334
8658,16484,0.117798
8659,16339,0.144045
8660,19434,0.237037
8661,23549,0.410036
8662,23550,0.375381
8663,16558,0.163878
8664,19730,0.802374
8665,16084,0.057263
8665,18567,0.241212
8665,27173,0.052298
8666,23552,0.122363
8666,24143,0.263553
8667,17473,0.255772
8668,23554,0.051208
8668,24534,0.08386
8668,26918,0.066024
8668,28854,0.051302
8669,16649,0.384106
8670,16114,0.152531
8671,16068,0.263063
8672,17269,0.500719
8672,21376,0.306456
8673,22688,0.228002
8674,17462,0.190177
8675,21977,0.247328
8675,23800,0.181529
8675,25038,0.148656
8676,16113,0.164299
8677,22047,0.365028
8677,28044,0.095849
8677,29059,0.068754
8678,21636,0.177166
8679,16183,0.293949
8680,23558,0.389374
8681,16118,0.258474
8682,23562,0.331204
8683,16279,0.103175
8684,23565,0.074254
8684,24364,0.149873
8685,23567,0.299581
8685,23674,0.106448
8686,16197,0.165162
8687,23568,0.087909
8688,23571,0.197867
8688,27329,0.253909
8689,19452,0.279697
8689,28308,0.06579
8690,16567,0.437309
8691,16856,0.050056
8692,17806,0.177072
8692,24626,0.090027
8693,21286,0.126785
8694,16814,0.325911
8694,23573,0.2034
8694,16136,0.268864
8695,23574,0.309205
8695,29198,0.328693
8696,18327,0.339847
8697,21775,0.302689
8698,23578,0.434837
8699,16414,0.395742
8700,23580,0.257393
8700,23582,0.117856
8701,23581,0.321374
8702,16091,0.556354
8702,16173,0.197022
8703,16385,0.448412
8703,21661,0.126835
8703,17409,0.210321
8704,23583,0.273539
8704,20116,0.129114
8704,28070,0.10123
8705,23586,0.404853
8706,23587,0.257326
8706,26017,0.103263
8707,23588,0.062069
8707,16265,0.061918
8707,17566,0.11093
8708,23591,0.106184
8708,25757,0.247674
8708,26989,0.082987
8709,23592,0.278597
8710,16052,0.204175
8710,16101,0.104429
8711,23593,0.339161
8712,16079,0.051735
8713,16197,0.270831
8714,16722,0.375481
8714,16118,0.328427
8715,16559,0.240477
8715,16124,0.111604
8716,16174,0.45252
8717,23596,0.182118
8717,21250,0.327568
8718,19053,0.128229
8718,27636,0.163594
8719,23597,0.239709
8720,23599,0.576246
8721,23601,0.461062
8722,23603,0.058738
8722,20761,0.344098
8723,23604,0.057642
8723,16076,0.293432
8723,16851,0.163412
8723,17805,0.097798
8723,16706,0.110468
8724,23605,0.358191
8725,17578,0.066809
8726,18577,0.247143
8727,17655,0.114284
8728,16895,0.187099
8728,16467,0.204209
8729,16756,0.195691
8729,28089,0.087464
8730,23609,0.10671
8730,27672,0.095509
8731,23611,0.448115
8732,23613,0.268085
8733,16484,0.133231
8734,16484,0.280517
8735,16113,0.218681
8736,23615,0.133627
8737,23616,0.181489
8738,19079,0.204087
8739,23619,0.174921
8739,25140,0.252186
8740,19992,0.26786
8741,17636,0.199319
8741,18032,0.198303
8741,16361,0.087692
8742,17101,0.308955
8743,16546,0.476138
8744,16102,0.174848
8745,23621,0.079526
8745,24456,0.069142
8745,22142,0.121302
8746,23622,0.109182
8746,22041,0.069547
8747,23623,0.29017
8747,18170,0.069344
8747,16540,0.078114
8748,23624,0.115367
8748,18804,0.052023
8749,23625,0.216672
8750,23626,0.173715
8751,23628,0.062032
8751,18783,0.17342
8751,22191,0.06697
8751,22933,0.05837
8752,16178,0.224397
8752,18763,0.088418
8752,26078,0.211361
8753,20787,0.38712
8754,23630,0.444678
8754,24628,0.080342
8755,23631,0.401496
8756,23633,0.255478
8756,25092,0.054494
8756,28046,0.085308
8757,23636,0.203846
8758,16068,0.197857
8758,16546,0.257986
8759,17883,0.084457
8759,19254,0.072487
8760,17382,0.174995
8760,19179,0.101007
8760,27877,0.08017
8760,16428,0.082984
8761,23638,0.126238
8761,28673,0.071352
8762,23640,0.187931
8763,23641,0.500312
8764,23643,0.151347
8765,23645,0.072393
8765,22628,0.052374
8766,16274,0.444944
8767,23646,0.555538
8768,21165,0.260339
8768,26510,0.140473
8769,23650,0.159046
8769,17002,0.206146
8769,25256,0.157699
8770,16114,0.723775
8771,23652,0.055786
8771,23987,0.197738
8771,24680,0.229909
8772,23653,0.172181
8773,23654,0.194798
8773,20697,0.222231
8773,25867,0.123661
8773,28649,0.057954
8774,23657,0.184274
8774,23659,0.281324
8774,18526,0.253914
8775,17421,0.237918
8775,19844,0.125358
8775,17323,0.154318
8775,20258,0.061732
8776,16612,0.136541
8776,16925,0.195714
8777,23660,0.255445
8777,24119,0.220138
8777,26000,0.067335
8778,17493,0.282691
8779,16760,0.1798
8780,16162,0.081793
8780,23686,0.052472
8780,20109,0.099908
8781,17222,0.402152
8782,16102,0.276664
8783,16173,0.109282
8783,16275,0.070921
8784,16068,0.19445
8785,22643,0.258658
8786,23664,0.598129
8787,19697,0.744213
8788,18111,0.313195
8788,17312,0.197292
8788,25273,0.072286
8788,18945,0.056186
8789,20546,0.306159
8789,19275,0.067713
8789,17142,0.058864
8789,20845,0.056776
8790,22819,0.1277
8790,24643,0.067028
8790,25243,0.059862
8791,23672,0.155853
8792,23673,0.688676
8793,16174,0.234784
8794,23675,0.504352
8795,16359,0.535144
8796,16091,0.4684
8797,16131,0.403964
8798,16483,0.198865
8799,16679,0.650092
8800,17140,0.240607
8801,23682,0.052634
8801,21546,0.132581
8801,27896,0.053006
8802,16999,0.712638
8803,16560,0.413327
8804,16386,0.320299
8804,25466,0.092627
8805,23688,0.097257
8805,27382,0.1357
8806,16210,0.125292
8807,16956,0.521115
8808,16102,0.401925
8809,17846,0.416699
8810,16280,0.124555
8811,16079,0.127777
8812,18204,0.059379
8812,21078,0.17276
8812,17158,0.051465
8812,27324,0.051938
8813,23689,0.050878
8813,18115,0.217845
8813,26073,0.082921
8813,26239,0.153806
8814,23690,0.064789
8815,23691,0.272102
8816,23693,0.576603
8817,20331,0.401892
8818,23698,0.316912
8818,24244,0.219211
8819,19209,0.123323
8819,16634,0.14876
8819,20580,0.054859
8819,17562,0.09053
8820,23699,0.680982
8821,23700,0.599772
8822,23703,0.208078
8823,17178,0.277862
8823,26466,0.123127
8824,16414,0.371934
8825,23361,0.145596
8825,23776,0.08142
8825,25938,0.081456
8826,19047,0.160912
8827,16816,0.168859
8827,16682,0.201076
8828,16053,0.111064
8829,17101,0.296434
8830,16899,0.085806
8830,23704,0.063752
8830,24546,0.163654
8831,23705,0.245075
8831,16861,0.133533
8832,16720,0.667623
8833,16129,0.160098
8833,19365,0.159853
8833,17969,0.108847
8833,18803,0.107997
8834,16340,0.11942
8835,16414,0.25215
8836,16091,0.329098
8837,17634,0.246947
8837,17809,0.064784
8838,23711,0.625287
8839,16477,0.221995
8839,24748,0.081345
8840,16270,0.249175
8841,23712,0.528131
8841,17634,0.121752
8842,23713,0.581006
8843,23714,0.06323
8843,23715,0.063365
8843,22303,0.345187
8844,16507,0.447111
8845,16583,0.211612
8845,21533,0.078625
8845,17972,0.057524
8845,19073,0.06755
8846,18577,0.730713
8847,23718,0.144455
8847,22833,0.104311
8847,23120,0.112606
8847,19624,0.206412
8848,16926,0.412617
8849,16339,0.078923
8850,23720,0.379291
8850,18085,0.148666
8850,27309,0.087607
8851,23722,0.179991
8851,24666,0.266716
8851,25525,0.066037
8852,23723,0.296799
8852,26766,0.296781
8853,19861,0.179856
8854,16118,0.267989
8855,16275,0.340221
8855,20939,0.067567
8856,16417,0.13231
8857,16185,0.296844
8858,16068,0.151193
8859,16559,0.272268
8859,16124,0.212913
8860,23724,0.300127
8861,23725,0.341837
8862,23726,0.710696
8863,23727,0.14854
8863,25499,0.148545
8863,25726,0.232713
8864,16174,0.453687
8865,23731,0.311243
8866,16612,0.243025
8867,16549,0.293182
8868,16559,0.247977
8869,16760,0.224444
8870,21018,0.201838
8871,16835,0.163887
8871,25292,0.073528
8872,17875,0.086893
8873,16270,0.231928
8874,23733,0.143842
8874,25056,0.334486
8875,18814,0.224974
8875,21925,0.074384
8875,20029,0.076199
8875,16487,0.1163
8876,19125,0.232269
8877,16340,0.259884
8878,22777,0.174607
8878,22437,0.066078
8878,19769,0.068282
8879,16920,0.451685
8879,19633,0.24005
8880,23553,0.126363
8881,23737,0.34351
8882,23738,0.259513
8882,19800,0.086721
8883,16101,0.174237
8883,19758,0.050807
8884,18980,0.404176
8884,22800,0.058393
8884,18238,0.083321
8885,18655,0.241982
8886,21401,0.293987
8887,23740,0.294599
8887,16054,0.444351
8888,16112,0.184704
8889,23741,0.264919
8890,23742,0.111944
8891,23743,0.221738
8892,23744,0.433685
8893,22336,0.094134
8893,17159,0.149694
8893,28728,0.074351
8894,20121,0.310718
8894,18223,0.292717
8895,23747,0.19714
8896,19137,0.180663
8896,29037,0.129026
8897,23750,0.154312
8898,23751,0.175119
8898,24048,0.213756
8898,26050,0.097894
8898,27806,0.085325
8899,16101,0.302293
8900,16279,0.284774
8901,21174,0.538008
8902,23756,0.144074
8903,23757,0.19846
8904,23758,0.502634
8905,23270,0.156556
8905,26651,0.059003
8905,26652,0.059003
8905,29020,0.05898
8906,23761,0.411001
8907,23762,0.322972
8908,23763,0.126732
8909,23766,0.087369
8909,24404,0.081632
8909,24405,0.061574
8909,23419,0.179622
8910,18775,0.14798
8910,23768,0.236407
8910,16848,0.174886
8911,16100,0.298206
8912,21592,0.129942
8912,16235,0.421615
8912,26162,0.055337
8913,17577,0.108066
8913,24541,0.223088
8913,25765,0.099654
8913,17734,0.070171
8913,26248,0.050543
8913,26249,0.050655
8914,22115,0.347191
8915,23771,0.384819
8916,17695,0.144385
8916,16682,0.132584
8916,16305,0.233009
8917,23773,0.237158
8918,23774,0.398525
8919,16375,0.1727
8919,17528,0.191967
8919,25873,0.095859
8919,17377,0.100866
8920,16052,0.403292
8921,16093,0.320398
8921,16612,0.317417
8922,16276,0.148927
8923,19638,0.097409
8923,22838,0.114057
8923,25722,0.078435
8924,16173,0.402521
8925,16104,0.171854
8926,23777,0.195392
8926,25621,0.195399
8926,19798,0.083602
8927,18236,0.331473
8927,16412,0.05959
8927,29319,0.050366
8928,18236,0.18115
8928,16412,0.090029
8929,16859,0.3387
8929,16762,0.355447
8930,16210,0.279663
8931,19601,0.058454
8932,20689,0.321024
8933,16354,0.22166
8933,18007,0.176506
8934,23789,0.126996
8934,26557,0.091093
8934,24894,0.091032
8935,17170,0.412564
8936,23790,0.459674
8937,19648,0.818946
8938,23791,0.079123
8938,20740,0.248951
8938,24714,0.056391
8938,27609,0.146947
8939,16068,0.214488
8940,17798,0.49896
8940,18765,0.311698
8941,23793,0.750008
8942,17713,0.350113
8943,17627,0.251679
8944,16415,0.358592
8945,23794,0.639566
8946,23796,0.095037
8946,19069,0.256792
8946,26987,0.061502
8946,17035,0.095002
8946,16162,0.050742
8947,16104,0.17419
8947,16174,0.274358
8948,17307,0.095219
8948,25231,0.132976
8949,23799,0.396176
8950,23800,0.073372
8951,23801,0.505596
8952,23629,0.333481
8952,20590,0.236095
8952,16742,0.061053
8953,16189,0.053278
8954,23803,0.349595
8955,21083,0.282847
8955,28484,0.24559
8956,18057,0.084748
8957,23804,0.050659
8957,24274,0.101656
8957,24418,0.229739
8957,27391,0.101658
8958,19054,0.158033
8958,24052,0.105323
8958,26946,0.055542
8959,16079,0.392196
8959,16246,0.394424
8960,16354,0.469846
8961,16483,0.254148
8962,23805,0.110348
8962,27864,0.133047
8963,23807,0.145224
8963,17756,0.446454
8964,16089,0.173432
8964,20413,0.061155
8964,19659,0.067152
8965,23808,0.097573
8965,23956,0.285904
8966,23809,0.069216
8966,19459,0.102461
8967,16417,0.234937
8968,17169,0.222927
8969,23813,0.058703
8969,16162,0.093714
8969,27132,0.080329
8969,27854,0.063541
8970,23800,0.174839
8970,25038,0.075112
8970,28469,0.075317
8971,16174,0.250457
8972,23814,0.12376
8972,27048,0.146055
8972,28115,0.063721
8973,16612,0.107126
8974,16409,0.437264
8975,16545,0.527447
8976,16593,0.223834
8976,18570,0.23623
8977,23816,0.296535
8978,20646,0.252168
8979,17780,0.549633
8980,16118,0.216363
8981,16417,0.26881
8982,16114,0.319036
8983,16414,0.051221
8984,16412,0.376358
8985,16183,0.371219
8986,18781,0.361776
8986,24026,0.147888
8987,23818,0.144641
8988,17952,0.228041
8988,17824,0.176439
8988,26416,0.125147
8989,18196,0.053086
8990,17137,0.134765
8991,23821,0.170156
8992,16562,0.144839
8992,19194,0.115103
8993,23823,0.298962
8994,16414,0.193966
8995,16174,0.408062
8996,16118,0.13202
8997,16185,0.260813
8998,23825,0.484909
8999,23827,0.27534
8999,16982,0.173536
9000,16102,0.233169
9001,18076,0.139568
9001,19904,0.296123
9001,25137,0.063932
9002,19082,0.661675
9003,16118,0.13288
9004,17397,0.193096
9005,16117,0.268816
9006,23828,0.197144
9006,18845,0.107837
9007,16210,0.449998
9008,23242,0.374204
9009,23830,0.100818
9009,26019,0.186572
9009,26680,0.100793
9010,23833,0.736073
9011,16054,0.135532
9012,18079,0.292661
9012,19926,0.250747
9013,23540,0.050203
9014,23834,0.62617
9015,16649,0.207771
9015,16270,0.138863
9016,17890,0.051807
9017,16160,0.143402
9018,23835,0.333624
9019,16092,0.092856
9020,17791,0.244625
9021,16549,0.06474
9022,21156,0.354506
9022,18875,0.187258
9023,23838,0.436616
9023,25520,0.060266
9023,26452,0.079645
9023,26453,0.077332
9024,16559,0.157555
9024,16722,0.248714
9024,16124,0.311113
9025,23839,0.393851
9025,18202,0.273564
9026,23840,0.088158
9026,28465,0.106892
9026,17563,0.145771
9027,16119,0.240105
9028,16118,0.377626
9029,16112,0.289955
9029,16113,0.086364
9030,17439,0.325059
9031,20203,0.436462
9032,23844,0.093755
9033,23847,0.260501
9034,23848,0.167654
9035,16756,0.75114
9036,16131,0.606628
9037,16547,0.253146
9038,23849,0.109618
9039,16119,0.212017
9040,22267,0.153604
9040,17249,0.21635
9041,16649,0.642043
9042,23852,0.5345
9043,23853,0.19117
9043,27893,0.087613
9043,19993,0.11636
9043,23371,0.075103
9044,23854,0.437807
9045,23855,0.275086
9045,24554,0.236961
9045,29094,0.106644
9046,18847,0.625502
9047,21499,0.568318
9048,16412,0.348203
9049,22503,0.204266
9049,24550,0.062298
9050,23857,0.477945
9051,16277,0.190169
9052,17259,0.298176
9052,21285,0.179653
9053,23858,0.308405
9054,23859,0.187237
9055,16104,0.220497
9055,16113,0.236459
9056,23861,0.242242
9056,26054,0.205112
9057,23862,0.1055
9057,26949,0.146614
9057,27823,0.1055
9058,23863,0.396945
9058,24036,0.156658
9059,23864,0.097839
9060,23865,0.082185
9060,26011,0.386723
9061,20967,0.123517
9061,16588,0.313665
9062,23867,0.532419
9063,16175,0.297432
9064,23868,0.750319
9065,16184,0.448159
9066,16174,0.18832
9066,16184,0.204313
9067,23869,0.174717
9067,26251,0.068148
9068,17021,0.158467
9068,21745,0.054369
9069,16175,0.502113
9070,21513,0.22057
9070,20369,0.212677
9071,16279,0.229567
9072,19131,0.106629
9073,16118,0.352639
9074,17561,0.428579
9075,17439,0.168175
9075,16079,0.088837
9076,23871,0.3944
9076,27402,0.060956
9077,16210,0.228854
9078,21470,0.623371
9079,22341,0.142128
9080,21199,0.327987
9081,23872,0.158648
9082,17087,0.301396
9082,23873,0.23923
9082,26404,0.062852
9082,27389,0.09847
9083,23874,0.497398
9084,23877,0.39818
9084,25498,0.128284
9085,16079,0.071052
9086,17175,0.166793
9086,17007,0.123184
9086,18570,0.07414
9087,16104,0.101217
9088,16093,0.092331
9089,16131,0.362896
9090,16649,0.119661
9091,23879,0.083754
9091,24686,0.071486
9091,26928,0.092308
9091,16519,0.050651
9091,27275,0.057467
9091,29179,0.065389
9092,16101,0.091733
9092,16100,0.104401
9092,18018,0.068242
9093,23882,0.115429
9093,24545,0.409264
9094,23883,0.126622
9094,26616,0.083562
9095,17655,0.450018
9096,23884,0.13107
9097,23885,0.132183
9098,23886,0.231559
9098,24205,0.166106
9098,24328,0.166106
9099,16119,0.147058
9100,16583,0.455909
9101,23888,0.171081
9101,24914,0.238497
9101,27216,0.171081
9102,16253,0.059317
9102,16385,0.463445
9102,20299,0.129646
9103,16270,0.313737
9104,16114,0.344552
9105,16101,0.502128
9106,18085,0.225364
9107,17866,0.123319
9107,19657,0.164054
9108,17467,0.34489
9108,20767,0.121658
9109,20469,0.324922
9110,17085,0.124015
9111,23890,0.193144
9112,23892,0.45618
9113,16078,0.233702
9114,21003,0.134192
9115,21634,0.602778
9116,16962,0.401875
9117,16270,0.391321
9118,16274,0.308331
9119,16118,0.387858
9120,16052,0.457162
9121,18330,0.482096
9121,18626,0.193959
9122,22851,0.347226
9123,23897,0.161823
9123,24224,0.340698
9123,25740,0.215712
9124,23898,0.496863
9125,22669,0.213173
9126,23901,0.405159
9126,16119,0.117047
9127,20545,0.454408
9128,23498,0.107085
9128,26960,0.059086
9128,25805,0.186887
9129,16092,0.277921
9130,19337,0.11366
9131,23903,0.435067
9131,18111,0.078648
9131,26731,0.068882
9132,23904,0.577812
9133,23905,0.303349
9134,23906,0.113292
9134,23907,0.143168
9134,23682,0.081294
9135,23908,0.399328
9136,23911,0.108871
9136,28032,0.108969
9137,20783,0.385369
9138,16118,0.333698
9138,16722,0.277465
9139,22321,0.31096
9140,23315,0.49208
9141,16456,0.256686
9141,24740,0.13067
9142,17169,0.365598
9143,16174,0.187496
9144,23912,0.199183
9144,22717,0.060981
9144,24985,0.222566
9144,25516,0.082377
9145,23915,0.199004
9145,16287,0.214428
9146,23917,0.050887
9147,23918,0.25895
9148,16760,0.291408
9149,23921,0.299222
9150,23924,0.351439
9151,23925,0.408721
9152,20575,0.124266
9152,19387,0.091562
9153,23928,0.508945
9153,27431,0.124255
9154,23929,0.225204
9155,16174,0.052771
9156,23933,0.127414
9156,17489,0.152198
9156,26040,0.119048
9156,18870,0.100704
9157,23934,0.157823
9157,19553,0.158234
9158,23935,0.246671
9159,17056,0.161032
9159,20845,0.266964
9160,17934,0.382813
9160,16281,0.198501
9160,17490,0.086118
9161,16093,0.200024
9162,20463,0.330044
9162,26354,0.055939
9163,21199,0.449791
9164,20232,0.059816
9164,23139,0.09631
9165,16275,0.503368
9166,18280,0.172055
9166,25003,0.123638
9167,17170,0.216436
9168,23940,0.073628
9169,18695,0.077248
9169,24929,0.076132
9170,16472,0.559803
9171,16092,0.369518
9172,16091,0.561902
9173,21624,0.423637
9174,23943,0.523672
9175,16760,0.23556
9176,23944,0.402508
9176,28662,0.402425
9177,16104,0.223461
9178,23947,0.236511
9179,16210,0.215482
9180,19844,0.472736
9181,23949,0.085948
9182,23950,0.56565
9183,23951,0.407864
9184,23952,0.057337
9184,25128,0.076313
9184,21347,0.186024
9184,22773,0.068201
9185,17154,0.232925
9186,23954,0.100515
9186,19407,0.172731
9187,16514,0.386676
9188,23955,0.504425
9188,26729,0.066914
9189,16669,0.548167
9190,23957,0.336206
9190,23958,0.340422
9191,23959,0.559839
9192,23960,0.68152
9193,23961,0.373466
9194,21685,0.090857
9195,23411,0.328499
9196,23964,0.373853
9196,25412,0.055719
9196,25627,0.223057
9196,16420,0.099193
9197,16104,0.230149
9198,17921,0.31882
9198,29232,0.133488
9199,23967,0.050824
9200,16926,0.081783
9201,23968,0.138686
9201,26155,0.08461
9201,21850,0.084521
9201,28574,0.081574
9202,16052,0.145731
9203,19192,0.405874
9203,23600,0.150299
9204,16468,0.42207
9204,16840,0.18045
9204,17775,0.074445
9205,23972,0.069586
9205,24632,0.070087
9205,25577,0.093039
9205,26880,0.15243
9205,21423,0.160818
9206,19417,0.080479
9207,18892,0.173298
9207,16176,0.149167
9208,23725,0.217047
9208,24607,0.211818
9209,23978,0.379218
9210,20179,0.557986
9210,23979,0.16666
9211,17028,0.162391
9211,22507,0.26407
9212,16573,0.128383
9213,16567,0.101715
9214,16287,0.061364
9215,18702,0.197389
9215,25611,0.245178
9216,20360,0.198654
9216,19186,0.121676
9217,16093,0.073387
9217,16210,0.082103
9218,20101,0.220248
9218,18511,0.10082
9219,16286,0.599369
9220,23984,0.283901
9220,24539,0.105034
9220,27990,0.056101
9220,28820,0.089457
9221,22064,0.182746
9221,26158,0.220275
9222,17101,0.291094
9223,16157,0.377437
9224,23989,0.155863
9224,27602,0.094062
9224,28278,0.052592
9224,22220,0.103449
9225,23991,0.195487
9226,20463,0.136951
9226,16118,0.194612
9227,16113,0.254417
9228,16091,0.548986
9229,16925,0.521364
9230,23992,0.4709
9230,17856,0.202698
9231,16197,0.247793
9232,23993,0.074182
9232,16890,0.097243
9232,19669,0.255332
9232,26473,0.073676
9233,17468,0.631055
9234,21220,0.316577
9235,23995,0.563975
9236,22552,0.226668
9236,24819,0.21822
9237,18872,0.353232
9238,16484,0.443032
9239,23996,0.21229
9240,23998,0.299464
9241,16415,0.193771
9242,18074,0.56144
9243,18236,0.353494
9244,24002,0.428292
9245,24003,0.395384
9246,24004,0.260167
9247,24006,0.116678
9247,24652,0.210031
9248,18088,0.288166
9249,16175,0.267477
9250,17170,0.325765
9251,16175,0.242879
9252,22509,0.347611
9252,17366,0.151033
9252,26829,0.092122
9253,21537,0.651325
9254,17420,0.110012
9255,24011,0.460901
9255,27294,0.175047
9255,27529,0.058549
9256,24012,0.221208
9256,17866,0.090294
9256,20402,0.128624
9256,16230,0.185024
9257,24014,0.589832
9258,16113,0.435277
9259,16118,0.262661
9259,16722,0.25217
9260,16118,0.170229
9261,16413,0.30328
9261,20370,0.069421
9262,16619,0.36662
9263,16132,0.065702
9264,16412,0.109186
9265,18549,0.192394
9265,18085,0.054058
9266,16342,0.312288
9267,24021,0.229668
9267,18199,0.221281
9268,16119,0.135674
9269,24022,0.600077
9270,16412,0.223912
9270,27137,0.090486
9271,24023,0.186603
9271,26342,0.334429
9272,24026,0.218057
9273,18067,0.229914
9273,19478,0.171995
9274,17053,0.092242
9274,21781,0.076249
9275,24027,0.244322
9276,16395,0.334965
9277,17393,0.060769
9278,18007,0.359781
9279,24028,0.209193
9279,26936,0.106579
9280,24029,0.061414
9281,21645,0.629697
9282,16270,0.295599
9283,24032,0.22605
9283,25761,0.091814
9283,26053,0.091668
9284,24033,0.172441
9285,24035,0.072065
9286,24037,0.055116
9287,18080,0.12287
9287,24323,0.121199
9287,22081,0.248426
9287,27290,0.090231
9288,24038,0.500548
9289,19692,0.420923
9290,16545,0.33664
9291,16417,0.202813
9292,18955,0.301041
9292,27641,0.150428
9293,23403,0.303799
9294,17553,0.198571
9295,16800,0.345847
9296,16068,0.193295
9297,24045,0.458475
9298,16568,0.353776
9299,16484,0.139013
9300,16148,0.303046
9300,18427,0.1395
9301,24046,0.263796
9301,24663,0.230121
9302,16567,0.398869
9303,16483,0.119691
9304,16467,0.409233
9305,24047,0.32346
9306,16197,0.223861
9307,16183,0.19181
9308,20225,0.177235
9308,28980,0.078625
9309,24049,0.340984
9310,24050,0.152619
9310,25630,0.159472
9310,26058,0.071483
9310,20013,0.132285
9311,24054,0.563089
9312,16197,0.434983
9313,16119,0.12814
9314,24056,0.135529
9315,24058,0.094531
9316,24060,0.335951
9316,27349,0.146801
9317,16649,0.062399
9317,16270,0.310743
9318,17439,0.240703
9318,24064,0.223575
9319,24066,0.471509
9320,24068,0.141539
9320,19731,0.141446
9321,16210,0.277019
9322,16113,0.081591
9323,24072,0.258867
9324,24073,0.824549
9325,24074,0.071946
9325,16468,0.132308
9325,28685,0.068975
9326,16612,0.372214
9327,16100,0.066424
9328,16102,0.051516
9329,16113,0.211843
9330,18959,0.087218
9330,16173,0.205922
9331,24077,0.505355
9331,25491,0.120265
9332,16207,0.242777
9332,18620,0.129498
9333,24078,0.116563
9334,16484,0.314614
9335,19012,0.132622
9336,24079,0.460178
9337,21685,0.183071
9338,24082,0.256702
9338,26030,0.145603
9339,24083,0.207898
9339,17514,0.097605
9339,25521,0.055269
9339,26668,0.077066
9339,28905,0.094057
9340,24085,0.159366
9340,27835,0.243171
9341,24086,0.570755
9342,16091,0.161809
9343,19088,0.175909
9343,17186,0.288298
9344,23094,0.201927
9344,20121,0.144792
9345,17371,0.192046
9345,17682,0.249337
9346,24090,0.144938
9346,24837,0.103741
9346,17983,0.287104
9347,16101,0.23252
9348,24088,0.270455
9349,16612,0.125145
9350,16760,0.214409
9351,23607,0.156123
9351,24091,0.118824
9351,24092,0.118363
9352,16174,0.189459
9353,16068,0.205965
9354,24093,0.381366
9355,16079,0.301291
9356,22867,0.255222
9356,24095,0.266266
9357,24097,0.30145
9357,16771,0.09961
9357,27392,0.079895
9357,28214,0.080049
9358,24098,0.560323
9359,16107,0.344635
9360,21919,0.134606
9360,17217,0.160507
9360,25989,0.134958
9361,21919,0.211832
9361,24912,0.08196
9361,28020,0.127529
9362,18007,0.339748
9363,24099,0.094733
9363,20860,0.052167
9363,25248,0.120268
9363,22488,0.096636
9364,17390,0.382698
9364,26447,0.142595
9365,16279,0.360746
9366,24102,0.072115
9367,24103,0.053441
9367,28194,0.05125
9368,22329,0.160354
9368,24103,0.093955
9369,17262,0.132446
9370,24104,0.433632
9371,16542,0.196394
9371,20149,0.061416
9371,16105,0.130816
9371,16302,0.191084
9372,24105,0.608824
9373,18959,0.100541
9374,24107,0.227676
9375,16052,0.097454
9376,16649,0.055832
9377,17439,0.103452
9377,19071,0.132632
9378,24108,0.721887
9379,16518,0.43767
9380,22348,0.360606
9380,24109,0.172548
9381,22836,0.314255
9381,19516,0.107247
9381,24109,0.050768
9382,24111,0.080182
9382,25278,0.23735
9382,16959,0.052251
9382,27319,0.054544
9383,16056,0.05397
9383,18433,0.065715
9384,16081,0.276067
9385,21149,0.39091
9386,16462,0.096485
9386,17322,0.22168
9386,26973,0.065531
9387,17691,0.339025
9387,17507,0.235527
9388,16068,0.305205
9389,17225,0.580499
9390,22159,0.535112
9391,19156,0.418969
9392,16131,0.435737
9393,24114,0.102752
9393,26293,0.099029
9393,22108,0.086999
9393,28608,0.055106
9394,17890,0.071888
9395,16414,0.209149
9396,24115,0.060693
9397,16223,0.362406
9397,16060,0.110854
9398,24116,0.15337
9399,24117,0.126983
9399,16469,0.27751
9400,16545,0.075134
9401,23740,0.695385
9402,16559,0.078742
9403,17371,0.070208
9403,24661,0.079161
9403,26015,0.111681
9403,22679,0.056621
9404,24120,0.144002
9405,24121,0.226188
9406,24123,0.223472
9407,24124,0.082167
9407,18060,0.306705
9407,26331,0.064635
9408,18188,0.251782
9408,26427,0.125744
9409,16274,0.537021
9410,16054,0.077698
9410,16052,0.18953
9411,16412,0.127536
9412,24127,0.180214
9412,24647,0.231619
9413,19215,0.218068
9413,24799,0.131417
9413,16179,0.083855
9413,16476,0.105388
9413,19335,0.072638
9413,16424,0.065227
9414,16354,0.559643
9415,16762,0.055638
9415,18654,0.264591
9415,29163,0.107815
9416,24131,0.355226
9417,24132,0.601474
9418,18409,0.179324
9418,25114,0.060694
9418,18549,0.140428
9418,19993,0.060462
9419,16760,0.417138
9420,16068,0.116093
9421,20728,0.363491
9422,18390,0.20181
9422,18389,0.436985
9423,16052,0.192841
9424,16282,0.452026
9424,24774,0.084224
9425,16102,0.1844
9426,24135,0.388691
9427,24137,0.315941
9427,16065,0.087352
9427,28697,0.155074
9428,24138,0.53491
9429,19129,0.131845
9429,17171,0.267697
9429,19208,0.076245
9430,24139,0.119417
9430,23452,0.211574
9431,18444,0.458473
9432,24143,0.356429
9432,21001,0.255618
9432,28266,0.105117
9433,16409,0.587737
9434,24145,0.422172
9435,16118,0.348426
9435,24867,0.066516
9435,18263,0.066601
9436,19106,0.085453
9436,28144,0.066958
9437,16409,0.326198
9438,24146,0.499248
9438,24802,0.079577
9439,20451,0.468806
9439,19370,0.144328
9440,24148,0.362308
9440,27932,0.109407
9440,28134,0.079484
9441,16409,0.311343
9442,24149,0.141909
9442,26590,0.112048
9443,24151,0.244556
9443,22608,0.189043
9444,24152,0.133274
9444,26037,0.103861
9444,20675,0.074039
9445,24153,0.218247
9445,27489,0.218247
9446,24154,0.383843
9447,24155,0.195464
9448,24156,0.439899
9449,24157,0.162994
9449,24273,0.105287
9449,27821,0.054807
9450,24158,0.604176
9451,16175,0.25959
9452,16342,0.072965
9453,24159,0.385165
9454,24160,0.538798
9455,24165,0.200609
9456,16118,0.347399
9456,16722,0.163317
9457,24168,0.539088
9458,18384,0.36659
9459,17233,0.126469
9460,16692,0.352851
9461,19084,0.644185
9462,24171,0.064946
9462,21091,0.352135
9462,19254,0.108622
9463,16232,0.084396
9464,24175,0.685819
9465,24176,0.336735
9466,24177,0.433955
9466,27772,0.128309
9467,24178,0.437019
9468,16494,0.358097
9468,18527,0.228057
9468,27581,0.111954
9469,16230,0.372218
9469,16226,0.234706
9470,18901,0.312622
9470,27734,0.095644
9471,16926,0.285627
9472,16118,0.215699
9473,22944,0.188151
9473,26861,0.134822
9474,24179,0.344318
9475,17298,0.257175
9475,16438,0.339606
9476,24180,0.103512
9476,24822,0.199516
9476,25605,0.072206
9476,25758,0.055071
9477,16208,0.171288
9477,16414,0.136693
9478,24182,0.188418
9478,28612,0.195177
9479,24183,0.509403
9480,18575,0.444235
9481,24184,0.086756
9482,22579,0.329272
9483,24186,0.212752
9484,24188,0.162693
9485,20506,0.39
9486,24189,0.325787
9487,16232,0.282194
9488,23553,0.246023
9489,24192,0.343297
9490,17821,0.113616
9490,16056,0.101761
9491,18345,0.133864
9491,21755,0.151917
9491,19405,0.084915
9491,23543,0.185578
9492,17146,0.140504
9492,26859,0.16498
9493,16091,0.216012
9494,16268,0.67049
9495,22380,0.36331
9495,18214,0.112993
9496,16052,0.278931
9497,16102,0.056874
9497,16173,0.075333
9498,20707,0.614649
9499,24195,0.486084
9499,25998,0.096067
9499,26326,0.080196
9500,24196,0.428283
9501,18409,0.342577
9502,16545,0.387234
9503,20501,0.355528
9504,18964,0.377525
9504,20999,0.377776
9505,24199,0.137949
9505,21421,0.122977
9506,16104,0.255733
9507,16104,0.29421
9508,16207,0.120188
9509,24201,0.455547
9510,18315,0.545527
9510,24202,0.348199
9511,24203,0.128649
9512,16926,0.233195
9513,23701,0.350463
9513,23414,0.166437
9514,16874,0.129163
9514,17372,0.500378
9515,24206,0.110904
9515,24903,0.255882
9515,26315,0.070078
9515,26896,0.050066
9515,28411,0.079632
9516,16273,0.306462
9516,18864,0.110667
9517,24207,0.398941
9517,28435,0.147714
9518,24209,0.247046
9519,16578,0.116931
9519,17855,0.151692
9519,18579,0.052304
9520,24212,0.479559
9521,24214,0.442425
9522,24215,0.241202
9523,24216,0.12006
9523,25749,0.120021
9523,28345,0.086122
9524,24217,0.241106
9525,24218,0.07768
9525,17559,0.052118
9526,17360,0.183331
9526,26476,0.124998
9527,16978,0.258725
9528,24220,0.414102
9529,24221,0.160683
9529,28033,0.186003
9530,24223,0.20375
9530,24877,0.360011
9531,24225,0.302413
9531,27265,0.146666
9531,16582,0.124965
9532,20802,0.099377
9532,16546,0.354053
9533,24226,0.092404
9533,23675,0.070704
9533,27131,0.068363
9534,16279,0.429528
9535,16649,0.142425
9536,16270,0.387326
9537,18236,0.234648
9538,16342,0.442199
9539,24230,0.231247
9539,29003,0.091214
9540,23510,0.111201
9540,16113,0.13789
9541,24231,0.316792
9541,27747,0.145106
9542,17616,0.110212
9542,16568,0.206757
9543,24233,0.199528
9544,24234,0.461353
9545,16119,0.436066
9546,24237,0.094634
9546,25870,0.244068
9546,28687,0.094658
9547,18717,0.066995
9547,18043,0.08332
9548,22309,0.419006
9548,19467,0.135258
9548,16227,0.16243
9549,24238,0.107351
9549,25100,0.463284
9549,28348,0.078655
9550,16104,0.187458
9551,24242,0.17514
9552,18933,0.180353
9553,17780,0.329885
9553,26525,0.129044
9554,24243,0.069588
9554,24592,0.207424
9554,28776,0.109718
9555,24245,0.0503
9556,24246,0.503004
9557,16173,0.314739
9558,16103,0.298006
9559,16116,0.393779
9559,24249,0.323386
9560,22541,0.492311
9561,24250,0.29536
9562,24251,0.288662
9562,25107,0.119452
9562,26840,0.119422
9563,21362,0.431114
9564,24253,0.44478
9565,22121,0.303698
9566,24254,0.43881
9567,16197,0.397025
9568,24255,0.109614
9568,24521,0.065942
9568,25628,0.283028
9569,23655,0.318058
9570,17225,0.339534
9571,16484,0.388476
9572,16561,0.378831
9573,16207,0.134852
9574,16612,0.164911
9574,16270,0.303219
9574,16104,0.087433
9575,17101,0.154119
9576,16279,0.322262
9577,16052,0.233865
9578,16117,0.744001
9579,16197,0.269804
9580,24261,0.57316
9581,16861,0.11957
9581,17473,0.18899
9582,24141,0.128998
9582,24817,0.057754
9582,20724,0.069247
9582,18761,0.09947
9583,16183,0.200138
9584,16091,0.235798
9585,16215,0.223481
9586,16230,0.131392
9586,24265,0.12329
9587,24266,0.417912
9588,16104,0.362609
9589,18209,0.27406
9589,20332,0.076632
9590,16158,0.507802
9591,24270,0.271974
9591,27412,0.195114
9592,24271,0.305823
9593,24275,0.293722
9594,16118,0.50026
9595,22941,0.492065
9596,24278,0.143819
9596,28665,0.087725
9596,23037,0.190874
9597,24279,0.133525
9597,29210,0.133589
9598,24281,0.261093
9598,17576,0.149315
9598,19106,0.094516
9599,24127,0.05031
9599,24647,0.180739
9599,25616,0.110102
9599,28561,0.111086
9600,24282,0.433831
9600,19374,0.110343
9601,24283,0.474254
9602,24284,0.318963
9603,17823,0.21316
9604,24285,0.465616
9605,17493,0.079765
9605,16279,0.137719
9606,19757,0.201429
9607,19664,0.416231
9608,16052,0.415265
9609,19137,0.465019
9610,16270,0.372245
9611,20752,0.31853
9612,16092,0.200625
9613,17655,0.389012
9614,17473,0.267293
9615,24286,0.0533
9615,26932,0.091653
9615,27588,0.065258
9615,28209,0.065043
9616,16951,0.234371
9616,24288,0.256984
9617,16760,0.30271
9618,24289,0.720625
9619,16270,0.263121
9619,16612,0.186607
9620,16118,0.156376
9620,17998,0.494588
9621,20796,0.489825
9622,16702,0.459983
9623,24290,0.430902
9623,29189,0.201917
9624,24291,0.274919
9625,24293,0.214727
9626,18137,0.472827
9627,16173,0.834311
9628,16132,0.369765
9629,17170,0.292065
9630,16412,0.085616
9630,25682,0.332186
9631,22700,0.393738
9632,24301,0.333101
9633,16645,0.333481
9634,24302,0.423981
9634,24531,0.052901
9635,16246,0.325696
9636,16342,0.223964
9637,24303,0.466745
9637,25861,0.16889
9638,19573,0.605257
9639,17085,0.232939
9640,24308,0.55361
9640,28617,0.214619
9641,22047,0.225312
9642,22566,0.187138
9642,18916,0.199098
9642,17766,0.09929
9642,26592,0.130865
9642,20765,0.078803
9643,17233,0.214055
9644,16414,0.195163
9645,16207,0.107147
9645,18323,0.222598
9646,16339,0.235197
9647,16068,0.382418
9647,16927,0.190733
9648,24311,0.486421
9648,24312,0.384113
9649,16567,0.102387
9650,24313,0.705406
9651,24314,0.063971
9651,24708,0.139715
9651,23059,0.159054
9651,27671,0.063451
9652,17513,0.334573
9653,16573,0.614654
9654,16195,0.539321
9655,16275,0.157472
9655,16417,0.148432
9656,16275,0.084624
9656,16340,0.092153
9657,24324,0.375259
9658,16274,0.206751
9659,24326,0.153249
9659,27253,0.208155
9660,24327,0.549453
9661,16484,0.109824
9662,16565,0.205485
9663,16185,0.372103
9664,24331,0.438809
9665,24332,0.189668
9665,27346,0.278714
9665,27733,0.056298
9666,16567,0.146911
9667,18981,0.360779
9667,27707,0.110956
9668,16330,0.749819
9669,24334,0.301972
9670,16856,0.061211
9670,24446,0.062774
9671,18060,0.234071
9671,20886,0.089743
9672,18577,0.633031
9673,24151,0.070113
9673,26020,0.29224
9673,22608,0.205897
9674,24335,0.209333
9674,24818,0.171451
9675,17383,0.083152
9676,24338,0.178703
9677,24339,0.38407
9678,24340,0.239733
9679,19821,0.306972
9679,16723,0.109663
9679,27311,0.052584
9679,17920,0.115406
9680,19462,0.189509
9681,16830,0.343448
9682,18007,0.481185
9683,16342,0.215488
9684,24342,0.087547
9684,20648,0.116702
9684,18403,0.119092
9685,24343,0.398781
9685,26057,0.186251
9686,19995,0.397733
9687,24344,0.447553
9688,24347,0.329569
9689,16052,0.069548
9690,24348,0.325429
9690,25008,0.14904
9690,25071,0.148893
9691,22060,0.063977
9691,22763,0.08597
9691,16149,0.084898
9691,28483,0.062723
9692,24350,0.317109
9693,24351,0.220749
9693,27045,0.103621
9694,24352,0.27363
9695,19800,0.163556
9695,27181,0.084147
9695,24115,0.127552
9696,24353,0.572637
9696,25254,0.14924
9697,24354,0.345653
9697,27960,0.142973
9698,24356,0.678903
9699,24357,0.349371
9699,25597,0.161092
9700,16413,0.313621
9701,17780,0.250024
9702,16279,0.321731
9703,24359,0.229965
9704,24098,0.542765
9705,24361,0.414138
9706,16092,0.282722
9707,16722,0.216919
9708,17936,0.355148
9709,16279,0.063101
9710,24365,0.130942
9711,24367,0.42171
9711,24945,0.197622
9712,16054,0.217523
9713,16545,0.317734
9714,16092,0.309072
9715,24368,0.583019
9716,24369,0.310876
9717,24370,0.37632
9718,24371,0.546321
9719,22293,0.190276
9719,17774,0.225087
9720,18209,0.236502
9721,24372,0.187571
9721,25381,0.101382
9721,19863,0.072362
9722,16558,0.357872
9723,16786,0.400194
9723,24374,0.401145
9724,24376,0.089329
9724,25268,0.065281
9724,28985,0.065431
9725,24377,0.636252
9726,24378,0.492123
9727,17124,0.172307
9727,17956,0.209572
9727,18104,0.073339
9728,17494,0.053498
9728,16702,0.424916
9729,24379,0.888266
9730,16052,0.263008
9731,18455,0.183249
9732,17198,0.303613
9733,24384,0.401444
9734,19697,0.23216
9735,24387,0.580735
9736,24388,0.091162
9737,24389,0.157305
9737,26708,0.074747
9737,28146,0.074747
9737,29196,0.051631
9738,16104,0.390766
9739,16510,0.176423
9740,16280,0.563292
9741,16322,0.391265
9742,19377,0.305227
9742,26560,0.194906
9743,24391,0.214851
9744,20646,0.257638
9744,24875,0.101553
9744,17713,0.182209
9745,16483,0.209683
9746,24395,0.052327
9747,24396,0.220079
9747,17514,0.067798
9747,25750,0.097404
9747,19314,0.053486
9748,18686,0.107318
9749,20570,0.450054
9750,17586,0.243524
9751,24401,0.099631
9751,24130,0.088445
9751,18530,0.133447
9752,20111,0.290204
9753,24402,0.815293
9754,16068,0.324529
9755,16103,0.341168
9756,24406,0.420021
9757,24408,0.41684
9758,16927,0.395837
9759,16101,0.403676
9760,17649,0.423555
9761,20545,0.45728
9762,21334,0.388799
9762,17020,0.282437
9763,17807,0.559519
9764,16279,0.109765
9765,24414,0.667026
9766,16270,0.694025
9767,17884,0.172771
9767,21219,0.093014
9768,16549,0.174608
9769,16114,0.415559
9770,23955,0.403601
9770,28495,0.246896
9771,24415,0.179401
9772,24416,0.228593
9772,27339,0.177849
9773,24417,0.100737
9774,16483,0.313681
9775,24419,0.266077
9776,24420,0.246459
9777,16197,0.271789
9778,21395,0.475506
9779,16573,0.068812
9780,19798,0.178006
9780,19544,0.085638
9780,19372,0.099423
9780,17300,0.098634
9781,24422,0.172885
9781,25759,0.128537
9781,28797,0.117644
9782,17542,0.270012
9783,17655,0.272581
9784,16423,0.200703
9784,17738,0.147215
9784,28454,0.110946
9785,16614,0.440359
9786,20243,0.149835
9787,24428,0.447772
9788,20111,0.252564
9789,22553,0.091143
9789,24429,0.375232
9790,24430,0.672335
9791,16085,0.338017
9791,24987,0.179093
9792,16118,0.13464
9793,24433,0.718301
9794,19161,0.427905
9795,16854,0.320732
9796,18530,0.357868
9796,19243,0.320831
9797,21723,0.723923
9798,16414,0.25262
9799,16415,0.228982
9800,24435,0.069812
9800,16275,0.060501
9801,24436,0.053419
9801,26522,0.266674
9802,19582,0.254942
9802,25914,0.190878
9803,24438,0.29983
9803,26505,0.162042
9804,22491,0.097998
9804,24970,0.326469
9805,19344,0.373113
9806,16409,0.101324
9807,16207,0.173328
9807,16560,0.272755
9808,17010,0.343221
9809,16173,0.112159
9810,16173,0.126609
9811,20683,0.43889
9812,16783,0.267146
9813,24443,0.340902
9813,29228,0.330619
9814,24444,0.613807
9815,16175,0.235565
9815,16173,0.291079
9816,24445,0.142027
9816,24571,0.173477
9816,21953,0.110907
9817,24244,0.191486
9818,20780,0.352385
9818,17362,0.069171
9819,18007,0.354244
9820,24448,0.097344
9820,24813,0.072716
9820,24012,0.076344
9821,24449,0.241236
9822,16275,0.233023
9823,24451,0.453659
9824,24452,0.316583
9825,24453,0.195579
9825,28748,0.161882
9826,24455,0.40799
9827,17225,0.227806
9828,20142,0.074753
9828,24679,0.104038
9828,24873,0.167475
9829,16118,0.257903
9830,17521,0.243152
9831,24457,0.184776
9831,24458,0.370852
9831,16137,0.059421
9831,28352,0.055908
9832,24459,0.072332
9832,24460,0.434667
9832,28149,0.064425
9832,27404,0.063391
9833,24461,0.194425
9834,24463,0.402373
9835,16173,0.265346
9836,16215,0.224152
9837,16279,0.453474
9838,24464,0.086882
9838,18419,0.190274
9839,24465,0.114114
9839,24736,0.131991
9839,18466,0.134397
9840,24467,0.206672
9840,26895,0.149306
9841,24414,0.420261
9842,18043,0.111117
9842,25715,0.067129
9842,16399,0.061798
9843,24469,0.086398
9843,17259,0.468368
9844,22924,0.305535
9845,16101,0.116392
9845,16100,0.083285
9846,16612,0.075097
9847,24471,0.340882
9847,25250,0.122487
9847,28888,0.068429
9848,16558,0.083537
9849,16892,0.380991
9849,17481,0.198222
9849,20620,0.089001
9850,16132,0.13076
9851,24474,0.25558
9852,18686,0.067436
9853,24476,0.228395
9854,18214,0.216151
9855,24477,0.124618
9856,21389,0.304288
9857,24479,0.43113
9858,17087,0.550496
9859,24480,0.540597
9859,24495,0.127893
9860,16112,0.065368
9861,17013,0.21252
9861,17374,0.219253
9861,20622,0.189475
9862,24484,0.074402
9862,27670,0.327637
9862,28503,0.074404
9862,29220,0.074404
9863,16182,0.369925
9864,16175,0.284868
9865,24486,0.091839
9866,24487,0.14668
9866,25982,0.059091
9867,16415,0.121368
9868,17847,0.189575
9869,16835,0.189662
9870,24489,0.146796
9870,27441,0.416995
9871,24176,0.33892
9872,17874,0.076762
9872,21181,0.280764
9872,17395,0.07684
9873,18600,0.260024
9874,16788,0.314573
9874,17300,0.154138
9875,23401,0.246126
9875,24920,0.178096
9875,28992,0.053213
9876,24496,0.504917
9877,17363,0.083466
9877,18644,0.130688
9878,24497,0.577863
9879,23568,0.135254
9879,16446,0.057796
9880,24499,0.086805
9880,25727,0.423742
9881,17410,0.137335
9881,28246,0.087281
9881,29149,0.062427
9882,24500,0.106006
9882,24630,0.090542
9882,25792,0.059286
9883,16142,0.24329
9884,24502,0.408307
9885,24504,0.132118
9885,26150,0.097038
9885,26650,0.079054
9886,24505,0.531164
9887,24507,0.270004
9888,24509,0.09267
9888,17035,0.101659
9888,16487,0.118563
9888,27801,0.092683
9889,18018,0.158112
9890,16173,0.176478
9891,16112,0.10529
9891,16113,0.083717
9892,18978,0.313405
9893,22916,0.370744
9894,24513,0.210723
9894,26799,0.178426
9895,24514,0.224125
9896,16102,0.243612
9897,18865,0.582411
9898,16414,0.108
9899,24518,0.266239
9900,16228,0.429663
9900,19467,0.191341
9901,24520,0.33586
9902,18483,0.350467
9902,18508,0.104013
9903,16197,0.352883
9904,17473,0.286393
9905,16940,0.219679
9906,21936,0.38048
9907,18898,0.155321
9907,17383,0.247811
9908,17473,0.630349
9909,19327,0.077038
9909,16760,0.157538
9910,24525,0.835695
9911,16103,0.109871
9911,16549,0.164105
9912,17528,0.612385
9913,24526,0.354084
9914,16185,0.145408
9915,24528,0.216885
9916,17257,0.371537
9917,17002,0.065525
9918,17396,0.073387
9918,17972,0.152377
9918,28169,0.139106
9919,16483,0.281915
9920,18225,0.054319
9921,16087,0.12679
9922,24535,0.079046
9922,18238,0.112759
9922,24536,0.063524
9922,22800,0.203693
9922,18255,0.063163
9923,17780,0.229088
9924,16279,0.198696
9925,24538,0.821963
9926,16160,0.515984
9927,16132,0.409474
9928,16079,0.376643
9929,16195,0.061777
9930,17101,0.343816
9931,16234,0.169594
9932,16175,0.182051
9933,24542,0.122225
9933,24543,0.103634
9933,24672,0.057998
9933,19035,0.186786
9933,26195,0.057975
9933,28317,0.057958
9933,21456,0.060268
9934,24547,0.374347
9934,26967,0.225096
9935,24548,0.591984
9936,16612,0.863177
9937,24549,0.294944
9937,24586,0.114341
9938,24551,0.602303
9939,16736,0.186741
9939,27526,0.23745
9940,17481,0.20922
9940,24676,0.260501
9941,17101,0.340194
9942,16545,0.251294
9943,16342,0.390127
9944,17688,0.54719
9944,20749,0.147821
9945,16119,0.220599
9946,17998,0.175719
9947,17655,0.379967
9948,24553,0.597532
9949,16215,0.061123
9950,24555,0.217517
9951,24556,0.117656
9951,28061,0.313079
9952,24557,0.083167
9952,21689,0.115951
9953,16756,0.350467
9954,16637,0.303477
9954,17083,0.302259
9955,16195,0.4896
9956,16175,0.381915
9957,16195,0.108053
9958,20577,0.171937
9958,16243,0.16732
9959,16619,0.053684
9960,16279,0.315938
9961,18525,0.237165
9961,28227,0.111154
9962,24561,0.878803
9963,24562,0.43899
9963,26781,0.171439
9964,16052,0.083497
9965,18670,0.052187
9966,24566,0.549948
9967,24567,0.409543
9968,24569,0.618041
9969,24572,0.266804
9970,24573,0.122252
9970,28306,0.088006
9971,16068,0.125626
9972,20059,0.314585
9973,24575,0.169867
9974,24576,0.326972
9975,24577,0.144971
9976,24579,0.547444
9977,24581,0.548034
9978,21932,0.118021
9978,17117,0.057459
9978,16947,0.054564
9978,17629,0.166635
9979,16102,0.420262
9980,16926,0.322398
9981,16173,0.399563
9982,24588,0.080481
9983,22688,0.171749
9983,16575,0.075914
9984,24590,0.162954
9984,19753,0.219128
9985,18600,0.277918
9986,16104,0.068141
9987,24591,0.452354
9988,17306,0.074828
9988,25478,0.110402
9988,26422,0.052442
9988,20669,0.064021
9989,21297,0.252908
9990,16068,0.136481
9991,18748,0.361154
9992,24593,0.400689
9993,16484,0.106946
9994,16822,0.186643
9995,16100,0.131286
9996,16132,0.408841
9997,24595,0.35534
9998,16100,0.364503
9999,16197,0.125808
10000,16612,0.382316
10001,23747,0.363128
10002,20731,0.307688
10003,17465,0.376713
10004,17326,0.262601
10005,23099,0.496472
10006,17147,0.246178
10007,24598,0.120479
10007,24830,0.506153
10008,16195,0.317998
10009,16210,0.411066
10010,24599,0.154642
10011,16093,0.199688
10012,16052,0.080025
10013,16275,0.172712
10014,22514,0.236641
10014,17007,0.302716
10014,16388,0.231191
10015,16545,0.200236
10016,17593,0.136312
10017,17225,0.322494
10018,24602,0.526589
10019,16417,0.123442
10020,16174,0.418739
10021,16484,0.272627
10022,17266,0.409739
10023,18000,0.10801
10024,16104,0.184652
10025,16964,0.251455
10026,16119,0.347771
10027,24605,0.098384
10027,28717,0.098424
10027,28822,0.098433
10028,18809,0.197495
10028,19697,0.194246
10029,16102,0.121533
10030,16103,0.37304
10031,16091,0.127571
10032,16514,0.456229
10033,20469,0.340398
10034,16756,0.093909
10035,24611,0.174411
10035,22265,0.072466
10036,24612,0.19036
10036,28025,0.130678
10037,24615,0.409219
10037,24617,0.181049
10038,24616,0.570337
10039,16101,0.050141
10040,16279,0.371169
10041,24212,0.192298
10041,26790,0.157479
10041,26996,0.157508
10042,17593,0.42163
10043,24619,0.562167
10044,24620,0.74223
10045,18558,0.320979
10045,16086,0.060693
10046,24621,0.469846
10046,17531,0.371846
10047,24622,0.858938
10048,16573,0.330602
10049,16207,0.231557
10050,16129,0.175652
10051,16342,0.059924
10051,16558,0.055329
10052,16160,0.398996
10053,16742,0.403818
10054,17259,0.190453
10055,18307,0.170481
10055,23870,0.137357
10055,25910,0.055782
10055,26418,0.057336
10056,24627,0.328401
10057,24629,0.146283
10058,16412,0.124885
10059,22402,0.47794
10060,17241,0.429727
10060,23687,0.245657
10061,16414,0.136886
10062,17092,0.224459
10062,17630,0.201991
10063,17875,0.273936
10064,16102,0.144078
10065,24635,0.379972
10066,16068,0.086453
10067,16546,0.387773
10067,16068,0.295198
10068,24638,0.343094
10069,24639,0.342642
10069,16268,0.082114
10070,19027,0.295053
10071,16609,0.282844
10071,16853,0.367578
10072,24641,0.509322
10073,16500,0.277634
10073,16089,0.384414
10074,18742,0.255164
10074,25952,0.458038
10074,19417,0.135095
10075,17360,0.232508
10076,16340,0.45324
10077,16114,0.114421
10077,16113,0.055381
10077,16068,0.141776
10078,24646,0.137948
10078,17087,0.137747
10079,16232,0.156475
10080,24651,0.549379
10081,16279,0.157415
10082,24652,0.417651
10083,19687,0.554341
10084,24653,0.320322
10084,26843,0.165577
10085,19180,0.103054
10085,25081,0.120273
10085,26367,0.055699
10085,22101,0.224702
10086,24654,0.163481
10087,21283,0.087371
10087,27599,0.090102
10087,27714,0.291091
10087,23769,0.116841
10088,24655,0.19386
10088,24656,0.322775
10088,17765,0.219117
10089,16235,0.223001
10090,24658,0.059919
10090,22838,0.127457
10091,16676,0.121024
10091,20405,0.102224
10092,17383,0.065538
10093,17155,0.164087
10094,24659,0.27966
10095,16417,0.240687
10096,16612,0.163548
10097,23948,0.28668
10098,24660,0.219982
10098,25125,0.065273
10098,25126,0.194023
10099,24661,0.107474
10099,27542,0.106834
10100,21254,0.102629
10100,28332,0.109607
10101,16195,0.067558
10102,16104,0.525524
10103,16175,0.375868
10104,16547,0.270528
10105,17780,0.064603
10105,16167,0.107851
10106,16636,0.223832
10106,22179,0.200406
10106,28312,0.060319
10107,22102,0.056527
10108,24667,0.10452
10108,19460,0.163528
10108,17039,0.150832
10108,18666,0.104678
10109,16118,0.082343
10110,16270,0.251692
10111,18184,0.092986
10111,25022,0.201878
10111,17341,0.180954
10112,16467,0.751451
10113,20866,0.528065
10114,16104,0.056496
10115,22321,0.471206
10116,16068,0.075218
10117,16619,0.321271
10118,17371,0.18952
10119,16294,0.210155
10120,16279,0.167708
10121,16098,0.112122
10122,23866,0.103239
10123,16113,0.196506
10124,24676,0.10675
10124,28053,0.17675
10125,16091,0.337058
10126,24677,0.094628
10126,19773,0.199335
10126,19775,0.079199
10127,20810,0.436613
10128,16649,0.873495
10129,16927,0.052063
10129,16112,0.122743
10130,16760,0.120034
10130,19327,0.075928
10131,24681,0.583523
10132,17833,0.378276
10132,23408,0.256604
10133,24683,0.177015
10134,16567,0.315518
10135,16741,0.115064
10135,19877,0.115234
10136,24688,0.265843
10137,24689,0.333074
10138,24690,0.395365
10139,24691,0.054152
10139,26591,0.085073
10139,16355,0.177526
10140,16102,0.436061
10141,19643,0.181716
10142,24692,0.062008
10142,28837,0.135431
10143,23969,0.146481
10144,24693,0.380708
10145,16207,0.328398
10146,22454,0.673789
10147,16132,0.109317
10148,22355,0.082263
10149,16118,0.08896
10149,16559,0.112366
10150,18445,0.414294
10151,16119,0.295286
10152,16118,0.055763
10153,24695,0.180045
10154,16118,0.278124
10155,24696,0.484137
10156,21187,0.32711
10156,29128,0.135303
10157,16119,0.183581
10158,24700,0.367174
10159,24701,0.622957
10160,24702,0.400765
10161,16414,0.315802
10162,24626,0.387886
10163,19080,0.23045
10164,24706,0.273446
10164,18594,0.346345
10164,26943,0.075901
10165,16722,0.100501
10165,16612,0.134961
10166,16052,0.096217
10167,16414,0.401301
10168,24709,0.158377
10168,28626,0.08804
10169,24710,0.549302
10170,19623,0.352332
10171,16215,0.489074
10172,19107,0.239766
10173,16545,0.076779
10174,16070,0.322349
10174,19005,0.109864
10175,24712,0.639796
10176,16175,0.125254
10177,24713,0.364463
10178,20014,0.272445
10178,20015,0.096836
10179,16131,0.710809
10180,22795,0.365507
10181,16545,0.056898
10182,24717,0.429541
10183,24718,0.150556
10183,26021,0.08439
10184,20111,0.552489
10185,24721,0.202856
10185,25655,0.282793
10186,16068,0.055355
10187,22007,0.591639
10188,16712,0.094616
10189,24726,0.055857
10189,24886,0.118287
10189,28645,0.058695
10190,16175,0.432292
10190,16173,0.390204
10191,24727,0.118804
10191,24728,0.405857
10192,17473,0.314183
10193,24729,0.274413
10194,24730,0.390734
10195,24189,0.243071
10195,25591,0.265328
10195,28492,0.0705
10196,16091,0.265118
10197,24732,0.402707
10197,28048,0.184387
10198,17646,0.085343
10198,16903,0.072283
10199,24734,0.393545
10200,18686,0.156331
10201,21606,0.197399
10201,18169,0.392063
10201,21174,0.070513
10201,27622,0.078247
10202,19850,0.056526
10203,24739,0.405028
10204,19643,0.154432
10205,21350,0.532901
10206,18577,0.096569
10207,16093,0.434807
10208,16354,0.147873
10209,24743,0.113027
10210,17541,0.095347
10210,20030,0.070104
10211,23349,0.16444
10211,18614,0.230545
10212,16545,0.179669
10213,24749,0.504214
10214,18197,0.096068
10215,24750,0.31874
10215,26098,0.07158
10216,23045,0.209303
10216,16768,0.108455
10216,16897,0.063868
10217,23648,0.206526
10218,16414,0.221005
10219,24752,0.344318
10220,17158,0.12337
10220,17371,0.10112
10221,16101,0.221476
10222,16957,0.37689
10222,17147,0.339049
10223,24755,0.464797
10223,24760,0.101795
10224,24756,0.435655
10225,24758,0.434423
10226,24759,0.109238
10226,25155,0.295103
10226,26264,0.109238
10227,16068,0.173425
10228,21913,0.214295
10229,16173,0.064625
10230,24764,0.525134
10231,16185,0.3824
10232,18840,0.351101
10232,24768,0.220824
10232,18808,0.165484
10233,24770,0.05345
10234,20286,0.306561
10234,18105,0.117191
10234,20664,0.057305
10235,20986,0.054859
10235,17400,0.34674
10235,25484,0.102348
10236,16095,0.316494
10236,18579,0.22162
10236,16829,0.171014
10237,24772,0.188388
10238,17688,0.144934
10238,16300,0.121286
10239,16342,0.282084
10240,17233,0.155059
10241,23807,0.090397
10242,24776,0.225483
10243,20780,0.568908
10244,16174,0.055503
10245,24777,0.420324
10246,16207,0.262522
10247,22852,0.327565
10247,22851,0.071173
10247,29230,0.056496
10248,17596,0.776591
10249,24780,0.438313
10249,27955,0.130024
10250,20679,0.110754
10251,16354,0.150087
10252,24781,0.260983
10252,23636,0.29709
10253,16079,0.326897
10254,16079,0.212766
10255,24786,0.502281
10256,18330,0.513864
10256,24788,0.180158
10257,24645,0.443374
10257,16691,0.181836
10257,25487,0.107321
10258,24790,0.587878
10259,24791,0.527914
10260,21287,0.577181
10261,16484,0.075916
10262,23403,0.166151
10262,16182,0.212068
10263,16760,0.252865
10263,23403,0.232915
10264,24793,0.166715
10265,16484,0.416112
10266,16118,0.244126
10267,24795,0.3944
10268,16118,0.217941
10269,24797,0.111906
10269,26662,0.163428
10270,24798,0.379034
10271,16159,0.050444
10272,24801,0.379397
10273,24802,0.134372
10274,16414,0.270953
10275,24803,0.121526
10275,26235,0.208543
10276,18841,0.457084
10277,23747,0.202799
10278,20777,0.617878
10279,16619,0.347688
10280,20469,0.059772
10281,19701,0.300229
10281,25152,0.122603
10282,24807,0.651084
10283,24808,0.349375
10283,25685,0.219835
10284,16101,0.37021
10285,24810,0.200625
10286,16091,0.056276
10287,16182,0.439578
10288,24811,0.20683
10288,28010,0.198059
10289,16926,0.348994
10290,24814,0.570769
10291,24527,0.340013
10292,18018,0.191731
10293,24816,0.532298
10294,16567,0.270325
10295,24819,0.216038
10296,16102,0.316865
10297,17233,0.192656
10298,24820,0.209174
10299,24821,0.357754
10300,24824,0.318593
10301,24825,0.076835
10301,24826,0.107092
10301,17692,0.262874
10301,28180,0.164883
10302,16582,0.293256
10302,22461,0.052603
10302,26059,0.089241
10303,16412,0.302126
10304,24827,0.178091
10304,27067,0.138784
10305,21294,0.053007
10306,19012,0.232025
10307,16270,0.361165
10308,17514,0.527539
10309,24829,0.473499
10309,28695,0.131434
10310,24831,0.199422
10311,21578,0.345373
10311,17884,0.082064
10312,16175,0.267839
10313,24834,0.534843
10314,24836,0.099508
10315,19963,0.421653
10316,24840,0.388748
10317,17383,0.286468
10318,17181,0.336267
10318,28746,0.13035
10319,24843,0.222867
10320,24844,0.233225
10320,28688,0.069195
10321,16175,0.322491
10322,16185,0.12344
10322,16414,0.250983
10323,19461,0.285355
10323,20761,0.312347
10324,19259,0.396084
10324,26265,0.103051
10325,16114,0.744634
10326,21525,0.269599
10327,19090,0.258125
10328,24846,0.051303
10329,16195,0.063434
10330,17473,0.096103
10330,17439,0.234085
10331,24848,0.68093
10332,24850,0.195802
10332,26867,0.236703
10333,16232,0.052333
10334,24853,0.155712
10335,24854,0.369966
10336,19434,0.083748
10337,24855,0.32052
10337,24856,0.153731
10337,18410,0.284418
10338,16561,0.168417
10338,16092,0.120817
10339,19417,0.283736
10340,24857,0.386128
10341,24858,0.297738
10341,26055,0.161187
10342,23625,0.154618
10342,26501,0.060688
10343,24859,0.189083
10344,23606,0.058241
10345,23242,0.273931
10346,19002,0.086944
10347,16279,0.284774
10348,24861,0.441958
10349,24862,0.526913
10350,17901,0.353681
10351,24863,0.611394
10352,24864,0.550851
10353,24865,0.486744
10354,24866,0.522757
10355,16102,0.197233
10356,20869,0.234988
10356,18936,0.16472
10357,16182,0.422218
10358,24870,0.227217
10359,24871,0.330093
10360,21170,0.285761
10360,26317,0.28607
10361,16118,0.156815
10362,19107,0.096023
10362,16521,0.103204
10362,17879,0.081189
10362,16773,0.134621
10363,18037,0.336442
10364,20016,0.303717
10365,24879,0.532844
10366,24880,0.075131
10366,26514,0.145991
10366,28518,0.094654
10367,24881,0.205138
10368,24882,0.1675
10369,24883,0.334165
10369,24550,0.172407
10370,16119,0.347963
10371,24885,0.147556
10372,19543,0.09452
10372,25265,0.120607
10372,27276,0.145833
10372,28224,0.057452
10373,16820,0.803621
10374,16131,0.404284
10375,24887,0.43323
10376,16644,0.476053
10377,24889,0.21407
10377,20331,0.234624
10377,24890,0.141035
10377,18530,0.078683
10378,19257,0.109887
10378,16382,0.142662
10378,26420,0.169711
10378,17035,0.18924
10378,18830,0.172707
10379,16175,0.34978
10379,18959,0.184516
10379,16173,0.06387
10380,16414,0.116647
10381,16957,0.431041
10381,19395,0.309508
10382,21312,0.248146
10383,24891,0.515441
10384,24892,0.440261
10385,16160,0.457758
10386,20293,0.188473
10386,26049,0.162092
10386,26609,0.180265
10387,16845,0.270853
10387,16982,0.150158
10388,16619,0.13691
10389,17104,0.42858
10390,16102,0.396406
10391,24895,0.107973
10391,26029,0.230333
10392,18523,0.48533
10393,23672,0.414204
10393,24896,0.431463
10394,24897,0.268509
10394,26530,0.150099
10395,16183,0.076676
10396,24899,0.469648
10397,16342,0.363059
10398,19638,0.297798
10398,28481,0.17698
10399,24904,0.363153
10399,25293,0.320533
10400,16215,0.109098
10401,19128,0.719881
10402,18210,0.249038
10403,19822,0.585117
10404,16103,0.114028
10405,24910,0.072498
10406,16408,0.395615
10407,23393,0.621839
10408,20463,0.340163
10409,24915,0.13603
10409,18840,0.159901
10409,27623,0.372248
10410,24916,0.203842
10410,26043,0.141214
10410,24900,0.132097
10410,29026,0.110255
10411,24917,0.466656
10412,17875,0.106038
10413,16465,0.151987
10413,17419,0.328743
10414,24921,0.118314
10414,26263,0.058557
10415,24922,0.375988
10416,19079,0.326427
10417,20072,0.149253
10417,20138,0.325664
10418,24923,0.223512
10418,26085,0.223508
10419,16052,0.591648
10420,16612,0.238709
10421,24926,0.392487
10422,24927,0.213923
10423,16100,0.421432
10424,16274,0.413453
10425,22685,0.163306
10426,16549,0.325146
10427,17780,0.101333
10428,24930,0.512084
10429,16567,0.556982
10430,24932,0.574049
10431,24933,0.386087
10432,24935,0.096214
10432,24936,0.210092
10432,19106,0.171725
10433,21812,0.194112
10434,19623,0.230314
10435,16991,0.138784
10435,16471,0.11548
10435,17035,0.074882
10436,20111,0.251445
10437,16279,0.184274
10438,16208,0.052249
10439,24944,0.319193
10440,19507,0.200655
10441,16131,0.222787
10442,22408,0.203073
10442,21175,0.124557
10442,21941,0.092649
10443,16414,0.068687
10443,25141,0.059737
10443,16053,0.122197
10444,24948,0.14799
10444,20195,0.327178
10445,24949,0.493222
10446,24950,0.154822
10446,22938,0.191209
10446,28911,0.081901
10447,24951,0.068752
10447,21697,0.212358
10448,24952,0.658811
10449,18169,0.287846
10449,22528,0.208001
10449,18453,0.086632
10450,24953,0.080686
10450,17821,0.172581
10451,24954,0.430796
10452,16484,0.174436
10452,28173,0.054077
10453,16280,0.342327
10453,16053,0.237661
10454,21470,0.197871
10454,26688,0.05598
10455,16183,0.338297
10456,22587,0.075013
10456,17395,0.110387
10457,16612,0.398595
10458,16487,0.425825
10459,19186,0.274724
10459,24958,0.065951
10459,18011,0.052243
10459,20360,0.065504
10460,19343,0.17558
10460,18278,0.146425
10461,24960,0.445132
10462,24961,0.36088
10462,25754,0.098409
10462,27731,0.099605
10463,24962,0.201997
10464,24963,0.735212
10465,16124,0.052153
10466,16567,0.352385
10467,16771,0.15532
10468,23936,0.251707
10468,28804,0.254493
10469,16275,0.170628
10470,24968,0.376497
10471,20372,0.202929
10472,16183,0.088583
10473,16119,0.305175
10474,24969,0.3042
10475,24971,0.235812
10476,18608,0.462263
10476,24972,0.150558
10476,25210,0.174037
10477,24973,0.231392
10478,24975,0.440289
10479,19162,0.297902
10480,17628,0.334038
10480,24520,0.094156
10481,16092,0.45871
10482,24977,0.722257
10483,16921,0.165319
10484,24510,0.244432
10484,28112,0.244446
10485,17572,0.405392
10486,24978,0.10587
10486,24979,0.098415
10486,21036,0.105864
10486,24980,0.105864
10487,16102,0.49116
10488,16124,0.188243
10489,21649,0.290463
10490,24982,0.303653
10491,16270,0.333377
10491,16612,0.139728
10491,16649,0.069473
10492,17710,0.283566
10493,17901,0.1696
10493,16224,0.175543
10493,24690,0.282428
10493,26407,0.129177
10494,24984,0.385522
10495,18074,0.236705
10495,21808,0.096781
10495,20557,0.12391
10496,16727,0.500508
10496,17924,0.209905
10497,18667,0.342405
10498,24989,0.169023
10499,16470,0.26278
10499,24991,0.221434
10500,24990,0.260579
10501,16160,0.224249
10502,16185,0.126365
10503,16549,0.384887
10504,16148,0.107765
10504,24996,0.272227
10505,24993,0.133439
10505,24994,0.210445
10506,24995,0.779394
10507,24997,0.114077
10507,25924,0.223742
10507,26551,0.187467
10508,24998,0.108408
10508,25669,0.109166
10509,24999,0.42713
10510,16872,0.323839
10510,19319,0.055924
10511,16113,0.129517
10512,16207,0.228976
10513,20383,0.08232
10514,16118,0.153776
10514,16722,0.156318
10515,18188,0.198214
10515,25789,0.086666
10516,16052,0.051612
10517,25004,0.429054
10518,23991,0.103042
10519,25006,0.117978
10520,25007,0.33624
10521,25009,0.25443
10521,28535,0.064012
10521,16813,0.129779
10522,25010,0.370364
10522,17547,0.082299
10522,25009,0.085129
10523,16279,0.214418
10524,16175,0.0885
10525,25016,0.608385
10526,25017,0.605631
10527,16114,0.338429
10528,25019,0.47202
10529,16103,0.392891
10530,25021,0.658695
10531,24399,0.20443
10532,20537,0.081942
10532,17784,0.066613
10532,20496,0.057927
10533,19213,0.125849
10533,25023,0.125885
10534,16183,0.154738
10535,16068,0.087986
10536,16686,0.296713
10536,16968,0.138681
10536,17005,0.094086
10537,16101,0.161361
10538,16068,0.455657
10539,19915,0.298941
10539,19195,0.096208
10540,19195,0.265237
10541,17202,0.169879
10542,25027,0.247012
10543,25029,0.577513
10544,16182,0.070847
10545,25030,0.522242
10546,16117,0.191234
10547,16118,0.464008
10548,16182,0.088444
10549,25034,0.092383
10549,16421,0.095301
10550,22265,0.110114
10550,17266,0.067679
10551,16549,0.120628
10552,22580,0.449533
10553,25036,0.163366
10553,23395,0.186294
10554,25037,0.334566
10555,25039,0.697166
10556,17578,0.052501
10557,17628,0.169329
10557,29223,0.098192
10558,25041,0.097299
10559,17225,0.083738
10560,25042,0.333891
10561,23519,0.486096
10562,25043,0.239273
10563,16068,0.055898
10564,25046,0.411583
10565,18639,0.530157
10566,25047,0.214345
10566,16210,0.170391
10567,18563,0.490207
10567,25660,0.126186
10568,21308,0.06203
10568,18541,0.052829
10569,16559,0.201402
10570,23385,0.441979
10571,16091,0.274976
10572,16174,0.362084
10573,19903,0.109479
10573,27425,0.061281
10574,25050,0.214767
10575,25051,0.42791
10576,17593,0.418819
10577,20463,0.315102
10578,16573,0.156948
10579,16573,0.829162
10580,25052,0.102097
10580,26225,0.102097
10580,21697,0.222173
10581,25053,0.411556
10581,26376,0.135168
10582,25054,0.149309
10583,17233,0.306466
10584,25055,0.194071
10585,17233,0.254967
10586,22142,0.094001
10586,25058,0.160759
10586,22927,0.205422
10587,19012,0.394129
10588,16089,0.349997
10588,20413,0.101095
10589,25059,0.281101
10590,16119,0.3475
10591,16414,0.171706
10592,25062,0.123508
10592,27232,0.186363
10592,19888,0.063584
10593,25063,0.177911
10593,25064,0.137448
10594,16189,0.188029
10595,25065,0.223684
10596,25066,0.326081
10597,25067,0.467949
10598,25068,0.242843
10598,26140,0.242879
10599,25070,0.42889
10600,16545,0.836871
10601,17225,0.086967
10602,25072,0.065788
10602,25374,0.054426
10603,19174,0.544759
10604,25075,0.278809
10605,16530,0.262441
10606,18036,0.168571
10606,20626,0.280349
10607,25077,0.31429
10607,28437,0.09156
10608,16052,0.083989
10609,17634,0.112829
10610,25079,0.389159
10611,16722,0.120404
10612,24754,0.188136
10612,25514,0.188076
10612,16565,0.054453
10612,29333,0.063247
10613,25080,0.522568
10614,25082,0.110936
10615,16113,0.138675
10616,25083,0.177968
10616,25415,0.152595
10617,25085,0.178955
10618,18306,0.395052
10619,25087,0.301601
10619,23038,0.224911
10619,26479,0.130491
10620,25088,0.462389
10621,16619,0.061628
10622,16143,0.292342
10623,25095,0.336401
10623,28431,0.181809
10624,17277,0.322365
10625,22524,0.386598
10626,16052,0.2069
10627,21659,0.111127
10627,26147,0.136394
10627,27807,0.07168
10628,16068,0.248481
10629,25101,0.094192
10629,25939,0.131621
10630,25102,0.107579
10630,18445,0.140361
10631,16068,0.278914
10631,16760,0.156264
10632,16112,0.307519
10633,25104,0.500535
10634,20299,0.275081
10635,16614,0.326894
10635,18511,0.162887
10636,16173,0.455492
10637,25109,0.47145
10638,25110,0.084473
10638,25978,0.117991
10638,19874,0.217985
10639,25111,0.144302
10639,17384,0.185122
10639,16099,0.143672
10640,25112,0.066509
10640,16246,0.0778
10641,25113,0.539087
10642,20463,0.070293
10643,25117,0.116742
10644,16132,0.085076
10645,16619,0.638809
10646,25118,0.357018
10646,28497,0.227845
10647,16103,0.214276
10648,25120,0.297843
10648,25948,0.297843
10649,19534,0.099091
10649,26003,0.219516
10649,26793,0.100573
10650,17688,0.704408
10651,25122,0.227738
10651,17197,0.127072
10651,28187,0.276626
10652,25123,0.480322
10653,16175,0.225165
10653,16173,0.22162
10654,25127,0.536328
10655,21599,0.174532
10655,22486,0.176727
10656,18831,0.205157
10657,16068,0.079804
10658,16354,0.352075
10658,23557,0.096307
10659,16279,0.118621
10660,16711,0.085299
10661,16341,0.164358
10662,16612,0.051088
10663,17108,0.117349
10664,17715,0.092221
10664,25601,0.157836
10665,16279,0.314384
10666,16830,0.302883
10667,16413,0.377635
10668,22923,0.349864
10669,24595,0.532202
10670,16118,0.412411
10670,16339,0.32555
10671,25138,0.674095
10672,16207,0.253288
10673,25140,0.303641
10674,16160,0.106607
10675,25141,0.680615
10676,25142,0.111284
10676,26922,0.111284
10677,25143,0.089512
10678,25144,0.570452
10679,18067,0.355109
10679,18065,0.248081
10680,17383,0.406865
10681,25147,0.52718
10682,19116,0.223436
10682,22959,0.362529
10683,16924,0.184813
10683,16882,0.151258
10683,17759,0.117175
10684,25149,0.306276
10685,16568,0.228144
10686,17158,0.225224
10687,16274,0.088113
10688,16354,0.358488
10689,17439,0.286602
10689,26715,0.064211
10690,24881,0.072609
10690,23653,0.053946
10690,20788,0.053925
10690,19182,0.054412
10690,28116,0.065561
10691,16275,0.205134
10692,16195,0.526058
10693,16417,0.179199
10694,17119,0.283858
10695,25153,0.090821
10695,26616,0.070189
10695,18590,0.070496
10696,25154,0.205001
10696,27760,0.263232
10697,17930,0.500724
10698,22115,0.181009
10699,25159,0.29789
10700,25160,0.244454
10701,25161,0.091041
10701,18844,0.133896
10701,16921,0.201241
10701,18362,0.05945
10702,25162,0.325934
10703,16547,0.196316
10704,17685,0.298215
10704,19214,0.115436
10705,25165,0.258425
10705,28300,0.076607
10706,25167,0.758083
10707,25168,0.432612
10708,16417,0.353999
10709,16417,0.374412
10710,23255,0.352717
10711,18420,0.521956
10712,17198,0.481291
10713,25171,0.466696
10714,16897,0.077853
10714,19987,0.200474
10715,16210,0.277485
10716,25175,0.340916
10716,25560,0.11033
10716,26474,0.110355
10717,16412,0.58933
10718,16118,0.229471
10719,16207,0.743478
10720,16113,0.150956
10721,25177,0.098915
10721,17137,0.098834
10722,25178,0.571005
10723,19156,0.253257
10723,27923,0.239445
10724,16170,0.258577
10724,25183,0.332243
10725,25187,0.124098
10726,16093,0.314733
10726,25188,0.082728
10727,25189,0.34829
10728,25190,0.224875
10728,20304,0.126752
10729,25194,0.686556
10730,16182,0.405598
10731,16545,0.539842
10732,17655,0.157157
10733,21130,0.06161
10734,16483,0.131539
10735,16619,0.304824
10736,16274,0.447509
10737,22269,0.067765
10738,17057,0.054231
10739,25201,0.065664
10739,26984,0.108635
10740,19125,0.494339
10741,25204,0.09979
10741,16114,0.431174
10742,22189,0.136756
10742,28196,0.067476
10742,28347,0.093295
10742,16334,0.08271
10743,16174,0.483482
10744,16354,0.2993
10745,17429,0.453585
10745,18030,0.23519
10746,16105,0.367611
10746,19633,0.104632
10746,28084,0.087948
10747,25211,0.095799
10747,20495,0.06876
10747,26159,0.175214
10747,19990,0.075572
10748,16756,0.430059
10749,25213,0.41211
10750,18412,0.23649
10750,17791,0.067638
10751,16760,0.199261
10752,25214,0.30413
10753,25215,0.440145
10754,25216,0.415857
10755,24404,0.271639
10755,25217,0.225855
10756,19657,0.138975
10757,25218,0.370352
10758,19657,0.571959
10758,18712,0.296983
10759,17572,0.211137
10759,23918,0.204156
10760,25220,0.542049
10761,17655,0.196322
10762,16101,0.554925
10763,16484,0.068279
10764,17257,0.161773
10765,18933,0.141825
10766,16415,0.373108
10767,16760,0.167539
10768,25223,0.486504
10769,25224,0.160276
10769,25562,0.114805
10769,26189,0.205959
10770,25225,0.323069
10771,16322,0.422804
10772,16279,0.071034
10773,16118,0.130092
10774,16484,0.426628
10775,16207,0.111987
10776,16612,0.414418
10777,16926,0.215818
10778,25227,0.348095
10779,17445,0.15612
10779,18098,0.279604
10780,25228,0.426713
10780,16689,0.103239
10781,25229,0.184603
10782,25230,0.386034
10783,18862,0.09485
10783,25470,0.085493
10783,26883,0.0505
10784,25232,0.06859
10784,25290,0.226421
10784,27710,0.058315
10785,16174,0.425331
10786,25233,0.079107
10786,25748,0.174474
10786,26165,0.071642
10786,28738,0.060108
10787,16573,0.190684
10788,21294,0.228144
10788,16567,0.195386
10789,25236,0.266327
10790,16175,0.369769
10790,16102,0.290556
10791,16760,0.232892
10792,21199,0.244419
10793,16210,0.398218
10794,16185,0.426237
10795,16641,0.271729
10796,16713,0.111285
10796,26047,0.375436
10797,18256,0.434484
10798,25241,0.061877
10799,16279,0.302946
10800,16183,0.276817
10801,25242,0.167381
10801,27931,0.130372
10802,16561,0.060417
10803,16173,0.393528
10804,16118,0.095211
10805,16093,0.09858
10806,16483,0.19563
10807,25246,0.354028
10808,19513,0.31837
10809,16124,0.151166
10810,25249,0.422657
10811,18856,0.061606
10812,16414,0.307632
10813,25250,0.262711
10814,17654,0.212299
10814,26548,0.118773
10815,17339,0.400203
10816,20750,0.079084
10816,26106,0.052078
10816,16084,0.057243
10817,25252,0.071148
10817,25695,0.053908
10817,22335,0.05386
10817,19569,0.053924
10817,17285,0.075263
10818,25253,0.098774
10818,19611,0.073438
10818,26848,0.215077
10818,22639,0.080847
10819,25255,0.53615
10820,17473,0.077999
10821,25256,0.378093
10822,25258,0.265214
10823,16140,0.227069
10824,18921,0.101044
10824,18111,0.136563
10824,28555,0.158359
10825,25262,0.171796
10826,25263,0.286668
10827,16208,0.269152
10828,25266,0.101786
10828,19279,0.221638
10829,16113,0.228096
10830,18405,0.077607
10830,26737,0.073818
10830,17843,0.102799
10831,25267,0.478277
10831,23936,0.221436
10832,25269,0.764099
10833,20753,0.297494
10834,16052,0.244502
10835,16619,0.297301
10836,24448,0.174659
10837,16174,0.35418
10838,16507,0.125579
10839,25274,0.056102
10839,26970,0.077964
10839,27885,0.170093
10840,25276,0.170001
10840,25493,0.170001
10840,26386,0.139148
10840,27855,0.139241
10841,23452,0.089997
10841,18997,0.145866
10841,20279,0.237628
10842,25279,0.382651
10843,25281,0.356796
10844,25282,0.41251
10845,25283,0.217865
10845,27247,0.215997
10845,27792,0.138369
10846,25284,0.229303
10846,29284,0.229303
10847,25285,0.118051
10848,25286,0.117507
10848,20797,0.112895
10848,19513,0.146679
10848,19828,0.081313
10849,19083,0.405257
10850,16375,0.079501
10850,26417,0.052569
10851,17661,0.307937
10852,16468,0.380218
10853,25288,0.38885
10854,18229,0.239651
10854,22787,0.125829
10855,16262,0.408993
10855,19391,0.323997
10856,19788,0.081468
10856,28754,0.116971
10857,16118,0.178557
10858,16175,0.160701
10859,16275,0.252486
10860,25296,0.290312
10861,18640,0.326009
10862,23865,0.275938
10862,26190,0.098354
10862,26672,0.107428
10862,24089,0.129299
10863,21890,0.244994
10864,16649,0.179459
10864,16612,0.202576
10864,16270,0.234057
10865,16175,0.230856
10866,16276,0.104331
10866,16102,0.077525
10867,25300,0.306649
10868,16119,0.263577
10869,25303,0.059764
10869,26114,0.21132
10870,16644,0.548361
10871,25307,0.339952
10871,26445,0.07573
10872,25309,0.583593
10873,16052,0.14839
10874,25310,0.372594
10874,26083,0.163489
10874,19251,0.149799
10875,20896,0.36327
10876,25311,0.293532
10877,17536,0.097741
10878,17298,0.168743
10878,17070,0.316786
10879,25312,0.384733
10880,23889,0.169172
10880,19983,0.235767
10881,19677,0.232304
10881,27498,0.12926
10882,16173,0.250269
10883,16275,0.156459
10884,25313,0.652665
10885,16840,0.148838
10885,18483,0.260842
10885,25372,0.30206
10885,17232,0.087008
10886,16215,0.287728
10886,17927,0.127782
10887,16545,0.087735
10888,17688,0.37565
10889,25314,0.070766
10889,27018,0.38418
10889,18410,0.086403
10890,25315,0.529487
10891,25316,0.504756
10892,25318,0.363146
10892,16667,0.281017
10893,20845,0.136929
10893,17912,0.208553
10894,17747,0.415334
10894,26222,0.233333
10895,21298,0.210679
10895,21737,0.210624
10895,25321,0.146076
10895,25527,0.081674
10896,25322,0.304051
10897,16612,0.332402
10898,16720,0.390006
10899,16545,0.177327
10900,25325,0.818173
10901,17872,0.708504
10902,19680,0.185485
10903,25326,0.119612
10904,16102,0.568938
10905,16104,0.261909
10906,25327,0.554662
10907,25328,0.107908
10907,26614,0.145863
10907,28266,0.198722
10907,28267,0.107908
10908,17331,0.30608
10908,26933,0.281242
10909,25330,0.231425
10909,27969,0.065747
10910,16573,0.39528
10911,16275,0.372303
10911,16118,0.11084
10912,25332,0.829966
10913,23425,0.42255
10914,16113,0.197197
10915,16417,0.375762
10916,19692,0.30361
10916,27910,0.051451
10917,25333,0.094762
10917,26456,0.132181
10917,28987,0.132181
10918,16132,0.278271
10919,16756,0.333571
10920,25334,0.512565
10921,25335,0.208326
10921,21685,0.077343
10922,25336,0.213412
10922,26187,0.17483
10923,16968,0.342673
10923,17498,0.309323
10923,18246,0.078817
10923,16717,0.083198
10924,25339,0.180602
10924,25683,0.282403
10924,28479,0.055242
10925,25340,0.669128
10926,16545,0.203693
10927,16118,0.188262
10928,18218,0.070182
10928,16210,0.068556
10929,25342,0.236821
10929,25343,0.120463
10929,17449,0.101393
10930,25344,0.152485
10930,27189,0.051004
10930,27448,0.15495
10930,28397,0.069595
10931,16092,0.343503
10932,17172,0.344036
10932,27262,0.12742
10933,25347,0.221818
10933,26292,0.085995
10933,29241,0.088819
10934,16175,0.407858
10935,25351,0.053407
10935,16354,0.142325
10936,17169,0.322407
10937,25352,0.104887
10938,16052,0.123874
10939,16550,0.050456
10940,25353,0.576875
10941,18931,0.291102
10941,20208,0.161647
10942,16322,0.381064
10943,16657,0.174425
10944,18445,0.056827
10945,16208,0.191682
10946,25356,0.518263
10947,17594,0.112426
10947,25357,0.167509
10947,17631,0.130726
10947,26236,0.093793
10948,16279,0.437301
10949,18579,0.375565
10950,16118,0.164529
10951,17757,0.922388
10952,16079,0.297607
10952,16183,0.122425
10953,16113,0.36565
10954,16342,0.122611
10954,17393,0.095984
10955,16619,0.339643
10956,25365,0.73651
10957,16409,0.165747
10958,25366,0.408349
10959,18933,0.356404
10960,25367,0.113871
10961,16559,0.05181
10962,25368,0.32677
10963,18144,0.203677
10963,26746,0.063184
10964,25369,0.137187
10965,25370,0.27435
10966,16940,0.338893
10966,16979,0.339755
10967,25371,0.434555
10968,16160,0.55738
10969,20902,0.142175
10969,19028,0.186654
10969,27113,0.156859
10970,20545,0.110194
10971,16561,0.39327
10972,16052,0.16558
10973,25373,0.298272
10974,25375,0.29337
10975,16084,0.253916
10976,17765,0.366766
10977,16160,0.416887
10977,16246,0.211166
10978,25376,0.175596
10979,25377,0.42058
10980,16103,0.050624
10981,25379,0.155362
10982,19398,0.478169
10983,25382,0.114352
10983,18152,0.063211
10983,19466,0.121896
10983,29016,0.150634
10984,18907,0.13862
10985,25383,0.076863
10985,21043,0.070091
10985,27992,0.07481
10985,28889,0.137485
10986,17144,0.269114
10986,22719,0.252926
10987,16549,0.491526
10988,25387,0.402
10989,19995,0.179615
10989,18093,0.223112
10990,25390,0.382976
10991,16118,0.110538
10992,17374,0.383516
10993,25391,0.560985
10994,25392,0.563958
10995,25392,0.444138
10996,16068,0.275444
10997,16567,0.069718
10998,16940,0.349885
10998,18111,0.378478
10999,25395,0.255744
10999,26135,0.152729
10999,16273,0.054663
11000,17753,0.482275
11001,25396,0.207715
11002,17747,0.456043
11003,22088,0.367977
11004,19963,0.195628
11005,25400,0.396176
11006,16054,0.406577
11007,25402,0.087137
11008,16274,0.677845
11009,18455,0.265046
11010,17393,0.066067
11011,25404,0.307177
11012,25405,0.323722
11013,17780,0.141584
11014,16412,0.745028
11015,16207,0.217132
11016,16328,0.206621
11016,17002,0.168858
11016,26776,0.115395
11016,19570,0.115022
11017,25409,0.067884
11017,25833,0.084748
11017,17764,0.125628
11017,24637,0.076024
11017,24824,0.058175
11018,23271,0.191557
11018,18359,0.1918
11019,16131,0.62136
11020,25410,0.638199
11021,25411,0.213199
11021,27253,0.16588
11021,27654,0.119193
11021,28549,0.119193
11022,16328,0.078875
11022,17699,0.065011
11023,25413,0.072976
11024,19810,0.486691
11025,25414,0.554819
11026,18455,0.272807
11027,25416,0.175313
11027,16431,0.2159
11027,23754,0.079836
11027,19205,0.149793
11028,17931,0.325667
11029,20509,0.60723
11030,16760,0.238859
11030,16649,0.129314
11031,17233,0.578397
11032,16068,0.055298
11033,25419,0.737253
11034,16861,0.235221
11035,25420,0.059392
11035,17850,0.127684
11035,28770,0.056198
11036,16319,0.444591
11036,17648,0.169794
11037,25423,0.580473
11038,25424,0.368347
11039,25425,0.374677
11040,25426,0.412253
11041,23712,0.190579
11042,24475,0.239508
11042,23730,0.268665
11043,16113,0.189863
11044,16915,0.425009
11045,25428,0.533263
11045,26755,0.12099
11046,19131,0.304008
11047,25429,0.198142
11048,19228,0.335199
11049,16173,0.751127
11050,16108,0.605986
11051,18674,0.350263
11051,23734,0.137685
11052,23019,0.388102
11053,25432,0.403755
11054,25434,0.275816
11054,26231,0.202574
11055,16207,0.284222
11056,25436,0.458556
11057,16174,0.575058
11058,16276,0.501553
11059,17214,0.289063
11059,17234,0.289133
11059,18895,0.152578
11060,25438,0.420663
11061,17452,0.641443
11062,16073,0.349026
11063,25441,0.547519
11064,25443,0.055178
11065,16131,0.4219
11066,16279,0.390431
11067,16279,0.138814
11068,16679,0.234512
11069,16174,0.101597
11070,16140,0.327742
11070,18742,0.176849
11071,16142,0.856081
11072,20388,0.255984
11072,21649,0.209905
11073,17326,0.261482
11073,17107,0.387542
11074,19957,0.214235
11074,20352,0.142869
11074,28768,0.079884
11075,18252,0.52396
11076,25448,0.813825
11077,18994,0.293902
11078,19611,0.887813
11079,16760,0.110056
11079,16270,0.064927
11080,25454,0.176966
11081,16409,0.144629
11081,25641,0.057399
11081,26705,0.095877
11082,25457,0.09722
11082,18644,0.067225
11082,26183,0.073639
11083,16182,0.384884
11084,16414,0.262575
11084,27878,0.119162
11085,24321,0.250562
11085,26194,0.078015
11085,17144,0.057249
11085,26642,0.079913
11086,16118,0.05915
11087,19965,0.488653
11088,16091,0.197334
11089,20062,0.229143
11089,16091,0.465818
11089,26800,0.078349
11090,20097,0.461436
11091,16173,0.307651
11092,16978,0.382334
11093,16210,0.349225
11094,16275,0.318074
11095,19697,0.772028
11096,25465,0.17628
11097,25466,0.092369
11097,25769,0.063782
11097,28302,0.085803
11098,25467,0.402482
11099,25468,0.560234
11100,21525,0.079864
11100,27942,0.09398
11101,25469,0.113451
11102,18108,0.270347
11102,17157,0.126699
11103,16551,0.349246
11103,17445,0.05596
11104,19523,0.265899
11104,19524,0.20684
11104,16535,0.144819
11105,22469,0.089514
11105,28238,0.103345
11106,25472,0.300556
11106,16179,0.110505
11106,28439,0.097041
11107,16093,0.293893
11108,25473,0.062722
11109,16545,0.097917
11110,16568,0.202669
11110,17616,0.224381
11111,19810,0.701068
11112,25474,0.139707
11113,18529,0.128945
11113,27433,0.348384
11114,16207,0.277923
11115,16390,0.119201
11116,25480,0.128861
11116,26702,0.230126
11116,27977,0.281408
11117,25481,0.173957
11117,27640,0.13794
11118,16448,0.555192
11119,16277,0.147131
11120,20111,0.408367
11121,20570,0.277138
11122,24520,0.247902
11123,17225,0.061183
11124,25486,0.147446
11124,25488,0.24438
11124,25489,0.09162
11124,16300,0.087048
11125,16484,0.409523
11126,23218,0.066653
11127,16926,0.463967
11128,25492,0.712065
11129,21381,0.430904
11130,16093,0.201606
11131,16549,0.280206
11132,25495,0.196022
11132,28375,0.28207
11133,16940,0.29921
11133,18111,0.291592
11133,16914,0.300803
11134,16340,0.405443
11135,17051,0.101106
11136,25497,0.347911
11136,25498,0.122529
11136,17021,0.216432
11137,25502,0.59188
11138,16119,0.351326
11139,16052,0.115274
11140,23165,0.279171
11140,16886,0.217749
11141,23165,0.118711
11142,17409,0.259194
11143,16068,0.062803
11144,25504,0.250607
11144,29023,0.103607
11145,16276,0.289822
11146,17747,0.412603
11146,19490,0.217708
11147,25507,0.0817
11147,26047,0.081588
11147,28153,0.113893
11147,28977,0.176767
11148,25511,0.057335
11148,22488,0.083371
11148,21086,0.072565
11148,26434,0.065762
11148,18758,0.163322
11148,20860,0.070347
11149,20062,0.193275
11149,16274,0.318931
11150,25517,0.436868
11150,27814,0.188277
11151,16091,0.481736
11152,25518,0.282138
11153,25519,0.283254
11154,16277,0.230699
11155,17875,0.369154
11156,16175,0.231756
11157,16279,0.634886
11158,25522,0.355799
11159,16246,0.150461
11160,17696,0.38804
11161,25526,0.522082
11162,25528,0.060565
11163,16414,0.145346
11164,25529,0.159151
11164,26981,0.134484
11165,25531,0.268969
11166,16104,0.217834
11167,25532,0.078301
11167,26519,0.08037
11167,27829,0.072412
11167,20115,0.306159
11168,17538,0.416755
11169,16113,0.513069
11170,25536,0.422766
11171,16195,0.203714
11172,22584,0.3881
11172,20434,0.278377
11173,22553,0.088135
11173,27043,0.341824
11174,25538,0.379232
11174,21800,0.164294
11175,25539,0.13476
11175,25540,0.157443
11176,19945,0.263846
11177,25542,0.546309
11178,16091,0.181796
11179,16274,0.24161
11180,25544,0.293358
11181,25546,0.085329
11182,25272,0.363706
11182,27884,0.282553
11183,16118,0.396966
11184,16118,0.30519
11185,24154,0.090275
11185,26490,0.197164
11186,16124,0.261539
11187,22531,0.224965
11187,26483,0.092881
11188,25549,0.146639
11188,27777,0.260344
11189,21330,0.051476
11190,18765,0.326583
11191,18763,0.181284
11191,16178,0.153782
11192,25551,0.268697
11193,16234,0.366935
11194,25553,0.149667
11195,25554,0.172852
11195,16559,0.069284
11196,25229,0.582495
11197,24357,0.302138
11198,25556,0.501177
11199,25558,0.106182
11200,17234,0.709658
11201,16101,0.069579
11202,16183,0.091936
11203,25561,0.387214
11204,18323,0.519236
11205,16119,0.327322
11206,25563,0.329599
11206,24695,0.300211
11207,25564,0.313351
11208,20371,0.344869
11208,26684,0.08287
11209,16101,0.309796
11210,16160,0.477994
11211,17473,0.185178
11211,17439,0.132645
11211,22217,0.188063
11212,16413,0.321432
11213,16342,0.255767
11214,25566,0.529854
11215,25567,0.064132
11216,23125,0.222004
11217,23804,0.256422
11218,20215,0.050497
11218,19380,0.097797
11218,27101,0.066353
11219,25569,0.178964
11220,16285,0.272633
11221,25573,0.233211
11221,16771,0.140406
11221,26299,0.099461
11222,25574,0.128006
11223,25576,0.509024
11224,25578,0.205599
11224,25663,0.068014
11224,26744,0.106397
11224,26747,0.092404
11225,16104,0.578138
11226,16129,0.229468
11227,16079,0.15465
11228,25579,0.257085
11229,25581,0.716997
11230,25582,0.317464
11231,25583,0.482625
11232,21671,0.518444
11233,18330,0.48434
11233,25589,0.214898
11234,25590,0.519401
11235,25596,0.471893
11236,24916,0.712884
11237,25599,0.10011
11237,26907,0.196813
11238,18549,0.110544
11239,21415,0.273198
11239,29119,0.272908
11240,25602,0.565175
11241,16645,0.802447
11242,16270,0.243726
11243,17809,0.490285
11244,16471,0.351488
11245,25604,0.065585
11246,16275,0.315357
11247,16183,0.206161
11248,25606,0.602916
11249,17769,0.362566
11249,17673,0.120828
11250,16052,0.389256
11251,22621,0.503431
11252,25613,0.412402
11253,16118,0.182116
11254,19156,0.102424
11255,25614,0.255317
11255,16630,0.159121
11256,17534,0.21529
11256,27765,0.213673
11257,19823,0.081647
11258,16100,0.386003
11259,20411,0.390641
11260,16425,0.277573
11261,16113,0.063393
11262,16612,0.191056
11263,25618,0.394774
11264,25619,0.360804
11264,18840,0.272774
11265,19279,0.441169
11266,16101,0.134354
11267,25620,0.50596
11268,19174,0.528062
11269,20240,0.093194
11269,26227,0.106819
11270,21721,0.36618
11270,19353,0.056977
11271,16339,0.173456
11272,16102,0.358527
11273,16052,0.225695
11274,20048,0.233568
11275,16114,0.055042
11276,16175,0.299938
11277,25626,0.58483
11278,17573,0.439861
11279,17119,0.068985
11279,16420,0.140328
11279,21578,0.256087
11280,24819,0.194853
11280,26349,0.110227
11280,27036,0.080642
11281,19754,0.351903
11281,16095,0.247417
11281,22533,0.216226
11282,16330,0.406416
11283,16207,0.070099
11284,25631,0.136523
11284,16100,0.256876
11285,17360,0.06268
11285,18252,0.173188
11286,17101,0.351217
11287,16092,0.340514
11288,25632,0.731507
11289,25633,0.655592
11290,16558,0.25612
11291,25634,0.776303
11292,25635,0.17876
11293,25636,0.090467
11293,27691,0.126118
11294,17397,0.072567
11295,17468,0.599885
11296,20749,0.401113
11297,25637,0.64852
11298,25638,0.230476
11298,22085,0.198682
11298,29176,0.077228
11299,21831,0.263965
11299,16157,0.146531
11300,16184,0.316893
11301,18111,0.816122
11302,25640,0.246696
11303,16412,0.112463
11304,25643,0.318746
11305,25647,0.319308
11305,28546,0.076725
11306,17572,0.485399
11307,25649,0.451387
11308,19035,0.064365
11309,25651,0.352625
11310,16118,0.107777
11311,16756,0.128502
11312,16101,0.427959
11313,17051,0.389531
11314,19910,0.230757
11315,18006,0.393946
11316,25653,0.279546
11317,16106,0.47427
11318,16113,0.1013
11319,16414,0.298881
11320,23362,0.503408
11321,25657,0.126263
11322,25658,0.067825
11322,27174,0.123264
11322,17073,0.14177
11323,25659,0.120083
11323,27505,0.146452
11323,29051,0.067085
11323,29266,0.067127
11324,18037,0.332668
11325,25661,0.074398
11325,27379,0.074517
11325,28414,0.221665
11326,25662,0.124168
11327,19692,0.087689
11328,16412,0.424316
11329,16112,0.520924
11330,25664,0.204154
11331,25665,0.848038
11332,20451,0.393362
11332,19370,0.124301
11333,19462,0.606943
11334,25666,0.299701
11335,19851,0.710927
11336,16131,0.450339
11337,16091,0.117216
11338,25667,0.336842
11339,18473,0.428044
11340,19909,0.147949
11340,16544,0.096796
11341,25670,0.274971
11342,22264,0.542845
11343,25673,0.546923
11344,17394,0.493041
11345,25674,0.30311
11345,16688,0.564724
11346,16113,0.24763
11347,17030,0.437897
11347,18642,0.338453
11348,25676,0.318459
11349,25677,0.422377
11350,21292,0.054568
11351,25678,0.413392
11352,25679,0.494813
11353,25680,0.229496
11354,17171,0.295088
11355,16104,0.337051
11356,25681,0.433528
11357,16927,0.358757
11358,25684,0.431131
11359,16079,0.318944
11360,16766,0.488334
11361,16279,0.460557
11362,25687,0.0977
11362,27291,0.1821
11363,25688,0.529606
11364,25689,0.481888
11364,22100,0.232427
11365,25690,0.544726
11366,25691,0.216451
11367,25692,0.156594
11367,27997,0.156315
11368,16277,0.356764
11369,24176,0.172033
11370,16559,0.904902
11371,25693,0.442612
11372,25694,0.363637
11373,24404,0.255192
11374,16386,0.128086
11374,25699,0.165837
11375,21283,0.864276
11376,21836,0.147609
11377,16608,0.431494
11377,16116,0.434238
11378,24339,0.585322
11379,25702,0.37156
11380,25704,0.373011
11381,16554,0.251684
11382,18057,0.216924
11383,16092,0.195167
11384,16150,0.693374
11385,25709,0.308523
11386,25710,0.227149
11387,16118,0.347938
11388,25711,0.069108
11388,27716,0.072599
11388,26290,0.072871
11389,25713,0.485345
11390,24801,0.058138
11391,23019,0.379835
11392,25714,0.744896
11393,16104,0.327479
11394,17936,0.181107
11394,17747,0.149434
11394,25721,0.32437
11395,24461,0.287368
11396,22321,0.20758
11396,26358,0.123587
11397,25051,0.713129
11398,16688,0.325732
11398,20620,0.219362
11399,16118,0.46921
11400,22526,0.146087
11400,26448,0.054103
11401,17655,0.312516
11402,24637,0.11896
11403,16484,0.611416
11404,16612,0.266871
11405,16183,0.3149
11406,17371,0.062654
11406,19227,0.377479
11406,25069,0.140444
11407,25731,0.671801
11408,25732,0.3529
11409,18781,0.219424
11410,25733,0.093815
11410,21767,0.113394
11410,26712,0.15603
11410,27611,0.100891
11410,28220,0.052453
11411,17025,0.424207
11411,18101,0.081743
11411,19422,0.062955
11412,25739,0.685009
11413,25742,0.866702
11414,16092,0.800379
11415,23383,0.166863
11416,17169,0.368308
11417,17753,0.459916
11418,25745,0.066826
11418,27011,0.071314
11418,19874,0.184132
11419,25746,0.363422
11420,16277,0.635592
11421,16184,0.247952
11421,16414,0.207627
11422,16926,0.273925
11423,25747,0.288956
11423,28370,0.138757
11424,16483,0.256466
11425,16279,0.426571
11426,25751,0.131929
11427,25753,0.493455
11428,16175,0.317556
11428,16173,0.299578
11429,25755,0.152462
11430,25756,0.168837
11431,18273,0.689951
11432,16182,0.252128
11433,16148,0.34499
11434,25760,0.508617
11435,16279,0.263345
11436,20545,0.324958
11437,25762,0.630968
11438,18642,0.198315
11439,23890,0.125344
11440,25763,0.698905
11441,25764,0.390575
11442,16113,0.25368
11442,16112,0.309759
11443,16270,0.270512
11444,17561,0.545194
11445,16835,0.310963
11446,16835,0.110027
11447,25768,0.621409
11448,16425,0.289268
11449,16118,0.057308
11450,20646,0.170217
11450,27367,0.172024
11450,27368,0.172024
11451,25774,0.341004
11451,26644,0.104371
11451,28999,0.163317
11452,25775,0.555408
11453,16275,0.360826
11454,16340,0.487909
11455,16119,0.408422
11456,16103,0.124163
11457,25777,0.071328
11457,26199,0.055536
11457,17153,0.258218
11457,27532,0.09795
11458,16091,0.280585
11459,25778,0.34418
11460,20018,0.280728
11460,20746,0.223937
11460,21869,0.071456
11461,25779,0.372425
11461,26563,0.11391
11462,16305,0.540176
11463,20818,0.333464
11464,25782,0.146955
11464,22348,0.08395
11464,26693,0.177249
11464,29160,0.113271
11465,25783,0.219086
11466,20463,0.301363
11467,25787,0.590833
11468,16113,0.115072
11469,17439,0.772597
11470,21102,0.157736
11470,27915,0.157738
11470,28548,0.113152
11471,18455,0.39946
11472,17432,0.132968
11472,25790,0.08242
11472,16084,0.120779
11473,16091,0.359098
11474,16567,0.470555
11475,20940,0.37444
11476,25795,0.202933
11477,25796,0.300223
11478,18164,0.337233
11479,20203,0.256972
11479,28508,0.115185
11480,16101,0.337378
11481,16841,0.240576
11482,17890,0.371783
11483,25801,0.606897
11484,25804,0.529215
11485,18272,0.428569
11486,25805,0.617672
11487,16174,0.407544
11487,16183,0.065239
11487,16118,0.088047
11488,18273,0.09514
11489,19496,0.212573
11489,19499,0.165653
11490,23554,0.120813
11490,27608,0.340129
11491,25808,0.656282
11492,22847,0.22558
11492,23720,0.089102
11493,16760,0.308146
11494,25809,0.628798
11495,16104,0.398501
11496,25811,0.242329
11497,22100,0.056143
11497,27147,0.054035
11498,24755,0.284933
11498,17734,0.282787
11499,25817,0.551906
11500,18655,0.09243
11501,25819,0.508463
11502,22934,0.121802
11502,26007,0.122449
11503,16235,0.705694
11504,21636,0.264237
11505,16091,0.362537
11506,16270,0.068465
11507,16573,0.244542
11508,21636,0.66685
11509,16649,0.063844
11509,16270,0.169838
11510,25822,0.219793
11510,26585,0.306416
11511,17223,0.239278
11512,22298,0.171997
11512,26941,0.055153
11513,16412,0.498154
11514,16131,0.445144
11515,25825,0.141279
11516,19271,0.073518
11517,18527,0.332465
11518,25827,0.35254
11518,28624,0.104597
11519,16114,0.485605
11520,25828,0.413171
11521,25829,0.108222
11521,23930,0.059594
11521,16384,0.31097
11521,25888,0.083323
11522,19680,0.139469
11523,25830,0.244581
11523,27008,0.156111
11524,25831,0.470214
11525,16185,0.175194
11526,25832,0.090424
11526,27017,0.053355
11526,24824,0.104799
11527,16124,0.082009
11528,24098,0.060155
11528,22782,0.060436
11528,17468,0.183588
11528,17465,0.205422
11529,25838,0.127837
11529,27093,0.083778
11529,16401,0.072532
11530,24391,0.293323
11531,16195,0.16249
11532,25840,0.406974
11533,16275,0.355991
11534,16414,0.271753
11535,18032,0.316954
11535,27471,0.13996
11536,25844,0.500755
11537,16562,0.158673
11538,16824,0.210934
11539,16207,0.050228
11540,16682,0.540765
11541,16119,0.245399
11542,16340,0.53099
11543,16207,0.159226
11544,22392,0.383102
11545,16649,0.147441
11545,16279,0.107015
11546,19418,0.252062
11546,27545,0.185078
11547,16052,0.245846
11548,16640,0.581519
11548,25854,0.239371
11549,25855,0.118694
11549,26828,0.060093
11549,27917,0.107115
11549,27967,0.112949
11549,29114,0.056807
11550,18301,0.256643
11551,16830,0.072309
11552,16053,0.270095
11553,16068,0.328138
11554,22503,0.210502
11554,28813,0.069656
11555,25860,0.174395
11555,18801,0.229163
11556,17775,0.313665
11557,25862,0.332868
11558,25864,0.164557
11559,25827,0.42593
11560,17810,0.132665
11561,25866,0.122476
11562,16129,0.073052
11562,18803,0.073174
11563,16118,0.207495
11564,16118,0.271086
11565,16557,0.284549
11566,25867,0.107592
11566,20697,0.149977
11567,25870,0.302314
11568,18299,0.259036
11568,19161,0.165486
11569,25871,0.301017
11570,25872,0.144271
11570,27549,0.116332
11571,25874,0.109987
11571,19565,0.132693
11571,26352,0.060572
11572,16173,0.416338
11573,25875,0.217706
11574,17626,0.385429
11575,24094,0.204727
11576,16619,0.281256
11577,16207,0.423622
11578,16207,0.258169
11579,16484,0.107979
11580,23190,0.414455
11580,27742,0.278174
11581,16207,0.185476
11582,16092,0.074315
11583,25879,0.504874
11584,16175,0.297034
11585,16275,0.661445
11586,17850,0.322088
11587,25881,0.326956
11587,28914,0.080175
11588,17473,0.499157
11589,25882,0.317191
11590,25883,0.331131
11591,16207,0.237804
11592,25884,0.265179
11593,25885,0.153332
11594,18686,0.251071
11595,16760,0.139312
11596,16119,0.21168
11597,19073,0.460552
11598,23218,0.08679
11599,16092,0.221262
11600,16173,0.244229
11601,16102,0.264596
11602,25807,0.136255
11602,26620,0.156059
11603,16113,0.177182
11604,16183,0.095301
11605,21285,0.21124
11606,25889,0.237445
11606,25890,0.204917
11607,25894,0.384178
11607,28294,0.149064
11608,17585,0.115906
11609,16101,0.052006
11610,20446,0.227663
11611,25896,0.509719
11612,23539,0.374145
11613,25897,0.307408
11614,25898,0.471419
11615,25901,0.271479
11615,21117,0.378454
11616,16484,0.204217
11617,16183,0.095088
11618,17101,0.343067
11619,16079,0.182627
11620,19137,0.3807
11621,25903,0.248938
11622,25904,0.193445
11623,18607,0.302172
11624,16932,0.236779
11624,16070,0.119462
11625,16567,0.465906
11626,25906,0.205151
11626,28379,0.322059
11627,16207,0.094734
11627,19692,0.112742
11628,25908,0.263551
11629,16093,0.412135
11630,25911,0.112714
11630,20142,0.154851
11630,19465,0.060752
11631,25913,0.227328
11632,16336,0.292398
11632,16148,0.104853
11632,20173,0.098086
11633,25915,0.471953
11634,17051,0.268888
11635,25917,0.460796
11636,23389,0.179917
11637,19203,0.42553
11638,25918,0.454807
11639,16279,0.468656
11640,25920,0.106941
11640,26688,0.319893
11641,25921,0.087714
11641,25161,0.323053
11641,27229,0.087714
11642,25923,0.115642
11643,16175,0.191864
11644,16113,0.128834
11645,16118,0.141572
11646,16415,0.169338
11647,25927,0.274358
11648,16195,0.171153
11649,17547,0.325993
11650,16052,0.193935
11651,25928,0.150153
11651,25372,0.172848
11651,16920,0.209019
11652,25157,0.388322
11652,19518,0.248436
11652,27994,0.109017
11653,17747,0.427961
11653,17884,0.260199
11654,16184,0.440719
11655,16558,0.333941
11656,16093,0.232266
11657,25931,0.31241
11657,25932,0.298478
11658,25933,0.110012
11658,18829,0.116861
11659,25936,0.179723
11660,19082,0.183403
11661,25937,0.206856
11662,16207,0.057399
11663,16118,0.143279
11663,16559,0.081333
11664,25941,0.663987
11665,16545,0.167004
11666,16173,0.217621
11667,25943,0.509191
11668,25946,0.311904
11669,25949,0.334252
11670,25950,0.263915
11670,28131,0.084746
11670,28251,0.13533
11670,28727,0.052153
11671,25951,0.608732
11672,16184,0.256843
11673,20013,0.257994
11673,20290,0.062546
11674,22115,0.320225
11675,17383,0.277487
11676,16132,0.191144
11677,16118,0.355891
11678,25953,0.365814
11679,25954,0.352442
11680,25956,0.293696
11680,27720,0.21695
11681,22534,0.340551
11681,28602,0.184048
11682,25959,0.207208
11682,27605,0.288896
11683,18395,0.259952
11684,25960,0.524752
11685,25961,0.269278
11686,16207,0.282002
11687,16119,0.051714
11688,16414,0.052713
11689,25962,0.225042
11689,16414,0.102372
11690,16417,0.164904
11690,16068,0.081119
11691,25965,0.229317
11692,25966,0.835933
11693,25967,0.773163
11694,25968,0.466555
11694,28179,0.056126
11695,25969,0.384999
11696,25970,0.561607
11697,16414,0.086092
11698,17493,0.412526
11699,16467,0.434547
11700,17688,0.299563
11700,25971,0.329467
11701,21149,0.233417
11701,27074,0.061986
11701,25722,0.055657
11702,25972,0.124306
11702,27357,0.089576
11703,16619,0.170879
11704,16207,0.106706
11705,18617,0.274493
11706,25974,0.149645
11706,26272,0.218402
11706,28664,0.082884
11707,25975,0.481369
11708,16146,0.126302
11709,16246,0.271251
11710,25977,0.60361
11711,18823,0.28963
11711,28516,0.100725
11711,28732,0.073643
11712,16550,0.135958
11713,16514,0.856961
11714,25981,0.192785
11714,26223,0.192762
11714,25814,0.103399
11715,25151,0.104161
11715,16280,0.344005
11716,16114,0.226242
11717,16835,0.478742
11718,24467,0.335186
11719,25984,0.261422
11720,18192,0.437438
11721,25985,0.082759
11721,26677,0.467261
11722,25986,0.334352
11723,25987,0.222084
11723,28165,0.301005
11724,16124,0.244278
11725,25988,0.243341
11726,25992,0.540404
11727,25993,0.474849
11728,25995,0.482146
11729,18686,0.418905
11730,16051,0.282205
11730,27794,0.134442
11731,25996,0.284575
11731,26263,0.226045
11732,17277,0.446104
11732,20922,0.295124
11733,16547,0.290937
11734,22047,0.220418
11734,17409,0.122338
11735,22369,0.293361
11736,16183,0.080558
11737,16175,0.208476
11738,20371,0.549167
11739,16280,0.128971
11740,23985,0.283941
11741,17870,0.163149
11741,27183,0.181222
11742,17740,0.263063
11742,21077,0.195005
11742,16055,0.218506
11743,26002,0.569589
11744,26004,0.790977
11745,26005,0.406977
11746,16118,0.052273
11746,16937,0.138928
11747,26009,0.211623
11748,16159,0.186674
11749,26010,0.288388
11750,16113,0.218257
11751,20463,0.398058
11752,23004,0.838246
11753,17444,0.65193
11753,26014,0.209947
11754,23540,0.136114
11755,18991,0.193484
11756,17439,0.562794
11757,16079,0.102107
11757,16183,0.183022
11758,16417,0.175005
11759,23326,0.552934
11760,26022,0.329289
11761,21470,0.369075
11762,16507,0.261417
11763,16215,0.311215
11764,16925,0.317058
11765,16263,0.48097
11766,16549,0.050487
11767,21685,0.248414
11768,26024,0.223919
11769,24826,0.474147
11770,26025,0.314941
11771,16898,0.131158
11772,19157,0.196373
11772,22737,0.194392
11772,27054,0.05166
11772,18089,0.112373
11773,20983,0.319848
11773,18079,0.216075
11774,16093,0.406868
11775,16175,0.182505
11775,16173,0.107336
11776,17469,0.213103
11776,26512,0.213312
11776,28607,0.136491
11777,21993,0.714256
11778,16052,0.165276
11779,16409,0.304943
11780,16119,0.279752
11781,26031,0.150257
11781,24882,0.077664
11781,26769,0.057494
11781,27401,0.121664
11782,18086,0.403902
11783,16756,0.182726
11784,26033,0.173437
11784,29195,0.173437
11785,16892,0.177483
11785,26034,0.275985
11786,16093,0.333191
11787,16054,0.389529
11788,16558,0.239046
11789,18691,0.156089
11790,26038,0.516904
11791,16803,0.095588
11791,17141,0.096285
11792,26041,0.126643
11792,21087,0.126407
11793,16068,0.238998
11794,26045,0.315237
11795,26046,0.591094
11796,16279,0.113321
11797,16210,0.190804
11798,16174,0.053459
11799,24256,0.089513
11799,18323,0.156666
11800,18280,0.220508
11801,16103,0.152766
11802,16451,0.219165
11802,16789,0.246908
11803,18169,0.294746
11803,16866,0.275618
11804,16107,0.244199
11804,16408,0.081418
11805,16268,0.36031
11806,26056,0.157388
11806,17747,0.399368
11807,16279,0.118925
11808,19802,0.111764
11808,28443,0.076409
11809,16160,0.332648
11810,20739,0.473934
11811,26060,0.700965
11812,18048,0.547006
11813,16275,0.223336
11813,24435,0.177354
11814,17873,0.157631
11814,16462,0.158702
11815,26066,0.400515
11816,26067,0.493602
11817,26071,0.580011
11818,22870,0.326995
11819,26074,0.125165
11820,26076,0.098333
11821,24881,0.094562
11821,23653,0.093053
11822,18735,0.278594
11823,18197,0.284569
11824,16279,0.398108
11825,17000,0.332911
11825,28253,0.128964
11826,26077,0.438112
11827,16409,0.192486
11828,16279,0.193211
11829,26081,0.533791
11830,26082,0.255964
11831,22114,0.066905
11832,18717,0.154282
11833,24457,0.219102
11834,16195,0.228255
11835,16118,0.250006
11836,16207,0.37538
11837,16523,0.321695
11837,25627,0.069134
11837,18083,0.151594
11837,28258,0.151603
11838,26087,0.26479
11839,16119,0.072401
11840,17627,0.260308
11841,26088,0.503559
11842,26090,0.246826
11843,16342,0.274493
11844,18353,0.35507
11845,26091,0.188741
11846,26093,0.14941
11846,16234,0.132503
11846,26095,0.111343
11846,17961,0.089919
11847,16279,0.283441
11848,17133,0.298618
11849,26097,0.452535
11850,26100,0.301758
11851,16684,0.393109
11851,16253,0.115076
11852,26101,0.068528
11853,20570,0.697552
11854,20539,0.327768
11855,26102,0.63903
11856,21199,0.300352
11857,16339,0.455302
11858,26105,0.408399
11859,16174,0.078165
11860,20846,0.130979
11860,25991,0.235449
11861,19004,0.099934
11862,26107,0.383371
11863,26109,0.50953
11864,22309,0.516334
11865,16887,0.084223
11866,22922,0.160146
11867,16270,0.296841
11868,16414,0.205773
11869,16247,0.584638
11869,24321,0.174387
11870,21540,0.236601
11871,24200,0.05293
11871,17159,0.101306
11871,16702,0.309843
11871,17360,0.077953
11872,26111,0.48938
11873,26112,0.168199
11874,26113,0.143754
11875,17498,0.228561
11875,25372,0.182764
11876,25128,0.314205
11877,16629,0.468061
11877,18316,0.259824
11878,18445,0.437358
11879,16520,0.34019
11880,26115,0.25683
11881,16091,0.342231
11882,26117,0.33721
11883,22924,0.294767
11884,26118,0.723059
11885,19388,0.559024
11886,16113,0.208151
11887,16174,0.298227
11888,16079,0.154616
11889,16941,0.053657
11889,17012,0.177883
11889,16771,0.097039
11890,26121,0.360981
11891,16567,0.761097
11892,16079,0.245217
11893,26124,0.423214
11894,16649,0.470831
11895,26125,0.090675
11895,28527,0.068521
11896,26130,0.373517
11897,16417,0.100165
11898,26131,0.563267
11899,16279,0.291076
11900,26133,0.227726
11901,16224,0.251325
11901,16553,0.384565
11902,17298,0.333638
11903,26136,0.178501
11904,17171,0.346896
11905,16760,0.22334
11906,16232,0.339939
11907,23165,0.350498
11907,27656,0.237165
11908,26140,0.556739
11909,16545,0.458022
11910,26141,0.543944
11911,22169,0.509746
11912,16274,0.21403
11913,16413,0.345252
11914,26142,0.37174
11915,26143,0.563966
11916,26144,0.506221
11916,26145,0.127112
11917,16275,0.289653
11918,25100,0.154881
11919,26148,0.326361
11919,20582,0.261683
11920,16054,0.292986
11921,25359,0.473893
11921,17564,0.103848
11922,17169,0.304809
11923,16456,0.331635
11924,24357,0.27572
11925,16342,0.474305
11926,18333,0.312185
11927,23705,0.221076
11928,16559,0.057924
11929,26152,0.080522
11930,24321,0.438046
11931,17655,0.180151
11932,17298,0.361447
11933,16183,0.114787
11934,16760,0.321348
11934,23403,0.146481
11935,26156,0.257867
11936,26157,0.547273
11937,24221,0.383431
11938,26162,0.201709
11938,27168,0.201062
11938,16565,0.095342
11939,16088,0.419257
11940,16334,0.802275
11941,25968,0.386522
11942,16835,0.177107
11943,16210,0.058801
11944,26165,0.324143
11944,25233,0.212203
11945,16093,0.07507
11946,16246,0.128746
11947,26166,0.432797
11948,22992,0.275929
11949,23065,0.136079
11949,22625,0.114021
11949,28291,0.083535
11949,17490,0.084586
11949,20321,0.051588
11950,26168,0.137753
11951,20883,0.283858
11952,26171,0.132334
11952,18995,0.289133
11953,24544,0.567672
11954,26175,0.246121
11955,16760,0.128022
11956,16300,0.592363
11957,26178,0.272319
11957,28756,0.349452
11958,17029,0.258288
11959,16484,0.669856
11960,26182,0.561482
11961,16521,0.385831
11962,26184,0.613357
11963,26185,0.351077
11964,17536,0.429692
11965,26186,0.359828
11966,19697,0.369298
11967,23446,0.174101
11968,16112,0.051812
11969,18370,0.393578
11969,17924,0.356853
11970,17170,0.359695
11971,17812,0.227031
11972,16174,0.203983
11973,26191,0.677564
11974,20332,0.10197
11975,16118,0.811342
11976,16196,0.379452
11977,16132,0.40591
11978,16559,0.187333
11979,26196,0.466169
11980,26197,0.45992
11981,17640,0.229189
11981,26198,0.233697
11982,17429,0.217887
11982,22348,0.102141
11983,21174,0.279797
11984,16092,0.055013
11985,16113,0.154839
11985,28390,0.121586
11986,18607,0.284262
11987,21400,0.326296
11988,25437,0.195292
11988,26929,0.137016
11988,28892,0.172634
11989,26200,0.350179
11990,16382,0.410507
11991,16273,0.335303
11992,26203,0.376974
11993,16830,0.369704
11994,16409,0.12126
11995,18791,0.161181
11996,16354,0.141603
11997,16573,0.715762
11998,19975,0.565599
11999,20419,0.640204
12000,16279,0.241258
12001,22773,0.431774
12001,28720,0.128133
12001,16098,0.105201
12002,17890,0.06358
12003,26215,0.143973
12004,20527,0.125973
12004,28637,0.12597
12005,26216,0.846579
12006,26217,0.515827
12007,21973,0.295215
12008,26220,0.296413
12008,21426,0.245058
12009,26221,0.136797
12009,28453,0.136797
12009,28691,0.136797
12010,17444,0.27921
12010,21691,0.121589
12010,18590,0.11463
12011,17747,0.19135
12011,22322,0.345356
12012,16790,0.614476
12013,16235,0.23409
12013,28062,0.331059
12014,26223,0.644734
12015,18703,0.203384
12015,26394,0.090723
12016,26228,0.26243
12016,27040,0.222202
12017,18063,0.367394
12017,21367,0.155576
12017,25703,0.112514
12018,26229,0.463519
12019,19910,0.240869
12020,16104,0.166154
12021,17855,0.136883
12022,26230,0.396023
12023,26039,0.241975
12023,23140,0.147694
12024,16102,0.200934
12025,17449,0.270671
12025,20801,0.201473
12026,16371,0.756172
12027,26232,0.630692
12028,16557,0.146852
12028,26233,0.076288
12028,22197,0.196707
12029,16119,0.311362
12030,23209,0.38059
12031,26237,0.364008
12032,16112,0.477177
12033,20805,0.319982
12034,16113,0.14987
12035,16174,0.304684
12036,21572,0.061006
12036,24080,0.257177
12036,29192,0.103164
12037,26240,0.520354
12038,26242,0.088066
12038,18717,0.162887
12038,17360,0.050468
12039,26243,0.571509
12040,21167,0.06069
12041,24975,0.670832
12042,26244,0.095991
12043,17202,0.326476
12044,26245,0.169037
12045,17439,0.119339
12045,22217,0.092981
12046,16268,0.203545
12046,27655,0.11415
12047,17570,0.171741
12048,26250,0.389138
12049,16545,0.289393
12050,20111,0.347465
12051,16092,0.770249
12052,16092,0.693601
12053,22553,0.533251
12054,16567,0.306864
12055,26253,0.225865
12056,26254,0.32972
12057,16113,0.257085
12058,26255,0.121072
12059,19854,0.411501
12059,29237,0.155942
12060,16409,0.257581
12060,16119,0.160966
12061,22553,0.413832
12062,20193,0.09522
12062,17639,0.183877
12063,26258,0.303586
12064,16484,0.071795
12065,16409,0.727706
12066,16609,0.332183
12066,17023,0.260022
12067,21045,0.367332
12068,16068,0.19355
12069,18540,0.434536
12070,26260,0.556571
12071,26261,0.295534
12071,29112,0.135312
12072,19680,0.757983
12073,16114,0.397118
12074,16587,0.485453
12074,17298,0.26204
12075,25910,0.26072
12076,16573,0.301155
12077,18530,0.284466
12078,26269,0.529736
12079,16414,0.425795
12080,26271,0.684406
12081,26274,0.91023
12082,26276,0.211473
12082,21223,0.151588
12082,23255,0.151442
12083,16414,0.064162
12084,26280,0.425913
12085,26281,0.546919
12086,26282,0.699506
12087,16830,0.448121
12088,21227,0.112677
12088,26657,0.112677
12088,29298,0.157001
12089,16173,0.234904
12090,20014,0.287041
12091,26285,0.091285
12092,16542,0.490649
12093,16043,0.257769
12094,26287,0.425713
12094,18115,0.125824
12095,16319,0.206687
12096,26288,0.068347
12097,26289,0.422285
12098,16197,0.185115
12099,18933,0.546405
12100,17112,0.437671
12101,18997,0.344401
12102,26291,0.416551
12103,16104,0.065333
12104,18652,0.093118
12105,18342,0.431603
12106,16279,0.216458
12107,25631,0.243614
12108,16451,0.430396
12108,16064,0.29759
12109,26300,0.22839
12110,16174,0.395858
12111,16215,0.452434
12112,26303,0.607137
12113,16760,0.337328
12114,16079,0.053915
12115,17439,0.178639
12116,26305,0.256158
12116,27660,0.209809
12117,16093,0.286018
12118,26307,0.216696
12119,16232,0.122025
12119,16354,0.090245
12120,16185,0.426872
12121,16119,0.166211
12122,16197,0.174589
12123,26311,0.127357
12124,26312,0.327306
12125,16415,0.685531
12126,26313,0.282423
12127,23449,0.782625
12128,16414,0.294791
12129,16104,0.699631
12130,19692,0.421741
12131,26318,0.350849
12132,26321,0.221264
12133,26322,0.343843
12133,26323,0.192207
12134,16756,0.402045
12135,16091,0.376484
12136,16208,0.364605
12137,22561,0.071678
12138,16756,0.118945
12139,16412,0.159312
12139,29295,0.05326
12140,16612,0.206189
12141,16150,0.345069
12142,26325,0.086849
12143,16116,0.64508
12144,19037,0.170369
12145,16279,0.301483
12146,22860,0.520294
12147,20136,0.454832
12148,17514,0.678381
12149,22827,0.138509
12150,22827,0.135326
12151,18994,0.183544
12151,18993,0.074164
12151,17892,0.108494
12152,21639,0.357564
12153,26329,0.632516
12154,17011,0.708571
12155,23447,0.395049
12155,22782,0.213904
12156,16101,0.402578
12157,17409,0.576717
12158,26332,0.60294
12159,16484,0.055266
12159,18455,0.064905
12160,20752,0.401603
12161,16510,0.096946
12162,26333,0.233615
12163,17051,0.32762
12164,26334,0.380521
12165,26335,0.124139
12165,27690,0.229716
12166,25566,0.311817
12166,26579,0.19454
12167,16052,0.202815
12168,26325,0.251109
12169,26337,0.397264
12170,16409,0.579932
12171,16274,0.396317
12172,26340,0.370607
12173,19174,0.265511
12174,18378,0.487118
12175,16175,0.081752
12175,16173,0.070158
12176,16101,0.144015
12177,16091,0.24311
12178,16112,0.079915
12179,16546,0.421976
12179,28821,0.094635
12180,26343,0.249636
12181,16175,0.510251
12182,20324,0.499226
12183,26344,0.205202
12184,16118,0.347789
12185,23199,0.215512
12185,27053,0.238335
12186,16415,0.253899
12187,18838,0.286147
12188,16279,0.176088
12189,26346,0.28994
12189,28965,0.206194
12190,26347,0.445707
12191,16287,0.167289
12191,28240,0.148851
12192,21433,0.263672
12192,26666,0.145029
12193,16417,0.311527
12194,26348,0.474436
12194,16598,0.175993
12195,16494,0.218092
12195,26350,0.1897
12196,16182,0.229923
12197,16246,0.177945
12198,16079,0.086213
12199,26359,0.891288
12200,26360,0.137236
12201,20909,0.513127
12202,26361,0.289906
12203,26362,0.469158
12204,26364,0.207092
12205,16417,0.333547
12206,21454,0.275712
12206,25083,0.351133
12207,26368,0.396337
12208,26369,0.537194
12209,23589,0.100863
12209,22179,0.052923
12210,26370,0.36826
12211,26371,0.3358
12212,26373,0.518021
12213,26374,0.203991
12214,16925,0.243597
12215,26375,0.18711
12216,16612,0.266484
12217,16275,0.351193
12218,19903,0.114439
12219,16113,0.283682
12220,19556,0.516789
12220,18111,0.248894
12221,26378,0.588911
12222,16043,0.065706
12222,28257,0.05519
12223,18601,0.288832
12223,16744,0.158719
12224,26380,0.289882
12225,26381,0.078807
12225,27365,0.080859
12226,26382,0.625359
12227,24925,0.541993
12228,26387,0.487287
12229,16185,0.151509
12230,17628,0.139507
12231,16119,0.156934
12232,17775,0.362156
12232,25372,0.259593
12233,26391,0.171921
12234,17833,0.745019
12235,26395,0.354776
12236,26396,0.165817
12236,26582,0.068622
12237,16246,0.10886
12238,26399,0.582892
12239,26400,0.268918
12240,26402,0.228319
12241,26403,0.335763
12242,16702,0.377687
12242,21493,0.085459
12243,16756,0.071865
12243,16531,0.055654
12244,26406,0.543392
12245,17559,0.134285
12245,27544,0.075182
12245,16744,0.107831
12245,16940,0.097218
12246,16612,0.308227
12247,18518,0.261427
12247,17477,0.128811
12247,27026,0.068183
12248,16118,0.231517
12249,16052,0.196683
12250,19913,0.190766
12251,17361,0.394664
12252,18868,0.225889
12252,16425,0.219273
12253,17169,0.707074
12254,18080,0.187636
12254,23788,0.155933
12254,22081,0.106438
12255,26408,0.281551
12256,16573,0.322965
12257,16104,0.067663
12258,26409,0.27877
12258,28362,0.199958
12259,16091,0.519082
12260,26413,0.11413
12260,28008,0.114207
12260,28651,0.114218
12261,26414,0.621296
12262,26419,0.07698
12263,19834,0.573041
12264,19780,0.467519
12265,26421,0.619961
12266,20048,0.445153
12267,17494,0.109298
12267,16184,0.107892
12268,17051,0.175382
12269,26428,0.498394
12270,19687,0.504409
12270,29079,0.178482
12271,26429,0.447319
12272,26430,0.643278
12273,17051,0.204745
12273,16175,0.120573
12274,17051,0.301179
12275,26431,0.615704
12276,17303,0.215881
12277,22115,0.52644
12278,16113,0.16377
12279,24457,0.257154
12279,24460,0.220486
12279,27404,0.151949
12280,16093,0.216187
12281,26433,0.29342
12282,20629,0.318714
12283,26435,0.220663
12283,28297,0.300701
12284,26436,0.161835
12284,28201,0.075272
12284,18222,0.142241
12285,16104,0.079591
12286,26437,0.59426
12287,17305,0.158622
12287,19401,0.121689
12288,17856,0.216237
12288,20967,0.120261
12289,18644,0.097735
12289,28713,0.070081
12289,17576,0.095059
12290,16207,0.369729
12290,16414,0.196026
12291,26440,0.093983
12291,26819,0.48477
12292,16068,0.053974
12293,16113,0.245844
12294,16100,0.062479
12295,16498,0.785458
12296,26443,0.855207
12297,26444,0.281971
12298,16279,0.256012
12299,18856,0.319237
12300,16502,0.375086
12300,18330,0.269235
12301,16124,0.245848
12302,16246,0.353759
12303,26449,0.158096
12303,19566,0.176263
12304,19697,0.30417
12305,16184,0.147737
12306,26454,0.431994
12307,21061,0.369069
12308,26457,0.293581
12309,26458,0.411603
12310,26459,0.403979
12311,17980,0.279478
12312,16175,0.454755
12313,26460,0.598019
12314,26461,0.273531
12315,25729,0.073862
12316,26463,0.111248
12317,26464,0.302259
12318,26465,0.114933
12318,27442,0.145766
12319,25335,0.300307
12320,26467,0.50648
12321,17942,0.156945
12321,17195,0.239029
12322,26469,0.06218
12323,26470,0.182229
12324,26471,0.438523
12325,26475,0.473895
12326,16830,0.092678
12327,16101,0.185636
12328,16091,0.416871
12328,16173,0.448301
12329,16091,0.345415
12330,26478,0.106455
12331,26480,0.565237
12332,26481,0.147839
12333,26485,0.153026
12334,26487,0.231925
12334,27414,0.129647
12335,16268,0.292974
12336,26488,0.15684
12336,27313,0.121592
12337,19838,0.501415
12338,16412,0.31633
12339,18482,0.167665
12340,16210,0.301336
12341,16900,0.155511
12341,27779,0.266263
12342,26494,0.86935
12343,26495,0.095055
12344,20203,0.482969
12345,26496,0.135511
12346,26497,0.295274
12347,16117,0.270815
12348,26502,0.642344
12349,26504,0.404609
12350,26506,0.37843
12350,19650,0.366554
12351,26507,0.334975
12351,27568,0.073857
12352,16092,0.516475
12353,16175,0.141917
12354,16113,0.358456
12355,16183,0.179552
12356,16113,0.335052
12357,26324,0.209762
12358,26515,0.094883
12359,26516,0.716159
12360,16131,0.178657
12360,19228,0.450097
12361,18253,0.286413
12361,29137,0.371438
12362,17722,0.114563
12362,26804,0.181288
12363,21384,0.181029
12364,19114,0.586243
12365,17170,0.28963
12366,21525,0.31236
12366,24044,0.142669
12367,16573,0.308171
12367,16270,0.122543
12367,16649,0.053068
12368,16409,0.100107
12369,26520,0.180467
12370,26521,0.549627
12371,26523,0.101354
12371,27848,0.44997
12372,16559,0.200703
12373,20096,0.364215
12374,16118,0.237825
12375,16102,0.374876
12376,16279,0.185937
12377,26526,0.551167
12378,17494,0.182109
12378,17977,0.30437
12378,29300,0.136503
12379,16101,0.088663
12380,16414,0.838803
12381,26531,0.330989
12381,16331,0.070319
12382,24415,0.198811
12382,27560,0.059733
12382,22587,0.098967
12383,26532,0.353794
12384,26533,0.487875
12385,26534,0.146784
12386,17934,0.057142
12386,17533,0.392244
12386,23250,0.075649
12386,16418,0.129834
12387,26536,0.126993
12388,16414,0.350593
12389,16274,0.345933
12390,26537,0.537702
12391,26538,0.310265
12392,16114,0.387509
12393,16148,0.152867
12393,20940,0.240732
12394,17531,0.176893
12395,16760,0.207443
12396,26542,0.350274
12397,18439,0.099123
12397,28142,0.140673
12398,16274,0.436765
12399,16340,0.339371
12400,16197,0.396611
12401,25484,0.191065
12402,16175,0.12369
12403,16545,0.093901
12403,17051,0.319059
12404,16682,0.061847
12405,24362,0.461717
12406,16876,0.138328
12407,26545,0.461484
12408,26546,0.409212
12408,17063,0.237499
12409,26549,0.292284
12409,17360,0.216293
12410,17361,0.064472
12411,16118,0.263263
12412,16113,0.327031
12413,16619,0.171881
12414,16342,0.358596
12415,26553,0.22925
12416,21550,0.294855
12416,26555,0.158518
12417,17655,0.440934
12418,17498,0.726324
12419,26558,0.43349
12420,26559,0.123613
12421,22419,0.365843
12422,26562,0.081581
12422,26963,0.219835
12423,23740,0.245657
12423,16054,0.347445
12424,22283,0.642211
12425,26564,0.064269
12425,26893,0.064269
12425,28716,0.06411
12425,19008,0.060088
12425,19086,0.165769
12426,22343,0.442259
12427,18063,0.320315
12428,26565,0.67751
12429,26568,0.348813
12430,26569,0.745804
12431,16279,0.227324
12432,16547,0.542909
12433,26571,0.343359
12434,16926,0.330219
12435,26575,0.176397
12435,20304,0.281994
12436,16068,0.053098
12437,17785,0.4413
12437,17880,0.351411
12438,16102,0.170372
12439,26578,0.439631
12440,16545,0.613791
12441,26580,0.591663
12442,17223,0.222371
12443,17429,0.457236
12443,16075,0.270001
12444,16409,0.372932
12445,16947,0.253899
12445,16474,0.154605
12446,16279,0.119925
12447,20023,0.154178
12447,18092,0.144999
12447,23568,0.112389
12448,18517,0.381805
12448,17904,0.342762
12449,26583,0.383249
12450,16303,0.39374
12451,16188,0.341202
12452,16558,0.347497
12453,26584,0.358029
12454,19692,0.128024
12455,26586,0.414485
12456,16734,0.233386
12457,22832,0.068636
12457,28663,0.108409
12458,26589,0.229705
12459,18642,0.320921
12459,27033,0.315521
12460,19459,0.103406
12460,19553,0.160958
12460,16212,0.254478
12461,19171,0.449224
12461,17386,0.367992
12462,17569,0.241419
12463,19533,0.296511
12464,16786,0.261043
12464,17740,0.066277
12464,21093,0.058353
12465,26593,0.264554
12466,26594,0.375274
12467,26595,0.707726
12468,26596,0.407355
12469,26598,0.519676
12470,17875,0.077782
12471,16091,0.09787
12472,16276,0.242967
12473,17955,0.484207
12474,26601,0.326544
12475,23631,0.607481
12476,16184,0.216207
12477,16077,0.367984
12477,26542,0.284256
12478,26602,0.485
12479,26603,0.303098
12479,29302,0.10123
12480,16070,0.212337
12481,26607,0.563455
12482,16279,0.079375
12483,16415,0.273805
12484,16275,0.512926
12485,16188,0.515607
12486,16270,0.415796
12487,20684,0.433065
12488,16416,0.067416
12489,16101,0.276609
12490,22682,0.241243
12491,19079,0.524652
12492,26611,0.265928
12493,16994,0.303246
12494,16483,0.174545
12495,26613,0.12036
12495,26820,0.085898
12495,25931,0.143316
12496,16720,0.397669
12497,16803,0.4376
12498,18629,0.502964
12498,18169,0.264906
12499,21019,0.616173
12500,22922,0.513775
12501,16092,0.164639
12502,21998,0.059694
12502,26740,0.224163
12502,18586,0.056349
12502,18326,0.060615
12503,26619,0.450972
12504,16197,0.361946
12505,26626,0.26888
12506,17443,0.423641
12507,26627,0.206416
12508,26628,0.381499
12509,25359,0.219813
12509,27270,0.135316
12509,16072,0.186013
12510,26631,0.06788
12510,26756,0.109406
12511,25137,0.099265
12512,18045,0.481889
12513,26633,0.576354
12514,20991,0.683659
12515,18645,0.375859
12516,17846,0.539955
12517,26636,0.233575
12518,26637,0.762299
12519,26638,0.39787
12520,16113,0.261093
12521,20961,0.139244
12521,18991,0.053027
12521,23538,0.137209
12521,21780,0.094235
12521,28416,0.066486
12522,16280,0.254669
12523,16173,0.616168
12524,16054,0.093205
12525,17715,0.605768
12526,20111,0.249222
12527,26645,0.126695
12527,21518,0.133388
12527,17749,0.069654
12528,26646,0.293708
12528,27023,0.118288
12528,27198,0.066393
12529,26647,0.832356
12530,16197,0.577229
12531,26649,0.723468
12532,26653,0.502977
12533,16104,0.059206
12534,26654,0.110541
12534,28444,0.086156
12534,29080,0.058233
12534,29204,0.057799
12534,17297,0.110554
12535,26655,0.360981
12536,26656,0.402232
12537,16612,0.311446
12538,26446,0.228534
12538,24040,0.186897
12539,23749,0.405662
12539,16385,0.228658
12540,17935,0.318695
12540,17374,0.134768
12541,26660,0.644185
12542,16339,0.361877
12543,26661,0.342084
12544,26663,0.123837
12545,17105,0.322475
12546,26665,0.854422
12547,26667,0.460676
12548,16279,0.136907
12549,26669,0.600129
12550,16070,0.230865
12550,26670,0.231923
12551,26671,0.096873
12551,26900,0.096882
12551,21404,0.096303
12551,28384,0.069522
12552,26673,0.371407
12553,16113,0.158218
12554,26675,0.431868
12555,20195,0.808054
12556,21422,0.174193
12557,16339,0.291347
12558,26678,0.408502
12559,16268,0.317191
12560,26679,0.155211
12560,28643,0.155174
12561,17780,0.163324
12562,17253,0.266898
12563,26681,0.394353
12564,16484,0.057695
12565,16175,0.215365
12566,16175,0.404729
12566,16173,0.112148
12567,26682,0.328207
12568,26683,0.366994
12569,16104,0.187327
12570,18840,0.291236
12571,26686,0.725397
12572,26687,0.626933
12573,16068,0.196308
12574,26689,0.195521
12574,29207,0.195532
12575,26691,0.787691
12576,26692,0.510372
12577,16274,0.394416
12578,26695,0.292928
12579,25109,0.099831
12579,17124,0.067352
12580,26696,0.636266
12581,22303,0.248079
12582,26697,0.77561
12583,26698,0.498409
12584,16558,0.409558
12585,16173,0.274784
12586,26701,0.466347
12586,27376,0.209408
12587,20463,0.23007
12588,26704,0.688092
12589,16483,0.164016
12589,16342,0.096322
12590,19226,0.166079
12590,18940,0.150833
12591,26706,0.292158
12592,16116,0.198467
12592,29129,0.199297
12593,16417,0.391533
12594,26707,0.289567
12595,16559,0.053029
12596,18018,0.144851
12597,26711,0.324153
12597,16474,0.16054
12598,16118,0.297542
12599,22106,0.29633
12600,16197,0.301547
12601,17753,0.171356
12602,26714,0.437392
12603,23045,0.131829
12604,16118,0.268332
12605,16101,0.236795
12606,26716,0.216125
12606,17473,0.152647
12607,26717,0.838535
12608,16119,0.30563
12609,26719,0.163847
12609,26720,0.148686
12610,26721,0.073449
12611,25546,0.079029
12611,29269,0.100443
12612,16633,0.152139
12612,24039,0.194195
12613,16342,0.500562
12614,26724,0.762288
12615,26727,0.989257
12616,23130,0.355184
12617,16183,0.321657
12618,16952,0.335095
12619,26730,0.419634
12620,26732,0.089556
12620,27564,0.051441
12621,16052,0.120854
12622,17418,0.222411
12622,16105,0.108469
12623,26733,0.314865
12623,27628,0.083709
12623,17576,0.088653
12624,26734,0.663575
12625,26735,0.317458
12626,20304,0.327778
12627,19533,0.199852
12627,21591,0.161969
12628,22287,0.381486
12628,18067,0.32725
12629,16342,0.399718
12630,18645,0.136697
12630,21501,0.135665
12630,26739,0.164609
12630,27281,0.11379
12631,26741,0.050994
12631,18973,0.084824
12632,26742,0.747208
12633,20341,0.410295
12634,16118,0.685859
12635,16113,0.130916
12636,19073,0.247128
12637,26745,0.431355
12638,19337,0.221891
12639,17223,0.365551
12640,16276,0.094385
12641,26751,0.282174
12642,16175,0.113235
12642,16102,0.217652
12643,16612,0.073848
12644,22949,0.088383
12644,16898,0.144983
12644,19064,0.193395
12645,26752,0.53335
12646,26753,0.218181
12646,28894,0.218181
12647,26754,0.303486
12648,26757,0.123737
12649,23589,0.098595
12649,16091,0.172715
12649,26800,0.138713
12650,26759,0.093787
12650,17514,0.285498
12650,19664,0.156818
12651,26760,0.648767
12652,26761,0.317169
12653,26762,0.815293
12654,16114,0.105903
12655,26764,0.252213
12655,27475,0.300668
12656,16091,0.265744
12657,26768,0.165562
12658,26769,0.182583
12658,28968,0.202876
12659,17236,0.415313
12660,25732,0.082824
12661,16417,0.326874
12662,16458,0.163634
12662,29200,0.148033
12663,26771,0.31115
12664,26772,0.0871
12665,26773,0.566153
12666,26774,0.481587
12667,25750,0.381184
12668,26690,0.27438
12669,26777,0.202323
12670,16211,0.23763
12671,26779,0.140829
12671,26780,0.270001
12672,20269,0.390517
12673,16547,0.447233
12674,26782,0.410587
12675,16279,0.271143
12676,18425,0.318746
12677,23449,0.075476
12677,26968,0.105174
12678,20570,0.455095
12679,16052,0.183566
12680,26784,0.212747
12680,26788,0.174514
12681,25962,0.59082
12682,16413,0.278149
12683,16270,0.405459
12684,16052,0.315234
12685,26787,0.241029
12686,16210,0.333141
12687,16722,0.055843
12688,21470,0.446811
12689,26789,0.769588
12690,23403,0.358621
12691,16268,0.720563
12692,26794,0.532197
12693,20731,0.117399
12694,16210,0.05384
12695,26795,0.247288
12696,18620,0.338213
12697,17095,0.084071
12698,17473,0.422147
12699,18021,0.303604
12699,18022,0.303234
12699,20318,0.303258
12700,16902,0.176686
12701,19421,0.191929
12701,16340,0.213976
12702,21428,0.07521
12703,20791,0.271772
12703,16162,0.151152
12704,16084,0.420193
12705,26805,0.473273
12706,26806,0.30462
12707,18170,0.658287
12708,26808,0.591695
12709,16119,0.358739
12710,16275,0.223861
12711,26811,0.271966
12711,24365,0.145803
12712,26812,0.299363
12713,20451,0.263777
12714,19266,0.30715
12715,16562,0.196179
12716,16118,0.311219
12717,26815,0.2962
12718,26817,0.218347
12719,16114,0.229065
12720,16102,0.468751
12721,17233,0.199628
12722,16118,0.288353
12722,19114,0.240314
12723,16197,0.581957
12724,26821,0.744845
12725,26822,0.378057
12726,18249,0.169723
12726,17044,0.171012
12727,16612,0.140633
12728,16184,0.322375
12729,26824,0.097785
12730,26047,0.27299
12731,26825,0.355187
12732,17170,0.142357
12733,26826,0.055907
12734,16567,0.424509
12735,26827,0.622828
12736,26832,0.063158
12736,25512,0.063139
12737,26833,0.299857
12738,23676,0.341978
12739,26834,0.237383
12740,26837,0.301212
12741,16210,0.703339
12742,16092,0.420378
12743,17259,0.218428
12743,16114,0.199794
12744,26838,0.551337
12745,16185,0.360094
12746,16174,0.313373
12747,24037,0.487107
12748,16131,0.788498
12749,19697,0.41389
12750,16414,0.644934
12751,16175,0.362113
12751,16173,0.381488
12752,26844,0.251289
12753,17383,0.437143
12754,17101,0.281371
12755,16093,0.406882
12756,16650,0.363084
12757,16175,0.342392
12758,22635,0.180759
12759,26850,0.190021
12760,26851,0.454835
12761,16414,0.073316
12761,22044,0.155592
12762,16414,0.338321
12763,26853,0.858099
12764,18285,0.226824
12765,26855,0.276148
12766,26856,0.467399
12767,16484,0.246432
12768,26857,0.518052
12769,26858,0.73086
12770,26860,0.460344
12771,16174,0.293981
12772,18316,0.382509
12772,18045,0.291764
12773,16183,0.268233
12774,16918,0.194201
12775,22294,0.284976
12775,28830,0.13719
12775,28831,0.136242
12776,23271,0.371079
12777,16131,0.488956
12778,16232,0.226994
12779,16174,0.161532
12780,26865,0.337996
12780,26866,0.215742
12780,19370,0.166807
12781,25310,0.495232
12782,16414,0.250685
12783,16091,0.353239
12784,26870,0.077868
12784,27440,0.108796
12784,16141,0.090333
12784,19079,0.086807
12785,16091,0.465484
12786,16091,0.289266
12786,16955,0.199044
12787,26872,0.639684
12788,16197,0.315774
12789,26876,0.214019
12790,16114,0.558427
12791,26878,0.219832
12792,26879,0.313966
12793,19503,0.338592
12794,16113,0.303905
12795,16103,0.35418
12796,26882,0.069204
12796,17339,0.252804
12797,16768,0.370707
12797,17208,0.161896
12798,16253,0.111719
12799,26884,0.054456
12800,26885,0.33945
12800,27148,0.149327
12800,28672,0.156895
12801,26886,0.438508
12802,25352,0.425979
12803,26887,0.44131
12804,16207,0.257708
12805,16118,0.429246
12806,16756,0.509455
12807,26891,0.614642
12808,20838,0.184483
12809,19377,0.600226
12810,17491,0.458184
12811,16567,0.350106
12812,16052,0.118485
12813,16101,0.117206
12814,22894,0.347205
12815,26894,0.1635
12815,17769,0.163523
12816,26897,0.382174
12817,16054,0.062894
12818,16208,0.452665
12819,16612,0.410624
12820,26898,0.677518
12821,18647,0.744759
12822,26901,0.491962
12822,16128,0.124012
12823,26902,0.180634
12823,28876,0.108464
12824,26903,0.429444
12825,26905,0.757343
12826,19251,0.235052
12827,16270,0.363088
12828,26908,0.717716
12829,16619,0.267841
12830,16093,0.221993
12830,16416,0.198481
12831,16118,0.078469
12832,16342,0.155498
12833,26910,0.086747
12834,16830,0.252733
12835,26911,0.21446
12836,16279,0.165153
12837,16549,0.262281
12838,26912,0.585335
12839,16053,0.536083
12840,17371,0.133355
12841,26358,0.142844
12842,16414,0.150983
12843,26916,0.617433
12844,18875,0.593568
12845,19125,0.112382
12846,18579,0.17924
12846,26919,0.100264
12846,17872,0.197057
12847,21001,0.321348
12847,20630,0.195362
12848,21472,0.095242
12849,16414,0.279817
12850,26921,0.988335
12851,26923,0.608132
12852,26924,0.152176
12852,17894,0.190379
12853,26925,0.671199
12854,19104,0.054303
12854,18583,0.067042
12855,26926,0.416193
12856,19710,0.172829
12856,26869,0.104156
12856,27985,0.13114
12857,16208,0.203427
12858,26930,0.492812
12859,25190,0.371657
12859,20304,0.288561
12860,26931,0.424612
12861,16079,0.21793
12862,26022,0.058579
12862,22785,0.065584
12862,16084,0.113562
12863,26937,0.587853
12864,20088,0.427491
12865,16483,0.147953
12866,16270,0.844066
12867,26940,0.121257
12867,29056,0.113284
12867,29281,0.121255
12868,19643,0.393537
12869,16275,0.315149
12870,26942,0.188217
12871,16068,0.12065
12872,21751,0.248098
12872,17498,0.525289
12873,26944,0.428373
12874,26945,0.475458
12875,19421,0.282268
12876,16787,0.281735
12876,27496,0.123823
12877,26947,0.46121
12878,16174,0.208556
12879,16113,0.109786
12880,18037,0.37746
12881,22294,0.487627
12881,28943,0.349787
12882,16124,0.426068
12883,26948,0.339684
12884,16068,0.173122
12885,17202,0.394564
12886,18706,0.554756
12887,26596,0.162716
12887,19430,0.610231
12888,26952,0.066593
12889,26953,0.164524
12889,27348,0.118245
12890,18280,0.279733
12891,17225,0.112453
12892,21732,0.198233
12893,26956,0.308677
12894,17254,0.144072
12895,19372,0.415355
12895,16212,0.241359
12895,17082,0.099935
12896,16294,0.196393
12896,28121,0.074114
12897,17753,0.168518
12898,18278,0.230393
12899,16557,0.73024
12900,26961,0.18086
12901,16409,0.129639
12902,26962,0.40745
12903,16574,0.380529
12904,19668,0.19473
12904,25914,0.055179
12904,18308,0.103558
12905,17746,0.110094
12906,17400,0.387766
12907,17635,0.411716
12908,18600,0.15687
12908,16276,0.110075
12909,20079,0.588989
12910,22503,0.205323
12911,19209,0.180421
12912,18679,0.436411
12913,20008,0.390132
12913,27817,0.178
12913,27818,0.177968
12914,16157,0.120179
12914,21156,0.350551
12915,18359,0.575733
12916,16104,0.714763
12917,19810,0.318065
12918,26974,0.331201
12919,26976,0.179841
12920,21368,0.393547
12920,21001,0.317382
12921,16068,0.080663
12922,26980,0.148542
12922,29106,0.149068
12923,16695,0.795003
12924,26983,0.291286
12925,24676,0.343561
12925,28592,0.091181
12926,26985,0.053911
12926,17097,0.103799
12927,16195,0.495572
12928,21078,0.46526
12929,26991,0.606662
12930,26992,0.384443
12930,28969,0.142736
12931,26993,0.576684
12932,26994,0.440482
12933,22667,0.455982
12934,16760,0.271002
12935,26997,0.2663
12936,16131,0.560492
12937,16101,0.2722
12938,16549,0.245002
12939,17031,0.473195
12940,16112,0.423537
12940,16113,0.317347
12941,26998,0.714302
12942,26999,0.386843
12943,27000,0.620556
12944,27001,0.652916
12945,27002,0.676309
12946,27003,0.471822
12946,17071,0.288997
12947,27004,0.255583
12948,16118,0.149141
12949,16270,0.41646
12950,27005,0.365164
12950,28944,0.258169
12951,16702,0.479386
12952,27006,0.560734
12953,27007,0.632556
12954,16197,0.255759
12955,16132,0.362109
12956,18160,0.250411
12957,21342,0.488675
12958,27013,0.437251
12959,27015,0.293913
12960,19606,0.338883
12961,17219,0.513426
12962,26486,0.105406
12963,17634,0.102778
12964,19021,0.470991
12965,18655,0.075158
12965,16904,0.115039
12966,16649,0.286416
12967,27019,0.627462
12968,17420,0.690406
12969,27020,0.244605
12970,27022,0.134011
12970,23390,0.092546
12971,16079,0.395369
12972,27024,0.638247
12973,16417,0.413762
12974,27027,0.678879
12975,27028,0.238614
12976,16119,0.24509
12977,27029,0.128506
12978,27031,0.241253
12979,20677,0.581638
12980,17119,0.321464
12981,16175,0.2368
12982,27034,0.270758
12983,17742,0.127516
12984,27035,0.281599
12985,16113,0.211422
12986,16207,0.249459
12986,16414,0.330734
12987,19633,0.071091
12987,26902,0.075824
12988,16101,0.17391
12989,27038,0.471626
12990,27039,0.572011
12991,18990,0.53058
12992,16579,0.052184
12993,27041,0.312163
12994,18615,0.529949
12995,22645,0.067644
12996,27044,0.562117
12997,17969,0.350772
12998,27045,0.099672
12998,22465,0.331059
12998,29174,0.072068
12999,16414,0.162149
13000,16113,0.393208
13001,27046,0.054004
13002,18018,0.156487
13003,16173,0.124272
13004,16276,0.177577
13005,22290,0.262425
13006,21219,0.251934
13007,27049,0.415891
13008,27051,0.184099
13009,17973,0.422038
13009,21926,0.421838
13010,16118,0.261145
13011,16160,0.410488
13012,16414,0.180018
13013,16612,0.662802
13014,18445,0.232645
13015,16207,0.210727
13016,27058,0.576113
13017,27059,0.537769
13018,16117,0.618855
13019,23194,0.704256
13020,27060,0.09594
13021,19763,0.185701
13022,25568,0.234083
13023,21149,0.180373
13024,16207,0.273455
13025,27062,0.084852
13026,16514,0.403542
13027,19012,0.073662
13028,17655,0.134258
13028,20539,0.275263
13029,16207,0.42342
13030,16760,0.248026
13031,16079,0.130451
13032,20019,0.127381
13032,27598,0.127989
13033,16789,0.395751
13034,16766,0.376519
13035,27068,0.391957
13036,16052,0.05789
13037,27069,0.088067
13037,17946,0.126797
13037,18482,0.145963
13038,27070,0.332632
13039,27071,0.764099
13040,27072,0.574218
13041,17169,0.395029
13042,16091,0.339687
13043,21945,0.387246
13044,19156,0.105409
13044,27610,0.082935
13045,16118,0.288731
13046,27075,0.474632
13047,16342,0.357303
13048,27077,0.458833
13049,27082,0.691865
13050,27083,0.624544
13051,16560,0.512551
13052,19680,0.713531
13053,21741,0.524609
13054,27085,0.270585
13055,16276,0.54252
13056,27086,0.158967
13056,28363,0.221485
13057,16414,0.233917
13058,27088,0.545321
13059,16276,0.262908
13060,27089,0.05975
13060,16175,0.220917
13061,16279,0.245367
13062,20974,0.102126
13063,16103,0.208747
13064,19431,0.491709
13065,16270,0.222863
13066,21143,0.389577
13067,27095,0.24671
13068,27096,0.555779
13069,16871,0.299893
13070,18021,0.308248
13070,18022,0.22106
13071,17005,0.191312
13072,27100,0.394357
13073,23938,0.370395
13074,16112,0.056414
13075,16414,0.051547
13076,27104,0.471505
13077,27105,0.154327
13078,16417,0.197054
13079,16354,0.103589
13080,23740,0.215611
13081,27108,0.143848
13082,27109,0.284552
13083,16619,0.756812
13084,27110,0.529752
13085,16545,0.476034
13086,16118,0.340459
13087,18655,0.067494
13088,27111,0.846697
13089,19747,0.227406
13090,17493,0.290196
13091,19303,0.490573
13092,27115,0.288094
13092,28050,0.058474
13092,28886,0.081517
13092,28913,0.104605
13093,17439,0.063787
13094,27116,0.081047
13094,24720,0.112966
13095,27117,0.203264
13095,19254,0.148114
13096,16207,0.072341
13097,17872,0.516636
13098,27120,0.296428
13099,27121,0.334489
13100,21537,0.122994
13101,16119,0.186419
13102,27122,0.500293
13103,16805,0.412668
13103,18416,0.083598
13104,16054,0.19403
13105,27126,0.256171
13105,28827,0.210523
13106,18201,0.28495
13107,22369,0.326322
13108,16462,0.282739
13108,17450,0.438666
13109,20728,0.261471
13110,17222,0.222191
13110,21644,0.201626
13111,23053,0.275659
13111,16895,0.507108
13112,27133,0.835497
13113,16409,0.504081
13114,27134,0.105016
13114,25501,0.18885
13115,27135,0.175026
13116,27136,0.524259
13117,24693,0.188754
13117,27138,0.174315
13118,16926,0.239199
13119,27140,0.139974
13120,25740,0.279817
13121,27142,0.200112
13122,27143,0.16242
13123,22513,0.224412
13124,27145,0.470969
13125,27146,0.363655
13125,17107,0.284114
13126,19762,0.286783
13127,27149,0.283031
13128,27150,0.135356
13128,24896,0.130315
13129,27151,0.150308
13130,16232,0.126404
13131,24954,0.391546
13132,22220,0.200346
13133,16112,0.401406
13134,16093,0.264533
13135,22088,0.241639
13136,27156,0.23792
13137,27157,0.266127
13138,17233,0.30161
13139,17570,0.439326
13140,16114,0.204508
13141,27158,0.305997
13142,22465,0.25778
13143,27160,0.136045
13144,16275,0.355397
13145,16413,0.365452
13146,27162,0.130491
13147,23456,0.264364
13148,27164,0.4096
13149,27165,0.590052
13150,26661,0.232415
13150,28198,0.181215
13151,24786,0.123828
13152,23915,0.139155
13153,16197,0.198746
13154,20728,0.346196
13155,16197,0.180573
13156,16197,0.100123
13157,26534,0.12299
13158,16409,0.276413
13159,19632,0.101138
13160,27169,0.178819
13161,20520,0.367633
13162,27170,0.239094
13163,19945,0.202343
13164,17859,0.110798
13164,17387,0.242045
13164,16913,0.110193
13165,23556,0.460577
13166,23012,0.19652
13167,27175,0.786199
13168,23632,0.367604
13169,27178,0.669718
13170,20111,0.22967
13170,16091,0.11148
13171,27180,0.415347
13172,16273,0.161856
13172,19934,0.124949
13173,27184,0.277959
13174,16150,0.182528
13175,17170,0.327686
13176,27186,0.534036
13177,16118,0.444262
13178,17477,0.526613
13179,17876,0.305942
13180,27193,0.559401
13181,16559,0.751849
13182,27194,0.664642
13183,19035,0.251468
13183,28567,0.153225
13184,27197,0.11635
13184,27780,0.149159
13185,16545,0.122033
13186,16279,0.235129
13187,27200,0.237942
13187,27201,0.367144
13188,16118,0.202673
13189,22092,0.084329
13189,17485,0.282194
13190,16112,0.367615
13191,17274,0.352044
13192,20845,0.248516
13193,17473,0.198113
13194,17051,0.248014
13195,17875,0.218583
13196,27203,0.073358
13197,19959,0.417395
13197,27739,0.12518
13198,21290,0.294043
13199,27204,0.592199
13200,16246,0.145202
13201,16340,0.325644
13202,27207,0.284472
13203,16279,0.214377
13204,27208,0.473423
13205,27210,0.64397
13206,27212,0.362638
13207,16052,0.505006
13208,16215,0.543231
13209,18323,0.250404
13210,17347,0.056843
13210,18123,0.122727
13211,16279,0.584994
13212,16414,0.240256
13213,27215,0.291697
13213,27525,0.27205
13214,22221,0.223702
13215,16240,0.159738
13216,19358,0.182384
13216,27231,0.185487
13217,27217,0.345784
13218,27218,0.393641
13219,27219,0.111778
13219,27798,0.155618
13220,27220,0.244297
13221,27221,0.471207
13222,23866,0.323971
13223,17665,0.085782
13224,16978,0.298257
13224,17468,0.282567
13224,21559,0.06072
13225,27222,0.750741
13226,16054,0.156133
13227,16052,0.191726
13228,27224,0.520389
13229,27225,0.426827
13230,27226,0.283507
13230,28054,0.202459
13231,19191,0.251765
13232,16402,0.438224
13233,19810,0.081177
13234,27233,0.289946
13235,27234,0.137807
13236,27235,0.38547
13237,18326,0.405842
13238,27237,0.399055
13239,27238,0.332781
13240,27241,0.121016
13241,27242,0.59931
13242,23428,0.393305
13243,27244,0.123931
13244,27048,0.367262
13245,17420,0.226654
13246,16649,0.107363
13246,16270,0.308878
13247,16415,0.363717
13248,16208,0.163288
13249,17212,0.375066
13249,26356,0.080081
13250,16068,0.052332
13251,27255,0.506125
13252,27256,0.498442
13253,16560,0.244745
13254,27258,0.583285
13255,27237,0.258981
13256,25263,0.399826
13257,26870,0.399522
13258,16276,0.207891
13259,16274,0.099387
13260,16160,0.050445
13261,27260,0.244112
13262,16925,0.368759
13263,17257,0.54412
13264,27261,0.514992
13265,27264,0.489815
13266,27267,0.236513
13267,27268,0.819252
13268,20014,0.56568
13269,27269,0.302734
13269,20369,0.175877
13270,16079,0.296983
13271,17439,0.176813
13271,16760,0.051718
13272,27271,0.4984
13273,16409,0.35954
13274,16102,0.064742
13275,16414,0.106026
13276,27273,0.336354
13277,16113,0.198628
13278,21533,0.375729
13279,27277,0.536147
13280,17158,0.345497
13281,27278,0.075948
13281,27351,0.075948
13281,24366,0.07587
13281,19650,0.223432
13282,16633,0.264422
13282,29244,0.364401
13282,29245,0.160449
13283,25680,0.304644
13284,16118,0.170642
13285,21030,0.08765
13285,17823,0.08332
13286,27282,0.057208
13286,22846,0.082456
13287,16273,0.239958
13287,26870,0.142061
13288,27283,0.41942
13289,25676,0.326182
13290,21429,0.639344
13291,17209,0.203124
13292,27285,0.688851
13293,27286,0.343802
13293,27547,0.207358
13294,27287,0.300595
13295,21870,0.052282
13296,27288,0.324678
13297,16054,0.06071
13298,16174,0.3797
13299,16409,0.243534
13300,16484,0.266716
13301,22321,0.275414
13302,18188,0.313167
13303,22256,0.057498
13304,16256,0.330268
13304,18900,0.141617
13304,16866,0.31925
13305,27292,0.568056
13306,16113,0.337581
13307,21219,0.472146
13308,21184,0.381884
13309,16414,0.299653
13310,16567,0.125649
13311,27297,0.128756
13311,19147,0.133188
13311,21728,0.191517
13312,27298,0.253034
13313,27299,0.205673
13314,16547,0.437117
13315,21471,0.369984
13316,27301,0.611379
13317,27302,0.212186
13318,16491,0.205292
13319,16688,0.318711
13319,27303,0.285707
13320,27305,0.588548
13321,27306,0.2615
13322,16157,0.182351
13322,22519,0.106991
13323,27308,0.352163
13323,16768,0.352118
13323,27338,0.17905
13324,16101,0.116174
13325,24218,0.295555
13326,16468,0.451018
13326,16866,0.280686
13327,16147,0.244515
13328,16484,0.145513
13329,17905,0.257028
13329,16889,0.257602
13330,27314,0.795741
13331,27315,0.090344
13332,16175,0.141331
13332,16173,0.135339
13333,27316,0.771931
13334,27317,0.394134
13335,16079,0.368179
13336,16117,0.37549
13337,16342,0.055104
13338,23405,0.104072
13338,16887,0.082305
13339,17473,0.475851
13340,27318,0.161967
13341,19345,0.43723
13342,18072,0.386373
13343,16113,0.350915
13344,27320,0.438017
13345,18226,0.331947
13346,27321,0.402709
13347,17158,0.340776
13348,27323,0.539646
13349,18257,0.778743
13350,23616,0.480949
13351,16916,0.297298
13352,19167,0.325579
13353,16113,0.17241
13354,17764,0.342436
13354,17395,0.233475
13355,27326,0.151931
13356,16275,0.229024
13357,16545,0.327597
13358,16113,0.399316
13359,16342,0.328332
13360,27327,0.102346
13360,20767,0.073376
13361,16101,0.154577
13362,16760,0.081289
13363,16560,0.286301
13364,16545,0.109571
13365,21754,0.237407
13366,16583,0.483216
13367,27330,0.058821
13367,26296,0.06112
13367,20310,0.060954
13367,26573,0.061163
13368,16275,0.187168
13368,27331,0.146757
13369,27332,0.260615
13370,27333,0.581197
13371,16175,0.206082
13371,16173,0.170584
13372,18057,0.260649
13373,27334,0.595828
13374,20463,0.210445
13375,27335,0.365375
13376,19372,0.340347
13376,27337,0.374767
13377,16124,0.231152
13378,18007,0.672431
13379,18037,0.570201
13380,16414,0.409888
13381,16182,0.334035
13382,27340,0.210254
13383,16102,0.269801
13384,27343,0.383478
13385,26707,0.375522
13386,27345,0.216778
13387,16235,0.426223
13388,27348,0.324838
13388,27799,0.086175
13389,26263,0.267809
13390,16101,0.387446
13391,16738,0.301339
13391,16732,0.373533
13392,16414,0.324555
13393,27354,0.762533
13394,27355,0.200948
13395,17451,0.20689
13395,16847,0.302928
13396,17169,0.353158
13397,16567,0.588562
13398,16068,0.402705
13399,27358,0.186741
13399,16684,0.333041
13400,27361,0.160579
13401,27364,0.616266
13402,17197,0.529045
13403,16992,0.093281
13403,20886,0.24641
13404,16415,0.383964
13405,16112,0.344638
13405,16113,0.249921
13406,27369,0.56749
13407,23078,0.177019
13407,26492,0.132921
13408,17848,0.329022
13408,16914,0.213754
13409,18781,0.357539
13409,27370,0.234774
13410,16174,0.47985
13410,16183,0.281037
13411,16160,0.198164
13412,20602,0.066353
13412,28900,0.060326
13413,16414,0.195777
13413,16195,0.204473
13414,16246,0.093701
13415,16487,0.200635
13415,27375,0.246082
13415,21949,0.147935
13416,21181,0.240422
13417,17493,0.15759
13417,16279,0.148812
13418,18018,0.166997
13419,27377,0.120504
13420,16262,0.237253
13420,19372,0.300091
13421,27378,0.088901
13422,20256,0.088799
13422,19523,0.156444
13423,27381,0.424071
13424,16210,0.263867
13425,27383,0.186564
13426,27384,0.452493
13427,16068,0.123779
13428,21165,0.153248
13428,27783,0.274471
13429,16415,0.159912
13430,16274,0.061524
13431,19041,0.132283
13432,17361,0.387136
13433,16279,0.240843
13434,27395,0.363357
13434,27396,0.118761
13434,22800,0.184116
13435,27397,0.644137
13436,16412,0.177128
13437,27398,0.732217
13438,20255,0.512189
13439,18039,0.372048
13439,24189,0.274389
13440,18420,0.543866
13441,27399,0.238654
13442,17439,0.381735
13443,18620,0.367637
13443,16207,0.248692
13444,16174,0.284068
13445,27405,0.487857
13446,27407,0.506723
13446,17487,0.25745
13447,16175,0.192681
13448,27408,0.417084
13448,17429,0.317179
13449,16567,0.387989
13450,21171,0.317191
13451,17080,0.41054
13452,27411,0.152386
13453,27337,0.49434
13454,21857,0.273799
13454,29000,0.093859
13455,19945,0.141355
13456,16091,0.410415
13457,27415,0.418287
13458,18809,0.121108
13459,16545,0.261349
13460,27418,0.345919
13461,27419,0.417297
13462,17101,0.092749
13463,19714,0.126185
13464,27420,0.604193
13465,24520,0.29114
13466,27421,0.423397
13467,20208,0.097346
13468,16275,0.844396
13469,21243,0.353031
13470,16091,0.267026
13471,16276,0.436192
13472,16354,0.167977
13473,27429,0.257342
13473,16670,0.291207
13474,20136,0.233849
13475,27430,0.494912
13476,18093,0.32711
13477,16174,0.31565
13478,16414,0.289185
13479,16182,0.414961
13480,16276,0.229951
13481,27434,0.286407
13482,16119,0.277548
13483,16114,0.193347
13484,27435,0.499319
13485,23199,0.051178
13486,16288,0.237545
13487,16182,0.053978
13488,16054,0.156062
13489,16132,0.393926
13490,16068,0.341339
13490,16546,0.105238
13491,17490,0.236622
13492,27437,0.257558
13492,16851,0.295047
13493,21648,0.313226
13494,27438,0.385294
13495,16124,0.412947
13496,27439,0.634607
13497,16354,0.465272
13498,27445,0.30476
13498,25527,0.181929
13499,27332,0.435875
13500,16573,0.054002
13501,16275,0.224594
13502,16118,0.08945
13503,27450,0.319311
13504,27451,0.342559
13505,16573,0.079664
13506,16102,0.054542
13507,16649,0.613263
13508,27452,0.33659
13509,16342,0.409012
13510,16999,0.625212
13511,16567,0.066431
13512,16417,0.067101
13513,27454,0.424508
13514,17473,0.254369
13515,17557,0.148701
13515,27463,0.057784
13516,16173,0.110145
13517,27455,0.380098
13518,27456,0.429374
13519,16342,0.294926
13520,16072,0.128079
13521,22137,0.23808
13522,21065,0.118443
13522,27457,0.118447
13523,19547,0.777556
13524,20784,0.354903
13525,16173,0.194898
13525,16175,0.228886
13526,16614,0.287711
13526,18625,0.162815
13527,27459,0.259798
13528,27460,0.429029
13529,16184,0.299315
13530,16561,0.294402
13531,16113,0.235942
13532,25553,0.20348
13532,27461,0.272641
13532,27462,0.289222
13533,25279,0.34985
13533,27463,0.145921
13533,22472,0.164392
13534,16114,0.492919
13535,27465,0.482281
13536,27466,0.067944
13536,27652,0.277707
13537,27467,0.62032
13538,16174,0.268945
13539,27470,0.584229
13540,27472,0.5162
13541,16340,0.331582
13542,17258,0.421555
13542,22642,0.319774
13543,19574,0.321329
13544,20450,0.224925
13545,27473,0.42829
13546,27474,0.624509
13547,16417,0.271116
13548,16415,0.399995
13549,16052,0.067734
13550,27476,0.188573
13550,18631,0.164805
13550,28425,0.188569
13551,27477,0.592555
13552,17449,0.113381
13553,18933,0.100667
13554,27478,0.515922
13555,27480,0.537558
13556,17780,0.0687
13557,16483,0.150755
13558,22596,0.107192
13558,25263,0.107251
13559,27483,0.378191
13559,28120,0.183245
13560,25070,0.502713
13561,19569,0.123993
13561,27484,0.142479
13562,27485,0.052627
13563,16210,0.37471
13564,27486,0.174038
13564,17935,0.202795
13565,16207,0.337382
13566,16174,0.415042
13567,27487,0.898364
13568,16129,0.081834
13569,19598,0.163415
13569,16447,0.116445
13569,21133,0.163358
13570,17462,0.071244
13571,17051,0.136476
13572,16756,0.246654
13573,23720,0.510706
13574,16412,0.226066
13575,27492,0.528914
13576,18327,0.735922
13577,27493,0.432746
13578,16091,0.111742
13579,27494,0.187295
13580,27495,0.315584
13581,24355,0.184024
13581,16702,0.181224
13581,20494,0.256384
13582,16649,0.364339
13583,17225,0.182433
13584,16113,0.157912
13585,16103,0.058625
13586,22838,0.127212
13587,20048,0.442827
13588,27501,0.53523
13589,18144,0.128815
13590,26425,0.38849
13591,19969,0.281042
13592,20111,0.352777
13593,20062,0.205095
13594,27504,0.635412
13595,20646,0.053912
13596,27506,0.672579
13597,27507,0.326518
13598,16414,0.346196
13599,18681,0.093756
13599,27509,0.169972
13599,27510,0.162037
13600,27511,0.123618
13600,28583,0.172332
13601,16279,0.231381
13602,18104,0.464336
13603,27513,0.359066
13604,16087,0.232027
13605,27516,0.312272
13606,16468,0.507957
13607,27517,0.247325
13608,22914,0.398394
13609,16414,0.296277
13610,18350,0.398867
13611,27519,0.491661
13612,16340,0.447983
13613,17936,0.271794
13614,27522,0.339141
13615,16207,0.208752
13616,16207,0.494624
13617,16054,0.384485
13618,16174,0.220246
13619,22142,0.101518
13620,16197,0.378915
13621,25140,0.277829
13622,16175,0.193523
13623,27528,0.303395
13624,16101,0.249774
13625,27530,0.611826
13626,21891,0.062972
13626,27644,0.050323
13627,16500,0.303201
13627,25656,0.144761
13628,24925,0.313624
13629,27532,0.662275
13630,21727,0.279733
13631,27533,0.119472
13632,16118,0.078732
13632,20843,0.073018
13633,24087,0.274216
13633,27534,0.181767
13633,16721,0.168753
13634,16101,0.092221
13635,27535,0.56273
13636,16760,0.231032
13637,27537,0.407028
13638,27538,0.132954
13639,16131,0.296553
13640,16173,0.464147
13641,16101,0.457325
13642,16926,0.386209
13643,24395,0.178391
13644,27541,0.137753
13644,27612,0.365156
13644,29225,0.085591
13645,19459,0.36655
13645,16840,0.366513
13646,16092,0.206132
13647,27543,0.666827
13648,16068,0.316168
13649,17798,0.329885
13649,18765,0.339446
13650,16279,0.061013
13651,27546,0.159674
13651,20138,0.132581
13651,22107,0.281225
13652,16118,0.313825
13653,27551,0.490964
13654,27553,0.247457
13655,16195,0.285347
13656,27554,0.541738
13657,17921,0.125279
13658,27558,0.583411
13659,27559,0.573554
13660,16118,0.144333
13661,19299,0.350663
13661,18921,0.276095
13662,27561,0.134561
13662,27562,0.14622
13662,18910,0.146349
13663,27563,0.642053
13664,27565,0.523891
13665,22688,0.104737
13666,27571,0.313088
13667,16279,0.297738
13668,16102,0.40463
13669,27574,0.174301
13670,22353,0.088875
13671,27579,0.342655
13672,27582,0.658281
13673,27583,0.299986
13673,28597,0.060881
13673,28798,0.108909
13674,16559,0.656598
13675,16173,0.501948
13676,27264,0.741862
13677,16173,0.459382
13678,27586,0.394977
13679,27587,0.18423
13679,19477,0.102474
13679,28887,0.102999
13680,24121,0.164113
13681,16276,0.2993
13682,19715,0.467553
13683,27590,0.524816
13684,27591,0.694881
13685,27592,0.942344
13686,27593,0.274202
13687,16068,0.062576
13688,17752,0.240869
13688,16695,0.205508
13689,27594,0.156069
13689,19091,0.200388
13690,27595,0.553779
13691,27597,0.514348
13692,16101,0.154208
13693,19421,0.172038
13693,16340,0.30971
13694,27604,0.759925
13695,16118,0.620803
13696,16174,0.214366
13697,16052,0.107094
13698,27607,0.633117
13699,16210,0.070632
13699,16091,0.071873
13700,16619,0.184778
13701,16119,0.209094
13702,16068,0.229397
13703,16354,0.64026
13704,19417,0.056897
13705,27614,0.112319
13706,22138,0.345961
13707,27615,0.611707
13708,27407,0.642401
13709,27616,0.222941
13709,29073,0.360523
13710,16947,0.11358
13711,23428,0.31882
13712,16268,0.26808
13713,16113,0.337743
13714,16274,0.259926
13715,16417,0.433901
13716,16108,0.106834
13717,27619,0.29308
13718,16342,0.206639
13719,16900,0.351632
13720,23050,0.529757
13721,21800,0.215943
13721,17818,0.215852
13722,19125,0.128556
13723,18312,0.348701
13724,27624,0.225537
13725,16119,0.277762
13726,16414,0.3295
13727,16102,0.21397
13728,27626,0.604121
13729,18809,0.427812
13730,16175,0.286943
13731,16587,0.488259
13731,16762,0.270139
13732,18515,0.274496
13733,16068,0.102417
13734,18165,0.175263
13735,20367,0.314415
13736,16484,0.480172
13737,17630,0.399027
13738,17439,0.083818
13739,16119,0.235885
13740,19160,0.476968
13741,27627,0.371655
13742,27629,0.141129
13742,27808,0.196713
13743,27631,0.20009
13743,28844,0.416554
13744,27632,0.198728
13744,18159,0.111844
13745,16414,0.812712
13746,16561,0.081876
13747,27633,0.189643
13747,22472,0.130513
13748,27634,0.558419
13749,18564,0.337895
13750,16288,0.056999
13750,28124,0.081315
13751,16118,0.266111
13752,27635,0.068245
13753,16079,0.359526
13754,27637,0.289535
13754,27638,0.289535
13755,27639,0.318596
13756,27642,0.211396
13757,25078,0.200522
13758,16118,0.385983
13759,27646,0.574661
13760,27644,0.071483
13760,28570,0.112063
13761,16102,0.15334
13762,21578,0.291437
13763,16207,0.200986
13764,27649,0.323224
13765,27653,0.708614
13766,17473,0.492393
13767,27659,0.324562
13768,16131,0.366865
13769,27664,0.808859
13770,16091,0.150753
13771,16079,0.071953
13772,16414,0.384869
13773,26703,0.245789
13774,16484,0.281374
13774,16195,0.150933
13775,16053,0.056368
13776,22217,0.09531
13776,16054,0.299983
13776,17439,0.20791
13777,17846,0.31917
13778,27675,0.663697
13779,23558,0.49749
13780,16079,0.319372
13781,27679,0.249377
13782,27680,0.571084
13783,27681,0.407722
13784,26454,0.485244
13785,16068,0.507576
13786,17420,0.154704
13787,16052,0.056808
13788,16132,0.08114
13788,17439,0.082074
13789,27684,0.380118
13790,27685,0.495819
13791,21047,0.232718
13792,27686,0.40063
13793,18327,0.055191
13794,27689,0.289862
13795,21673,0.446437
13796,27692,0.10078
13797,17570,0.398704
13798,27693,0.749124
13799,27694,0.485241
13800,16185,0.171023
13801,26398,0.259284
13801,27776,0.258911
13802,16414,0.221713
13803,16207,0.297477
13804,22934,0.070765
13805,27696,0.201921
13805,20115,0.177137
13806,17586,0.349703
13807,19160,0.430736
13808,16275,0.800775
13809,27703,0.252592
13810,27704,0.066194
13811,16431,0.255905
13811,18400,0.452286
13812,16342,0.64509
13813,16173,0.431601
13814,16207,0.210323
13815,27709,0.576835
13816,20142,0.119481
13817,22612,0.152776
13818,16163,0.494698
13819,16082,0.64397
13820,17211,0.566501
13821,16207,0.061154
13822,16100,0.195571
13822,16101,0.167445
13823,27713,0.536004
13824,18409,0.654316
13825,16104,0.138064
13826,17753,0.145882
13827,20392,0.682407
13828,22571,0.070206
13829,27718,0.466168
13830,27719,0.070588
13830,20147,0.07344
13831,19733,0.270095
13832,20119,0.193296
13833,27722,0.081455
13834,27723,0.244297
13835,27724,0.320113
13836,16091,0.087893
13837,27725,0.486403
13838,16408,0.283226
13839,18037,0.117231
13840,19685,0.443997
13841,27727,0.575524
13842,27729,0.172494
13843,20874,0.359731
13844,16173,0.235682
13845,27732,0.40738
13846,22109,0.126402
13846,18046,0.081228
13847,16173,0.171404
13848,16276,0.267625
13849,27735,0.52995
13850,16118,0.056926
13851,16113,0.196051
13851,16560,0.227535
13852,27741,0.249088
13852,27947,0.347156
13853,16342,0.377532
13854,27744,0.450492
13855,16726,0.651392
13856,17269,0.397742
13856,16493,0.363626
13857,16275,0.186335
13858,19421,0.077629
13859,20463,0.338687
13860,27750,0.062802
13861,27751,0.201304
13862,16052,0.283563
13863,18253,0.274564
13863,27965,0.513764
13864,27752,0.126036
13865,19647,0.167972
13866,18057,0.324906
13867,27754,0.230997
13868,16760,0.282519
13869,16104,0.124499
13870,16270,0.081833
13870,17795,0.15351
13871,16175,0.343998
13871,16173,0.138095
13872,25547,0.318663
13873,27759,0.239608
13874,27761,0.131792
13874,27762,0.144913
13874,27763,0.259235
13875,18938,0.595969
13876,22688,0.169451
13877,16573,0.181067
13878,27767,0.06967
13878,25201,0.069407
13879,27768,0.653514
13880,16409,0.162039
13881,16119,0.094653
13882,20463,0.251853
13883,17629,0.44498
13884,27769,0.060302
13885,27770,0.382382
13886,16208,0.388005
13887,16567,0.230554
13888,20257,0.167104
13888,22801,0.112157
13889,20753,0.289691
13889,28321,0.092974
13889,28941,0.108989
13890,16414,0.269947
13891,16114,0.495381
13892,27773,0.324477
13893,27748,0.075114
13893,28132,0.053892
13894,18054,0.462698
13895,16925,0.102772
13896,16578,0.642292
13897,16105,0.363899
13897,20756,0.202904
13898,16573,0.885867
13899,16184,0.46988
13900,27781,0.141119
13900,29120,0.08062
13901,16113,0.368251
13901,16112,0.447624
13902,27788,0.498686
13903,27789,0.435949
13904,27790,0.20405
13905,27796,0.113421
13905,18135,0.141249
13905,17012,0.062243
13905,28658,0.067443
13906,23118,0.160942
13907,16118,0.235902
13908,27797,0.774213
13909,23828,0.615038
13910,23717,0.180207
13911,16160,0.233155
13912,16112,0.300271
13913,21977,0.438573
13914,16118,0.336072
13915,27802,0.355315
13916,16951,0.381412
13917,27805,0.620978
13918,16415,0.422844
13919,20015,0.415061
13920,16091,0.239637
13921,16210,0.730285
13922,18991,0.111227
13923,24037,0.27804
13924,27809,0.54795
13925,27810,0.281768
13926,27811,0.248911
13927,17585,0.436619
13928,21032,0.516081
13929,27813,0.372038
13930,17519,0.347611
13930,16697,0.172367
13931,21078,0.330202
13932,16174,0.209268
13933,27816,0.1332
13934,17987,0.417905
13934,17647,0.41807
13935,17585,0.197052
13936,22220,0.25972
13937,27820,0.553672
13938,20111,0.09497
13939,16339,0.089705
13940,27822,0.624749
13941,16132,0.164947
13942,18716,0.148466
13943,17085,0.491106
13944,27545,0.15504
13945,17765,0.249951
13946,18686,0.498303
13947,27825,0.257594
13948,16207,0.2744
13948,16079,0.152561
13949,17209,0.250141
13950,26456,0.342525
13951,27828,0.293975
13952,27830,0.298911
13952,20501,0.320931
13953,19583,0.474254
13954,19021,0.397531
13955,27833,0.23828
13956,16619,0.052017
13957,27834,0.279624
13958,27836,0.371719
13959,27837,0.17615
13960,16113,0.059216
13961,18851,0.567803
13962,16174,0.295691
13963,27839,0.589197
13964,16113,0.229285
13965,16070,0.276443
13965,17429,0.138684
13966,19082,0.425266
13966,17797,0.234699
13967,17233,0.224547
13967,28554,0.185639
13968,27841,0.231809
13969,16215,0.398551
13970,17101,0.210327
13971,16412,0.151562
13972,16101,0.142784
13973,27844,0.514697
13974,17634,0.066637
13975,16339,0.238568
13976,21170,0.138797
13977,27846,0.359612
13978,27849,0.313276
13979,19666,0.268732
13980,27850,0.362845
13981,27851,0.632206
13982,27852,0.247417
13983,19279,0.173141
13984,16175,0.138307
13985,16830,0.117617
13986,16276,0.26685
13987,16414,0.105687
13988,26045,0.14078
13989,16339,0.232601
13989,18973,0.097055
13990,17085,0.090155
13990,27856,0.161361
13990,20693,0.107075
13991,17225,0.098091
13992,16275,0.063085
13993,16068,0.066351
13994,19183,0.240174
13995,27858,0.88478
13996,21428,0.272142
13997,17451,0.242232
13997,17954,0.150956
13998,27860,0.282561
13999,25870,0.21563
14000,19064,0.572245
14001,27861,0.306141
14002,19365,0.165107
14003,22676,0.194904
14004,17473,0.077797
14005,19910,0.327267
14006,27866,0.307134
14007,16270,0.230137
14008,21453,0.065151
14008,29009,0.065151
14009,16091,0.057432
14010,16414,0.684322
14011,17225,0.414676
14012,27867,0.450323
14013,27868,0.185168
14014,17409,0.26016
14014,28172,0.222546
14015,16573,0.234951
14016,27869,0.41799
14017,27870,0.428892
14018,21170,0.35598
14019,16092,0.766482
14020,16339,0.901461
14021,27871,0.162734
14022,27873,0.474428
14023,27874,0.801195
14024,27875,0.744721
14025,16118,0.132267
14026,16091,0.380746
14027,25968,0.437358
14028,18597,0.30988
14029,16417,0.287024
14030,16342,0.377625
14031,20203,0.055563
14032,27879,0.449012
14033,16118,0.225429
14034,16091,0.203002
14035,16079,0.163126
14036,17585,0.053089
14037,27881,0.537801
14038,18689,0.316567
14038,20121,0.299821
14038,27882,0.160272
14039,23128,0.226831
14040,27883,0.346529
14040,19179,0.231473
14041,25051,0.325062
14042,16114,0.288266
14043,16068,0.173668
14044,16756,0.311539
14045,27887,0.362373
14046,27888,0.127442
14047,19251,0.439524
14048,27890,0.106412
14048,28004,0.106081
14048,28367,0.273383
14049,16274,0.433763
14050,27892,0.05677
14051,17998,0.370363
14052,25470,0.522035
14053,25915,0.228303
14054,18808,0.568858
14055,27895,0.126513
14055,22499,0.126504
14056,17767,0.292623
14056,16311,0.337152
14057,27897,0.058359
14058,27898,0.617104
14059,16270,0.386801
14060,27900,0.490404
14061,25725,0.496841
14062,27904,0.417121
14063,24888,0.399985
14064,18515,0.450816
14065,27906,0.207835
14066,16118,0.271094
14067,27907,0.382556
14068,27908,0.305951
14068,28234,0.147557
14069,27909,0.423518
14070,27911,0.173125
14071,16175,0.715134
14072,16210,0.596591
14073,23577,0.1293
14074,19669,0.370164
14075,19895,0.62125
14076,27914,0.657893
14077,16114,0.088878
14078,27916,0.210044
14079,23716,0.262688
14080,20919,0.809734
14081,17234,0.056785
14082,27920,0.408725
14083,17473,0.344397
14084,27922,0.5115
14085,16119,0.068368
14086,16417,0.166445
14087,27925,0.495538
14088,16070,0.381661
14089,22045,0.397159
14090,27926,0.695009
14091,16210,0.418045
14092,27927,0.905391
14093,27928,0.390041
14094,20151,0.213146
14095,16091,0.422076
14096,16197,0.546613
14097,27933,0.163272
14098,27935,0.385957
14099,27936,0.721409
14100,27938,0.372188
14101,16275,0.217086
14102,27939,0.150645
14103,16275,0.212843
14104,26324,0.174813
14104,16253,0.077277
14105,27943,0.218286
14106,16354,0.17681
14107,16174,0.302326
14108,19421,0.25397
14109,27944,0.530752
14110,16103,0.059047
14111,27946,0.69758
14112,17176,0.258608
14113,27948,0.294305
14114,16270,0.184896
14115,23968,0.117413
14115,16713,0.11719
14115,21918,0.117658
14116,16052,0.07923
14117,27949,0.083882
14118,20463,0.118142
14119,27952,0.604373
14120,16091,0.424713
14121,16352,0.618777
14122,27954,0.256397
14123,18057,0.214473
14124,17186,0.401593
14125,16175,0.451283
14126,16567,0.259858
14127,27956,0.138098
14128,25101,0.243529
14129,27958,0.302943
14130,27959,0.475898
14131,16118,0.237466
14132,16112,0.336836
14133,16558,0.228566
14134,27961,0.374702
14135,16282,0.084196
14136,16342,0.23313
14137,20783,0.336869
14137,16633,0.28833
14138,27962,0.838152
14139,16091,0.366994
14140,16092,0.085413
14141,16091,0.285981
14142,16261,0.247034
14142,27966,0.341769
14143,17326,0.538267
14144,23762,0.465657
14145,17634,0.268415
14146,20111,0.069013
14147,16182,0.208881
14148,16936,0.321457
14149,16427,0.134545
14150,21066,0.716218
14151,27970,0.100404
14151,16092,0.084076
14152,19074,0.146858
14153,24348,0.384629
14153,25008,0.055224
14154,27971,0.078214
14155,17169,0.380664
14156,27973,0.348273
14156,28564,0.103711
14157,27974,0.142209
14158,27976,0.126445
14158,16608,0.383491
14159,16088,0.090504
14159,28464,0.224305
14160,21170,0.057029
14161,16484,0.143289
14162,16756,0.291233
14163,27979,0.503584
14164,16092,0.366902
14165,16175,0.233032
14166,16119,0.33887
14167,27980,0.51896
14168,19684,0.05694
14169,16616,0.164525
14169,28245,0.166735
14170,27983,0.406306
14171,27984,0.793665
14172,19681,0.637454
14173,19880,0.782517
14174,17293,0.791925
14175,16417,0.216874
14176,16210,0.151774
14177,16274,0.407482
14178,16101,0.185009
14179,16174,0.222716
14179,28387,0.138355
14180,17702,0.191
14181,16093,0.183805
14182,16102,0.192415
14183,27987,0.478042
14184,16092,0.369506
14185,27988,0.392539
14186,16210,0.062833
14187,16160,0.263624
14188,17586,0.399484
14189,24040,0.091185
14189,20545,0.195036
14190,27991,0.838257
14191,22565,0.574469
14192,27993,0.772463
14193,19131,0.217789
14194,16175,0.303592
14195,16091,0.353759
14196,16118,0.122343
14197,25352,0.304925
14198,19902,0.225053
14198,24676,0.338595
14199,27995,0.314375
14200,27996,0.178934
14201,27998,0.061832
14202,27999,0.240703
14203,27512,0.447896
14204,25104,0.356012
14205,28000,0.349001
14206,16477,0.315505
14207,28001,0.203624
14208,24881,0.374571
14208,16918,0.302598
14209,16573,0.176164
14210,19108,0.066017
14211,17780,0.131604
14212,18381,0.802684
14213,28005,0.448912
14214,16118,0.385659
14215,16092,0.192827
14216,16102,0.438801
14217,16342,0.400673
14218,16424,0.240506
14218,16725,0.07221
14219,20570,0.6039
14220,18011,0.192202
14220,16604,0.286387
14221,28015,0.538742
14222,28016,0.667845
14223,16175,0.432612
14224,16546,0.1495
14225,16546,0.609058
14226,28021,0.56349
14227,28022,0.571227
14228,21870,0.204821
14229,25684,0.462706
14230,28023,0.288789
14231,16143,0.475211
14232,18060,0.565075
14233,28028,0.679739
14234,16545,0.262273
14235,16417,0.329582
14236,16207,0.379116
14237,19858,0.339015
14237,16914,0.327922
14238,28030,0.43502
14239,28031,0.409272
14240,16093,0.37737
14241,28034,0.378185
14242,28035,0.155253
14242,19750,0.125979
14243,28036,0.457666
14244,16273,0.091727
14245,28038,0.538487
14246,28039,0.466574
14247,16112,0.407448
14247,28040,0.228978
14248,16270,0.081663
14249,28043,0.165791
14249,19953,0.165701
14250,16118,0.488301
14251,18225,0.077191
14252,19053,0.45313
14253,20759,0.089639
14254,16279,0.210848
14255,17383,0.23632
14256,28045,0.774287
14257,28049,0.682548
14258,16104,0.098673
14259,16567,0.227156
14260,20136,0.363012
14261,16567,0.752518
14262,18662,0.122773
14263,18827,0.333294
14263,20585,0.353508
14264,16131,0.102307
14265,16649,0.090347
14265,23403,0.058654
14266,28051,0.309215
14267,25740,0.224686
14268,28056,0.356796
14269,16175,0.074261
14270,18088,0.418941
14271,16801,0.196953
14272,28058,0.725378
14273,16118,0.208141
14274,28060,0.505023
14274,17702,0.270631
14275,16414,0.383966
14276,16101,0.315436
14277,16092,0.464384
14278,16523,0.453681
14278,19459,0.38754
14279,23050,0.372287
14280,28063,0.065182
14280,19143,0.141579
14281,28064,0.645833
14282,28065,0.757653
14283,17315,0.258146
14283,28066,0.128015
14283,18013,0.168832
14283,28067,0.123201
14284,28068,0.300857
14285,16239,0.276172
14286,28069,0.656128
14287,18577,0.068198
14288,23529,0.368027
14289,28071,0.542104
14290,16102,0.19031
14291,28072,0.322211
14291,28606,0.231108
14292,18856,0.281822
14293,16645,0.476024
14294,24475,0.327804
14295,16414,0.287426
14296,23457,0.29454
14297,21775,0.602783
14298,16124,0.188104
14299,16102,0.64811
14300,28078,0.365226
14301,28079,0.612933
14302,28080,0.237585
14303,19131,0.075086
14304,16175,0.391848
14305,28081,0.232097
14306,17439,0.304931
14307,28083,0.410495
14308,28085,0.514477
14309,28087,0.122295
14310,19279,0.741812
14311,16092,0.258515
14312,20652,0.412852
14313,28090,0.358076
14314,16160,0.112756
14314,16290,0.167433
14315,17438,0.382962
14315,18202,0.155101
14316,16270,0.187728
14317,28092,0.101597
14317,28766,0.18174
14317,29221,0.09934
14318,28095,0.320402
14319,16118,0.300127
14320,28097,0.195587
14321,28098,0.363161
14322,28100,0.224592
14323,28101,0.731451
14324,17634,0.303404
14324,28102,0.304203
14325,28104,0.192999
14326,28105,0.24607
14327,23540,0.196524
14328,17687,0.161954
14329,16339,0.345
14330,28106,0.751673
14331,28107,0.359918
14332,28108,0.440825
14333,16163,0.278954
14334,16414,0.116516
14335,17621,0.381843
14335,19579,0.110399
14336,20210,0.711445
14337,17166,0.233627
14338,23991,0.139323
14339,28110,0.24907
14339,28575,0.13951
14340,28113,0.156401
14341,24462,0.409463
14342,28114,0.26669
14342,29049,0.185067
14343,25336,0.860415
14344,16280,0.485924
14345,17169,0.05214
14346,16727,0.093015
14347,16553,0.800684
14348,17028,0.283458
14349,27817,0.226106
14350,28118,0.959759
14351,28119,0.209297
14352,16131,0.143284
14353,27639,0.231795
14354,16210,0.563241
14355,16414,0.065297
14356,22923,0.449165
14357,19433,0.383239
14358,16567,0.172083
14359,28126,0.267627
14360,28127,0.068779
14360,19810,0.338853
14361,16119,0.058183
14362,18577,0.092258
14363,28129,0.216954
14364,24520,0.226559
14365,19549,0.381923
14366,18188,0.448747
14367,23557,0.621598
14368,16416,0.216852
14369,28133,0.179822
14370,16409,0.117178
14371,16567,0.566025
14372,27924,0.096738
14372,19948,0.100428
14373,27051,0.199594
14374,28136,0.469659
14375,24459,0.579376
14376,28138,0.490913
14377,19638,0.145737
14378,16339,0.40879
14379,28140,0.574591
14380,16114,0.421996
14381,23363,0.085387
14382,16925,0.467122
14383,25388,0.143632
14384,16091,0.437407
14385,26600,0.287377
14386,21400,0.686898
14387,18888,0.282268
14388,17507,0.296918
14389,16174,0.313681
14390,20339,0.288818
14391,16114,0.108717
14392,16276,0.336981
14393,16856,0.125041
14394,18174,0.434761
14395,28151,0.285167
14396,27254,0.139747
14397,16546,0.338616
14398,26616,0.17064
14398,18845,0.34125
14399,21952,0.291822
14400,28155,0.283665
14401,16104,0.098628
14402,28156,0.519795
14403,16182,0.139317
14404,16160,0.285995
14405,18096,0.671385
14406,16092,0.074681
14407,17861,0.16444
14407,18869,0.117857
14408,16545,0.147517
14409,16160,0.357865
14410,16112,0.22772
14411,25875,0.082058
14412,16185,0.151094
14413,16568,0.124983
14414,16342,0.206503
14415,28160,0.342169
14416,28161,0.491934
14417,17170,0.356582
14418,16175,0.227117
14419,16210,0.282307
14420,28164,0.532809
14421,19345,0.248108
14421,18302,0.207987
14422,16431,0.349019
14423,25675,0.155537
14424,16354,0.295148
14425,25077,0.133561
14426,28166,0.18602
14427,28167,0.547967
14428,22219,0.215116
14429,28168,0.287915
14430,16303,0.362511
14431,16184,0.306803
14432,28170,0.329414
14433,28171,0.543774
14434,16091,0.70257
14435,16235,0.216585
14436,21664,0.251289
14437,16113,0.350004
14438,16300,0.34232
14439,16612,0.487788
14440,16119,0.32369
14441,18236,0.432435
14442,23452,0.077356
14443,28176,0.528266
14444,28178,0.405175
14445,23492,0.481519
14446,27494,0.286007
14446,24691,0.194267
14447,16275,0.461848
14448,18959,0.063792
14448,16545,0.117493
14449,28181,0.348119
14450,28182,0.426942
14451,28184,0.406322
14452,16274,0.302135
14453,17085,0.243028
14454,28186,0.252799
14455,23986,0.323554
14456,28190,0.262446
14457,17225,0.222106
14458,23012,0.152404
14459,28191,0.257509
14459,28192,0.143948
14460,28193,0.090718
14461,22329,0.069247
14462,16068,0.084559
14463,28195,0.503789
14464,24545,0.625265
14465,28199,0.50455
14466,28202,0.354424
14466,19273,0.27248
14467,16232,0.241697
14468,28203,0.622501
14469,17468,0.878878
14470,16545,0.127435
14471,28204,0.144731
14471,24570,0.144906
14471,28773,0.103509
14472,23456,0.10178
14473,21199,0.447263
14474,16068,0.891213
14475,18050,0.358865
14476,28210,0.368574
14477,28212,0.26597
14478,19391,0.185287
14478,28959,0.143451
14478,17409,0.150637
14478,28172,0.19701
14479,17212,0.272944
14480,20545,0.208975
14481,16549,0.167623
14482,28216,0.309357
14483,28218,0.295325
14484,16409,0.209379
14485,27729,0.168876
14486,28221,0.401379
14487,23283,0.401951
14488,24774,0.851234
14489,20220,0.450676
14490,16412,0.149424
14491,16174,0.102435
14492,16412,0.200865
14493,16131,0.281276
14494,20752,0.555466
14495,28228,0.105536
14495,28313,0.167968
14495,28314,0.067378
14496,16428,0.31439
14497,28229,0.258273
14498,28230,0.265582
14498,28468,0.103201
14499,19271,0.136117
14500,16132,0.277918
14500,28231,0.278566
14501,28232,0.696012
14502,18100,0.223472
14502,20986,0.174811
14503,16104,0.523388
14504,28236,0.089347
14504,28406,0.0882
14505,28237,0.17384
14506,16279,0.636077
14507,16279,0.071569
14508,28241,0.396346
14509,16058,0.301505
14510,28243,0.234854
14510,28244,0.246989
14511,18255,0.680911
14512,19125,0.170958
14513,19036,0.236975
14514,28247,0.271688
14515,28248,0.593272
14516,27766,0.281304
14517,28250,0.123712
14518,28252,0.476145
14519,16160,0.242368
14520,16431,0.450434
14521,18641,0.156909
14522,17463,0.275089
14523,28255,0.264242
14524,16484,0.442683
14525,16185,0.231226
14525,28725,0.162537
14526,20625,0.464509
14527,17274,0.512705
14528,26544,0.301505
14529,18000,0.134883
14530,16760,0.333948
14531,16559,0.086603
14532,28263,0.419305
14533,28265,0.146108
14534,17491,0.278185
14535,25952,0.611965
14536,25530,0.121629
14536,28764,0.121629
14537,28268,0.407816
14538,16100,0.121312
14538,16101,0.152418
14539,28270,0.15355
14540,28271,0.279029
14541,26062,0.284629
14542,28272,0.329948
14543,25055,0.411377
14544,21143,0.318584
14545,16966,0.314928
14546,18063,0.13296
14546,29159,0.26913
14547,18225,0.072633
14548,17101,0.07704
14549,24704,0.251971
14550,28275,0.326231
14551,28276,0.791519
14552,16567,0.778826
14553,27397,0.220068
14554,16619,0.093479
14555,24037,0.306138
14556,17158,0.553133
14557,28279,0.703267
14558,28280,0.407188
14558,28281,0.395557
14559,28282,0.199688
14560,28283,0.253295
14560,17792,0.252186
14561,28284,0.438466
14561,21278,0.127576
14562,28285,0.304087
14562,24230,0.304069
14563,28286,0.317992
14564,24795,0.738547
14565,16856,0.140812
14566,16232,0.226622
14567,28288,0.13857
14567,28531,0.191896
14568,28289,0.779007
14569,16183,0.115805
14570,16342,0.540106
14571,28292,0.414739
14572,16342,0.384836
14573,28293,0.074312
14574,16409,0.250116
14575,16093,0.196518
14576,16414,0.209379
14577,28295,0.222593
14578,28298,0.242334
14579,18809,0.515207
14580,28299,0.577452
14581,17653,0.237939
14581,20707,0.315796
14582,21186,0.499757
14583,28301,0.246247
14584,28303,0.229758
14584,17153,0.351147
14585,23531,0.133182
14586,16412,0.479029
14586,17242,0.218996
14587,16484,0.237124
14588,28307,0.359691
14589,16428,0.053732
14590,21397,0.126291
14591,23557,0.077807
14592,16926,0.330533
14593,28309,0.407672
14593,28310,0.407672
14594,28311,0.738217
14595,28315,0.269259
14596,28318,0.545379
14597,28319,0.23476
14598,28110,0.064534
14599,28322,0.499281
14600,28323,0.103258
14601,28324,0.461742
14602,19767,0.314035
14603,28325,0.152477
14603,28326,0.229264
14604,28327,0.43629
14605,18045,0.415307
14605,18046,0.315029
14606,16052,0.112231
14607,16679,0.48771
14608,16558,0.226219
14609,28328,0.835584
14610,28331,0.347535
14611,21953,0.183792
14612,18900,0.241443
14613,16054,0.598672
14614,16892,0.284432
14615,20805,0.39934
14616,28334,0.796884
14617,16275,0.519504
14618,16118,0.164914
14618,16275,0.177237
14619,17298,0.082127
14620,16131,0.232248
14621,16782,0.290509
14622,16054,0.291231
14623,28338,0.540256
14624,16561,0.256435
14625,28340,0.146491
14626,16612,0.382008
14627,16549,0.438366
14628,28341,0.405849
14629,16565,0.195255
14630,16619,0.746129
14631,28344,0.273835
14631,29116,0.112462
14632,16684,0.200118
14632,20886,0.483982
14633,16103,0.218885
14634,28346,0.509411
14635,16052,0.309125
14636,17930,0.204403
14637,24887,0.074527
14638,16052,0.439309
14639,28351,0.483807
14640,28353,0.459386
14641,28354,0.610197
14642,28355,0.16583
14642,28639,0.293996
14643,16118,0.266703
14644,21870,0.268988
14645,28357,0.456472
14646,16575,0.216311
14646,28410,0.058202
14646,22004,0.227137
14646,29325,0.100108
14647,28359,0.22826
14648,16414,0.409397
14649,28360,0.620383
14650,16068,0.126283
14650,16546,0.411551
14651,20570,0.578944
14652,28361,0.652718
14653,18378,0.409757
14654,21223,0.267914
14655,18371,0.160125
14655,18169,0.331042
14655,28541,0.192058
14656,28364,0.453749
14657,16354,0.268635
14658,28365,0.45029
14659,16195,0.461926
14660,28366,0.525638
14661,16279,0.246397
14662,23685,0.36937
14663,28368,0.477703
14664,28369,0.458106
14665,16101,0.104483
14666,16175,0.207466
14667,20018,0.540372
14668,16414,0.055987
14669,28371,0.462122
14670,18494,0.220013
14671,16089,0.384559
14672,28373,0.436414
14673,28374,0.338294
14674,28376,0.420712
14675,28378,0.07537
14676,20974,0.18148
14677,27350,0.292372
14678,28380,0.278697
14678,28381,0.193289
14679,28383,0.310668
14680,28385,0.363848
14681,28386,0.20179
14682,16175,0.289514
14683,16118,0.190499
14684,28389,0.477855
14685,28392,0.83325
14686,17419,0.293966
14686,27146,0.127436
14687,28395,0.242542
14688,16756,0.192046
14689,16358,0.159248
14690,28398,0.493473
14691,16118,0.143
14691,20843,0.284683
14692,16612,0.390067
14693,17078,0.385339
14694,28400,0.591049
14695,28402,0.65133
14696,28403,0.320142
14697,27925,0.420508
14698,16207,0.339246
14699,28405,0.553714
14700,16354,0.387587
14701,28407,0.120212
14702,28408,0.454005
14703,16354,0.913063
14704,28412,0.292448
14705,16079,0.322008
14706,28417,0.884769
14707,27466,0.301107
14708,21953,0.156309
14709,28418,0.273086
14710,16079,0.219995
14711,21161,0.397919
14712,28420,0.38992
14713,16117,0.081324
14714,28421,0.146193
14715,28423,0.236736
14716,28424,0.170846
14716,18986,0.121102
14717,28426,0.221687
14718,18032,0.235306
14719,17570,0.287458
14720,28427,0.245632
14721,28428,0.232199
14722,28429,0.581656
14723,28430,0.987884
14724,22497,0.516721
14725,16573,0.25208
14726,18101,0.244339
14727,17119,0.311698
14728,28436,0.131421
14729,16184,0.232517
14730,16160,0.146563
14731,18577,0.323602
14732,16279,0.259614
14733,23022,0.4098
14734,16104,0.470059
14735,16091,0.367732
14736,16567,0.304133
14737,16119,0.320623
14738,28448,0.597801
14739,16873,0.288621
14740,28452,0.608675
14741,17561,0.385753
14742,16567,0.194361
14743,16274,0.215712
14744,18947,0.219209
14745,28457,0.517828
14746,28458,0.631501
14747,28460,0.383065
14748,16117,0.427228
14749,16561,0.414993
14750,16112,0.358431
14751,28463,0.42281
14752,16183,0.263213
14753,17956,0.418869
14754,26963,0.087109
14755,18686,0.464667
14756,28466,0.433528
14757,16102,0.889719
14758,28467,0.439116
14759,21940,0.307657
14760,28093,0.113962
14761,22688,0.442954
14762,18595,0.530471
14763,22252,0.771774
14764,16132,0.318922
14765,16185,0.262827
14766,22016,0.344363
14767,28472,0.28543
14768,27055,0.219815
14769,18891,0.62083
14770,28473,0.525112
14771,17429,0.323612
14772,17198,0.347677
14773,28474,0.192565
14774,19473,0.554703
14774,17913,0.321412
14775,28475,0.300208
14775,28476,0.418509
14776,28478,0.725537
14777,16414,0.43239
14778,18392,0.368812
14779,16276,0.227415
14780,28480,0.524364
14781,16856,0.305233
14782,16354,0.328591
14783,16274,0.429938
14784,16159,0.494519
14785,28482,0.217488
14786,16756,0.224567
14787,20053,0.262055
14788,28486,0.307402
14789,22085,0.32727
14790,24634,0.272993
14790,20759,0.236421
14791,28488,0.414477
14792,16175,0.520915
14792,18959,0.210643
14793,16197,0.086476
14794,28493,0.562423
14795,28494,0.629957
14796,23955,0.331648
14797,16210,0.330394
14798,18057,0.3719
14799,28496,0.234643
14800,28498,0.156586
14801,16719,0.341619
14801,16718,0.340384
14802,19858,0.398931
14803,28499,0.459332
14804,28500,0.346955
14805,28501,0.60668
14806,16174,0.181803
14807,19160,0.4664
14808,18489,0.305933
14809,16197,0.208093
14810,18832,0.119885
14811,18712,0.846614
14812,16207,0.725638
14813,16573,0.242031
14814,28506,0.20988
14815,16068,0.343468
14816,16281,0.592663
14817,17572,0.547052
14818,16274,0.374934
14819,25318,0.5308
14820,28510,0.419505
14821,16279,0.428155
14822,28511,0.469065
14823,28513,0.539281
14824,19669,0.490247
14825,16114,0.274647
14826,18868,0.153937
14827,16232,0.099212
14828,23045,0.077323
14829,16068,0.091737
14830,16276,0.115171
14831,16102,0.519514
14832,24690,0.209972
14833,28515,0.507406
14833,29235,0.209664
14834,16118,0.257247
14835,28517,0.107101
14836,16567,0.180439
14837,28519,0.105123
14837,17234,0.426535
14838,28520,0.628909
14839,23557,0.083991
14839,16354,0.251629
14840,22206,0.249016
14840,21657,0.245649
14840,28885,0.170672
14841,25812,0.456253
14842,28521,0.587006
14843,16417,0.182998
14844,28523,0.365891
14845,26628,0.180436
14845,29019,0.129446
14846,28524,0.325511
14847,16709,0.063127
14848,28525,0.409651
14849,16107,0.225892
14850,28526,0.212771
14851,28528,0.278772
14852,28529,0.482897
14852,22246,0.353345
14853,28530,0.474901
14854,25969,0.430865
14855,17468,0.463541
14856,26724,0.634734
14857,16118,0.16581
14858,20141,0.213619
14859,16409,0.182808
14860,28532,0.232352
14861,17862,0.05073
14861,28908,0.269715
14861,29304,0.087115
14862,28533,0.71026
14863,28534,0.480538
14864,28536,0.497523
14865,16567,0.546209
14866,28537,0.454632
14867,20570,0.228205
14868,16545,0.254504
14869,28167,0.601502
14870,26382,0.164425
14870,29158,0.168259
14871,20144,0.769588
14872,17233,0.113398
14873,17693,0.372986
14873,20277,0.425757
14874,19203,0.285761
14874,28825,0.191864
14875,19945,0.154582
14876,28540,0.235789
14877,28542,0.538986
14878,16113,0.343774
14878,16112,0.203895
14879,28544,0.596552
14879,28545,0.220694
14880,18018,0.351674
14881,22727,0.251702
14881,20072,0.17156
14882,16183,0.183834
14883,28547,0.252322
14884,25177,0.375116
14885,24626,0.488699
14886,28551,0.329437
14887,17634,0.099702
14888,16275,0.730338
14889,16280,0.655977
14890,28552,0.132892
14891,16560,0.247348
14892,16604,0.363517
14893,16558,0.197952
14894,28556,0.43385
14895,16101,0.063921
14896,16101,0.367027
14897,16636,0.314579
14898,17532,0.380888
14899,28559,0.765602
14900,17101,0.315843
14901,28560,0.090519
14902,28562,0.647144
14903,18018,0.085987
14904,16612,0.442478
14905,28563,0.182382
14906,17233,0.518438
14907,28565,0.518659
14908,21481,0.486283
14909,28566,0.384922
14910,23450,0.252271
14911,22879,0.407082
14912,28568,0.264144
14913,28569,0.558749
14914,28571,0.343675
14915,17848,0.438479
14916,28572,0.725173
14917,25006,0.359641
14918,28573,0.677821
14919,28576,0.119855
14920,19345,0.184715
14921,16052,0.145921
14922,25974,0.186298
14923,24876,0.131791
14924,28578,0.252584
14925,28579,0.601178
14926,24661,0.133387
14927,16207,0.796662
14928,28580,0.390822
14929,28581,0.46374
14930,19992,0.421935
14931,24639,0.841035
14932,28584,0.509872
14933,17801,0.425328
14934,16339,0.431169
14935,17618,0.087581
14936,28585,0.308822
14937,16072,0.322365
14938,28587,0.806288
14939,16174,0.375375
14940,28589,0.220557
14941,16174,0.331489
14942,28590,0.135234
14942,29070,0.188522
14943,18655,0.206045
14944,28591,0.176913
14945,16197,0.437626
14946,24381,0.056396
14947,16068,0.313101
14948,25959,0.305309
14949,28593,0.381245
14950,16713,0.742174
14951,16112,0.356472
14952,16545,0.758622
14953,18166,0.937127
14954,28596,0.187655
14955,21904,0.617027
14956,16340,0.325146
14957,17596,0.257519
14957,28598,0.182925
14958,16118,0.293036
14959,17780,0.086175
14960,16052,0.052009
14961,16207,0.112633
14962,16274,0.157426
14963,16119,0.435842
14964,28601,0.17071
14964,28602,0.066237
14964,28603,0.092351
14964,22575,0.09981
14964,28604,0.092351
14965,18953,0.789962
14966,16619,0.632104
14967,20128,0.49281
14968,27288,0.457988
14969,28610,0.250599
14969,29191,0.19529
14970,17769,0.075557
14971,17582,0.23037
14972,16118,0.157187
14973,28611,0.513822
14974,16091,0.243356
14975,20214,0.519183
14976,19623,0.202874
14977,16636,0.430327
14977,16494,0.44448
14978,28613,0.101597
14979,28614,0.173002
14980,16091,0.277615
14981,16545,0.429447
14982,16118,0.347042
14983,16101,0.050392
14984,16545,0.190103
14985,28616,0.301206
14986,18955,0.473761
14987,16112,0.443059
14988,16195,0.235103
14989,19511,0.318036
14990,17304,0.10048
14991,28618,0.480122
14992,16118,0.292079
14993,28620,0.162545
14994,18601,0.738996
14995,28621,0.22521
14996,28622,0.292766
14997,28623,0.520891
14998,19179,0.287659
14999,28627,0.363811
15000,28629,0.329928
15000,28630,0.256751
15000,28940,0.139224
15001,17560,0.21549
15001,17561,0.218103
15002,19023,0.571754
15003,16118,0.202756
15004,28631,0.808969
15005,28632,0.341875
15006,28633,0.187207
15007,28634,0.676354
15008,16718,0.3569
15009,28636,0.395666
15010,18425,0.476422
15011,16944,0.255677
15012,16270,0.31615
15013,28638,0.128366
15014,20625,0.451817
15015,28640,0.136294
15016,19666,0.236376
15017,28642,0.731851
15018,19680,0.228568
15019,16129,0.307088
15019,21160,0.307144
15020,28644,0.171835
15021,17654,0.382085
15022,28647,0.302356
15023,16188,0.091973
15024,28648,0.320658
15025,16184,0.243181
15026,21294,0.86488
15027,23045,0.319279
15028,21452,0.184767
15029,17493,0.195042
15030,19137,0.304678
15031,16160,0.205596
15032,17585,0.415201
15033,28654,0.261119
15034,16720,0.211246
15035,28655,0.072461
15036,28657,0.243636
15037,16104,0.312457
15038,22805,0.225129
15039,16656,0.2098
15040,22341,0.218509
15041,17217,0.398735
15042,28660,0.277698
15042,28661,0.266426
15042,26724,0.253179
15043,16117,0.188004
15044,21330,0.060032
15045,16072,0.34427
15046,16119,0.182918
15047,16265,0.353359
15048,17371,0.209356
15049,28666,0.638194
15050,16340,0.388095
15051,18698,0.482887
15052,16573,0.053072
15053,26892,0.471082
15054,24444,0.29817
15055,17383,0.225091
15056,18831,0.470262
15057,16328,0.333995
15058,28669,0.898846
15059,28670,0.507755
15060,23165,0.304919
15060,17766,0.215202
15060,16889,0.200112
15061,16102,0.238771
15062,28674,0.085699
15063,28676,0.231636
15064,28680,0.183344
15065,17439,0.115664
15066,21923,0.239661
15067,28683,0.842271
15068,18236,0.141664
15069,17585,0.727812
15070,26381,0.490226
15071,16270,0.419706
15072,19500,0.467439
15073,21139,0.153478
15073,18863,0.236781
15074,28686,0.357243
15075,18655,0.10208
15076,21372,0.419802
15076,28689,0.419893
15077,18669,0.488244
15078,28690,0.684179
15079,28692,0.540615
15080,28693,0.392865
15081,28694,0.447228
15082,16173,0.466312
15083,17739,0.408262
15084,25713,0.772781
15085,28696,0.241806
15086,22983,0.659155
15087,28699,0.530019
15088,16585,0.158709
15089,16905,0.354577
15090,28700,0.665162
15091,28701,0.104156
15092,19958,0.230658
15093,28702,0.556446
15094,16232,0.247615
15095,28704,0.450392
15096,21004,0.184641
15097,28707,0.463308
15098,20075,0.230093
15099,16113,0.538851
15100,22631,0.292702
15101,16208,0.324347
15102,16173,0.832826
15103,28708,0.635895
15104,28709,0.279571
15105,16068,0.623851
15106,16722,0.356771
15107,18338,0.341896
15108,17368,0.215911
15109,24141,0.449103
15110,16612,0.427621
15111,17397,0.201245
15112,16835,0.121015
15113,28714,0.37332
15114,17753,0.306876
15115,19565,0.380437
15116,28715,0.67028
15117,28718,0.278683
15118,28719,0.145659
15119,16890,0.737603
15120,16131,0.709498
15121,18789,0.262648
15122,28722,0.292828
15123,19012,0.115499
15124,17236,0.520747
15125,28723,0.531837
15126,19633,0.20452
15127,16409,0.270555
15128,16514,0.388107
15129,16113,0.068845
15130,18433,0.58078
15131,28731,0.440838
15132,17274,0.23431
15133,16246,0.057018
15134,28734,0.405891
15135,28736,0.890118
15136,28737,0.259378
15137,21004,0.376292
15138,22721,0.24559
15138,28739,0.504073
15139,22561,0.088748
15140,28740,0.509487
15141,28742,0.372463
15141,24017,0.263385
15142,17225,0.32785
15143,24422,0.31565
15144,25488,0.19762
15145,16567,0.29391
15146,20898,0.291895
15146,21730,0.110165
15147,28743,0.446154
15148,16874,0.385205
15148,17400,0.301014
15149,28745,0.180936
15149,17773,0.225704
15149,20195,0.22497
15149,18246,0.184444
15150,19387,0.294237
15151,16559,0.279582
15152,16079,0.133674
15153,28747,0.623745
15154,24047,0.723016
15155,16409,0.312563
15156,16275,0.247969
15157,28750,0.211369
15158,16409,0.195644
15159,24362,0.636141
15160,16856,0.169323
15161,28752,0.471843
15162,17907,0.461748
15163,28753,0.38729
15164,17546,0.399378
15165,16118,0.172117
15166,19034,0.182016
15167,16197,0.17381
15168,16567,0.124392
15169,28755,0.149474
15170,17255,0.811411
15171,26080,0.252875
15172,18703,0.467621
15173,16274,0.289497
15174,16637,0.638971
15175,20605,0.298269
15176,26577,0.712261
15177,16092,0.591354
15178,16079,0.056152
15179,16197,0.33196
15180,28757,0.372294
15181,28758,0.622189
15182,16068,0.282901
15182,16131,0.149209
15183,28759,0.577363
15184,16276,0.770024
15185,16207,0.226038
15186,19249,0.415715
15186,23349,0.396319
15187,28761,0.705174
15188,23510,0.075078
15189,19680,0.284165
15190,28763,0.734647
15191,16091,0.054095
15192,24557,0.14481
15193,25352,0.17025
15194,17439,0.858539
15195,18753,0.215904
15196,16954,0.214619
15197,16484,0.31385
15198,16112,0.394648
15199,28767,0.052413
15200,16339,0.270723
15201,16124,0.168014
15202,17602,0.235212
15203,28769,0.112964
15204,16188,0.167916
15205,21096,0.249055
15205,18311,0.191419
15206,20581,0.560164
15207,16498,0.809258
15208,28771,0.821441
15209,16174,0.362497
15210,16760,0.094005
15211,21193,0.296499
15212,19810,0.066749
15213,28772,0.582402
15214,16210,0.263606
15215,28774,0.416083
15216,16195,0.521633
15217,28777,0.133246
15218,17225,0.291951
15219,16104,0.200168
15220,28778,0.384167
15221,28780,0.12206
15221,28781,0.08756
15222,16059,0.422684
15223,16354,0.366561
15224,18981,0.171502
15225,19652,0.398578
15226,28783,0.848614
15227,28784,0.4681
15228,28785,0.494566
15229,16573,0.050633
15230,28786,0.135032
15231,19279,0.336294
15232,23045,0.327755
15233,23045,0.291644
15234,16657,0.467405
15235,28787,0.536486
15236,28788,0.232913
15237,28789,0.467881
15238,28791,0.916988
15239,28793,0.650523
15240,16119,0.346601
15241,16944,0.583436
15242,28796,0.463395
15243,28799,0.25908
15244,17259,0.260433
15245,28800,0.138089
15246,28801,0.587926
15247,21258,0.303841
15248,28802,0.331072
15249,28803,0.443025
15250,23351,0.222932
15251,28806,0.118474
15252,28807,0.38165
15253,28808,0.277119
15254,28809,0.498
15255,16119,0.28227
15256,17439,0.411666
15257,17438,0.170355
15258,21733,0.323602
15259,28814,0.547639
15260,22007,0.108755
15261,16484,0.264395
15262,23359,0.352392
15263,17324,0.937681
15264,17964,0.490946
15265,21225,0.119678
15266,17909,0.274032
15266,28815,0.48159
15267,16068,0.062944
15268,28816,0.13375
15269,28817,0.445457
15270,28818,0.292471
15271,28819,0.205249
15272,16567,0.21153
15273,16175,0.106973
15274,28678,0.115311
15275,16102,0.21439
15276,16118,0.615352
15277,28826,0.364547
15278,22088,0.3572
15279,20752,0.230561
15280,28829,0.152537
15281,16558,0.095465
15282,16118,0.123488
15283,28839,0.306322
15284,16409,0.340503
15285,28840,0.8049
15286,28842,0.252754
15287,16281,0.495356
15288,28843,0.164746
15289,28845,0.432786
15290,28846,0.274886
15291,16874,0.492416
15292,21188,0.323709
15292,28847,0.189949
15293,28848,0.314274
15294,21083,0.214021
15295,16330,0.11907
15296,16756,0.178341
15297,16612,0.281642
15298,24723,0.436083
15299,16217,0.351389
15299,28851,0.226477
15300,28852,0.338538
15301,16207,0.133808
15302,16100,0.301273
15303,17169,0.231842
15304,20065,0.260498
15305,18577,0.27302
15306,16170,0.488518
15307,28856,0.746362
15308,28857,0.201989
15309,28858,0.167004
15310,19306,0.248687
15311,21400,0.70353
15312,16578,0.223807
15312,17938,0.222402
15313,16438,0.422277
15313,16474,0.108722
15314,28859,0.274996
15315,20761,0.444995
15315,16942,0.282906
15316,28861,0.588801
15317,25306,0.504549
15318,28862,0.333844
15319,28863,0.52471
15320,28043,0.101879
15321,28864,0.495725
15322,28866,0.209203
15323,28867,0.474357
15324,28869,0.156044
15324,16866,0.278781
15324,29030,0.102412
15324,24941,0.097213
15325,16887,0.188873
15326,16069,0.843446
15327,16484,0.128604
15328,24467,0.71132
15329,28871,0.757538
15330,28872,0.515942
15331,28873,0.437197
15332,22821,0.157839
15333,18274,0.385983
15334,20451,0.572501
15335,16619,0.238356
15336,19322,0.520334
15337,16118,0.153948
15338,28874,0.426069
15339,16339,0.333477
15340,21451,0.274913
15341,16112,0.212933
15342,16925,0.242394
15343,28880,0.572722
15344,28881,0.779045
15345,18847,0.516528
15346,26359,0.904452
15347,28882,0.759167
15348,28884,0.407397
15349,16197,0.847484
15350,16210,0.367299
15350,20062,0.169918
15350,16274,0.135697
15351,24801,0.169931
15352,19191,0.831152
15353,17142,0.327499
15354,22343,0.230006
15355,20735,0.320632
15356,24211,0.168089
15357,28891,0.671096
15358,28893,0.211667
15359,17531,0.302743
15359,17453,0.382074
15359,17732,0.115278
15360,17173,0.344328
15361,28896,0.151324
15362,28897,0.507444
15363,16409,0.378205
15364,17603,0.416516
15365,17992,0.43977
15366,28899,0.157226
15367,18938,0.254557
15367,20943,0.253341
15368,16280,0.151667
15369,21841,0.43299
15370,16412,0.570826
15371,18063,0.211039
15372,28331,0.519086
15373,16052,0.061764
15374,19012,0.185632
15375,28903,0.3387
15376,17439,0.225697
15377,16340,0.347476
15378,16545,0.065247
15379,28906,0.371712
15380,16091,0.378495
15381,22396,0.157957
15381,16175,0.203124
15382,28907,0.224495
15383,21713,0.169126
15384,28909,0.285709
15385,16549,0.562556
15386,28865,0.354148
15386,21297,0.22805
15386,29343,0.248966
15387,17361,0.406416
15388,22293,0.260079
15388,28912,0.297837
15389,16102,0.177677
15390,18057,0.485929
15391,16414,0.07175
15392,17309,0.285578
15393,25055,0.454352
15394,16925,0.292582
15395,28915,0.53896
15396,16342,0.392979
15397,23045,0.291504
15398,17718,0.382823
15399,16332,0.655308
15400,28917,0.143315
15401,18758,0.222166
15402,20054,0.457317
15402,16891,0.200116
15403,17321,0.217974
15404,28918,0.2558
15405,28919,0.424819
15406,28920,0.291472
15407,16182,0.206394
15408,28921,0.270541
15409,20900,0.229374
15410,28922,0.442187
15411,23565,0.131981
15412,28923,0.954356
15413,16279,0.128292
15414,16118,0.19903
15415,16612,0.177003
15416,16276,0.634082
15417,28924,0.5414
15418,28925,0.73086
15419,23607,0.928364
15420,16173,0.222099
15421,18308,0.138609
15422,28530,0.316235
15423,28929,0.276792
15424,17493,0.28928
15425,19360,0.296585
15426,24139,0.377137
15427,19516,0.368403
15428,19216,0.266999
15429,28932,0.342005
15430,19636,0.483193
15431,28933,0.353798
15432,16339,0.291887
15433,22121,0.4469
15434,16567,0.357804
15435,16079,0.097149
15436,16567,0.323939
15437,28936,0.796165
15438,16412,0.15543
15439,16175,0.310063
15440,16118,0.670279
15441,28937,0.463662
15442,16116,0.359633
15442,19843,0.208866
15443,16545,0.058227
15444,16549,0.218799
15445,28939,0.362355
15446,17084,0.325928
15447,19194,0.144867
15448,28945,0.556558
15449,17420,0.140818
15450,17555,0.375075
15451,28947,0.293722
15452,16354,0.167665
15453,20137,0.647036
15454,28949,0.277424
15455,28950,0.125194
15456,16275,0.348855
15457,16841,0.31595
15458,17420,0.117121
15459,28951,0.263967
15460,28953,0.383729
15461,28955,0.86983
15462,28956,0.163841
15463,28958,0.371842
15464,16113,0.093823
15465,28696,0.150398
15466,28960,0.370201
15467,16100,0.171023
15467,17980,0.137919
15468,18225,0.166244
15469,21754,0.547042
15470,19810,0.326891
15471,16232,0.399321
15472,17172,0.170807
15473,28961,0.43549
15474,20048,0.5335
15475,18320,0.325869
15476,28963,0.821873
15477,25952,0.151073
15478,28966,0.182521
15479,16103,0.303966
15480,28967,0.463482
15481,25992,0.170995
15482,16458,0.36162
15482,16790,0.349357
15483,16091,0.359066
15484,28970,0.300286
15484,28971,0.215781
15485,17225,0.445972
15486,28972,0.342806
15487,28973,0.815258
15488,16093,0.378258
15489,16185,0.319918
15490,28974,0.695665
15491,28975,0.178023
15492,28976,0.541528
15493,24383,0.272314
15494,16131,0.21378
15495,16129,0.443356
15496,16649,0.307519
15497,16173,0.717553
15498,28978,0.800418
15499,17493,0.368157
15500,17396,0.272736
15501,16068,0.174509
15502,28093,0.115955
15503,28981,0.120904
15503,29214,0.055657
15503,29219,0.076395
15504,21733,0.333451
15504,28982,0.341708
15505,16279,0.399315
15506,28983,0.475613
15507,19324,0.24791
15507,29274,0.114732
15508,16147,0.254466
15509,16720,0.611559
15510,28989,0.568251
15511,16270,0.242586
15512,16174,0.222237
15513,28995,0.743297
15514,21313,0.27299
15515,28996,0.493588
15516,20793,0.548503
15517,21189,0.259028
15518,24887,0.125663
15519,16093,0.067646
15520,29001,0.532054
15521,16409,0.346096
15522,16447,0.166658
15523,29002,0.270655
15524,29004,0.52436
15525,16762,0.231958
15525,29005,0.085924
15525,29006,0.11026
15525,17041,0.073166
15525,16624,0.107146
15526,19681,0.212552
15527,29007,0.249133
15528,25473,0.60332
15529,16206,0.72527
15530,16092,0.067655
15531,29010,0.170035
15532,16545,0.355088
15533,29011,0.580805
15534,22258,0.193951
15535,17420,0.40177
15536,21641,0.432166
15537,16484,0.374119
15538,29013,0.755231
15539,23045,0.373494
15540,29014,0.132713
15541,16339,0.385869
15542,29015,0.56247
15543,17805,0.494225
15544,20570,0.105824
15545,29018,0.092303
15546,16270,0.616533
15547,29021,0.263804
15548,29021,0.374569
15549,29022,0.109607
15550,18253,0.216462
15551,16612,0.406227
15552,16174,0.208835
15553,16117,0.359281
15554,17158,0.418089
15555,29025,0.587774
15556,28918,0.649565
15557,16288,0.571729
15558,29027,0.099152
15559,16305,0.541718
15560,29029,0.492958
15561,19692,0.616406
15562,29031,0.470907
15563,29032,0.36435
15564,29033,0.231307
15565,16414,0.305016
15566,29034,0.629551
15567,29035,0.359001
15568,29036,0.417651
15569,29038,0.220484
15570,16458,0.406934
15570,16456,0.354893
15571,29040,0.135437
15572,16118,0.883629
15573,29041,0.181001
15574,16175,0.353296
15575,17311,0.679628
15576,29043,0.637863
15577,29044,0.338538
15578,29045,0.622193
15579,29046,0.216157
15580,16104,0.114051
15581,16773,0.33011
15582,16131,0.15158
15583,16498,0.40281
15584,19388,0.68161
15585,16118,0.257223
15586,16567,0.739461
15587,17995,0.26533
15588,29053,0.155192
15589,29055,0.531648
15590,28655,0.248185
15591,29057,0.454278
15592,24088,0.5689
15593,29058,0.164748
15594,20354,0.353518
15594,17269,0.438132
15595,29062,0.278185
15596,29063,0.594439
15597,21566,0.17359
15598,29065,0.613154
15599,16112,0.693459
15600,29068,0.256522
15601,17225,0.285335
15602,29069,0.29212
15603,16385,0.294531
15603,16867,0.272919
15604,23485,0.461597
15605,23485,0.177231
15606,17349,0.488391
15607,29071,0.38067
15608,21365,0.382132
15609,18335,0.196723
15609,16239,0.192687
15610,16559,0.211042
15611,21316,0.276004
15612,29072,0.411584
15613,27639,0.336395
15614,22711,0.548537
15615,29076,0.426785
15616,16052,0.343033
15617,29077,0.605919
15618,29078,0.347208
15619,16089,0.086849
15620,18251,0.325335
15621,16197,0.308026
15621,16093,0.264319
15622,22082,0.623619
15623,16339,0.138134
15624,29081,0.420212
15625,29082,0.365485
15626,16114,0.211033
15627,29083,0.335796
15628,16279,0.770591
15629,19179,0.838253
15630,16415,0.550843
15631,20791,0.274507
15632,16342,0.833185
15633,16275,0.108084
15634,29084,0.433115
15635,29086,0.098666
15636,29087,0.200454
15637,16068,0.113804
15638,29089,0.242205
15639,29090,0.733999
15640,17585,0.171166
15641,17817,0.409138
15642,29092,0.440466
15643,26504,0.083814
15644,16274,0.20984
15645,29095,0.197424
15646,29096,0.755712
15647,16105,0.502746
15648,16104,0.079353
15649,19763,0.236568
15650,29097,0.121453
15651,29098,0.594444
15652,29099,0.559101
15653,18396,0.530391
15654,23504,0.342327
15655,16274,0.105102
15656,16722,0.278533
15657,16142,0.137844
15658,16118,0.761135
15659,26383,0.278235
15660,29103,0.198978
15661,29104,0.20395
15662,29105,0.27314
15663,26004,0.265965
15663,25739,0.268512
15664,29107,0.267609
15665,29109,0.170597
15666,29110,0.277448
15667,29111,0.268563
15668,17140,0.395119
15669,16119,0.197334
15670,16068,0.149843
15671,18312,0.287208
15672,24404,0.127992
15672,29156,0.133919
15672,16426,0.101578
15673,17554,0.152354
15674,16498,0.43578
15675,16100,0.188112
15676,16274,0.17211
15677,29115,0.761486
15678,18607,0.320033
15679,16113,0.381671
15680,16207,0.313778
15681,29117,0.274158
15681,29236,0.382194
15682,26589,0.306227
15683,29118,0.329988
15684,16102,0.378192
15685,29121,0.567828
15686,16342,0.386933
15687,29122,0.748841
15688,16068,0.118064
15689,29123,0.587581
15690,16414,0.352565
15691,16118,0.614957
15692,16093,0.578514
15693,18477,0.386449
15694,16104,0.819782
15695,18748,0.228459
15696,29124,0.272034
15697,17217,0.567161
15698,29126,0.651246
15699,29127,0.33585
15700,16175,0.248881
15701,29130,0.427292
15702,29131,0.526465
15703,26008,0.207293
15704,29132,0.15444
15705,28909,0.307365
15706,16173,0.633189
15707,18082,0.123352
15708,16052,0.375997
15709,29134,0.506901
15710,16275,0.294119
15711,29135,0.445272
15712,16118,0.33754
15713,16087,0.695109
15714,29138,0.562605
15715,22772,0.624692
15716,29139,0.189367
15717,29140,0.179202
15718,16412,0.80288
15719,17214,0.245507
15720,16560,0.346532
15721,23520,0.15662
15722,16861,0.132982
15723,16068,0.166687
15724,29144,0.703678
15725,28666,0.150398
15726,29145,0.904243
15727,29146,0.212999
15728,29147,0.617542
15729,17393,0.287228
15730,29148,0.261738
15731,21428,0.167844
15732,18007,0.079166
15732,16160,0.071519
15733,16113,0.515369
15734,29151,0.293273
15735,16414,0.393001
15736,16546,0.469308
15737,29153,0.374453
15738,16545,0.27921
15739,29155,0.292705
15739,18765,0.171254
15740,16113,0.091371
15741,23911,0.230628
15742,19094,0.514702
15743,19339,0.761212
15744,16110,0.232387
15745,29157,0.555776
15746,18501,0.382371
15747,29162,0.719361
15748,16756,0.857145
15749,29164,0.158489
15750,29165,0.308032
15751,29168,0.420863
15752,29169,0.417383
15753,24733,0.435679
15754,23955,0.113011
15755,29170,0.415031
15756,20710,0.391189
15757,29171,0.336247
15758,29172,0.846174
15759,21944,0.9113
15760,21944,0.961897
15761,16545,0.122461
15762,17424,0.346116
15763,29175,0.59851
15764,26911,0.348746
15765,29177,0.248754
15766,18290,0.222211
15767,29178,0.222146
15768,20100,0.511119
15768,29206,0.311175
15769,29180,0.951523
15770,29181,0.237716
15771,29182,0.273187
15772,16545,0.492227
15773,29183,0.913689
15774,22610,0.922857
15775,16207,0.865724
15776,18111,0.12444
15777,19299,0.172553
15778,29184,0.617599
15779,16892,0.49397
15779,29185,0.071504
15780,16102,0.208114
15781,16174,0.213643
15782,16559,0.56527
15783,23393,0.084623
15784,29186,0.379736
15785,29187,0.636143
15786,17101,0.174804
15787,16104,0.185495
15788,19541,0.285621
15789,16174,0.408664
15790,29188,0.617971
15791,16437,0.186426
15791,17217,0.302498
15792,16679,0.371347
15793,16514,0.346962
15794,29193,0.513105
15795,16414,0.735134
15796,19810,0.142677
15797,21463,0.494453
15798,29194,0.277451
15799,17493,0.439292
15800,16118,0.74786
15801,22217,0.16136
15802,29197,0.197326
15803,16207,0.051357
15804,16207,0.722978
15805,27226,0.176684
15806,29199,0.294202
15807,16114,0.275238
15808,16079,0.381315
15809,17225,0.461898
15810,29201,0.579641
15811,29202,0.330926
15812,29203,0.378331
15813,27882,0.83718
15814,23492,0.424796
15815,16567,0.488023
15816,16649,0.117877
15817,16275,0.340551
15817,24435,0.303119
15818,20345,0.274968
15819,17493,0.112144
15820,29205,0.42253
15821,21142,0.311343
15822,16118,0.532026
15823,17780,0.293476
15824,17753,0.226048
15824,16339,0.115804
15825,29208,0.805809
15826,20506,0.514982
15827,29209,0.499011
15828,16247,0.341776
15829,16275,0.236603
15830,16561,0.308017
15831,17536,0.208276
15832,21400,0.836977
15833,16150,0.442949
15834,29213,0.31595
15835,17536,0.821928
15836,17880,0.276925
15836,19418,0.516684
15837,16068,0.180137
15838,16900,0.287783
15839,29215,0.563218
15840,29216,0.210428
15841,16215,0.218297
15842,16113,0.370577
15843,16573,0.859006
15844,16246,0.118162
15845,29218,0.641782
15846,18479,0.24765
15847,22109,0.28865
15848,16210,0.064514
15849,29222,0.52519
15850,16649,0.796595
15851,16173,0.219883
15852,16245,0.293552
15853,16760,0.336079
15854,16114,0.746169
15855,29224,0.705129
15856,16835,0.550129
15857,17831,0.926692
15858,29226,0.351558
15859,24520,0.357954
15860,29227,0.405212
15861,29231,0.39819
15862,20075,0.115453
15863,20075,0.357025
15864,29233,0.353642
15865,16118,0.81538
15866,29234,0.344831
15867,24746,0.16267
15868,16587,0.355941
15869,16052,0.369049
15870,16173,0.865606
15871,16101,0.056189
15872,18527,0.663447
15873,29238,0.149143
15874,29239,0.419779
15874,18374,0.380781
15875,26237,0.456547
15876,29240,0.832698
15877,23710,0.071106
15878,29242,0.354396
15879,29243,0.525547
15880,17340,0.332765
15881,26358,0.120726
15882,16174,0.271612
15882,16183,0.258865
15883,16279,0.255982
15884,29246,0.3832
15885,16414,0.427011
15886,16118,0.522646
15887,16958,0.324834
15888,21405,0.935322
15889,16759,0.205151
15890,26281,0.662586
15891,29249,0.321509
15892,22832,0.563423
15893,29250,0.278959
15894,16113,0.191712
15895,17666,0.129857
15896,16412,0.206883
15896,16104,0.183539
15897,29251,0.216963
15898,16113,0.054428
15899,29252,0.100578
15900,20081,0.264768
15901,29253,0.489519
15902,29254,0.672604
15903,29255,0.83654
15904,16302,0.311474
15905,29256,0.082397
15906,28559,0.789292
15907,28559,0.806732
15908,28559,0.811934
15909,28559,0.696589
15910,18687,0.129155
15911,16270,0.231791
15912,16451,0.283725
15913,29257,0.562318
15914,17142,0.385469
15915,29259,0.364766
15916,29260,0.321763
15917,29261,0.376179
15918,16119,0.250056
15919,16417,0.386722
15920,29262,0.482884
15921,16873,0.053629
15922,27927,0.159
15923,29263,0.405991
15924,29265,0.630739
15925,16354,0.303237
15926,16086,0.410309
15927,17850,0.322272
15928,16274,0.284361
15929,29275,0.132102
15930,29276,0.259871
15931,29277,0.220835
15931,29278,0.180045
15931,29279,0.173929
15931,29280,0.187499
15932,29282,0.22474
15933,29283,0.529895
15934,29285,0.315184
15935,16396,0.207439
15936,18585,0.214688
15936,19911,0.380529
15937,29286,0.571878
15938,29287,0.288373
15939,16279,0.472403
15940,29288,0.877213
15941,29289,0.518671
15942,16756,0.563932
15943,29290,0.495253
15944,21400,0.804223
15945,29291,0.919836
15946,29292,0.12807
15946,29293,0.091981
15946,29294,0.091952
15947,17998,0.379736
15948,16116,0.29565
15949,29296,0.696867
15950,29297,0.593475
15951,20710,0.516766
15952,21250,0.239101
15953,16210,0.517777
15954,16118,0.601055
15955,19680,0.136018
15956,29299,0.49389
15957,16043,0.270596
15958,16119,0.152413
15959,21719,0.20364
15960,16399,0.558927
15961,17585,0.356333
15962,16118,0.565906
15963,23558,0.825775
15964,21766,0.298451
15965,17554,0.209446
15965,21727,0.210593
15966,16782,0.195732
15967,29303,0.882773
15968,29305,0.563206
15969,29306,0.225747
15970,29307,0.43044
15971,16354,0.13317
15972,29310,0.301867
15973,29311,0.859796
15974,29313,0.107366
15975,16354,0.671371
15976,29315,0.315288
15977,29316,0.152686
15977,28486,0.156342
15978,25141,0.899024
15979,17030,0.251385
15979,16668,0.382184
15980,16158,0.527518
15981,29205,0.660841
15982,16281,0.381316
15983,29320,0.638158
15984,27792,0.151034
15985,17465,0.319586
15985,17084,0.195208
15985,25342,0.149802
15986,25229,0.229182
15987,18111,0.978389
15988,16113,0.439361
15989,18959,0.807217
15990,28544,0.155592
15991,16175,0.055683
15992,29321,0.320136
15993,16916,0.841654
15994,29322,0.705996
15995,16119,0.363728
15996,18689,0.126168
15997,17980,0.257447
15998,16102,0.35832
15999,16816,0.787555
16000,16519,0.908525
16001,29323,0.298995
16002,29324,0.516228
16003,25546,0.098785
16004,16545,0.522643
16005,16119,0.103309
16006,17259,0.306061
16007,17821,0.792493
16008,29326,0.839633
16009,29327,0.205629
16009,21727,0.163679
16009,29328,0.110014
16009,29329,0.11515
16010,16042,0.876294
16011,16118,0.209767
16012,29330,0.630295
16013,29331,0.900725
16014,29332,0.286505
16015,29334,0.558994
16016,18957,0.335099
16017,16414,0.068919
16018,16545,0.838128
16019,16118,0.586614
16020,29335,0.9218
16021,29336,0.652451
16022,29337,0.315815
16023,29338,0.36388
16024,29339,0.560975
16025,16160,0.073278
16026,16207,0.604146
16027,29340,0.231053
16028,29341,0.209105
16029,16118,0.161332
16030,24973,0.72125
16031,29342,0.271743
16032,17628,0.27072
16033,20235,0.398593
16033,29344,0.261194
16033,23720,0.119757
16034,26212,0.877241
16035,29345,0.069745
16036,29346,0.193583
16036,19705,0.139059
16037,29347,0.333197
16038,16619,0.355415
16039,29348,1.0
16040,29349,1.0
16041,29350,1.0
16042,29351,1.0
16043,29352,1.0
16044,29353,1.0
16045,29354,1.0
16046,29355,0.87234
16046,29356,0.12766
16047,29357,1.0
16048,29358,1.0
16049,29359,1.0
16050,29360,1.0
16051,29361,1.0
16052,29362,1.0
16053,29363,1.0
16054,29364,1.0
16055,29365,1.0
16056,29366,1.0
16057,29367,1.0
16058,29368,1.0
16059,29369,1.0
16060,29370,1.0
16061,29371,1.0
16062,29372,1.0
16063,29373,1.0
16064,29374,1.0
16065,29375,1.0
16066,29376,1.0
16067,29377,1.0
16068,29378,1.0
16069,29379,1.0
16070,29380,1.0
16071,29381,0.893805
16071,29382,0.106195
16072,29383,1.0
16073,29384,1.0
16074,29385,0.980198
16074,29386,0.019802
16075,29387,1.0
16076,29388,1.0
16077,29389,1.0
16078,29390,0.861111
16078,29391,0.138889
16079,29392,1.0
16080,29393,1.0
16081,29394,1.0
16082,29395,1.0
16083,29394,1.0
16084,29396,1.0
16085,29397,1.0
16086,29398,1.0
16087,29399,1.0
16088,29400,1.0
16089,29401,1.0
16090,29402,1.0
16091,29403,1.0
16092,29404,1.0
16093,29405,1.0
16094,29406,1.0
16095,29407,1.0
16096,29408,1.0
16097,29409,0.720685
16097,29410,0.279315
16098,29411,1.0
16099,29412,1.0
16100,29413,1.0
16101,29414,1.0
16102,29415,1.0
16103,29416,1.0
16104,29385,1.0
16105,29417,1.0
16106,29418,1.0
16107,29419,1.0
16108,29420,1.0
16109,29421,1.0
16110,29422,1.0
16111,29423,1.0
16112,29424,1.0
16113,29425,1.0
16114,29426,1.0
16115,29427,1.0
16116,29428,1.0
16117,29429,1.0
16118,29430,1.0
16119,29431,1.0
16120,29432,1.0
16121,29433,1.0
16122,29434,1.0
16123,29435,1.0
16124,29436,1.0
16125,29437,1.0
16126,29438,1.0
16127,29439,1.0
16128,29440,1.0
16129,29441,1.0
16130,29442,1.0
16131,29443,1.0
16132,29444,1.0
16133,29445,1.0
16134,29446,0.439024
16134,29447,0.560976
16135,29448,1.0
16136,29449,1.0
16137,29450,0.869748
16137,29451,0.130252
16138,29452,1.0
16139,29453,0.981132
16139,29454,0.018868
16140,29455,1.0
16141,29456,1.0
16142,29457,1.0
16143,29458,1.0
16144,29459,1.0
16145,29460,1.0
16146,29461,1.0
16147,29462,1.0
16148,29463,0.99843
16148,29464,0.00157
16149,29465,1.0
16150,29466,1.0
16151,29467,1.0
16152,29468,1.0
16153,29469,1.0
16154,29470,1.0
16155,29471,1.0
16156,29472,1.0
16157,29473,1.0
16158,29474,1.0
16159,29475,1.0
16160,29476,1.0
16161,29477,1.0
16162,29478,1.0
16163,29479,1.0
16164,29480,1.0
16165,29481,1.0
16166,29482,1.0
16167,29483,1.0
16168,29484,1.0
16169,29485,1.0
16170,29486,1.0
16171,29487,1.0
16172,29488,1.0
16173,29489,1.0
16174,29490,1.0
16175,29491,1.0
16176,29492,1.0
16177,29493,1.0
16178,29494,1.0
16179,29495,1.0
16180,29496,1.0
16181,29497,1.0
16182,29498,1.0
16183,29499,1.0
16184,29500,1.0
16185,29501,1.0
16186,29502,1.0
16187,29503,1.0
16188,29504,1.0
16189,29505,1.0
16190,29506,1.0
16191,29507,1.0
16192,29508,1.0
16193,29509,1.0
16194,29510,1.0
16195,29511,1.0
16196,29512,1.0
16197,29513,1.0
16198,29514,1.0
16199,29515,1.0
16200,29516,1.0
16201,29517,1.0
16202,29518,1.0
16203,29486,0.892857
16203,29519,0.107143
16204,29520,0.615385
16204,29521,0.384615
16205,29522,1.0
16206,29523,1.0
16207,29524,1.0
16208,29525,1.0
16209,29526,1.0
16210,29527,1.0
16211,29528,0.945652
16211,29529,0.054348
16212,29530,1.0
16213,29531,1.0
16214,29532,1.0
16215,29533,1.0
16216,29534,1.0
16217,29535,1.0
16218,29421,1.0
16219,29536,1.0
16220,29537,1.0
16221,29538,1.0
16222,29539,0.967742
16222,29540,0.032258
16223,29541,1.0
16224,29542,1.0
16225,29543,1.0
16226,29544,1.0
16227,29545,1.0
16228,29546,1.0
16229,29547,1.0
16230,29548,1.0
16231,29549,1.0
16232,29550,1.0
16233,29551,1.0
16234,29462,0.795024
16234,29552,0.204976
16235,29553,1.0
16236,29554,1.0
16237,29555,0.993631
16237,29556,0.006369
16238,29557,1.0
16239,29558,1.0
16240,29559,1.0
16241,29560,1.0
16242,29561,1.0
16243,29562,0.908397
16243,29563,0.091603
16244,29564,0.924837
16244,29565,0.075163
16245,29566,1.0
16246,29567,1.0
16247,29568,1.0
16248,29569,1.0
16249,29570,0.473684
16249,29571,0.526316
16250,29572,1.0
16251,29573,1.0
16252,29574,0.996016
16252,29575,0.003984
16253,29576,1.0
16254,29577,0.864238
16254,29578,0.135762
16255,29579,1.0
16256,29580,1.0
16257,29581,0.966216
16257,29582,0.033784
16258,29583,1.0
16259,29584,1.0
16260,29585,1.0
16261,29586,1.0
16262,29587,1.0
16263,29588,1.0
16264,29589,0.99061
16264,29590,0.00939
16265,29591,1.0
16266,29592,1.0
16267,29593,1.0
16268,29594,1.0
16269,29595,1.0
16270,29596,1.0
16271,29597,1.0
16272,29598,1.0
16273,29599,1.0
16274,29600,1.0
16275,29601,1.0
16276,29602,1.0
16277,29603,1.0
16278,29604,1.0
16279,29605,1.0
16280,29606,1.0
16281,29607,1.0
16282,29608,1.0
16283,29609,1.0
16284,29610,1.0
16285,29611,1.0
16286,29612,1.0
16287,29613,1.0
16288,29614,1.0
16289,29615,1.0
16290,29616,1.0
16291,29617,1.0
16292,29618,1.0
16293,29619,1.0
16294,29620,1.0
16295,29621,1.0
16296,29622,1.0
16297,29623,1.0
16298,29623,1.0
16299,29624,1.0
16300,29625,1.0
16301,29626,1.0
16302,29627,1.0
16303,29628,1.0
16304,29629,1.0
16305,29630,1.0
16306,29631,1.0
16307,29632,1.0
16308,29633,1.0
16309,29634,1.0
16310,29635,1.0
16311,29636,1.0
16312,29637,1.0
16313,29638,1.0
16314,29639,0.986175
16314,29640,0.013825
16315,29641,1.0
16316,29642,1.0
16317,29492,0.984227
16317,29643,0.015773
16318,29644,1.0
16319,29645,1.0
16320,29463,1.0
16321,29646,1.0
16322,29647,1.0
16323,29648,1.0
16324,29649,1.0
16325,29650,1.0
16326,29651,1.0
16327,29652,1.0
16328,29653,1.0
16329,29654,1.0
16330,29655,1.0
16331,29656,1.0
16332,29657,1.0
16333,29658,0.963636
16333,29659,0.036364
16334,29660,1.0
16335,29661,1.0
16336,29662,1.0
16337,29663,1.0
16338,29664,1.0
16339,29665,1.0
16340,29666,1.0
16341,29667,1.0
16342,29668,1.0
16343,29669,1.0
16344,29670,1.0
16345,29671,1.0
16346,29672,1.0
16347,29673,0.156863
16347,29674,0.843137
16348,29675,1.0
16349,29676,0.729927
16349,29677,0.270073
16350,29678,1.0
16351,29679,1.0
16352,29680,1.0
16353,29681,1.0
16354,29682,1.0
16355,29683,1.0
16356,29684,1.0
16357,29685,1.0
16358,29686,1.0
16359,29687,1.0
16360,29688,1.0
16361,29689,0.860262
16361,29690,0.139738
16362,29357,1.0
16363,29691,1.0
16364,29692,1.0
16365,29693,0.903226
16365,29694,0.096774
16366,29695,1.0
16367,29696,1.0
16368,29697,1.0
16369,29698,1.0
16370,29699,1.0
16371,29700,1.0
16372,29701,1.0
16373,29702,1.0
16374,29703,1.0
16375,29704,1.0
16376,29705,1.0
16377,29706,1.0
16378,29707,1.0
16379,29708,1.0
16380,29709,1.0
16381,29710,1.0
16382,29711,1.0
16383,29712,0.887179
16383,29713,0.112821
16384,29714,0.954545
16384,29715,0.045455
16385,29716,1.0
16386,29717,1.0
16387,29718,0.844098
16387,29719,0.155902
16388,29720,1.0
16389,29721,0.935484
16389,29722,0.064516
16390,29723,1.0
16391,29724,1.0
16392,29725,0.996872
16392,29726,0.003128
16393,29727,1.0
16394,29728,1.0
16395,29729,1.0
16396,29721,0.926829
16396,29730,0.073171
16397,29731,1.0
16398,29732,1.0
16399,29733,1.0
16400,29734,1.0
16401,29735,1.0
16402,29736,0.493056
16402,29737,0.506944
16403,29738,1.0
16404,29739,1.0
16405,29740,1.0
16406,29741,1.0
16407,29742,1.0
16408,29595,1.0
16409,29743,1.0
16410,29744,1.0
16411,29745,1.0
16412,29746,1.0
16413,29747,1.0
16414,29748,1.0
16415,29749,1.0
16416,29750,1.0
16417,29751,1.0
16418,29752,1.0
16419,29753,1.0
16420,29754,1.0
16421,29755,1.0
16422,29756,1.0
16423,29757,1.0
16424,29758,1.0
16425,29759,1.0
16426,29760,1.0
16427,29761,1.0
16428,29762,1.0
16429,29763,1.0
16430,29764,1.0
16431,29765,1.0
16432,29766,0.97541
16432,29767,0.02459
16433,29768,0.985375
16433,29769,0.014625
16434,29770,1.0
16435,29771,1.0
16436,29772,1.0
16437,29773,0.86646
16437,29774,0.13354
16438,29775,1.0
16439,29776,1.0
16440,29777,1.0
16441,29778,1.0
16442,29779,1.0
16443,29780,1.0
16444,29781,1.0
16445,29782,1.0
16446,29783,1.0
16447,29784,1.0
16448,29785,1.0
16449,29786,1.0
16450,29787,1.0
16451,29788,1.0
16452,29789,1.0
16453,29790,1.0
16454,29791,0.972973
16454,29792,0.027027
16455,29793,1.0
16456,29794,1.0
16457,29795,1.0
16458,29796,1.0
16459,29797,1.0
16460,29798,1.0
16461,29799,1.0
16462,29800,1.0
16463,29801,1.0
16464,29802,1.0
16465,29803,1.0
16466,29804,1.0
16467,29805,1.0
16468,29806,1.0
16469,29807,1.0
16470,29656,1.0
16471,29768,1.0
16472,29808,1.0
16473,29809,1.0
16474,29775,1.0
16475,29810,1.0
16476,29811,0.893023
16476,29812,0.106977
16477,29813,1.0
16478,29814,1.0
16479,29815,1.0
16480,29816,1.0
16481,29817,1.0
16482,29818,1.0
16483,29819,0.790955
16483,29820,0.209045
16484,29821,1.0
16485,29822,0.967213
16485,29823,0.032787
16486,29824,1.0
16487,29825,1.0
16488,29826,1.0
16489,29827,1.0
16490,29828,1.0
16491,29829,1.0
16492,29830,1.0
16493,29831,1.0
16494,29832,1.0
16495,29833,1.0
16496,29834,1.0
16497,29835,1.0
16498,29836,1.0
16499,29837,1.0
16500,29838,1.0
16501,29839,1.0
16502,29840,1.0
16503,29841,1.0
16504,29842,1.0
16505,29843,1.0
16506,29844,1.0
16507,29845,1.0
16508,29846,1.0
16509,29847,1.0
16510,29848,1.0
16511,29849,1.0
16512,29850,1.0
16513,29851,1.0
16514,29852,1.0
16515,29853,1.0
16516,29854,0.977273
16516,29855,0.022727
16517,29856,1.0
16518,29857,0.521739
16518,29854,0.478261
16519,29858,1.0
16520,29859,1.0
16521,29502,1.0
16522,29860,1.0
16523,29720,1.0
16524,29861,1.0
16525,29862,1.0
16526,29644,1.0
16527,29863,1.0
16528,29864,1.0
16529,29865,1.0
16530,29859,0.953441
16530,29866,0.046559
16531,29867,1.0
16532,29868,0.725658
16532,29869,0.274342
16533,29870,1.0
16534,29871,1.0
16535,29872,0.533487
16535,29873,0.466513
16536,29874,1.0
16537,29875,0.988142
16537,29876,0.011858
16538,29594,1.0
16539,29877,1.0
16540,29878,1.0
16541,29879,1.0
16542,29880,1.0
16543,29881,0.993857
16543,29882,0.006143
16544,29411,1.0
16545,29883,1.0
16546,29884,1.0
16547,29885,1.0
16548,29595,1.0
16549,29886,1.0
16550,29887,1.0
16551,29888,1.0
16552,29889,1.0
16553,29890,0.959375
16553,29891,0.040625
16554,29892,1.0
16555,29893,1.0
16556,29894,1.0
16557,29895,1.0
16558,29896,0.973064
16558,29819,0.026936
16559,29897,1.0
16560,29898,1.0
16561,29899,1.0
16562,29900,1.0
16563,29901,1.0
16564,29902,1.0
16565,29903,1.0
16566,29904,0.956897
16566,29905,0.043103
16567,29906,1.0
16568,29907,1.0
16569,29908,1.0
16570,29909,1.0
16571,29910,1.0
16572,29911,1.0
16573,29912,1.0
16574,29913,1.0
16575,29914,0.988372
16575,29915,0.011628
16576,29916,0.910891
16576,29917,0.089109
16577,29918,1.0
16578,29919,1.0
16579,29920,1.0
16580,29921,1.0
16581,29922,0.98374
16581,29923,0.01626
16582,29924,1.0
16583,29925,1.0
16584,29926,1.0
16585,29927,1.0
16586,29928,1.0
16587,29929,1.0
16588,29930,1.0
16589,29931,1.0
16590,29709,1.0
16591,29932,1.0
16592,29619,0.989583
16592,29933,0.010417
16593,29934,1.0
16594,29935,1.0
16595,29936,1.0
16596,29937,1.0
16597,29938,1.0
16598,29839,0.976879
16598,29939,0.023121
16599,29940,1.0
16600,29941,1.0
16601,29942,1.0
16602,29943,1.0
16603,29944,1.0
16604,29945,1.0
16605,29946,1.0
16606,29772,1.0
16607,29947,1.0
16608,29948,1.0
16609,29949,1.0
16610,29950,1.0
16611,29708,1.0
16612,29951,1.0
16613,29952,1.0
16614,29953,1.0
16615,29954,1.0
16616,29955,1.0
16617,29956,1.0
16618,29957,1.0
16619,29958,1.0
16620,29959,1.0
16621,29960,1.0
16622,29539,1.0
16623,29961,0.792208
16623,29962,0.207792
16624,29963,1.0
16625,29964,0.992167
16625,29965,0.007833
16626,29798,1.0
16627,29966,1.0
16628,29967,1.0
16629,29968,0.861702
16629,29969,0.138298
16630,29970,0.785235
16630,29971,0.214765
16631,29972,1.0
16632,29973,1.0
16633,29974,1.0
16634,29975,1.0
16635,29976,1.0
16636,29977,1.0
16637,29978,1.0
16638,29979,1.0
16639,29980,1.0
16640,29981,1.0
16641,29982,1.0
16642,29983,1.0
16643,29920,1.0
16644,29984,1.0
16645,29985,1.0
16646,29986,1.0
16647,29987,1.0
16648,29988,1.0
16649,29989,1.0
16650,29990,1.0
16651,29991,1.0
16652,29992,1.0
16653,29993,1.0
16654,29994,1.0
16655,29995,1.0
16656,29996,1.0
16657,29997,1.0
16658,29998,1.0
16659,29922,1.0
16660,29999,1.0
16661,30000,1.0
16662,30001,0.892086
16662,30002,0.107914
16663,30003,1.0
16664,30004,1.0
16665,30005,1.0
16666,30006,1.0
16667,30007,1.0
16668,30008,1.0
16669,30009,1.0
16670,30010,1.0
16671,30011,1.0
16672,30012,1.0
16673,29768,1.0
16674,30013,1.0
16675,30014,1.0
16676,30015,1.0
16677,30016,0.936508
16677,30017,0.063492
16678,30018,1.0
16679,30019,1.0
16680,29843,0.981333
16680,30020,0.018667
16681,30021,1.0
16682,30022,1.0
16683,29705,1.0
16684,29441,0.406393
16684,30023,0.593607
16685,30024,1.0
16686,30025,1.0
16687,30026,1.0
16688,30027,1.0
16689,30028,1.0
16690,30029,0.8
16690,30030,0.2
16691,30031,1.0
16692,30032,1.0
16693,30033,1.0
16694,30034,0.20202
16694,29971,0.79798
16695,29647,1.0
16696,30035,1.0
16697,30036,1.0
16698,30037,0.934783
16698,30038,0.065217
16699,30039,1.0
16700,30040,1.0
16701,30041,1.0
16702,30042,1.0
16703,30043,1.0
16704,30044,1.0
16705,29725,1.0
16706,30045,1.0
16707,30046,1.0
16708,30047,0.910798
16708,30048,0.089202
16709,30049,1.0
16710,30039,1.0
16711,30050,1.0
16712,30051,1.0
16713,30052,1.0
16714,30053,0.901734
16714,30054,0.098266
16715,30055,1.0
16716,30056,1.0
16717,30057,1.0
16718,30058,1.0
16719,30059,1.0
16720,30060,1.0
16721,30061,1.0
16722,30062,1.0
16723,30063,1.0
16724,30064,1.0
16725,29758,1.0
16726,30065,1.0
16727,30066,1.0
16728,30067,1.0
16729,30068,1.0
16730,30069,1.0
16731,30070,1.0
16732,30071,1.0
16733,30072,0.988532
16733,30073,0.011468
16734,30074,1.0
16735,30075,1.0
16736,30076,1.0
16737,30077,1.0
16738,30078,1.0
16739,30079,1.0
16740,30080,1.0
16741,30081,0.95082
16741,30082,0.04918
16742,30083,1.0
16743,30084,1.0
16744,30085,1.0
16745,30086,0.833333
16745,30087,0.166667
16746,29480,0.987069
16746,30088,0.012931
16747,30089,1.0
16748,30090,1.0
16749,30091,1.0
16750,30092,1.0
16751,30093,1.0
16752,30094,1.0
16753,30095,1.0
16754,30096,1.0
16755,30097,1.0
16756,30098,1.0
16757,30099,1.0
16758,30100,1.0
16759,30101,1.0
16760,30102,1.0
16761,30103,1.0
16762,30104,1.0
16763,30105,1.0
16764,30106,1.0
16765,30107,1.0
16766,30108,1.0
16767,30109,1.0
16768,30110,1.0
16769,30111,1.0
16770,30112,1.0
16771,30113,1.0
16772,30114,1.0
16773,30115,1.0
16774,30116,1.0
16775,30117,1.0
16776,30118,1.0
16777,30119,1.0
16778,30120,1.0
16779,30121,0.5
16779,30122,0.5
16780,30123,1.0
16781,30124,1.0
16782,30125,1.0
16783,30126,1.0
16784,30127,1.0
16785,30128,0.100408
16785,29920,0.899592
16786,30129,1.0
16787,30130,0.803738
16787,30131,0.196262
16788,30132,1.0
16789,30133,1.0
16790,30134,1.0
16791,30090,1.0
16792,30135,1.0
16793,30136,1.0
16794,30137,1.0
16795,30133,1.0
16796,30138,1.0
16797,30139,1.0
16798,30140,1.0
16799,29471,0.654676
16799,30141,0.345324
16800,30142,1.0
16801,29762,0.96
16801,30143,0.04
16802,30144,1.0
16803,30145,1.0
16804,30146,1.0
16805,30147,1.0
16806,30085,0.974576
16806,30148,0.025424
16807,30149,1.0
16808,30146,1.0
16809,30150,1.0
16810,30151,1.0
16811,30152,1.0
16812,30153,1.0
16813,30154,1.0
16814,30155,1.0
16815,30156,1.0
16816,30157,1.0
16817,30158,1.0
16818,30159,1.0
16819,30160,1.0
16820,30161,1.0
16821,30162,1.0
16822,30163,1.0
16823,30164,1.0
16824,30165,1.0
16825,30166,1.0
16826,30167,0.996508
16826,30168,0.003492
16827,30169,1.0
16828,30170,1.0
16829,30171,1.0
16830,30172,1.0
16831,29914,1.0
16832,30173,1.0
16833,30174,1.0
16834,30175,1.0
16835,30176,1.0
16836,30177,1.0
16837,29752,1.0
16838,30178,1.0
16839,30060,1.0
16840,30179,1.0
16841,30180,1.0
16842,30181,1.0
16843,30182,1.0
16844,30183,1.0
16845,30184,1.0
16846,30185,1.0
16847,30186,1.0
16848,30187,1.0
16849,30188,0.269962
16849,30189,0.730038
16850,30190,1.0
16851,30191,1.0
16852,30192,1.0
16853,30192,1.0
16854,30193,1.0
16855,30194,1.0
16856,29608,1.0
16857,30195,1.0
16858,30195,1.0
16859,30196,1.0
16860,30197,1.0
16861,30198,1.0
16862,30199,0.913043
16862,30200,0.086957
16863,29354,1.0
16864,30201,1.0
16865,30202,0.956204
16865,30203,0.043796
16866,30204,1.0
16867,29417,1.0
16868,30205,0.917808
16868,30206,0.082192
16869,30207,1.0
16870,30208,1.0
16871,30209,1.0
16872,30210,1.0
16873,30211,1.0
16874,30212,1.0
16875,30213,1.0
16876,30214,1.0
16877,30215,0.946921
16877,30216,0.053079
16878,30217,1.0
16879,30218,0.75
16879,30219,0.25
16880,30220,0.909091
16880,30221,0.090909
16881,30222,0.936782
16881,30223,0.063218
16882,30224,1.0
16883,30225,1.0
16884,30226,1.0
16885,30227,1.0
16886,30228,1.0
16887,30229,1.0
16888,30230,1.0
16889,30231,1.0
16890,30232,1.0
16891,29535,0.986577
16891,30233,0.013423
16892,30234,1.0
16893,30235,1.0
16894,30236,1.0
16895,29453,1.0
16896,30237,1.0
16897,30238,1.0
16898,30239,1.0
16899,30240,1.0
16900,30241,1.0
16901,30242,1.0
16902,30243,1.0
16903,30244,1.0
16904,30245,1.0
16905,30246,1.0
16906,30247,1.0
16907,29869,1.0
16908,30248,1.0
16909,30249,1.0
16910,30250,1.0
16911,30251,1.0
16912,30252,1.0
16913,30253,1.0
16914,30254,1.0
16915,30255,1.0
16916,30256,1.0
16917,30257,1.0
16918,30258,1.0
16919,30259,1.0
16920,30260,0.766342
16920,30261,0.233658
16921,30262,1.0
16922,30263,1.0
16923,30264,1.0
16924,30224,1.0
16925,30265,1.0
16926,30266,1.0
16927,30267,1.0
16928,30268,1.0
16929,30125,1.0
16930,30269,1.0
16931,30270,1.0
16932,30271,1.0
16933,29918,1.0
16934,30272,1.0
16935,30273,1.0
16936,30274,1.0
16937,30275,1.0
16938,30276,1.0
16939,30277,1.0
16940,30278,1.0
16941,30279,1.0
16942,30280,1.0
16943,30281,1.0
16944,30282,1.0
16945,30061,1.0
16946,30283,1.0
16947,30284,1.0
16948,30285,1.0
16949,30286,0.941667
16949,30287,0.058333
16950,30288,1.0
16951,30289,1.0
16952,30290,1.0
16953,30291,1.0
16954,30292,1.0
16955,30293,1.0
16956,30294,1.0
16957,30295,1.0
16958,29636,1.0
16959,30296,0.612245
16959,30297,0.387755
16960,30298,0.980843
16960,30299,0.019157
16961,30300,1.0
16962,30301,1.0
16963,30302,1.0
16964,30303,1.0
16965,29709,0.732143
16965,30304,0.267857
16966,30305,1.0
16967,29932,1.0
16968,30306,1.0
16969,30010,1.0
16970,30307,1.0
16971,30308,1.0
16972,30309,1.0
16973,30310,1.0
16974,30311,1.0
16975,30312,1.0
16976,30313,1.0
16977,30314,1.0
16978,30315,1.0
16979,30316,1.0
16980,30317,1.0
16981,30318,1.0
16982,30319,1.0
16983,30320,1.0
16984,30321,1.0
16985,30322,1.0
16986,30323,1.0
16987,30324,1.0
16988,30325,1.0
16989,30326,1.0
16990,30174,0.931959
16990,30327,0.068041
16991,30328,1.0
16992,30329,1.0
16993,30330,1.0
16994,30331,1.0
16995,30332,0.953362
16995,30333,0.046638
16996,30334,0.980198
16996,30335,0.019802
16997,30336,1.0
16998,30337,1.0
16999,29455,0.991694
16999,30338,0.008306
17000,30339,1.0
17001,30340,1.0
17002,30341,1.0
17003,30342,1.0
17004,30343,1.0
17005,30306,1.0
17006,30344,1.0
17007,30345,0.454212
17007,30346,0.545788
17008,30347,1.0
17009,30348,1.0
17010,30349,1.0
17011,30350,1.0
17012,30351,1.0
17013,30352,1.0
17014,29920,0.982639
17014,30353,0.017361
17015,30354,1.0
17016,30355,1.0
17017,30356,1.0
17018,30357,1.0
17019,30358,1.0
17020,30359,1.0
17021,30360,1.0
17022,30358,1.0
17023,30361,1.0
17024,29693,1.0
17025,30362,1.0
17026,30363,1.0
17027,30364,1.0
17028,30365,1.0
17029,30366,1.0
17030,30366,1.0
17031,30367,1.0
17032,30368,1.0
17033,30369,1.0
17034,30370,0.592593
17034,30371,0.407407
17035,30372,1.0
17036,30373,1.0
17037,30374,1.0
17038,30375,1.0
17039,30376,1.0
17040,30377,1.0
17041,30378,1.0
17042,30379,1.0
17043,30380,1.0
17044,30381,1.0
17045,30382,1.0
17046,30383,1.0
17047,30384,0.897436
17047,30385,0.102564
17048,30386,1.0
17049,30387,1.0
17050,30388,1.0
17051,30389,1.0
17052,30390,1.0
17053,30391,1.0
17054,30392,1.0
17055,30393,1.0
17056,30394,1.0
17057,30395,1.0
17058,30396,1.0
17059,30397,0.828125
17059,30398,0.171875
17060,30399,1.0
17061,30400,1.0
17062,30401,1.0
17063,30402,1.0
17064,30403,1.0
17065,30404,1.0
17066,30405,1.0
17067,30406,0.978261
17067,30407,0.021739
17068,30408,1.0
17069,30409,0.932331
17069,30410,0.067669
17070,30411,1.0
17071,30412,1.0
17072,30413,0.965517
17072,30414,0.034483
17073,29709,1.0
17074,30415,1.0
17075,30416,1.0
17076,30417,1.0
17077,30418,1.0
17078,30370,0.973585
17078,30419,0.026415
17079,30420,1.0
17080,30421,1.0
17081,30422,0.045685
17081,30423,0.954315
17082,29530,1.0
17083,30424,1.0
17084,30425,1.0
17085,30360,0.742169
17085,30426,0.257831
17086,30373,1.0
17087,30427,1.0
17088,30428,0.9
17088,30429,0.1
17089,30430,1.0
17090,30431,1.0
17091,30432,1.0
17092,30433,1.0
17093,30434,1.0
17094,30435,1.0
17095,30436,1.0
17096,29949,1.0
17097,30437,1.0
17098,30438,0.942857
17098,30439,0.057143
17099,30440,1.0
17100,30441,1.0
17101,30442,1.0
17102,30443,1.0
17103,30444,1.0
17104,30445,1.0
17105,30446,1.0
17106,30447,1.0
17107,30448,1.0
17108,30449,1.0
17109,30450,1.0
17110,29737,1.0
17111,29822,1.0
17112,30451,1.0
17113,30452,0.952381
17113,30453,0.047619
17114,30454,1.0
17115,30455,1.0
17116,30456,1.0
17117,30457,1.0
17118,30458,1.0
17119,30459,1.0
17120,30460,1.0
17121,30461,1.0
17122,30462,1.0
17123,30463,1.0
17124,29890,1.0
17125,30464,1.0
17126,30465,1.0
17127,30466,0.973684
17127,30467,0.026316
17128,30468,1.0
17129,30469,1.0
17130,30470,1.0
17131,30471,1.0
17132,30472,1.0
17133,30473,1.0
17134,30474,1.0
17135,30475,1.0
17136,30476,1.0
17137,30477,1.0
17138,30478,1.0
17139,30479,1.0
17140,30480,1.0
17141,30316,1.0
17142,30481,1.0
17143,30115,1.0
17144,30482,1.0
17145,30483,1.0
17146,29463,0.934028
17146,30484,0.065972
17147,30370,1.0
17148,30485,0.77193
17148,30486,0.22807
17149,30487,1.0
17150,30488,1.0
17151,30489,1.0
17152,29613,1.0
17153,30490,1.0
17154,30491,1.0
17155,30492,1.0
17156,30493,1.0
17157,30494,1.0
17158,30495,1.0
17159,30496,1.0
17160,30497,1.0
17161,30498,0.571429
17161,30499,0.428571
17162,30500,1.0
17163,30501,1.0
17164,30502,1.0
17165,30503,1.0
17166,30504,1.0
17167,30505,1.0
17168,30506,1.0
17169,30507,1.0
17170,30508,1.0
17171,30509,1.0
17172,30510,1.0
17173,30511,0.994211
17173,30512,0.005789
17174,30513,1.0
17175,30514,1.0
17176,30515,1.0
17177,30516,1.0
17178,30517,1.0
17179,30518,1.0
17180,30519,1.0
17181,30520,1.0
17182,30521,1.0
17183,30522,0.313253
17183,30523,0.686747
17184,30524,1.0
17185,30525,1.0
17186,30526,1.0
17187,30527,1.0
17188,30528,1.0
17189,30529,1.0
17190,29440,1.0
17191,30530,0.913043
17191,30531,0.086957
17192,30341,1.0
17193,30532,1.0
17194,30246,1.0
17195,30533,0.921053
17195,30534,0.078947
17196,30535,1.0
17197,30536,1.0
17198,30537,1.0
17199,30538,1.0
17200,30539,1.0
17201,30540,1.0
17202,30541,1.0
17203,30542,0.823529
17203,30543,0.176471
17204,30544,0.956522
17204,30545,0.043478
17205,30546,1.0
17206,30547,1.0
17207,30548,1.0
17208,30549,0.865672
17208,30550,0.134328
17209,29595,0.994966
17209,30551,0.005034
17210,30552,1.0
17211,30553,1.0
17212,30554,1.0
17213,30555,1.0
17214,30556,1.0
17215,30557,1.0
17216,30558,1.0
17217,30559,1.0
17218,30560,1.0
17219,30561,1.0
17220,30562,1.0
17221,29689,1.0
17222,30499,1.0
17223,30563,1.0
17224,30564,1.0
17225,30565,1.0
17226,30566,1.0
17227,30567,1.0
17228,30568,1.0
17229,30569,1.0
17230,30570,1.0
17231,30571,1.0
17232,30569,1.0
17233,30572,1.0
17234,30573,1.0
17235,30574,1.0
17236,30575,1.0
17237,30576,1.0
17238,30577,1.0
17239,30578,1.0
17240,30579,1.0
17241,30580,1.0
17242,30581,1.0
17243,30582,1.0
17244,30583,1.0
17245,30584,1.0
17246,30585,1.0
17247,30586,1.0
17248,30587,1.0
17249,30588,0.142857
17249,30589,0.857143
17250,30590,1.0
17251,30591,1.0
17252,30592,0.981013
17252,30593,0.018987
17253,30594,1.0
17254,30595,1.0
17255,29966,0.958333
17255,30596,0.041667
17256,30597,1.0
17257,30598,1.0
17258,30599,1.0
17259,30600,1.0
17260,30601,1.0
17261,29515,1.0
17262,30602,1.0
17263,30603,1.0
17264,30604,1.0
17265,30605,0.625
17265,30606,0.375
17266,30607,1.0
17267,30608,1.0
17268,30609,1.0
17269,30585,1.0
17270,30610,0.9375
17270,30611,0.0625
17271,30612,1.0
17272,30613,1.0
17273,30614,0.758621
17273,30615,0.241379
17274,30616,1.0
17275,30617,1.0
17276,30618,1.0
17277,30619,0.267409
17277,30620,0.732591
17278,30621,1.0
17279,30622,1.0
17280,30395,1.0
17281,30623,1.0
17282,30624,1.0
17283,30625,1.0
17284,30626,1.0
17285,30627,1.0
17286,30628,1.0
17287,29971,1.0
17288,30629,0.70339
17288,30630,0.29661
17289,30631,1.0
17290,30624,1.0
17291,30632,1.0
17292,30633,1.0
17293,30634,1.0
17294,30635,1.0
17295,30636,1.0
17296,29495,1.0
17297,30637,1.0
17298,30638,1.0
17299,30215,1.0
17300,30639,1.0
17301,30640,0.769231
17301,30641,0.230769
17302,30642,1.0
17303,30643,1.0
17304,30644,1.0
17305,30645,1.0
17306,30646,1.0
17307,29434,1.0
17308,30647,1.0
17309,30648,1.0
17310,30649,1.0
17311,30650,1.0
17312,30651,1.0
17313,29456,1.0
17314,30497,1.0
17315,30652,1.0
17316,30653,1.0
17317,29916,1.0
17318,30654,1.0
17319,30655,1.0
17320,30656,0.992147
17320,30657,0.007853
17321,30658,1.0
17322,30659,1.0
17323,30660,1.0
17324,29825,1.0
17325,30661,1.0
17326,30187,1.0
17327,30662,1.0
17328,30663,1.0
17329,30664,1.0
17330,30665,1.0
17331,30666,1.0
17332,30667,1.0
17333,30668,1.0
17334,30669,1.0
17335,30670,1.0
17336,30671,1.0
17337,30240,1.0
17338,30672,1.0
17339,30673,1.0
17340,30674,1.0
17341,30675,1.0
17342,30676,1.0
17343,30677,0.923077
17343,30678,0.076923
17344,30679,1.0
17345,30677,1.0
17346,30680,1.0
17347,30289,0.997753
17347,30681,0.002247
17348,30682,0.207951
17348,30683,0.792049
17349,30684,1.0
17350,30685,1.0
17351,30686,1.0
17352,30687,1.0
17353,30688,0.957295
17353,30689,0.042705
17354,30690,0.26087
17354,30691,0.73913
17355,30692,1.0
17356,29502,1.0
17357,30693,1.0
17358,30694,1.0
17359,30695,0.903226
17359,30696,0.096774
17360,30697,1.0
17361,30698,1.0
17362,30699,1.0
17363,30397,1.0
17364,30700,0.969231
17364,30701,0.030769
17365,30115,0.374408
17365,30702,0.625592
17366,30703,1.0
17367,30704,1.0
17368,30705,1.0
17369,30706,1.0
17370,30707,1.0
17371,30708,1.0
17372,30709,1.0
17373,29870,1.0
17374,30592,0.305699
17374,30710,0.694301
17375,29450,1.0
17376,30711,1.0
17377,30712,1.0
17378,30713,1.0
17379,30714,1.0
17380,30715,1.0
17381,30716,1.0
17382,30717,1.0
17383,30544,1.0
17384,30718,0.123705
17384,30719,0.876295
17385,30720,1.0
17386,30721,1.0
17387,30253,0.995851
17387,30722,0.004149
17388,30723,1.0
17389,29895,0.959184
17389,30724,0.040816
17390,30725,1.0
17391,30726,1.0
17392,30727,1.0
17393,30728,1.0
17394,30729,1.0
17395,30730,1.0
17396,30731,1.0
17397,30732,1.0
17398,30733,1.0
17399,30734,1.0
17400,30735,1.0
17401,30736,1.0
17402,30737,1.0
17403,30738,1.0
17404,30739,1.0
17405,30189,1.0
17406,30186,1.0
17407,29864,1.0
17408,30740,1.0
17409,30741,1.0
17410,30742,0.957447
17410,30743,0.042553
17411,30744,1.0
17412,29909,0.702899
17412,30745,0.297101
17413,30746,0.980392
17413,30747,0.019608
17414,30032,1.0
17415,29458,0.971061
17415,30748,0.028939
17416,30749,1.0
17417,30750,1.0
17418,30511,1.0
17419,30751,1.0
17420,30752,1.0
17421,30753,1.0
17422,30471,0.90566
17422,30754,0.09434
17423,30755,0.930233
17423,30756,0.069767
17424,30757,1.0
17425,30659,1.0
17426,30758,1.0
17427,30759,1.0
17428,30315,0.96798
17428,30760,0.03202
17429,30761,1.0
17430,30566,1.0
17431,30762,1.0
17432,29396,1.0
17433,29756,1.0
17434,30763,0.995506
17434,30764,0.004494
17435,30765,1.0
17436,30766,1.0
17437,30767,1.0
17438,30768,1.0
17439,30769,1.0
17440,30472,0.985915
17440,30770,0.014085
17441,30771,1.0
17442,30772,1.0
17443,30773,1.0
17444,30774,0.708029
17444,30775,0.291971
17445,30776,1.0
17446,30777,1.0
17447,30778,1.0
17448,30779,1.0
17449,30780,1.0
17450,30781,1.0
17451,30782,1.0
17452,30783,1.0
17453,30784,1.0
17454,30785,1.0
17455,30786,1.0
17456,30787,0.993939
17456,30788,0.006061
17457,30789,1.0
17458,30790,1.0
17459,30791,1.0
17460,30792,1.0
17461,30793,1.0
17462,30794,1.0
17463,29611,1.0
17464,30795,1.0
17465,29367,1.0
17466,30796,1.0
17467,30797,1.0
17468,30356,1.0
17469,30798,1.0
17470,29736,1.0
17471,30799,1.0
17472,30800,1.0
17473,30801,1.0
17474,29381,0.847291
17474,30802,0.152709
17475,30685,1.0
17476,30684,1.0
17477,30803,1.0
17478,30423,0.524752
17478,30804,0.475248
17479,30805,0.873874
17479,30806,0.126126
17480,30807,0.398496
17480,30808,0.601504
17481,30809,0.734742
17481,29554,0.265258
17482,30149,1.0
17483,30810,1.0
17484,30811,1.0
17485,30222,1.0
17486,30812,1.0
17487,30813,0.887356
17487,30814,0.112644
17488,30815,1.0
17489,30816,1.0
17490,29607,1.0
17491,30817,1.0
17492,30818,1.0
17493,30819,1.0
17494,30820,1.0
17495,30821,1.0
17496,30822,0.759259
17496,30823,0.240741
17497,30824,1.0
17498,30825,1.0
17499,30826,1.0
17500,30827,1.0
17501,30828,1.0
17502,30829,1.0
17503,30830,1.0
17504,30831,1.0
17505,30832,1.0
17506,30833,1.0
17507,30834,1.0
17508,30835,1.0
17509,29738,1.0
17510,30836,1.0
17511,30837,1.0
17512,30838,1.0
17513,30839,1.0
17514,30840,1.0
17515,30841,1.0
17516,30032,0.576923
17516,30842,0.423077
17517,30836,1.0
17518,30164,1.0
17519,30843,1.0
17520,30771,1.0
17521,30844,0.975806
17521,30845,0.024194
17522,30846,1.0
17523,30847,1.0
17524,30848,1.0
17525,30849,1.0
17526,30850,1.0
17527,30851,1.0
17528,30852,1.0
17529,30853,1.0
17530,30854,1.0
17531,30844,1.0
17532,30855,1.0
17533,30672,1.0
17534,30856,1.0
17535,30857,1.0
17536,30858,1.0
17537,30859,1.0
17538,30860,1.0
17539,30861,1.0
17540,30370,1.0
17541,30862,1.0
17542,30863,1.0
17543,30864,1.0
17544,30865,1.0
17545,29909,1.0
17546,30866,1.0
17547,30867,1.0
17548,29799,1.0
17549,30561,1.0
17550,30868,1.0
17551,30869,1.0
17552,30870,1.0
17553,30871,1.0
17554,30872,1.0
17555,30873,1.0
17556,30874,1.0
17557,30875,1.0
17558,30876,1.0
17559,30877,1.0
17560,30878,1.0
17561,30879,1.0
17562,30880,1.0
17563,30881,0.87234
17563,30133,0.12766
17564,30119,0.882353
17564,30882,0.117647
17565,30883,1.0
17566,30884,1.0
17567,30885,1.0
17568,30886,1.0
17569,30887,1.0
17570,30888,1.0
17571,30889,1.0
17572,30890,1.0
17573,30891,1.0
17574,30892,1.0
17575,30893,1.0
17576,29632,1.0
17577,30894,1.0
17578,30895,1.0
17579,30896,1.0
17580,30897,1.0
17581,30898,1.0
17582,30899,1.0
17583,30897,1.0
17584,30900,1.0
17585,30901,1.0
17586,30902,1.0
17587,30903,0.953488
17587,30904,0.046512
17588,30905,1.0
17589,30906,1.0
17590,30907,1.0
17591,30908,1.0
17592,29569,0.941176
17592,30909,0.058824
17593,29635,1.0
17594,30910,0.938776
17594,30911,0.061224
17595,30912,1.0
17596,30913,1.0
17597,30914,1.0
17598,30915,1.0
17599,30916,1.0
17600,30917,1.0
17601,30918,1.0
17602,30919,1.0
17603,30920,1.0
17604,30921,0.971154
17604,30922,0.028846
17605,30923,1.0
17606,30924,1.0
17607,30925,1.0
17608,30926,0.918919
17608,30927,0.081081
17609,29564,0.309735
17609,30928,0.690265
17610,30929,1.0
17611,30930,1.0
17612,30931,1.0
17613,30932,1.0
17614,30933,1.0
17615,30934,1.0
17616,30935,1.0
17617,30936,1.0
17618,29740,0.983333
17618,30937,0.016667
17619,30938,0.987578
17619,30939,0.012422
17620,30940,0.864865
17620,30941,0.135135
17621,30942,1.0
17622,30943,1.0
17623,29745,1.0
17624,30944,1.0
17625,30945,1.0
17626,30946,1.0
17627,30947,1.0
17628,30948,1.0
17629,30949,1.0
17630,30950,1.0
17631,30951,1.0
17632,30952,1.0
17633,30953,1.0
17634,30954,1.0
17635,30955,1.0
17636,29689,0.989209
17636,30956,0.010791
17637,30298,1.0
17638,30957,1.0
17639,30958,1.0
17640,29478,1.0
17641,30959,1.0
17642,30960,1.0
17643,30961,1.0
17644,30962,1.0
17645,30963,1.0
17646,30964,1.0
17647,30965,1.0
17648,30966,1.0
17649,30967,1.0
17650,30968,1.0
17651,29811,1.0
17652,30253,0.988571
17652,30969,0.011429
17653,30970,1.0
17654,30971,1.0
17655,30972,1.0
17656,30973,1.0
17657,30974,1.0
17658,30975,1.0
17659,30976,1.0
17660,30977,1.0
17661,30978,1.0
17662,30869,1.0
17663,30978,1.0
17664,30979,0.921053
17664,30980,0.078947
17665,30981,1.0
17666,30982,1.0
17667,30983,1.0
17668,30984,1.0
17669,30985,1.0
17670,30986,1.0
17671,30987,1.0
17672,29421,0.849741
17672,30988,0.150259
17673,30989,1.0
17674,30990,1.0
17675,30991,1.0
17676,30992,1.0
17677,30993,1.0
17678,30994,1.0
17679,30995,1.0
17680,30733,1.0
17681,30996,1.0
17682,30997,1.0
17683,30998,1.0
17684,30999,1.0
17685,31000,1.0
17686,31001,1.0
17687,31002,1.0
17688,31003,1.0
17689,31004,1.0
17690,31005,1.0
17691,31006,1.0
17692,31007,1.0
17693,31008,1.0
17694,31009,1.0
17695,31010,1.0
17696,31011,1.0
17697,31012,0.933333
17697,31013,0.066667
17698,29555,1.0
17699,31014,1.0
17700,31015,1.0
17701,31016,1.0
17702,30330,0.994832
17702,31017,0.005168
17703,31018,1.0
17704,31019,1.0
17705,31020,1.0
17706,30627,0.776119
17706,31021,0.223881
17707,31022,1.0
17708,31023,1.0
17709,31024,1.0
17710,31025,1.0
17711,31026,1.0
17712,31027,1.0
17713,31028,0.993289
17713,31029,0.006711
17714,31030,1.0
17715,31031,1.0
17716,31032,1.0
17717,29399,0.98
17717,31033,0.02
17718,31034,0.304348
17718,31035,0.695652
17719,31036,1.0
17720,31037,1.0
17721,31038,0.666667
17721,31039,0.333333
17722,31040,0.133333
17722,31041,0.866667
17723,31042,1.0
17724,31043,1.0
17725,31044,1.0
17726,31045,1.0
17727,31046,1.0
17728,31047,1.0
17729,31048,1.0
17730,31049,1.0
17731,31050,1.0
17732,31051,1.0
17733,31052,1.0
17734,31053,1.0
17735,31054,1.0
17736,31055,1.0
17737,31052,1.0
17738,31056,1.0
17739,31057,1.0
17740,30129,1.0
17741,31058,1.0
17742,30592,1.0
17743,31059,0.2879
17743,29647,0.691238
17743,31060,0.020862
17744,31061,1.0
17745,31062,1.0
17746,31063,1.0
17747,31064,1.0
17748,31065,1.0
17749,31066,1.0
17750,31067,0.963636
17750,31068,0.036364
17751,29623,0.853147
17751,31069,0.146853
17752,29908,0.94837
17752,31070,0.05163
17753,31071,1.0
17754,29811,0.995789
17754,31072,0.004211
17755,31073,1.0
17756,31074,1.0
17757,31075,1.0
17758,29854,1.0
17759,31076,1.0
17760,30174,0.975758
17760,31077,0.024242
17761,31078,1.0
17762,31079,1.0
17763,31080,1.0
17764,31081,1.0
17765,31082,1.0
17766,31083,1.0
17767,29929,1.0
17768,30324,1.0
17769,31084,1.0
17770,29984,1.0
17771,31085,1.0
17772,31086,1.0
17773,31087,1.0
17774,31088,1.0
17775,30179,1.0
17776,31089,1.0
17777,31090,1.0
17778,29788,1.0
17779,31091,1.0
17780,31092,1.0
17781,29913,1.0
17782,31093,1.0
17783,31094,0.683761
17783,31095,0.316239
17784,31096,1.0
17785,31097,1.0
17786,31098,1.0
17787,31099,1.0
17788,31100,1.0
17789,31101,0.72
17789,31102,0.28
17790,31103,1.0
17791,30391,0.87395
17791,31104,0.12605
17792,30775,1.0
17793,31105,1.0
17794,31106,1.0
17795,31107,1.0
17796,31108,1.0
17797,31109,1.0
17798,31110,1.0
17799,31111,1.0
17800,31112,1.0
17801,31113,1.0
17802,31114,1.0
17803,31115,1.0
17804,29998,1.0
17805,30045,1.0
17806,31116,1.0
17807,31117,1.0
17808,31118,1.0
17809,31119,1.0
17810,30763,1.0
17811,31120,1.0
17812,29761,1.0
17813,29677,1.0
17814,29585,1.0
17815,31121,1.0
17816,31122,1.0
17817,31123,1.0
17818,31124,1.0
17819,29555,1.0
17820,31125,1.0
17821,31126,0.962428
17821,31127,0.037572
17822,31128,1.0
17823,31129,1.0
17824,31130,1.0
17825,31131,1.0
17826,31132,1.0
17827,29928,1.0
17828,31133,1.0
17829,31134,1.0
17830,31135,1.0
17831,31136,1.0
17832,31137,1.0
17833,31138,1.0
17834,31139,1.0
17835,31140,1.0
17836,30867,0.998081
17836,31141,0.001919
17837,31142,1.0
17838,31143,1.0
17839,31144,1.0
17840,31145,1.0
17841,31146,0.210526
17841,31147,0.789474
17842,31148,1.0
17843,31149,1.0
17844,31150,1.0
17845,31151,1.0
17846,31152,1.0
17847,31153,1.0
17848,31154,1.0
17849,31155,1.0
17850,31156,1.0
17851,31157,1.0
17852,31158,1.0
17853,31159,1.0
17854,31160,1.0
17855,31161,1.0
17856,31162,1.0
17857,29703,1.0
17858,31163,1.0
17859,31164,1.0
17860,31165,1.0
17861,31166,1.0
17862,30332,1.0
17863,31167,1.0
17864,31168,1.0
17865,29541,1.0
17866,29875,1.0
17867,31169,1.0
17868,31170,1.0
17869,31171,1.0
17870,31172,1.0
17871,31173,1.0
17872,31174,1.0
17873,31175,1.0
17874,31176,1.0
17875,31177,1.0
17876,31178,1.0
17877,31179,1.0
17878,31180,1.0
17879,29376,1.0
17880,31181,1.0
17881,31182,1.0
17882,31183,0.857143
17882,31184,0.142857
17883,31185,1.0
17884,31136,1.0
17885,31186,1.0
17886,31187,1.0
17887,31188,1.0
17888,31189,1.0
17889,31190,1.0
17890,31191,1.0
17891,31192,1.0
17892,31193,1.0
17893,31194,1.0
17894,30298,0.737288
17894,31195,0.262712
17895,31196,1.0
17896,29935,1.0
17897,31197,1.0
17898,31198,1.0
17899,31199,1.0
17900,29542,1.0
17901,31200,0.753333
17901,31201,0.246667
17902,29572,1.0
17903,29408,1.0
17904,31202,1.0
17905,31203,1.0
17906,31204,1.0
17907,31205,1.0
17908,31206,0.709677
17908,30861,0.290323
17909,31207,1.0
17910,31208,1.0
17911,30066,1.0
17912,31209,0.45283
17912,31210,0.54717
17913,31211,0.922727
17913,31212,0.077273
17914,31213,0.604167
17914,31214,0.395833
17915,31215,1.0
17916,31216,1.0
17917,31217,1.0
17918,31218,1.0
17919,31219,1.0
17920,31220,1.0
17921,31221,1.0
17922,31222,1.0
17923,31223,1.0
17924,31224,1.0
17925,31225,1.0
17926,31226,1.0
17927,31227,0.770701
17927,31228,0.229299
17928,29589,1.0
17929,31229,1.0
17930,31230,1.0
17931,31231,1.0
17932,31232,1.0
17933,31233,0.968586
17933,31234,0.031414
17934,30669,1.0
17935,31235,1.0
17936,31236,1.0
17937,31237,1.0
17938,31238,1.0
17939,30015,1.0
17940,31239,1.0
17941,31240,1.0
17942,31241,1.0
17943,31242,1.0
17944,31243,1.0
17945,31244,1.0
17946,31245,1.0
17947,31246,1.0
17948,31247,1.0
17949,31248,1.0
17950,31249,1.0
17951,31250,1.0
17952,31251,1.0
17953,31252,1.0
17954,31253,1.0
17955,30767,1.0
17956,31254,1.0
17957,31255,1.0
17958,31256,1.0
17959,31257,1.0
17960,31258,1.0
17961,31259,1.0
17962,31260,0.714286
17962,31261,0.285714
17963,31262,1.0
17964,31263,1.0
17965,31264,1.0
17966,31265,1.0
17967,29973,0.964602
17967,31266,0.035398
17968,31267,1.0
17969,29441,0.982394
17969,31268,0.017606
17970,31269,0.878378
17970,31270,0.121622
17971,31271,1.0
17972,30731,1.0
17973,30496,0.776786
17973,31272,0.223214
17974,31273,1.0
17975,30022,0.957328
17975,31274,0.042672
17976,31275,1.0
17977,29577,1.0
17978,30329,1.0
17979,31276,1.0
17980,31277,1.0
17981,31278,1.0
17982,31279,1.0
17983,31280,1.0
17984,31281,1.0
17985,31282,1.0
17986,31283,0.953488
17986,31284,0.046512
17987,31285,1.0
17988,31286,1.0
17989,31287,1.0
17990,31288,1.0
17991,31289,1.0
17992,31290,1.0
17993,31291,1.0
17994,31292,1.0
17995,31293,1.0
17996,31294,1.0
17997,31295,1.0
17998,31296,1.0
17999,31297,1.0
18000,31298,1.0
18001,29771,1.0
18002,31299,1.0
18003,31300,1.0
18004,31301,1.0
18005,31302,1.0
18006,30644,1.0
18007,31303,1.0
18008,31304,1.0
18009,31305,1.0
18010,31306,1.0
18011,29945,1.0
18012,31307,1.0
18013,29827,0.481383
18013,31308,0.518617
18014,31309,1.0
18015,31310,0.974026
18015,31311,0.025974
18016,31312,1.0
18017,31313,1.0
18018,31314,1.0
18019,31315,1.0
18020,31316,1.0
18021,31317,1.0
18022,31318,0.732558
18022,31319,0.267442
18023,31320,1.0
18024,31321,1.0
18025,31322,1.0
18026,30522,1.0
18027,30713,0.619048
18027,31323,0.380952
18028,30000,1.0
18029,31324,1.0
18030,31325,1.0
18031,29400,0.96
18031,31326,0.04
18032,29689,1.0
18033,31327,1.0
18034,30149,1.0
18035,30372,1.0
18036,31328,1.0
18037,31329,1.0
18038,31330,1.0
18039,31331,0.929412
18039,31332,0.070588
18040,31333,0.88
18040,31334,0.12
18041,30930,0.901288
18041,31335,0.098712
18042,31330,1.0
18043,31336,1.0
18044,31337,1.0
18045,30814,1.0
18046,31338,1.0
18047,31339,1.0
18048,31340,1.0
18049,31341,1.0
18050,31342,1.0
18051,31343,1.0
18052,31344,1.0
18053,31345,1.0
18054,31346,1.0
18055,31347,1.0
18056,31348,1.0
18057,31349,1.0
18058,31350,1.0
18059,29452,1.0
18060,30826,1.0
18061,31351,1.0
18062,31352,1.0
18063,31353,1.0
18064,30248,0.862069
18064,31354,0.137931
18065,31355,1.0
18066,31356,1.0
18067,31357,1.0
18068,31358,0.137255
18068,31359,0.862745
18069,29517,1.0
18070,31360,1.0
18071,29827,0.985
18071,31361,0.015
18072,31362,1.0
18073,31363,1.0
18074,31364,1.0
18075,31365,1.0
18076,31366,1.0
18077,29576,1.0
18078,29930,1.0
18079,31367,0.849537
18079,30341,0.150463
18080,31368,1.0
18081,31369,1.0
18082,31370,1.0
18083,31371,1.0
18084,31372,1.0
18085,29759,1.0
18086,31373,1.0
18087,31374,1.0
18088,31375,1.0
18089,31376,1.0
18090,31377,1.0
18091,29371,1.0
18092,31378,1.0
18093,31379,1.0
18094,30423,1.0
18095,31380,1.0
18096,30787,1.0
18097,31381,0.464286
18097,31382,0.535714
18098,31383,0.119469
18098,30776,0.880531
18099,31384,1.0
18100,31385,1.0
18101,29872,1.0
18102,31386,1.0
18103,29518,1.0
18104,31254,0.996078
18104,31387,0.003922
18105,31388,1.0
18106,31389,1.0
18107,31390,1.0
18108,31391,1.0
18109,31392,1.0
18110,31393,1.0
18111,31394,1.0
18112,31395,1.0
18113,31396,1.0
18114,31397,1.0
18115,31398,1.0
18116,31399,1.0
18117,29594,0.983264
18117,31400,0.016736
18118,31401,1.0
18119,31402,1.0
18120,31403,1.0
18121,31404,1.0
18122,31291,1.0
18123,31405,1.0
18124,31406,1.0
18125,31407,1.0
18126,31408,1.0
18127,29714,1.0
18128,31409,1.0
18129,31410,1.0
18130,31411,1.0
18131,31412,1.0
18132,31413,1.0
18133,31414,1.0
18134,31415,1.0
18135,31416,1.0
18136,31417,1.0
18137,31418,1.0
18138,29504,1.0
18139,31419,1.0
18140,31420,1.0
18141,31421,1.0
18142,31422,1.0
18143,31423,1.0
18144,31424,0.989247
18144,31425,0.010753
18145,31426,1.0
18146,30963,0.828306
18146,31427,0.171694
18147,31428,1.0
18148,30097,1.0
18149,31429,1.0
18150,31430,1.0
18151,31431,1.0
18152,31432,1.0
18153,31433,1.0
18154,31434,1.0
18155,31435,1.0
18156,31436,1.0
18157,31437,0.653846
18157,29998,0.346154
18158,31438,1.0
18159,31439,0.892857
18159,31440,0.107143
18160,29462,0.704871
18160,31441,0.295129
18161,31442,1.0
18162,31443,1.0
18163,31444,1.0
18164,30900,1.0
18165,31445,1.0
18166,31446,1.0
18167,31447,1.0
18168,31448,1.0
18169,31449,1.0
18170,31450,1.0
18171,31451,1.0
18172,31452,1.0
18173,30110,1.0
18174,31453,1.0
18175,31454,1.0
18176,31455,1.0
18177,31456,1.0
18178,31457,1.0
18179,31458,1.0
18180,31459,0.982877
18180,31460,0.017123
18181,31461,1.0
18182,31462,0.761194
18182,29652,0.238806
18183,31463,1.0
18184,31464,1.0
18185,31465,1.0
18186,31466,1.0
18187,31467,1.0
18188,31468,1.0
18189,31469,1.0
18190,31470,1.0
18191,31471,1.0
18192,29894,1.0
18193,31472,1.0
18194,31473,0.8
18194,31474,0.2
18195,31475,1.0
18196,31476,1.0
18197,31477,1.0
18198,31478,1.0
18199,30712,1.0
18200,31479,0.725
18200,31480,0.275
18201,31481,1.0
18202,31482,1.0
18203,31483,1.0
18204,29916,1.0
18205,31484,1.0
18206,30185,1.0
18207,31485,1.0
18208,31486,1.0
18209,31487,1.0
18210,31488,0.861386
18210,31489,0.138614
18211,31490,1.0
18212,31491,1.0
18213,31492,1.0
18214,31493,1.0
18215,31494,1.0
18216,31495,1.0
18217,31496,1.0
18218,31497,1.0
18219,31498,1.0
18220,31499,1.0
18221,31500,1.0
18222,31501,1.0
18223,31189,1.0
18224,31502,0.989474
18224,31503,0.010526
18225,31504,1.0
18226,31505,1.0
18227,31506,1.0
18228,31073,0.820513
18228,31507,0.179487
18229,31508,1.0
18230,31509,1.0
18231,31510,1.0
18232,31511,1.0
18233,31512,1.0
18234,31513,1.0
18235,31514,1.0
18236,31515,1.0
18237,31516,1.0
18238,31517,1.0
18239,31518,0.87931
18239,31519,0.12069
18240,31520,1.0
18241,31521,1.0
18242,30509,1.0
18243,31522,1.0
18244,31523,1.0
18245,31524,1.0
18246,30057,1.0
18247,31053,1.0
18248,31525,1.0
18249,31526,0.710526
18249,31527,0.289474
18250,29380,0.972973
18250,31528,0.027027
18251,31529,1.0
18252,31530,1.0
18253,31531,1.0
18254,31532,1.0
18255,31533,1.0
18256,31534,1.0
18257,31535,0.966667
18257,31536,0.033333
18258,31537,1.0
18259,29406,0.958621
18259,31538,0.041379
18260,31539,1.0
18261,30092,1.0
18262,31540,0.901408
18262,31541,0.098592
18263,31542,1.0
18264,30373,1.0
18265,31543,1.0
18266,31544,1.0
18267,31545,1.0
18268,31546,0.855814
18268,30485,0.144186
18269,29617,0.980769
18269,31547,0.019231
18270,31051,1.0
18271,31548,0.95122
18271,31549,0.04878
18272,31550,1.0
18273,31551,1.0
18274,31552,1.0
18275,31553,1.0
18276,31554,1.0
18277,31555,1.0
18278,31173,0.710744
18278,31556,0.289256
18279,31557,1.0
18280,31558,1.0
18281,31559,1.0
18282,31560,1.0
18283,31561,1.0
18284,31562,1.0
18285,30268,1.0
18286,31563,1.0
18287,31564,1.0
18288,31565,1.0
18289,31566,1.0
18290,31567,1.0
18291,31568,1.0
18292,31569,1.0
18293,31570,1.0
18294,31571,1.0
18295,31572,1.0
18296,31573,1.0
18297,31574,0.846154
18297,31575,0.153846
18298,31576,1.0
18299,31577,1.0
18300,31578,1.0
18301,31579,1.0
18302,30902,0.801932
18302,29827,0.198068
18303,31580,1.0
18304,31581,0.679558
18304,31582,0.320442
18305,31165,0.918919
18305,31583,0.081081
18306,31584,0.75
18306,31585,0.25
18307,30231,0.940476
18307,31586,0.059524
18308,31584,1.0
18309,31587,1.0
18310,31588,1.0
18311,31589,1.0
18312,31590,1.0
18313,31591,1.0
18314,31592,1.0
18315,31593,1.0
18316,31594,1.0
18317,31595,1.0
18318,31596,1.0
18319,31597,1.0
18320,31598,1.0
18321,31599,1.0
18322,31600,1.0
18323,31601,1.0
18324,31602,1.0
18325,29925,1.0
18326,31603,1.0
18327,31604,1.0
18328,31605,1.0
18329,31606,1.0
18330,30612,1.0
18331,31607,1.0
18332,31479,1.0
18333,31608,1.0
18334,31609,0.761905
18334,31610,0.238095
18335,31611,1.0
18336,31612,1.0
18337,31613,1.0
18338,31614,1.0
18339,31615,0.75
18339,31616,0.25
18340,31617,0.74954
18340,29798,0.25046
18341,31618,0.863158
18341,31619,0.136842
18342,31620,1.0
18343,31621,1.0
18344,30998,0.985294
18344,31622,0.014706
18345,31623,1.0
18346,31624,1.0
18347,31625,1.0
18348,31626,1.0
18349,31627,1.0
18350,31628,1.0
18351,31629,1.0
18352,31630,0.916667
18352,31631,0.083333
18353,30047,0.862069
18353,31632,0.137931
18354,31633,1.0
18355,31634,1.0
18356,31635,1.0
18357,31636,0.955224
18357,31637,0.044776
18358,31638,1.0
18359,31639,1.0
18360,31640,1.0
18361,31641,0.902622
18361,31642,0.097378
18362,31643,0.758621
18362,31644,0.241379
18363,31645,1.0
18364,31646,1.0
18365,29497,0.777778
18365,31647,0.222222
18366,31648,1.0
18367,31649,1.0
18368,31114,1.0
18369,31650,1.0
18370,31651,1.0
18371,31652,1.0
18372,31653,1.0
18373,31654,1.0
18374,31655,1.0
18375,31656,0.953488
18375,31657,0.046512
18376,31658,1.0
18377,31269,1.0
18378,31537,1.0
18379,31659,1.0
18380,31660,1.0
18381,31661,1.0
18382,31662,1.0
18383,31663,1.0
18384,31664,1.0
18385,29798,0.807018
18385,31665,0.192982
18386,31666,1.0
18387,31667,1.0
18388,31668,0.525424
18388,31669,0.474576
18389,30926,1.0
18390,31670,1.0
18391,31438,0.976331
18391,31671,0.023669
18392,31672,1.0
18393,30452,1.0
18394,31673,1.0
18395,31674,1.0
18396,31675,1.0
18397,31676,1.0
18398,31677,1.0
18399,31678,1.0
18400,30877,0.436782
18400,31679,0.563218
18401,31680,1.0
18402,31681,1.0
18403,31668,1.0
18404,29394,1.0
18405,31682,1.0
18406,31683,1.0
18407,30177,0.890909
18407,31684,0.109091
18408,31685,1.0
18409,31686,1.0
18410,31687,1.0
18411,31688,1.0
18412,30391,1.0
18413,31689,1.0
18414,31690,1.0
18415,31691,1.0
18416,31692,1.0
18417,31693,1.0
18418,31694,1.0
18419,31695,1.0
18420,31696,1.0
18421,31697,1.0
18422,30239,1.0
18423,31698,1.0
18424,31699,1.0
18425,30761,1.0
18426,31700,1.0
18427,30302,1.0
18428,31701,1.0
18429,31702,1.0
18430,31703,1.0
18431,31704,1.0
18432,31705,1.0
18433,31370,1.0
18434,31706,1.0
18435,31707,1.0
18436,30222,1.0
18437,31708,1.0
18438,31709,1.0
18439,31147,1.0
18440,31518,1.0
18441,30656,1.0
18442,31710,1.0
18443,31711,1.0
18444,31712,1.0
18445,31713,1.0
18446,31714,1.0
18447,31424,0.939394
18447,31715,0.060606
18448,31716,0.942308
18448,31717,0.057692
18449,31718,1.0
18450,31719,0.875
18450,31720,0.125
18451,29954,1.0
18452,31721,1.0
18453,29450,1.0
18454,31722,1.0
18455,29721,1.0
18456,31723,1.0
18457,30413,1.0
18458,31724,1.0
18459,31725,1.0
18460,31726,1.0
18461,31727,1.0
18462,30738,1.0
18463,31728,1.0
18464,31729,1.0
18465,31730,1.0
18466,31731,1.0
18467,31732,1.0
18468,31733,1.0
18469,31734,1.0
18470,31735,1.0
18471,31736,1.0
18472,29718,1.0
18473,31737,1.0
18474,31738,1.0
18475,31739,1.0
18476,31740,1.0
18477,31741,1.0
18478,31742,0.959184
18478,31743,0.040816
18479,30930,1.0
18480,31744,1.0
18481,31745,1.0
18482,31746,1.0
18483,31747,1.0
18484,31748,1.0
18485,31749,1.0
18486,31750,0.833333
18486,31751,0.166667
18487,31752,1.0
18488,31753,1.0
18489,31754,1.0
18490,31755,1.0
18491,31756,1.0
18492,29945,1.0
18493,31757,1.0
18494,31758,1.0
18495,31759,1.0
18496,31760,1.0
18497,30118,0.954023
18497,31761,0.045977
18498,31762,1.0
18499,31763,1.0
18500,31764,1.0
18501,31765,1.0
18502,30103,1.0
18503,31766,1.0
18504,31767,1.0
18505,31768,1.0
18506,30190,1.0
18507,31769,0.919355
18507,31770,0.080645
18508,31771,0.3125
18508,31747,0.6875
18509,31772,1.0
18510,30667,1.0
18511,31773,1.0
18512,31774,1.0
18513,31775,1.0
18514,31776,1.0
18515,31777,1.0
18516,31778,1.0
18517,31779,1.0
18518,30803,1.0
18519,31780,1.0
18520,31781,1.0
18521,31782,1.0
18522,31783,1.0
18523,31784,1.0
18524,31785,0.224824
18524,29502,0.775176
18525,31786,1.0
18526,31787,1.0
18527,31788,1.0
18528,31789,1.0
18529,31790,1.0
18530,31791,1.0
18531,31792,1.0
18532,31793,1.0
18533,31794,1.0
18534,31795,1.0
18535,31796,1.0
18536,31797,0.932203
18536,31798,0.067797
18537,29944,1.0
18538,30313,1.0
18539,29610,0.962963
18539,31799,0.037037
18540,31800,0.8
18540,31801,0.2
18541,31802,1.0
18542,31803,1.0
18543,29726,1.0
18544,31804,1.0
18545,31805,1.0
18546,30896,0.810811
18546,31806,0.189189
18547,31807,0.883562
18547,31808,0.116438
18548,31809,1.0
18549,31810,1.0
18550,31811,1.0
18551,31812,1.0
18552,31813,1.0
18553,31814,1.0
18554,29581,0.882353
18554,31815,0.117647
18555,31816,1.0
18556,31817,1.0
18557,31818,0.949367
18557,31819,0.050633
18558,31820,1.0
18559,31821,1.0
18560,31822,0.961538
18560,31823,0.038462
18561,31824,1.0
18562,30836,0.956835
18562,31825,0.043165
18563,31826,1.0
18564,31827,1.0
18565,31828,1.0
18566,31829,1.0
18567,29940,1.0
18568,31830,1.0
18569,30516,1.0
18570,31831,1.0
18571,31832,1.0
18572,31833,1.0
18573,31834,1.0
18574,31835,1.0
18575,31836,1.0
18576,31634,1.0
18577,31837,1.0
18578,31838,0.935223
18578,31839,0.064777
18579,31840,1.0
18580,31841,1.0
18581,30277,1.0
18582,31842,1.0
18583,31521,0.946237
18583,31843,0.053763
18584,31844,1.0
18585,31845,1.0
18586,31846,0.094044
18586,30079,0.905956
18587,31847,1.0
18588,31848,1.0
18589,31849,1.0
18590,31850,1.0
18591,31851,1.0
18592,31852,0.875
18592,31853,0.125
18593,30740,0.164948
18593,31854,0.835052
18594,31855,1.0
18595,31856,1.0
18596,31857,1.0
18597,31858,1.0
18598,31859,1.0
18599,31860,1.0
18600,31861,1.0
18601,30085,1.0
18602,31862,1.0
18603,29579,1.0
18604,31863,0.825581
18604,31864,0.174419
18605,31865,1.0
18606,31866,1.0
18607,31867,1.0
18608,30471,0.9447
18608,31868,0.0553
18609,31233,1.0
18610,31869,0.75
18610,31870,0.25
18611,31871,0.540541
18611,31872,0.459459
18612,31873,1.0
18613,31874,0.86
18613,31875,0.14
18614,31876,1.0
18615,31877,1.0
18616,30158,1.0
18617,31878,1.0
18618,31879,1.0
18619,31880,1.0
18620,31881,1.0
18621,31882,1.0
18622,31883,1.0
18623,31884,1.0
18624,31885,1.0
18625,31886,1.0
18626,31183,1.0
18627,31887,1.0
18628,29858,1.0
18629,31888,1.0
18630,31889,1.0
18631,31890,1.0
18632,31891,1.0
18633,31892,1.0
18634,31893,1.0
18635,31894,1.0
18636,31895,1.0
18637,31896,1.0
18638,31897,0.555556
18638,31898,0.444444
18639,31899,0.297872
18639,31900,0.702128
18640,31901,1.0
18641,31902,0.52
18641,31035,0.48
18642,31067,1.0
18643,31903,1.0
18644,31904,1.0
18645,30532,1.0
18646,31905,1.0
18647,31906,1.0
18648,31907,0.571429
18648,31908,0.428571
18649,29793,1.0
18650,31909,1.0
18651,31910,1.0
18652,31911,1.0
18653,31912,1.0
18654,31913,1.0
18655,31914,1.0
18656,31915,1.0
18657,31880,1.0
18658,29384,1.0
18659,31916,1.0
18660,31917,1.0
18661,30721,1.0
18662,30303,1.0
18663,31918,0.428571
18663,31919,0.571429
18664,31920,1.0
18665,31921,1.0
18666,31922,1.0
18667,31923,0.945946
18667,31924,0.054054
18668,31925,1.0
18669,31926,1.0
18670,31927,1.0
18671,31928,1.0
18672,31929,1.0
18673,31930,1.0
18674,31931,1.0
18675,31932,0.473684
18675,31933,0.526316
18676,31934,1.0
18677,31935,1.0
18678,31936,1.0
18679,30071,1.0
18680,31937,1.0
18681,31938,0.878205
18681,31939,0.121795
18682,31940,1.0
18683,31941,1.0
18684,31942,1.0
18685,31943,1.0
18686,31944,1.0
18687,30580,1.0
18688,31756,0.89
18688,31945,0.11
18689,31946,1.0
18690,31947,1.0
18691,31948,1.0
18692,31949,1.0
18693,31950,1.0
18694,31951,1.0
18695,31952,1.0
18696,31494,1.0
18697,31953,1.0
18698,29973,1.0
18699,31954,1.0
18700,29463,1.0
18701,31955,1.0
18702,31956,1.0
18703,29674,0.96875
18703,31957,0.03125
18704,31958,1.0
18705,31959,1.0
18706,31960,1.0
18707,31961,1.0
18708,31962,1.0
18709,31963,1.0
18710,31964,1.0
18711,31965,0.988506
18711,31966,0.011494
18712,31967,1.0
18713,31968,1.0
18714,30840,0.75
18714,31969,0.25
18715,31970,1.0
18716,31971,1.0
18717,29564,1.0
18718,31972,1.0
18719,31973,1.0
18720,31974,1.0
18721,30404,0.965517
18721,31975,0.034483
18722,31976,1.0
18723,31977,1.0
18724,31978,1.0
18725,31979,1.0
18726,31980,1.0
18727,31981,1.0
18728,31982,1.0
18729,31983,1.0
18730,31984,1.0
18731,31985,1.0
18732,31986,1.0
18733,31830,1.0
18734,30884,1.0
18735,31981,1.0
18736,31987,1.0
18737,31988,1.0
18738,31989,1.0
18739,31990,1.0
18740,31991,1.0
18741,31992,1.0
18742,31993,1.0
18743,31994,1.0
18744,31995,1.0
18745,31996,1.0
18746,31997,1.0
18747,31998,1.0
18748,31999,1.0
18749,32000,1.0
18750,29581,1.0
18751,32001,1.0
18752,32002,0.987421
18752,32003,0.012579
18753,32004,1.0
18754,32005,1.0
18755,32006,1.0
18756,32007,1.0
18757,32008,0.9
18757,32009,0.1
18758,30444,1.0
18759,32010,1.0
18760,32011,1.0
18761,32012,1.0
18762,31185,1.0
18763,32013,1.0
18764,32014,1.0
18765,32015,1.0
18766,32016,1.0
18767,32017,1.0
18768,32018,1.0
18769,32019,1.0
18770,31650,0.9375
18770,32020,0.0625
18771,32021,1.0
18772,32022,1.0
18773,32023,1.0
18774,31943,0.666667
18774,32024,0.333333
18775,32025,1.0
18776,32026,1.0
18777,29916,0.991379
18777,32027,0.008621
18778,32028,1.0
18779,32029,1.0
18780,32030,0.868421
18780,32031,0.131579
18781,32032,1.0
18782,29924,1.0
18783,32033,1.0
18784,32034,1.0
18785,32035,1.0
18786,32036,1.0
18787,32037,1.0
18788,32038,1.0
18789,32039,1.0
18790,32040,1.0
18791,32041,1.0
18792,30220,1.0
18793,32042,1.0
18794,32043,1.0
18795,32044,1.0
18796,32045,1.0
18797,31587,1.0
18798,32046,1.0
18799,32047,1.0
18800,32048,1.0
18801,32049,1.0
18802,32050,1.0
18803,32051,1.0
18804,29481,1.0
18805,32052,1.0
18806,32053,1.0
18807,32054,1.0
18808,32055,1.0
18809,32056,1.0
18810,32057,1.0
18811,32058,1.0
18812,31265,1.0
18813,32059,0.947368
18813,32060,0.052632
18814,32061,1.0
18815,31047,1.0
18816,32062,1.0
18817,32063,1.0
18818,31155,0.984536
18818,32064,0.015464
18819,32065,1.0
18820,30091,0.888889
18820,32066,0.111111
18821,32067,1.0
18822,32068,1.0
18823,32069,1.0
18824,31612,1.0
18825,30925,1.0
18826,32070,0.8
18826,32071,0.2
18827,32010,1.0
18828,32072,1.0
18829,32073,1.0
18830,30586,0.826087
18830,32074,0.173913
18831,30634,1.0
18832,32075,1.0
18833,32076,1.0
18834,32077,1.0
18835,30334,1.0
18836,32078,1.0
18837,32079,0.981481
18837,32080,0.018519
18838,32081,1.0
18839,32082,1.0
18840,32083,1.0
18841,32084,0.516129
18841,32085,0.483871
18842,32086,1.0
18843,32087,1.0
18844,31643,1.0
18845,32088,1.0
18846,32089,1.0
18847,31909,1.0
18848,32090,1.0
18849,32091,0.712575
18849,31120,0.287425
18850,31183,1.0
18851,29726,0.485294
18851,32092,0.514706
18852,32093,1.0
18853,32094,1.0
18854,32095,1.0
18855,32096,0.77551
18855,32097,0.22449
18856,32098,1.0
18857,32099,1.0
18858,32099,1.0
18859,32100,1.0
18860,31780,1.0
18861,32101,1.0
18862,32102,1.0
18863,32103,1.0
18864,32104,1.0
18865,32105,1.0
18866,29828,0.882353
18866,32106,0.117647
18867,32107,1.0
18868,32108,1.0
18869,31166,1.0
18870,32109,1.0
18871,32110,1.0
18872,32111,1.0
18873,32112,1.0
18874,32113,1.0
18875,32114,1.0
18876,32115,1.0
18877,32116,1.0
18878,32117,1.0
18879,32118,1.0
18880,32119,1.0
18881,32120,1.0
18882,31359,1.0
18883,32121,1.0
18884,32122,1.0
18885,32123,1.0
18886,32124,1.0
18887,32125,1.0
18888,29460,0.896552
18888,32126,0.103448
18889,32127,1.0
18890,32128,1.0
18891,32129,1.0
18892,29492,1.0
18893,32130,0.642857
18893,32131,0.357143
18894,32132,1.0
18895,30796,1.0
18896,32133,1.0
18897,30679,1.0
18898,32134,1.0
18899,29393,1.0
18900,32135,1.0
18901,32136,1.0
18902,32137,1.0
18903,32138,1.0
18904,29428,0.957447
18904,32139,0.042553
18905,32140,1.0
18906,32141,1.0
18907,32142,0.836735
18907,32143,0.163265
18908,32144,1.0
18909,32145,1.0
18910,32146,1.0
18911,32147,1.0
18912,32148,1.0
18913,29390,1.0
18914,32149,1.0
18915,30645,0.679167
18915,32150,0.320833
18916,30208,1.0
18917,32151,1.0
18918,32152,1.0
18919,32153,1.0
18920,32154,1.0
18921,32155,1.0
18922,32156,1.0
18923,32157,0.88
18923,32158,0.12
18924,32159,0.540541
18924,32160,0.459459
18925,32161,1.0
18926,32162,1.0
18927,32163,1.0
18928,32164,1.0
18929,32165,1.0
18930,32166,0.894737
18930,32167,0.105263
18931,32168,1.0
18932,32169,1.0
18933,32170,1.0
18934,32171,1.0
18935,32172,1.0
18936,32173,0.958333
18936,32174,0.041667
18937,32175,1.0
18938,31676,1.0
18939,32176,1.0
18940,32177,1.0
18941,32178,1.0
18942,32179,1.0
18943,32180,1.0
18944,32181,1.0
18945,32182,1.0
18946,32183,1.0
18947,32184,1.0
18948,32185,1.0
18949,31438,1.0
18950,32186,1.0
18951,32187,1.0
18952,30260,0.989796
18952,32188,0.010204
18953,32189,1.0
18954,32190,1.0
18955,32191,1.0
18956,29478,1.0
18957,29586,1.0
18958,32192,1.0
18959,32193,1.0
18960,32194,1.0
18961,32195,1.0
18962,32196,0.666667
18962,32197,0.333333
18963,32198,1.0
18964,31295,1.0
18965,32199,1.0
18966,32200,0.95
18966,32201,0.05
18967,31241,1.0
18968,32202,1.0
18969,32203,1.0
18970,29361,1.0
18971,32204,0.6
18971,31394,0.4
18972,32205,1.0
18973,32206,1.0
18974,32207,1.0
18975,30466,1.0
18976,32208,1.0
18977,32209,1.0
18978,31650,0.981308
18978,32210,0.018692
18979,32211,1.0
18980,29669,1.0
18981,32212,1.0
18982,32213,1.0
18983,32214,1.0
18984,32215,1.0
18985,32216,1.0
18986,32217,1.0
18987,32218,1.0
18988,32219,1.0
18989,32220,1.0
18990,29981,1.0
18991,32221,1.0
18992,29754,1.0
18993,31863,1.0
18994,32222,1.0
18995,31363,1.0
18996,32223,1.0
18997,32224,1.0
18998,32225,1.0
18999,32226,1.0
19000,29589,0.897196
19000,32227,0.102804
19001,32228,0.903226
19001,32229,0.096774
19002,30415,1.0
19003,32230,1.0
19004,32231,1.0
19005,32232,1.0
19006,32233,1.0
19007,32234,1.0
19008,32235,1.0
19009,32236,1.0
19010,32237,1.0
19011,32238,1.0
19012,32239,1.0
19013,32240,1.0
19014,32241,1.0
19015,32242,0.048
19015,29435,0.952
19016,32243,1.0
19017,32244,1.0
19018,32245,1.0
19019,32246,1.0
19020,32247,1.0
19021,32248,1.0
19022,32249,1.0
19023,32250,1.0
19024,30805,1.0
19025,29817,1.0
19026,32251,1.0
19027,32252,1.0
19028,32253,1.0
19029,32254,1.0
19030,32255,1.0
19031,32256,1.0
19032,32257,1.0
19033,32258,1.0
19034,32259,1.0
19035,32260,1.0
19036,32261,1.0
19037,32262,1.0
19038,32263,1.0
19039,32264,1.0
19040,32265,1.0
19041,32266,1.0
19042,32267,0.909091
19042,32268,0.090909
19043,32269,0.961538
19043,32270,0.038462
19044,32271,1.0
19045,32272,1.0
19046,32273,1.0
19047,32274,1.0
19048,32275,1.0
19049,32276,1.0
19050,32277,0.987342
19050,32278,0.012658
19051,32279,1.0
19052,30739,0.961111
19052,32280,0.038889
19053,32281,1.0
19054,32282,1.0
19055,32283,1.0
19056,32284,1.0
19057,32285,0.981982
19057,32286,0.018018
19058,32287,1.0
19059,32288,1.0
19060,29480,1.0
19061,30443,1.0
19062,32289,1.0
19063,32018,1.0
19064,29683,0.625
19064,32290,0.375
19065,31963,1.0
19066,32291,1.0
19067,30710,1.0
19068,32292,1.0
19069,32293,1.0
19070,32294,1.0
19071,32295,1.0
19072,32296,1.0
19073,29474,0.888112
19073,32297,0.111888
19074,32267,1.0
19075,32298,1.0
19076,32299,1.0
19077,32300,1.0
19078,32301,1.0
19079,32302,1.0
19080,30153,1.0
19081,32303,1.0
19082,32304,1.0
19083,32305,0.89011
19083,32306,0.10989
19084,32307,1.0
19085,31786,1.0
19086,32308,1.0
19087,32309,1.0
19088,32310,1.0
19089,32311,1.0
19090,32312,1.0
19091,32313,1.0
19092,32314,1.0
19093,31203,1.0
19094,32315,1.0
19095,32316,1.0
19096,29976,1.0
19097,32317,1.0
19098,32318,1.0
19099,32319,1.0
19100,30700,1.0
19101,32320,1.0
19102,32321,1.0
19103,32322,1.0
19104,32323,1.0
19105,32324,1.0
19106,30072,1.0
19107,32325,1.0
19108,32326,1.0
19109,32327,1.0
19110,32328,1.0
19111,32329,1.0
19112,32330,1.0
19113,32331,1.0
19114,32332,1.0
19115,32333,1.0
19116,32334,1.0
19117,32335,1.0
19118,32336,1.0
19119,32337,1.0
19120,32338,1.0
19121,32339,1.0
19122,32340,1.0
19123,32341,0.356481
19123,30998,0.643519
19124,32342,1.0
19125,32343,1.0
19126,32344,1.0
19127,32345,1.0
19128,32346,1.0
19129,32347,1.0
19130,32348,1.0
19131,32349,1.0
19132,32350,1.0
19133,32351,1.0
19134,32352,0.357143
19134,32353,0.642857
19135,32354,0.404255
19135,32355,0.595745
19136,31488,1.0
19137,32356,1.0
19138,32357,1.0
19139,32358,1.0
19140,32359,1.0
19141,30215,0.987805
19141,32360,0.012195
19142,32361,1.0
19143,32362,1.0
19144,32363,1.0
19145,32364,0.972222
19145,32365,0.027778
19146,32366,1.0
19147,32367,1.0
19148,32368,1.0
19149,32369,1.0
19150,32370,1.0
19151,32371,1.0
19152,32372,1.0
19153,32373,1.0
19154,32374,1.0
19155,32375,1.0
19156,32376,1.0
19157,32377,1.0
19158,32378,1.0
19159,32379,1.0
19160,31609,1.0
19161,32380,1.0
19162,32381,1.0
19163,32382,1.0
19164,30883,1.0
19165,32383,1.0
19166,32384,1.0
19167,29697,1.0
19168,32385,1.0
19169,32386,1.0
19170,29543,0.987179
19170,32387,0.012821
19171,32388,1.0
19172,29862,1.0
19173,32389,1.0
19174,32390,1.0
19175,32391,1.0
19176,32392,1.0
19177,32393,1.0
19178,32394,1.0
19179,32395,1.0
19180,32396,1.0
19181,32397,1.0
19182,30047,1.0
19183,32398,0.314815
19183,32399,0.685185
19184,32400,1.0
19185,32401,1.0
19186,32402,1.0
19187,32403,1.0
19188,32404,1.0
19189,31165,1.0
19190,32405,1.0
19191,32406,1.0
19192,32407,1.0
19193,32408,1.0
19194,32409,1.0
19195,32410,1.0
19196,32411,1.0
19197,32412,1.0
19198,32413,1.0
19199,32414,1.0
19200,32415,0.833333
19200,32416,0.166667
19201,32417,1.0
19202,32418,1.0
19203,32419,1.0
19204,32420,0.444444
19204,32421,0.555556
19205,32422,1.0
19206,30643,0.9
19206,32423,0.1
19207,32424,1.0
19208,32425,1.0
19209,31636,1.0
19210,32426,1.0
19211,32427,1.0
19212,32428,1.0
19213,32429,0.88
19213,32430,0.12
19214,32431,1.0
19215,32432,1.0
19216,32433,1.0
19217,29608,0.989547
19217,32434,0.010453
19218,32435,1.0
19219,32436,1.0
19220,32437,1.0
19221,32438,0.953488
19221,32439,0.046512
19222,32440,1.0
19223,32441,1.0
19224,32442,1.0
19225,32443,1.0
19226,32444,1.0
19227,32445,0.831683
19227,32446,0.168317
19228,32447,1.0
19229,32083,1.0
19230,32448,1.0
19231,32449,1.0
19232,32450,1.0
19233,32451,1.0
19234,30643,0.964286
19234,32452,0.035714
19235,30358,0.681818
19235,32453,0.318182
19236,32454,1.0
19237,32455,1.0
19238,32130,1.0
19239,29437,1.0
19240,32456,1.0
19241,32457,1.0
19242,32458,1.0
19243,31792,1.0
19244,32459,1.0
19245,32460,1.0
19246,32461,1.0
19247,32462,1.0
19248,32463,1.0
19249,32464,1.0
19250,32465,1.0
19251,32466,1.0
19252,32467,1.0
19253,32468,1.0
19254,32469,1.0
19255,32470,1.0
19256,32471,1.0
19257,32472,1.0
19258,32473,1.0
19259,32474,1.0
19260,32475,0.615385
19260,32476,0.384615
19261,30982,1.0
19262,32477,1.0
19263,32478,1.0
19264,32479,1.0
19265,32480,1.0
19266,32481,1.0
19267,32482,1.0
19268,32483,0.982609
19268,32484,0.017391
19269,30921,1.0
19270,32485,1.0
19271,32486,1.0
19272,32487,1.0
19273,32488,1.0
19274,32489,1.0
19275,32490,1.0
19276,32491,1.0
19277,32492,1.0
19278,32493,1.0
19279,32494,1.0
19280,32495,0.870968
19280,32496,0.129032
19281,32497,0.912281
19281,32498,0.087719
19282,31324,0.6
19282,32499,0.4
19283,32500,1.0
19284,32501,1.0
19285,31518,0.819444
19285,32502,0.180556
19286,32503,1.0
19287,32504,1.0
19288,32505,1.0
19289,32506,1.0
19290,30466,1.0
19291,29910,0.952381
19291,32507,0.047619
19292,32508,1.0
19293,32509,1.0
19294,32510,1.0
19295,30334,1.0
19296,30247,0.691176
19296,32511,0.308824
19297,32512,1.0
19298,32513,1.0
19299,32514,1.0
19300,32515,1.0
19301,32516,1.0
19302,32517,1.0
19303,32518,1.0
19304,32519,1.0
19305,32520,1.0
19306,32521,1.0
19307,32522,1.0
19308,32523,1.0
19309,32524,1.0
19310,32525,1.0
19311,32526,1.0
19312,32527,1.0
19313,32528,1.0
19314,32529,1.0
19315,32530,1.0
19316,32531,1.0
19317,32532,1.0
19318,32533,1.0
19319,32534,1.0
19320,32008,1.0
19321,32535,1.0
19322,32536,1.0
19323,32537,0.153846
19323,31663,0.846154
19324,29663,1.0
19325,32538,1.0
19326,32539,1.0
19327,32540,1.0
19328,32541,1.0
19329,32542,1.0
19330,32543,1.0
19331,32544,1.0
19332,32545,1.0
19333,30772,1.0
19334,32546,1.0
19335,32547,1.0
19336,32548,1.0
19337,32549,1.0
19338,30866,1.0
19339,32550,1.0
19340,32551,0.666667
19340,32552,0.333333
19341,32553,1.0
19342,32554,1.0
19343,31556,1.0
19344,32555,1.0
19345,31148,1.0
19346,32556,1.0
19347,32557,1.0
19348,32558,1.0
19349,32559,1.0
19350,30549,1.0
19351,32560,1.0
19352,32561,1.0
19353,32562,1.0
19354,32563,1.0
19355,32564,1.0
19356,32565,1.0
19357,32566,1.0
19358,32567,1.0
19359,32568,1.0
19360,32569,1.0
19361,32570,1.0
19362,32571,1.0
19363,32572,0.894737
19363,32573,0.105263
19364,29774,0.823529
19364,32574,0.176471
19365,32575,1.0
19366,32576,1.0
19367,32577,1.0
19368,32578,0.2
19368,32579,0.8
19369,32580,1.0
19370,32581,1.0
19371,32582,1.0
19372,32583,1.0
19373,32008,1.0
19374,32584,1.0
19375,32585,1.0
19376,32586,1.0
19377,32587,1.0
19378,32588,1.0
19379,32589,1.0
19380,32590,1.0
19381,32591,1.0
19382,32592,1.0
19383,32593,1.0
19384,32594,1.0
19385,32595,0.304124
19385,30397,0.695876
19386,32596,1.0
19387,32582,1.0
19388,32597,1.0
19389,32598,1.0
19390,32599,1.0
19391,32600,1.0
19392,30973,0.87037
19392,32601,0.12963
19393,32602,1.0
19394,29791,1.0
19395,32603,1.0
19396,29639,0.865672
19396,32604,0.134328
19397,32605,1.0
19398,32606,0.9
19398,32607,0.1
19399,32608,1.0
19400,32609,1.0
19401,32610,1.0
19402,32611,1.0
19403,32612,0.954545
19403,32613,0.045455
19404,32614,1.0
19405,32615,1.0
19406,32616,1.0
19407,32617,0.916667
19407,32618,0.083333
19408,30766,1.0
19409,32619,1.0
19410,32620,1.0
19411,32621,1.0
19412,31654,1.0
19413,32622,0.768769
19413,32623,0.231231
19414,29381,1.0
19415,31867,1.0
19416,32624,1.0
19417,31993,1.0
19418,32426,1.0
19419,29493,1.0
19420,32625,1.0
19421,32626,1.0
19422,32627,1.0
19423,32628,1.0
19424,32629,1.0
19425,32630,1.0
19426,32631,1.0
19427,32044,0.954545
19427,32632,0.045455
19428,32633,1.0
19429,32634,1.0
19430,32635,1.0
19431,32636,1.0
19432,32637,1.0
19433,32638,1.0
19434,32639,1.0
19435,32640,1.0
19436,32641,1.0
19437,32642,1.0
19438,32643,1.0
19439,32644,1.0
19440,31747,1.0
19441,29625,1.0
19442,30869,1.0
19443,32645,0.714286
19443,32646,0.285714
19444,32647,1.0
19445,32094,0.984772
19445,32648,0.015228
19446,32649,1.0
19447,32650,1.0
19448,32651,1.0
19449,32523,0.88862
19449,32652,0.11138
19450,32483,1.0
19451,32653,1.0
19452,32654,1.0
19453,32655,1.0
19454,32656,0.75
19454,32657,0.25
19455,30199,1.0
19456,32658,1.0
19457,32468,1.0
19458,32659,0.875
19458,32660,0.125
19459,32661,1.0
19460,31922,1.0
19461,32662,1.0
19462,32663,1.0
19463,32664,1.0
19464,32665,0.646465
19464,32666,0.353535
19465,32667,1.0
19466,32668,1.0
19467,32545,1.0
19468,32669,1.0
19469,32670,1.0
19470,32671,1.0
19471,32672,1.0
19472,32673,1.0
19473,32581,1.0
19474,32663,0.909091
19474,32674,0.090909
19475,32675,0.496
19475,29458,0.504
19476,32676,1.0
19477,31797,0.5
19477,32677,0.5
19478,32678,1.0
19479,32679,1.0
19480,31618,1.0
19481,32680,1.0
19482,32681,1.0
19483,29966,1.0
19484,32682,1.0
19485,32683,1.0
19486,30405,1.0
19487,32684,1.0
19488,32685,1.0
19489,30629,1.0
19490,32686,1.0
19491,32687,1.0
19492,32688,1.0
19493,32689,0.305556
19493,31747,0.694444
19494,32690,0.870968
19494,31537,0.129032
19495,32691,1.0
19496,32692,1.0
19497,31824,1.0
19498,32691,1.0
19499,32692,0.928571
19499,32693,0.071429
19500,32694,1.0
19501,31329,1.0
19502,32695,1.0
19503,32696,1.0
19504,32697,1.0
19505,32698,1.0
19506,32699,1.0
19507,32700,1.0
19508,32701,1.0
19509,32702,1.0
19510,32703,1.0
19511,32704,1.0
19512,32705,0.590909
19512,32706,0.409091
19513,32707,1.0
19514,32708,1.0
19515,32709,1.0
19516,32710,1.0
19517,32711,1.0
19518,32712,1.0
19519,32713,1.0
19520,32714,1.0
19521,32715,1.0
19522,32716,1.0
19523,32717,0.42
19523,32718,0.58
19524,32719,0.615385
19524,32720,0.384615
19525,32721,1.0
19526,32722,1.0
19527,32723,1.0
19528,31457,1.0
19529,32724,0.115385
19529,32725,0.884615
19530,30254,1.0
19531,30730,0.891892
19531,32726,0.108108
19532,32727,1.0
19533,31078,0.783439
19533,32728,0.216561
19534,32729,0.555556
19534,30278,0.444444
19535,32730,1.0
19536,30912,0.975
19536,32731,0.025
19537,32732,1.0
19538,32733,1.0
19539,32734,1.0
19540,29542,0.421053
19540,32735,0.578947
19541,32736,1.0
19542,32737,1.0
19543,32180,1.0
19544,29788,0.980315
19544,32738,0.019685
19545,30876,1.0
19546,32739,1.0
19547,32740,1.0
19548,32741,1.0
19549,30213,1.0
19550,32742,1.0
19551,32743,1.0
19552,32744,1.0
19553,32745,1.0
19554,32746,1.0
19555,32747,1.0
19556,32382,1.0
19557,32748,1.0
19558,29836,1.0
19559,32749,1.0
19560,32750,1.0
19561,32751,1.0
19562,29432,1.0
19563,32752,1.0
19564,32753,1.0
19565,29675,1.0
19566,32754,1.0
19567,32755,1.0
19568,32756,1.0
19569,32757,1.0
19570,29653,0.9375
19570,32758,0.0625
19571,29393,0.975248
19571,32759,0.024752
19572,32760,1.0
19573,32761,1.0
19574,32762,1.0
19575,32763,1.0
19576,32764,1.0
19577,32765,1.0
19578,32766,1.0
19579,32767,1.0
19580,32768,1.0
19581,32769,1.0
19582,32770,1.0
19583,29874,1.0
19584,29662,1.0
19585,32771,1.0
19586,32772,1.0
19587,32773,1.0
19588,32774,1.0
19589,32775,1.0
19590,32776,1.0
19591,30709,1.0
19592,32777,0.839286
19592,32778,0.160714
19593,31078,0.931818
19593,32779,0.068182
19594,32780,1.0
19595,30305,1.0
19596,32781,1.0
19597,32782,1.0
19598,29531,1.0
19599,32783,1.0
19600,30934,1.0
19601,32784,1.0
19602,32785,1.0
19603,32786,1.0
19604,32787,1.0
19605,32788,0.5
19605,32789,0.5
19606,32790,1.0
19607,30291,1.0
19608,32791,1.0
19609,32792,0.416667
19609,30358,0.583333
19610,32793,1.0
19611,32794,1.0
19612,30007,1.0
19613,31769,1.0
19614,32795,1.0
19615,32796,1.0
19616,32797,1.0
19617,32798,1.0
19618,32799,1.0
19619,32800,1.0
19620,32801,0.963636
19620,32802,0.036364
19621,32803,1.0
19622,32804,1.0
19623,32805,1.0
19624,32806,1.0
19625,32807,1.0
19626,32808,1.0
19627,32809,1.0
19628,32810,1.0
19629,32811,1.0
19630,32812,1.0
19631,32813,1.0
19632,31226,1.0
19633,30873,1.0
19634,32814,1.0
19635,32815,1.0
19636,32816,1.0
19637,32817,1.0
19638,32818,1.0
19639,31046,0.947368
19639,32819,0.052632
19640,32820,1.0
19641,32821,1.0
19642,32822,1.0
19643,32823,1.0
19644,32824,1.0
19645,32825,1.0
19646,32826,1.0
19647,32827,1.0
19648,32828,1.0
19649,32829,1.0
19650,32830,1.0
19651,32831,0.962264
19651,32832,0.037736
19652,32833,1.0
19653,32834,1.0
19654,29699,0.963636
19654,32835,0.036364
19655,32836,1.0
19656,32837,1.0
19657,32838,1.0
19658,32839,1.0
19659,32840,1.0
19660,29458,1.0
19661,32841,1.0
19662,32842,1.0
19663,32843,1.0
19664,32844,1.0
19665,32845,1.0
19666,32846,1.0
19667,31101,1.0
19668,32847,0.635135
19668,31584,0.364865
19669,30232,1.0
19670,32848,1.0
19671,32849,1.0
19672,32850,1.0
19673,32851,1.0
19674,32852,1.0
19675,32853,1.0
19676,32854,1.0
19677,32007,1.0
19678,32720,1.0
19679,32855,1.0
19680,32856,1.0
19681,32857,1.0
19682,32858,1.0
19683,32859,1.0
19684,32783,1.0
19685,32860,1.0
19686,32861,1.0
19687,31618,0.745614
19687,32862,0.254386
19688,32863,1.0
19689,32864,1.0
19690,32865,1.0
19691,32866,1.0
19692,32867,1.0
19693,32868,1.0
19694,32869,0.85
19694,32870,0.15
19695,32871,1.0
19696,32872,1.0
19697,32873,1.0
19698,31451,1.0
19699,32874,1.0
19700,32875,1.0
19701,32876,1.0
19702,32877,1.0
19703,32878,1.0
19704,32879,1.0
19705,32880,0.877193
19705,32881,0.122807
19706,32882,1.0
19707,32883,1.0
19708,32703,1.0
19709,32884,1.0
19710,30781,1.0
19711,32885,1.0
19712,32886,1.0
19713,32019,1.0
19714,32887,0.829268
19714,32888,0.170732
19715,32889,1.0
19716,32890,1.0
19717,32891,1.0
19718,32892,1.0
19719,32893,1.0
19720,32894,1.0
19721,30822,1.0
19722,32895,1.0
19723,32799,0.714286
19723,32896,0.285714
19724,32897,1.0
19725,32898,1.0
19726,32899,1.0
19727,32900,1.0
19728,32901,1.0
19729,30035,1.0
19730,32902,1.0
19731,32903,1.0
19732,32904,1.0
19733,32905,1.0
19734,32906,1.0
19735,32907,1.0
19736,32908,1.0
19737,32909,1.0
19738,32910,1.0
19739,32911,1.0
19740,32912,1.0
19741,32913,1.0
19742,32914,1.0
19743,31181,1.0
19744,32915,1.0
19745,32916,1.0
19746,32001,1.0
19747,29374,0.655738
19747,32917,0.344262
19748,31096,1.0
19749,32918,1.0
19750,31481,1.0
19751,32919,1.0
19752,32920,1.0
19753,31310,1.0
19754,32921,1.0
19755,32922,1.0
19756,32923,1.0
19757,30776,1.0
19758,32924,1.0
19759,32925,1.0
19760,32926,1.0
19761,30768,0.857143
19761,32927,0.142857
19762,29675,0.882353
19762,32928,0.117647
19763,32929,1.0
19764,32930,1.0
19765,32931,1.0
19766,32932,1.0
19767,32933,1.0
19768,29979,1.0
19769,32934,1.0
19770,32935,1.0
19771,32936,1.0
19772,32937,1.0
19773,32938,1.0
19774,32939,1.0
19775,32938,1.0
19776,32940,1.0
19777,32941,1.0
19778,32942,1.0
19779,32117,1.0
19780,32943,1.0
19781,32944,0.5
19781,32945,0.5
19782,32946,1.0
19783,32947,1.0
19784,32948,1.0
19785,32949,0.714286
19785,32950,0.285714
19786,29712,1.0
19787,32951,1.0
19788,30096,1.0
19789,32952,1.0
19790,32953,1.0
19791,29497,0.62963
19791,32954,0.37037
19792,32955,1.0
19793,32956,1.0
19794,31582,1.0
19795,32957,1.0
19796,31548,0.954887
19796,32958,0.045113
19797,32959,1.0
19798,32960,1.0
19799,30244,0.875
19799,32961,0.125
19800,30202,1.0
19801,32962,1.0
19802,32963,1.0
19803,32964,1.0
19804,32965,1.0
19805,31582,0.890411
19805,32966,0.109589
19806,32967,1.0
19807,32968,1.0
19808,32969,1.0
19809,30855,1.0
19810,32970,1.0
19811,32971,1.0
19812,31554,1.0
19813,32972,1.0
19814,31554,0.88
19814,32973,0.12
19815,31011,1.0
19816,29529,0.866667
19816,32974,0.133333
19817,32975,1.0
19818,32976,1.0
19819,32977,1.0
19820,32978,1.0
19821,32979,1.0
19822,32980,1.0
19823,32981,1.0
19824,32982,1.0
19825,32983,1.0
19826,32984,1.0
19827,32985,1.0
19828,32200,1.0
19829,32986,1.0
19830,32987,1.0
19831,30708,1.0
19832,32988,1.0
19833,32989,1.0
19834,32990,1.0
19835,32991,0.4
19835,32992,0.6
19836,32993,1.0
19837,30081,1.0
19838,32994,1.0
19839,32995,0.764706
19839,32996,0.235294
19840,29554,1.0
19841,32997,1.0
19842,32998,1.0
19843,30526,1.0
19844,32999,1.0
19845,32269,1.0
19846,29803,1.0
19847,33000,0.130769
19847,30524,0.869231
19848,33001,1.0
19849,32172,0.956522
19849,33002,0.043478
19850,33003,1.0
19851,33004,1.0
19852,33005,1.0
19853,33006,1.0
19854,33007,1.0
19855,31775,1.0
19856,30346,1.0
19857,33008,1.0
19858,33009,1.0
19859,32869,1.0
19860,33010,1.0
19861,33011,1.0
19862,33012,1.0
19863,33013,0.85
19863,33014,0.15
19864,33015,1.0
19865,33016,1.0
19866,33017,1.0
19867,33018,1.0
19868,33019,1.0
19869,33009,1.0
19870,31488,1.0
19871,33020,1.0
19872,33021,1.0
19873,33022,1.0
19874,33023,1.0
19875,33024,1.0
19876,33025,1.0
19877,33026,1.0
19878,33027,1.0
19879,33028,1.0
19880,33029,0.862069
19880,33030,0.137931
19881,33031,1.0
19882,33032,1.0
19883,31235,1.0
19884,33033,1.0
19885,33034,1.0
19886,33035,1.0
19887,33036,1.0
19888,33037,1.0
19889,33038,1.0
19890,33039,1.0
19891,32032,0.78125
19891,33040,0.21875
19892,33041,1.0
19893,33042,1.0
19894,33043,1.0
19895,33044,1.0
19896,33045,1.0
19897,33046,1.0
19898,33047,1.0
19899,30944,1.0
19900,33048,1.0
19901,33049,1.0
19902,32294,1.0
19903,33050,1.0
19904,33051,1.0
19905,33052,1.0
19906,33053,1.0
19907,33054,1.0
19908,33055,1.0
19909,33056,1.0
19910,33057,1.0
19911,33058,1.0
19912,31553,1.0
19913,33059,1.0
19914,33060,1.0
19915,33061,1.0
19916,33062,1.0
19917,33063,1.0
19918,33064,1.0
19919,32710,1.0
19920,33065,1.0
19921,33066,1.0
19922,33067,1.0
19923,33068,1.0
19924,33069,0.481481
19924,30413,0.518519
19925,31517,1.0
19926,33070,1.0
19927,33071,1.0
19928,31453,1.0
19929,33072,1.0
19930,33073,1.0
19931,33074,1.0
19932,33075,1.0
19933,33076,1.0
19934,32228,1.0
19935,33077,1.0
19936,33078,1.0
19937,33079,1.0
19938,33080,1.0
19939,33081,1.0
19940,33082,1.0
19941,33083,1.0
19942,31369,1.0
19943,33084,1.0
19944,33085,1.0
19945,33086,1.0
19946,33087,1.0
19947,33088,1.0
19948,33089,1.0
19949,31432,0.7
19949,33090,0.3
19950,33091,1.0
19951,33092,1.0
19952,33093,1.0
19953,33094,1.0
19954,32438,1.0
19955,29913,0.980488
19955,33095,0.019512
19956,33096,1.0
19957,33097,1.0
19958,33098,1.0
19959,33099,1.0
19960,33100,1.0
19961,32794,1.0
19962,33101,0.833333
19962,33102,0.166667
19963,33103,1.0
19964,33104,1.0
19965,33105,1.0
19966,32861,1.0
19967,33106,1.0
19968,33107,0.545455
19968,33108,0.454545
19969,33109,1.0
19970,33110,1.0
19971,33111,0.769231
19971,33112,0.230769
19972,32407,0.944444
19972,33113,0.055556
19973,31436,1.0
19974,33114,1.0
19975,33115,1.0
19976,33116,1.0
19977,33117,1.0
19978,33118,1.0
19979,33119,1.0
19980,33120,1.0
19981,33121,1.0
19982,33122,1.0
19983,33123,1.0
19984,33124,1.0
19985,31087,1.0
19986,33125,1.0
19987,33126,1.0
19988,33127,1.0
19989,33128,1.0
19990,33129,0.884956
19990,33130,0.115044
19991,33131,1.0
19992,33050,0.95082
19992,33132,0.04918
19993,33133,1.0
19994,33134,1.0
19995,33135,1.0
19996,33136,1.0
19997,33137,1.0
19998,30130,0.934426
19998,33138,0.065574
19999,33139,0.6
19999,33140,0.4
20000,33141,0.259259
20000,33142,0.740741
20001,33143,1.0
20002,30479,0.9
20002,33144,0.1
20003,33145,0.651163
20003,33146,0.348837
20004,33147,1.0
20005,31660,1.0
20006,29469,1.0
20007,29928,0.926829
20007,33148,0.073171
20008,33149,1.0
20009,33150,1.0
20010,33151,1.0
20011,33152,1.0
20012,30259,1.0
20013,33153,1.0
20014,33154,1.0
20015,33155,1.0
20016,30621,0.903226
20016,33156,0.096774
20017,33157,1.0
20018,33158,0.691304
20018,29493,0.308696
20019,33159,1.0
20020,33160,1.0
20021,33161,1.0
20022,30856,1.0
20023,31378,0.990762
20023,33162,0.009238
20024,33163,1.0
20025,33164,1.0
20026,33165,1.0
20027,33166,1.0
20028,33167,1.0
20029,33168,1.0
20030,33169,1.0
20031,33170,1.0
20032,29658,0.952381
20032,33171,0.047619
20033,33172,1.0
20034,33173,1.0
20035,33174,1.0
20036,33175,1.0
20037,33176,1.0
20038,33177,1.0
20039,33178,1.0
20040,33179,1.0
20041,33180,0.655172
20041,29351,0.344828
20042,33181,1.0
20043,33182,0.571429
20043,33183,0.428571
20044,33184,1.0
20045,33185,1.0
20046,33186,1.0
20047,33187,1.0
20048,33188,1.0
20049,33189,1.0
20050,33190,1.0
20051,33191,1.0
20052,33192,1.0
20053,33193,1.0
20054,33194,1.0
20055,33195,1.0
20056,33196,0.91771
20056,30843,0.08229
20057,33197,1.0
20058,33198,1.0
20059,29731,1.0
20060,33199,1.0
20061,33200,1.0
20062,33201,1.0
20063,33202,1.0
20064,33203,1.0
20065,33204,0.954545
20065,33205,0.045455
20066,30963,0.5
20066,33206,0.5
20067,31548,1.0
20068,33207,1.0
20069,33208,1.0
20070,33209,1.0
20071,33210,1.0
20072,33211,1.0
20073,33212,1.0
20074,33213,1.0
20075,33214,1.0
20076,33215,1.0
20077,30005,0.684211
20077,33216,0.315789
20078,30125,0.98773
20078,33217,0.01227
20079,33218,1.0
20080,33219,0.987952
20080,33220,0.012048
20081,30628,0.964912
20081,33221,0.035088
20082,31526,1.0
20083,33222,1.0
20084,31424,1.0
20085,33223,1.0
20086,33224,0.941748
20086,30612,0.058252
20087,33225,1.0
20088,33226,1.0
20089,33227,1.0
20090,33228,1.0
20091,33229,1.0
20092,33230,1.0
20093,33231,0.934783
20093,33232,0.065217
20094,33233,1.0
20095,33234,1.0
20096,33235,1.0
20097,33236,0.830189
20097,33237,0.169811
20098,33238,1.0
20099,30334,0.77561
20099,33239,0.22439
20100,33240,1.0
20101,33241,1.0
20102,33242,1.0
20103,33243,1.0
20104,29824,1.0
20105,33244,1.0
20106,33245,1.0
20107,33246,1.0
20108,33247,1.0
20109,33248,1.0
20110,33249,1.0
20111,33250,1.0
20112,33251,1.0
20113,33252,1.0
20114,33253,1.0
20115,33254,1.0
20116,33255,1.0
20117,33256,1.0
20118,33257,1.0
20119,33258,1.0
20120,33259,1.0
20121,33260,1.0
20122,29766,1.0
20123,33261,1.0
20124,33262,1.0
20125,33263,1.0
20126,33264,1.0
20127,33265,1.0
20128,33266,1.0
20129,33267,1.0
20130,33268,1.0
20131,33269,1.0
20132,33270,1.0
20133,33271,1.0
20134,33272,1.0
20135,33273,1.0
20136,33274,1.0
20137,32178,1.0
20138,33211,1.0
20139,32979,0.982759
20139,33275,0.017241
20140,33276,1.0
20141,33277,1.0
20142,33278,1.0
20143,32039,1.0
20144,33279,1.0
20145,33280,0.147059
20145,31673,0.852941
20146,33281,1.0
20147,33282,0.619048
20147,33283,0.380952
20148,33284,1.0
20149,33285,1.0
20150,33286,1.0
20151,33287,1.0
20152,33288,1.0
20153,33289,1.0
20154,33290,1.0
20155,33291,1.0
20156,33292,1.0
20157,33293,1.0
20158,33278,1.0
20159,33294,0.924242
20159,33295,0.075758
20160,33296,1.0
20161,33297,1.0
20162,33298,0.909091
20162,33299,0.090909
20163,33300,1.0
20164,31769,1.0
20165,33301,1.0
20166,33302,0.576923
20166,30205,0.423077
20167,33303,1.0
20168,33304,1.0
20169,33305,1.0
20170,29562,1.0
20171,33306,1.0
20172,33307,1.0
20173,33308,1.0
20174,33309,1.0
20175,33310,1.0
20176,33311,1.0
20177,33312,1.0
20178,32590,0.964706
20178,33313,0.035294
20179,33314,1.0
20180,33315,1.0
20181,33316,1.0
20182,33317,1.0
20183,33318,1.0
20184,33319,1.0
20185,33320,1.0
20186,30625,0.943396
20186,33321,0.056604
20187,33322,1.0
20188,33323,1.0
20189,33324,1.0
20190,33325,1.0
20191,33326,1.0
20192,30717,1.0
20193,33327,1.0
20194,33328,1.0
20195,33329,1.0
20196,33330,1.0
20197,33331,1.0
20198,33332,0.085714
20198,33333,0.914286
20199,30979,0.90625
20199,33334,0.09375
20200,33335,1.0
20201,33336,1.0
20202,33337,1.0
20203,32424,1.0
20204,33338,1.0
20205,33339,1.0
20206,33340,1.0
20207,33341,1.0
20208,33342,1.0
20209,33343,1.0
20210,33344,1.0
20211,33345,1.0
20212,30736,1.0
20213,30139,1.0
20214,33346,1.0
20215,32553,0.952381
20215,33347,0.047619
20216,33348,1.0
20217,33349,0.977011
20217,33350,0.022989
20218,33351,1.0
20219,33352,0.791667
20219,33353,0.208333
20220,33354,1.0
20221,33352,0.75
20221,33355,0.25
20222,30292,0.954955
20222,33356,0.045045
20223,33357,1.0
20224,33358,1.0
20225,29672,1.0
20226,33359,1.0
20227,33360,1.0
20228,33361,1.0
20229,33362,1.0
20230,31938,1.0
20231,33363,1.0
20232,33364,1.0
20233,33365,1.0
20234,33366,1.0
20235,33367,1.0
20236,33368,0.736
20236,29518,0.264
20237,33369,1.0
20238,33370,1.0
20239,33371,1.0
20240,33372,1.0
20241,33373,1.0
20242,33374,1.0
20243,33375,1.0
20244,33376,0.5625
20244,33377,0.4375
20245,33378,1.0
20246,33379,1.0
20247,33380,0.833333
20247,33381,0.166667
20248,33382,1.0
20249,29620,0.844444
20249,33383,0.155556
20250,33384,1.0
20251,33385,1.0
20252,33386,1.0
20253,31408,1.0
20254,33387,1.0
20255,33388,1.0
20256,33389,1.0
20257,31305,1.0
20258,33390,1.0
20259,33391,0.6
20259,33392,0.4
20260,33393,1.0
20261,33394,0.959184
20261,29518,0.040816
20262,33395,1.0
20263,32424,1.0
20264,33396,1.0
20265,32277,1.0
20266,33397,1.0
20267,33398,1.0
20268,33399,1.0
20269,33397,0.925926
20269,33400,0.074074
20270,32528,1.0
20271,33401,1.0
20272,33402,1.0
20273,33403,0.75
20273,33404,0.25
20274,33405,1.0
20275,33406,1.0
20276,33407,1.0
20277,33408,1.0
20278,30116,1.0
20279,32224,0.896552
20279,33409,0.103448
20280,31760,1.0
20281,33410,1.0
20282,33411,1.0
20283,33412,1.0
20284,29456,1.0
20285,33413,1.0
20286,31513,1.0
20287,31673,0.784314
20287,33414,0.215686
20288,33415,1.0
20289,33416,0.473684
20289,33417,0.526316
20290,33418,1.0
20291,33419,1.0
20292,33420,1.0
20293,33421,1.0
20294,33422,1.0
20295,33423,1.0
20296,33424,1.0
20297,33425,1.0
20298,33426,1.0
20299,30167,1.0
20300,33427,1.0
20301,33428,1.0
20302,32443,1.0
20303,33429,1.0
20304,33430,1.0
20305,33431,1.0
20306,33432,1.0
20307,33433,1.0
20308,33434,0.862069
20308,33435,0.137931
20309,33436,1.0
20310,33437,1.0
20311,33438,1.0
20312,33439,1.0
20313,33440,1.0
20314,33441,1.0
20315,33442,1.0
20316,33443,1.0
20317,33444,1.0
20318,29387,1.0
20319,33445,1.0
20320,33446,1.0
20321,30248,1.0
20322,30556,1.0
20323,33447,1.0
20324,33448,1.0
20325,30739,0.989529
20325,33449,0.010471
20326,33450,1.0
20327,32686,1.0
20328,33451,1.0
20329,33452,1.0
20330,33453,1.0
20331,33454,1.0
20332,33455,1.0
20333,33456,1.0
20334,33457,1.0
20335,33458,1.0
20336,33459,1.0
20337,33460,0.983871
20337,33461,0.016129
20338,30228,1.0
20339,33462,1.0
20340,33463,1.0
20341,33464,1.0
20342,30008,1.0
20343,33465,1.0
20344,33466,0.847826
20344,33467,0.152174
20345,33468,0.904762
20345,33469,0.095238
20346,33470,1.0
20347,33471,1.0
20348,30924,1.0
20349,33472,1.0
20350,31333,1.0
20351,31956,1.0
20352,33097,1.0
20353,33473,1.0
20354,32059,1.0
20355,33474,1.0
20356,33475,1.0
20357,33476,1.0
20358,33477,1.0
20359,33478,1.0
20360,32402,1.0
20361,33479,1.0
20362,33480,1.0
20363,33481,0.541667
20363,33482,0.458333
20364,33483,1.0
20365,32224,0.902778
20365,33484,0.097222
20366,33485,1.0
20367,33486,1.0
20368,33487,1.0
20369,33488,0.96875
20369,33489,0.03125
20370,33490,1.0
20371,33491,1.0
20372,32330,1.0
20373,33492,1.0
20374,29760,1.0
20375,33493,0.769231
20375,32424,0.230769
20376,33240,0.504505
20376,33494,0.495495
20377,33495,1.0
20378,30053,1.0
20379,31204,0.952941
20379,33496,0.047059
20380,32187,1.0
20381,33497,1.0
20382,30079,1.0
20383,33498,1.0
20384,33499,1.0
20385,33500,1.0
20386,30220,1.0
20387,33501,1.0
20388,33501,1.0
20389,32725,1.0
20390,33502,1.0
20391,33503,1.0
20392,33504,0.8
20392,33505,0.2
20393,33506,1.0
20394,33507,1.0
20395,33508,1.0
20396,33509,1.0
20397,33510,0.923077
20397,33511,0.076923
20398,33512,0.5
20398,33513,0.5
20399,33514,1.0
20400,30991,1.0
20401,33515,1.0
20402,30376,0.955224
20402,33516,0.044776
20403,33481,1.0
20404,33517,1.0
20405,33518,1.0
20406,33519,1.0
20407,33520,1.0
20408,33521,1.0
20409,33522,1.0
20410,33523,1.0
20411,33524,1.0
20412,33525,1.0
20413,29401,1.0
20414,29652,1.0
20415,33526,1.0
20416,33527,1.0
20417,33528,1.0
20418,32968,1.0
20419,33529,1.0
20420,33529,1.0
20421,33530,1.0
20422,32497,1.0
20423,33531,1.0
20424,29547,1.0
20425,33532,1.0
20426,32787,0.982759
20426,33533,0.017241
20427,33534,1.0
20428,33535,1.0
20429,31461,1.0
20430,33536,1.0
20431,33537,1.0
20432,33538,1.0
20433,33539,1.0
20434,30645,1.0
20435,33540,1.0
20436,33541,1.0
20437,33542,1.0
20438,30809,1.0
20439,33543,1.0
20440,33544,1.0
20441,33545,1.0
20442,33546,0.923077
20442,33547,0.076923
20443,30205,1.0
20444,32094,0.87234
20444,33548,0.12766
20445,29552,1.0
20446,33549,1.0
20447,30536,1.0
20448,31804,1.0
20449,31783,1.0
20450,33550,1.0
20451,33551,1.0
20452,33552,1.0
20453,33553,1.0
20454,33554,1.0
20455,33555,1.0
20456,33556,1.0
20457,33557,1.0
20458,33558,1.0
20459,33559,1.0
20460,33560,1.0
20461,30342,1.0
20462,33284,1.0
20463,33561,1.0
20464,33562,1.0
20465,33563,1.0
20466,33564,1.0
20467,33565,1.0
20468,33566,1.0
20469,33567,1.0
20470,33568,1.0
20471,33569,1.0
20472,29966,0.77193
20472,33570,0.22807
20473,33571,1.0
20474,30680,1.0
20475,33572,1.0
20476,33573,1.0
20477,33574,1.0
20478,33575,1.0
20479,33576,1.0
20480,33577,1.0
20481,33578,0.073171
20481,30342,0.926829
20482,33579,1.0
20483,33580,1.0
20484,33581,1.0
20485,33582,1.0
20486,33583,1.0
20487,33417,1.0
20488,33584,1.0
20489,33585,0.6
20489,33586,0.4
20490,30289,1.0
20491,33587,1.0
20492,33588,1.0
20493,30574,1.0
20494,33589,1.0
20495,33129,0.871795
20495,33590,0.128205
20496,31187,0.910112
20496,33591,0.089888
20497,33592,1.0
20498,33593,1.0
20499,33594,1.0
20500,31114,0.833333
20500,33595,0.166667
20501,33596,1.0
20502,33597,1.0
20503,33598,1.0
20504,33599,1.0
20505,33600,1.0
20506,33601,1.0
20507,33602,1.0
20508,33603,1.0
20509,32871,1.0
20510,31852,0.62
20510,33604,0.38
20511,29549,1.0
20512,33605,1.0
20513,33606,1.0
20514,33607,1.0
20515,33608,0.930233
20515,33609,0.069767
20516,29529,1.0
20517,33610,1.0
20518,33611,1.0
20519,31156,0.888889
20519,33612,0.111111
20520,33613,1.0
20521,33614,1.0
20522,33615,1.0
20523,33616,1.0
20524,33617,1.0
20525,33618,1.0
20526,33619,1.0
20527,33620,1.0
20528,33621,1.0
20529,33622,1.0
20530,33623,1.0
20531,33624,1.0
20532,33625,1.0
20533,33626,1.0
20534,33627,1.0
20535,33628,1.0
20536,31497,1.0
20537,33629,1.0
20538,33630,1.0
20539,33631,1.0
20540,33632,1.0
20541,31175,1.0
20542,33633,1.0
20543,29762,1.0
20544,33634,1.0
20545,33635,1.0
20546,33636,1.0
20547,33637,1.0
20548,33638,1.0
20549,33639,1.0
20550,33640,1.0
20551,33641,1.0
20552,31609,1.0
20553,33642,1.0
20554,33643,1.0
20555,33644,1.0
20556,30022,0.962783
20556,33645,0.037217
20557,33646,1.0
20558,33647,1.0
20559,33648,1.0
20560,33649,1.0
20561,33650,1.0
20562,33651,1.0
20563,33652,0.2
20563,33653,0.8
20564,33654,1.0
20565,33655,1.0
20566,33656,1.0
20567,33657,1.0
20568,33658,1.0
20569,30514,0.894737
20569,33659,0.105263
20570,33660,1.0
20571,33661,1.0
20572,32485,1.0
20573,33662,1.0
20574,33663,1.0
20575,33664,1.0
20576,33665,1.0
20577,33666,1.0
20578,33667,1.0
20579,33668,1.0
20580,31636,0.594595
20580,33669,0.405405
20581,30977,1.0
20582,33670,0.961538
20582,33671,0.038462
20583,30553,1.0
20584,29950,0.980392
20584,33672,0.019608
20585,33673,1.0
20586,33674,1.0
20587,33675,1.0
20588,33676,1.0
20589,33677,1.0
20590,31394,1.0
20591,33678,1.0
20592,33679,1.0
20593,33680,1.0
20594,33681,1.0
20595,31920,1.0
20596,33682,1.0
20597,33683,1.0
20598,33684,1.0
20599,33685,1.0
20600,33686,1.0
20601,33687,1.0
20602,33688,1.0
20603,33689,1.0
20604,33690,1.0
20605,33691,1.0
20606,29922,0.699187
20606,33692,0.300813
20607,33693,1.0
20608,33694,1.0
20609,33695,1.0
20610,33696,1.0
20611,33697,0.893617
20611,33698,0.106383
20612,33699,1.0
20613,33700,1.0
20614,33701,1.0
20615,33702,1.0
20616,33703,1.0
20617,33704,1.0
20618,33705,1.0
20619,33706,1.0
20620,33707,1.0
20621,33606,1.0
20622,33613,1.0
20623,33460,1.0
20624,33708,1.0
20625,29658,1.0
20626,33709,1.0
20627,33710,1.0
20628,33711,0.347826
20628,32543,0.652174
20629,33712,1.0
20630,33713,1.0
20631,30384,1.0
20632,33714,1.0
20633,33715,1.0
20634,33716,1.0
20635,33717,1.0
20636,30165,0.725
20636,33718,0.275
20637,33719,1.0
20638,33720,1.0
20639,33721,0.967742
20639,33722,0.032258
20640,33723,1.0
20641,33724,1.0
20642,33725,1.0
20643,33726,1.0
20644,33289,1.0
20645,33727,1.0
20646,31028,1.0
20647,33728,1.0
20648,30965,1.0
20649,33729,1.0
20650,31938,0.955556
20650,33730,0.044444
20651,33731,1.0
20652,33732,1.0
20653,33733,1.0
20654,30750,1.0
20655,33734,1.0
20656,32205,1.0
20657,33735,0.941176
20657,33736,0.058824
20658,31012,1.0
20659,33737,1.0
20660,33738,1.0
20661,29956,1.0
20662,33739,1.0
20663,33740,1.0
20664,33741,1.0
20665,33742,1.0
20666,30409,1.0
20667,33743,1.0
20668,33744,1.0
20669,33745,1.0
20670,33746,0.095238
20670,33610,0.904762
20671,33747,1.0
20672,30505,1.0
20673,33748,1.0
20674,33749,1.0
20675,33750,1.0
20676,33751,1.0
20677,33752,0.518519
20677,33028,0.481481
20678,33753,1.0
20679,32323,1.0
20680,33754,1.0
20681,33755,1.0
20682,33756,1.0
20683,33757,1.0
20684,29780,0.955923
20684,33758,0.044077
20685,33759,1.0
20686,31073,0.954545
20686,33760,0.045455
20687,33761,1.0
20688,33762,1.0
20689,33763,0.977528
20689,33764,0.022472
20690,33765,1.0
20691,33766,1.0
20692,33767,1.0
20693,33768,1.0
20694,33769,0.428571
20694,30487,0.571429
20695,33770,1.0
20696,33523,1.0
20697,33771,1.0
20698,33772,1.0
20699,33773,0.652174
20699,33774,0.347826
20700,33775,1.0
20701,33776,1.0
20702,33777,1.0
20703,33778,1.0
20704,33779,0.6875
20704,33780,0.3125
20705,33781,1.0
20706,33782,1.0
20707,33783,1.0
20708,33784,1.0
20709,33785,1.0
20710,33786,1.0
20711,33787,1.0
20712,33788,1.0
20713,33789,1.0
20714,33790,1.0
20715,31918,1.0
20716,33791,1.0
20717,33792,1.0
20718,33793,1.0
20719,33794,1.0
20720,33795,1.0
20721,32184,0.894737
20721,33796,0.105263
20722,33797,1.0
20723,33798,1.0
20724,32012,0.761905
20724,33799,0.238095
20725,33800,1.0
20726,33801,1.0
20727,33802,1.0
20728,33803,1.0
20729,30292,1.0
20730,33804,1.0
20731,33805,1.0
20732,33806,1.0
20733,33806,1.0
20734,33807,1.0
20735,33808,1.0
20736,33809,0.903226
20736,33810,0.096774
20737,33811,1.0
20738,33812,1.0
20739,33813,1.0
20740,33814,1.0
20741,33815,1.0
20742,30117,1.0
20743,32130,0.848485
20743,33816,0.151515
20744,33817,0.911111
20744,33818,0.088889
20745,33819,1.0
20746,33820,1.0
20747,33821,1.0
20748,33822,1.0
20749,33823,1.0
20750,33824,1.0
20751,33825,1.0
20752,33826,1.0
20753,33827,1.0
20754,33828,1.0
20755,33829,1.0
20756,33830,1.0
20757,33831,1.0
20758,32771,1.0
20759,33832,1.0
20760,33833,1.0
20761,33834,1.0
20762,33835,1.0
20763,33836,1.0
20764,33837,1.0
20765,33838,1.0
20766,30496,1.0
20767,33839,1.0
20768,33840,1.0
20769,33841,1.0
20770,31641,1.0
20771,33842,1.0
20772,33843,1.0
20773,33844,1.0
20774,33845,1.0
20775,33846,1.0
20776,33847,1.0
20777,33848,0.88
20777,33849,0.12
20778,33850,1.0
20779,33851,1.0
20780,33852,1.0
20781,33853,1.0
20782,33854,1.0
20783,33855,1.0
20784,33856,1.0
20785,31075,0.894737
20785,33857,0.105263
20786,33858,0.935897
20786,33859,0.064103
20787,33860,1.0
20788,29904,1.0
20789,33861,1.0
20790,29660,0.804598
20790,33862,0.195402
20791,30260,1.0
20792,33863,1.0
20793,32328,1.0
20794,33864,1.0
20795,33865,1.0
20796,33866,0.990826
20796,33867,0.009174
20797,33868,1.0
20798,33869,1.0
20799,33870,1.0
20800,33871,1.0
20801,33872,1.0
20802,33873,1.0
20803,32960,0.55814
20803,33874,0.44186
20804,33875,1.0
20805,32943,1.0
20806,33876,1.0
20807,33877,1.0
20808,33878,1.0
20809,33879,1.0
20810,33880,1.0
20811,33881,1.0
20812,33882,1.0
20813,33883,1.0
20814,31872,1.0
20815,33884,1.0
20816,33885,1.0
20817,33886,1.0
20818,33887,1.0
20819,33888,1.0
20820,31526,1.0
20821,33889,1.0
20822,33890,1.0
20823,33891,1.0
20824,33892,0.942308
20824,32286,0.057692
20825,33893,1.0
20826,31068,1.0
20827,33894,1.0
20828,31788,0.951807
20828,29589,0.048193
20829,31765,1.0
20830,33895,1.0
20831,31127,1.0
20832,33896,1.0
20833,33897,1.0
20834,33898,1.0
20835,31724,1.0
20836,33899,1.0
20837,31041,0.55
20837,33900,0.45
20838,33901,1.0
20839,33902,1.0
20840,33903,0.896552
20840,33904,0.103448
20841,33905,1.0
20842,33906,1.0
20843,33907,1.0
20844,33908,1.0
20845,33909,1.0
20846,30824,1.0
20847,33910,1.0
20848,33608,1.0
20849,33911,1.0
20850,33912,1.0
20851,33913,1.0
20852,33914,1.0
20853,29674,1.0
20854,33915,1.0
20855,33663,1.0
20856,33916,1.0
20857,33917,1.0
20858,33918,1.0
20859,33919,1.0
20860,33920,1.0
20861,33921,1.0
20862,33922,0.984694
20862,33923,0.015306
20863,33924,1.0
20864,33925,1.0
20865,33926,1.0
20866,33927,1.0
20867,33636,0.875
20867,33928,0.125
20868,33574,1.0
20869,33929,1.0
20870,33930,1.0
20871,29764,1.0
20872,33301,1.0
20873,31932,1.0
20874,33931,1.0
20875,33932,1.0
20876,30264,1.0
20877,33933,1.0
20878,33934,1.0
20879,33935,1.0
20880,33936,1.0
20881,33937,1.0
20882,33938,1.0
20883,33939,1.0
20884,33940,1.0
20885,33941,1.0
20886,30287,1.0
20887,33942,1.0
20888,33943,1.0
20889,29795,1.0
20890,33944,1.0
20891,31131,0.91358
20891,33945,0.08642
20892,33946,1.0
20893,33947,1.0
20894,33948,1.0
20895,33949,1.0
20896,33950,1.0
20897,32263,1.0
20898,33951,1.0
20899,33952,1.0
20900,33953,1.0
20901,32422,1.0
20902,33954,1.0
20903,33955,1.0
20904,33956,1.0
20905,33957,1.0
20906,33958,1.0
20907,33959,1.0
20908,31552,1.0
20909,33960,1.0
20910,33961,1.0
20911,33962,1.0
20912,30368,1.0
20913,33963,1.0
20914,33964,1.0
20915,33965,1.0
20916,33966,1.0
20917,33967,1.0
20918,33968,1.0
20919,33969,1.0
20920,33970,1.0
20921,33971,1.0
20922,32553,1.0
20923,33972,1.0
20924,30795,1.0
20925,33973,1.0
20926,33974,1.0
20927,33975,1.0
20928,33976,0.375
20928,33977,0.625
20929,33978,0.953125
20929,33979,0.046875
20930,33050,0.857143
20930,33980,0.142857
20931,33981,1.0
20932,33982,1.0
20933,33983,1.0
20934,33984,1.0
20935,33985,1.0
20936,33986,0.75
20936,32638,0.25
20937,33987,1.0
20938,33988,1.0
20939,33989,1.0
20940,29557,0.969925
20940,33990,0.030075
20941,33991,1.0
20942,33992,1.0
20943,33993,1.0
20944,33994,1.0
20945,33995,1.0
20946,33996,1.0
20947,33997,1.0
20948,33998,1.0
20949,33999,1.0
20950,34000,1.0
20951,34001,1.0
20952,34002,1.0
20953,31656,1.0
20954,34003,1.0
20955,34004,1.0
20956,34005,1.0
20957,34006,1.0
20958,34007,1.0
20959,34008,1.0
20960,34009,1.0
20961,31451,0.954545
20961,34010,0.045455
20962,34011,1.0
20963,34012,1.0
20964,34013,1.0
20965,34014,1.0
20966,34015,1.0
20967,31162,1.0
20968,34016,1.0
20969,29904,0.736111
20969,34017,0.263889
20970,34018,1.0
20971,34019,1.0
20972,34020,1.0
20973,34021,1.0
20974,34022,1.0
20975,34023,1.0
20976,31302,1.0
20977,32376,1.0
20978,33436,1.0
20979,34024,1.0
20980,34025,1.0
20981,34026,1.0
20982,30938,1.0
20983,34027,1.0
20984,34028,1.0
20985,34029,0.391304
20985,34030,0.608696
20986,34031,1.0
20987,34032,1.0
20988,34033,1.0
20989,34034,1.0
20990,34035,1.0
20991,34036,1.0
20992,34037,1.0
20993,31719,1.0
20994,34038,1.0
20995,31001,1.0
20996,34039,1.0
20997,34040,1.0
20998,34041,1.0
20999,31500,1.0
21000,34042,1.0
21001,31630,1.0
21002,34043,1.0
21003,34044,1.0
21004,30726,1.0
21005,34045,1.0
21006,34046,1.0
21007,34047,1.0
21008,34048,1.0
21009,32995,1.0
21010,34049,1.0
21011,34050,1.0
21012,34051,1.0
21013,29977,1.0
21014,34052,0.95082
21014,34053,0.04918
21015,34054,1.0
21016,34055,1.0
21017,34056,1.0
21018,29819,0.843137
21018,34057,0.156863
21019,34058,1.0
21020,34059,1.0
21021,34060,1.0
21022,33504,1.0
21023,34061,1.0
21024,34062,1.0
21025,33937,1.0
21026,33999,1.0
21027,34063,1.0
21028,34064,1.0
21029,34065,1.0
21030,34066,1.0
21031,31028,1.0
21032,34067,1.0
21033,31211,1.0
21034,34068,1.0
21035,34069,1.0
21036,34070,0.666667
21036,34071,0.333333
21037,34072,1.0
21038,34073,1.0
21039,34074,1.0
21040,34075,1.0
21041,34076,1.0
21042,34077,1.0
21043,34078,1.0
21044,34079,1.0
21045,34080,1.0
21046,34081,1.0
21047,34082,1.0
21048,34083,1.0
21049,34084,1.0
21050,34085,1.0
21051,34086,1.0
21052,34087,1.0
21053,34088,1.0
21054,34089,1.0
21055,34090,1.0
21056,34091,1.0
21057,34092,0.909091
21057,34093,0.090909
21058,34094,1.0
21059,34095,1.0
21060,34096,1.0
21061,34097,1.0
21062,29439,1.0
21063,34098,1.0
21064,30130,1.0
21065,34099,1.0
21066,30251,1.0
21067,34100,1.0
21068,34101,1.0
21069,34102,1.0
21070,34103,0.296296
21070,34104,0.703704
21071,34105,1.0
21072,33089,1.0
21073,34106,1.0
21074,34107,1.0
21075,30879,1.0
21076,34108,1.0
21077,34109,1.0
21078,34110,1.0
21079,30646,1.0
21080,34111,1.0
21081,34112,1.0
21082,32946,1.0
21083,34113,1.0
21084,34114,1.0
21085,30292,1.0
21086,34115,0.48
21086,34116,0.52
21087,34117,1.0
21088,34118,0.578947
21088,34119,0.421053
21089,34120,1.0
21090,34121,0.931034
21090,34122,0.068966
21091,32469,1.0
21092,34123,1.0
21093,34124,1.0
21094,34125,1.0
21095,34126,1.0
21096,32831,1.0
21097,34127,1.0
21098,31976,1.0
21099,34128,1.0
21100,34129,1.0
21101,34130,1.0
21102,32922,1.0
21103,34131,1.0
21104,34132,0.923077
21104,34133,0.076923
21105,34134,1.0
21106,34135,1.0
21107,34136,1.0
21108,34137,1.0
21109,34138,1.0
21110,34139,1.0
21111,34140,1.0
21112,34141,1.0
21113,34142,1.0
21114,32528,0.655172
21114,34143,0.344828
21115,34144,1.0
21116,34145,1.0
21117,34146,1.0
21118,29825,1.0
21119,34147,1.0
21120,31513,1.0
21121,34148,1.0
21122,34149,1.0
21123,30003,1.0
21124,34150,1.0
21125,32173,0.797297
21125,34151,0.202703
21126,33151,1.0
21127,33844,0.933333
21127,34152,0.066667
21128,34153,1.0
21129,34154,1.0
21130,34155,0.558824
21130,34156,0.441176
21131,34157,1.0
21132,34158,1.0
21133,34159,1.0
21134,34160,1.0
21135,34161,1.0
21136,34162,1.0
21137,34163,1.0
21138,31981,1.0
21139,34164,1.0
21140,34165,1.0
21141,34166,1.0
21142,34167,1.0
21143,34168,1.0
21144,34169,1.0
21145,32213,1.0
21146,34170,1.0
21147,34171,1.0
21148,34172,1.0
21149,33675,1.0
21150,34173,0.585366
21150,34174,0.414634
21151,34175,0.84
21151,34176,0.16
21152,34177,1.0
21153,34178,1.0
21154,34179,1.0
21155,34180,1.0
21156,34181,1.0
21157,34182,1.0
21158,34183,1.0
21159,34184,1.0
21160,31454,1.0
21161,34185,1.0
21162,34186,1.0
21163,34187,1.0
21164,34188,1.0
21165,34189,1.0
21166,34190,1.0
21167,34191,1.0
21168,34192,1.0
21169,34193,1.0
21170,34194,1.0
21171,34195,1.0
21172,34196,1.0
21173,34197,1.0
21174,34198,1.0
21175,34199,0.4
21175,34200,0.6
21176,34201,1.0
21177,34202,1.0
21178,34203,1.0
21179,34204,0.625
21179,34205,0.375
21180,34206,1.0
21181,33304,1.0
21182,34207,1.0
21183,34208,1.0
21184,34209,0.8
21184,34210,0.2
21185,34211,1.0
21186,34212,1.0
21187,34213,1.0
21188,34214,1.0
21189,34215,1.0
21190,34216,1.0
21191,30522,1.0
21192,34217,1.0
21193,34218,1.0
21194,32887,1.0
21195,34219,1.0
21196,34220,1.0
21197,34221,1.0
21198,31752,1.0
21199,34222,1.0
21200,34223,0.991935
21200,34224,0.008065
21201,34225,1.0
21202,34226,1.0
21203,33458,1.0
21204,34227,1.0
21205,34228,1.0
21206,34229,1.0
21207,34230,1.0
21208,34231,1.0
21209,34232,1.0
21210,34233,1.0
21211,31464,1.0
21212,34234,1.0
21213,34235,1.0
21214,32279,1.0
21215,34236,1.0
21216,34237,1.0
21217,34238,1.0
21218,34239,1.0
21219,31136,0.924855
21219,34240,0.075145
21220,34241,0.965116
21220,32860,0.034884
21221,34242,1.0
21222,34243,1.0
21223,34244,1.0
21224,32336,1.0
21225,34245,1.0
21226,34246,1.0
21227,29984,0.764706
21227,34247,0.235294
21228,34248,1.0
21229,34249,1.0
21230,34250,0.521739
21230,29384,0.478261
21231,34251,1.0
21232,34252,1.0
21233,34253,1.0
21234,34254,1.0
21235,34255,0.625
21235,29772,0.375
21236,34256,1.0
21237,34257,1.0
21238,30310,1.0
21239,34258,1.0
21240,34259,1.0
21241,34260,1.0
21242,34261,1.0
21243,34262,1.0
21244,34263,1.0
21245,34264,1.0
21246,34265,1.0
21247,34266,1.0
21248,34267,1.0
21249,34268,1.0
21250,34269,1.0
21251,34270,1.0
21252,34271,0.277778
21252,30344,0.722222
21253,34272,1.0
21254,34273,1.0
21255,34274,1.0
21256,34275,1.0
21257,34276,0.818182
21257,34277,0.181818
21258,34278,1.0
21259,30222,0.893617
21259,34279,0.106383
21260,34280,1.0
21261,34281,1.0
21262,34282,1.0
21263,34283,1.0
21264,34284,1.0
21265,34285,1.0
21266,34286,1.0
21267,34287,1.0
21268,34288,1.0
21269,34289,1.0
21270,34290,1.0
21271,34291,1.0
21272,34292,1.0
21273,34293,1.0
21274,34294,1.0
21275,30393,0.875
21275,34295,0.125
21276,34296,1.0
21277,34297,1.0
21278,34298,1.0
21279,34299,1.0
21280,34300,1.0
21281,34301,1.0
21282,34302,0.97318
21282,34303,0.02682
21283,34304,1.0
21284,34305,1.0
21285,34306,1.0
21286,30821,1.0
21287,34307,1.0
21288,34308,0.75
21288,34309,0.25
21289,34310,1.0
21290,31059,1.0
21291,34311,1.0
21292,34312,1.0
21293,34313,1.0
21294,34314,1.0
21295,34315,0.968254
21295,34316,0.031746
21296,29904,1.0
21297,34317,1.0
21298,34318,1.0
21299,34319,1.0
21300,34320,1.0
21301,34321,1.0
21302,34322,1.0
21303,34323,1.0
21304,34324,1.0
21305,30182,0.971429
21305,34325,0.028571
21306,32718,0.945946
21306,34326,0.054054
21307,34327,1.0
21308,31710,0.79798
21308,34328,0.20202
21309,32142,1.0
21310,34329,1.0
21311,34330,1.0
21312,29628,0.823129
21312,34331,0.176871
21313,34332,1.0
21314,34333,1.0
21315,34334,1.0
21316,34335,1.0
21317,34336,1.0
21318,34337,1.0
21319,29977,0.909091
21319,34338,0.090909
21320,31716,1.0
21321,34339,1.0
21322,30580,1.0
21323,34340,1.0
21324,34341,1.0
21325,34342,1.0
21326,32113,1.0
21327,34343,1.0
21328,34344,1.0
21329,34345,1.0
21330,34346,1.0
21331,34347,1.0
21332,34348,1.0
21333,34349,1.0
21334,34350,0.955556
21334,34351,0.044444
21335,34352,1.0
21336,34353,1.0
21337,34354,1.0
21338,34355,1.0
21339,34356,1.0
21340,34357,1.0
21341,31430,1.0
21342,34358,1.0
21343,33733,1.0
21344,31260,1.0
21345,34359,1.0
21346,34360,1.0
21347,33972,1.0
21348,34361,0.25
21348,34362,0.75
21349,34363,1.0
21350,32096,1.0
21351,34364,1.0
21352,34365,1.0
21353,34366,1.0
21354,34367,1.0
21355,34368,1.0
21356,30119,0.98773
21356,34369,0.01227
21357,34370,1.0
21358,34371,1.0
21359,34372,1.0
21360,34373,1.0
21361,34374,1.0
21362,34375,1.0
21363,34376,1.0
21364,34377,1.0
21365,34378,1.0
21366,34379,1.0
21367,34380,1.0
21368,34381,1.0
21369,34382,1.0
21370,34383,1.0
21371,34384,1.0
21372,34385,1.0
21373,34386,1.0
21374,34387,1.0
21375,34388,0.571429
21375,34389,0.428571
21376,34390,1.0
21377,34391,1.0
21378,34392,1.0
21379,34393,1.0
21380,34394,1.0
21381,34395,1.0
21382,34396,1.0
21383,34397,1.0
21384,34398,1.0
21385,31911,0.806452
21385,34399,0.193548
21386,34400,1.0
21387,34401,1.0
21388,34402,1.0
21389,30284,0.333333
21389,34403,0.666667
21390,34404,1.0
21391,34405,1.0
21392,34406,1.0
21393,34407,1.0
21394,34408,1.0
21395,34409,1.0
21396,34410,1.0
21397,34411,1.0
21398,34412,1.0
21399,33389,1.0
21400,34413,1.0
21401,34414,1.0
21402,34415,1.0
21403,34416,1.0
21404,34417,1.0
21405,34418,1.0
21406,34419,1.0
21407,30577,0.944444
21407,34420,0.055556
21408,32190,0.869565
21408,34421,0.130435
21409,34422,1.0
21410,34423,1.0
21411,34424,1.0
21412,34425,1.0
21413,34426,1.0
21414,34427,1.0
21415,34428,1.0
21416,32317,1.0
21417,34429,1.0
21418,34430,1.0
21419,34431,1.0
21420,34432,1.0
21421,34433,1.0
21422,34434,0.5
21422,32964,0.5
21423,31331,1.0
21424,34435,1.0
21425,34436,1.0
21426,34437,1.0
21427,34438,1.0
21428,34439,1.0
21429,34440,1.0
21430,34441,1.0
21431,34442,1.0
21432,32215,1.0
21433,34443,1.0
21434,34444,1.0
21435,34445,1.0
21436,34446,1.0
21437,34447,1.0
21438,34448,0.311111
21438,29474,0.688889
21439,34449,1.0
21440,34450,1.0
21441,34451,1.0
21442,34452,1.0
21443,30342,1.0
21444,34453,1.0
21445,33809,1.0
21446,34454,1.0
21447,34455,1.0
21448,34456,1.0
21449,34457,1.0
21450,34458,1.0
21451,34459,1.0
21452,34460,1.0
21453,34461,1.0
21454,34462,1.0
21455,34463,1.0
21456,34464,1.0
21457,34465,1.0
21458,34466,1.0
21459,30487,0.901235
21459,34467,0.098765
21460,34468,0.208955
21460,34469,0.791045
21461,34470,1.0
21462,30057,0.811688
21462,34471,0.188312
21463,30315,1.0
21464,31946,0.428571
21464,34472,0.571429
21465,34473,0.4375
21465,34474,0.5625
21466,34475,1.0
21467,34476,1.0
21468,34477,1.0
21469,33808,1.0
21470,34478,1.0
21471,30684,0.571429
21471,34479,0.428571
21472,29848,1.0
21473,33614,1.0
21474,34480,1.0
21475,34481,1.0
21476,34482,0.066667
21476,34051,0.933333
21477,34483,1.0
21478,32398,1.0
21479,34484,1.0
21480,34485,0.266667
21480,34486,0.733333
21481,34487,0.611111
21481,34488,0.388889
21482,29702,0.888889
21482,34489,0.111111
21483,31059,1.0
21484,34490,1.0
21485,34491,1.0
21486,34492,1.0
21487,34493,1.0
21488,34494,0.545455
21488,33920,0.454545
21489,34495,1.0
21490,34496,1.0
21491,34497,0.171053
21491,31233,0.828947
21492,34498,1.0
21493,30742,0.857143
21493,34499,0.142857
21494,32424,0.676923
21494,34500,0.323077
21495,34501,1.0
21496,34502,1.0
21497,34503,1.0
21498,34504,1.0
21499,34505,1.0
21500,32523,1.0
21501,34506,0.657407
21501,34507,0.342593
21502,34508,1.0
21503,34509,1.0
21504,34510,0.557377
21504,33248,0.442623
21505,34511,1.0
21506,34512,1.0
21507,34513,1.0
21508,34514,1.0
21509,34515,1.0
21510,34516,1.0
21511,31846,0.923077
21511,34517,0.076923
21512,34518,1.0
21513,31513,1.0
21514,34519,1.0
21515,34520,1.0
21516,34521,1.0
21517,34522,1.0
21518,29859,0.850829
21518,34523,0.149171
21519,34524,1.0
21520,34525,1.0
21521,34526,1.0
21522,34527,0.913043
21522,34528,0.086957
21523,33934,1.0
21524,34529,1.0
21525,34530,1.0
21526,34531,1.0
21527,34532,1.0
21528,34533,1.0
21529,34534,1.0
21530,34535,1.0
21531,33348,1.0
21532,34536,1.0
21533,30152,1.0
21534,34537,1.0
21535,34538,1.0
21536,34539,1.0
21537,34540,1.0
21538,34541,1.0
21539,33982,1.0
21540,34542,1.0
21541,34543,1.0
21542,34544,1.0
21543,34545,1.0
21544,34546,1.0
21545,34547,1.0
21546,34548,1.0
21547,34549,1.0
21548,34550,1.0
21549,34551,1.0
21550,34552,1.0
21551,34118,0.836066
21551,32817,0.163934
21552,34553,1.0
21553,32757,1.0
21554,34554,1.0
21555,34555,0.930233
21555,34556,0.069767
21556,34557,1.0
21557,34558,1.0
21558,34559,1.0
21559,34560,1.0
21560,34561,1.0
21561,34562,1.0
21562,34563,1.0
21563,34564,1.0
21564,34565,1.0
21565,34566,1.0
21566,34567,1.0
21567,30181,0.986364
21567,34568,0.013636
21568,30485,1.0
21569,34569,1.0
21570,34570,1.0
21571,34571,1.0
21572,34571,1.0
21573,34572,1.0
21574,34573,1.0
21575,34574,1.0
21576,34575,1.0
21577,34576,1.0
21578,32255,1.0
21579,34577,1.0
21580,34578,1.0
21581,34579,1.0
21582,31258,1.0
21583,34580,1.0
21584,29639,1.0
21585,34581,1.0
21586,34582,0.75
21586,34583,0.25
21587,34584,1.0
21588,31061,1.0
21589,34585,1.0
21590,34586,1.0
21591,34587,0.979381
21591,34588,0.020619
21592,34589,1.0
21593,34590,1.0
21594,34591,1.0
21595,34592,1.0
21596,34593,1.0
21597,34594,1.0
21598,34595,1.0
21599,34596,1.0
21600,34597,1.0
21601,34598,1.0
21602,33616,1.0
21603,34599,1.0
21604,32160,1.0
21605,34600,1.0
21606,29693,1.0
21607,34601,1.0
21608,34602,1.0
21609,34603,1.0
21610,34604,1.0
21611,34605,1.0
21612,34606,1.0
21613,34607,1.0
21614,34504,1.0
21615,29576,0.861386
21615,34608,0.138614
21616,34609,1.0
21617,30099,1.0
21618,31338,1.0
21619,34610,1.0
21620,34611,1.0
21621,34612,1.0
21622,34613,1.0
21623,34614,1.0
21624,34615,1.0
21625,34616,1.0
21626,34617,1.0
21627,30910,1.0
21628,34618,1.0
21629,32079,1.0
21630,31101,0.970588
21630,34619,0.029412
21631,34620,1.0
21632,34621,1.0
21633,34622,1.0
21634,34456,0.914286
21634,34623,0.085714
21635,34624,1.0
21636,34625,1.0
21637,33410,1.0
21638,34626,1.0
21639,34627,1.0
21640,34628,1.0
21641,34629,1.0
21642,33908,1.0
21643,34630,1.0
21644,34631,1.0
21645,34632,1.0
21646,34633,1.0
21647,34634,1.0
21648,34635,1.0
21649,34636,1.0
21650,34637,1.0
21651,34638,1.0
21652,34639,1.0
21653,34640,1.0
21654,33903,0.9
21654,34641,0.1
21655,34642,1.0
21656,34643,1.0
21657,34644,1.0
21658,34645,1.0
21659,34646,1.0
21660,32627,1.0
21661,34647,1.0
21662,30086,1.0
21663,34648,0.333333
21663,34649,0.666667
21664,33913,1.0
21665,34650,1.0
21666,34651,1.0
21667,29374,0.425532
21667,34652,0.574468
21668,34653,1.0
21669,33294,1.0
21670,34654,1.0
21671,34655,1.0
21672,29942,1.0
21673,34656,1.0
21674,29693,0.372881
21674,34657,0.627119
21675,34658,1.0
21676,34659,1.0
21677,34660,1.0
21678,34661,1.0
21679,34662,1.0
21680,34663,1.0
21681,34664,1.0
21682,34665,1.0
21683,34666,1.0
21684,34667,1.0
21685,34668,1.0
21686,29608,1.0
21687,34669,1.0
21688,32326,1.0
21689,34670,1.0
21690,33206,1.0
21691,34671,1.0
21692,34672,1.0
21693,34673,1.0
21694,32825,1.0
21695,34674,1.0
21696,34675,0.454545
21696,34676,0.545455
21697,34677,1.0
21698,34678,1.0
21699,33325,1.0
21700,34679,1.0
21701,34680,1.0
21702,34681,1.0
21703,34682,1.0
21704,34683,1.0
21705,34684,1.0
21706,34685,1.0
21707,30824,1.0
21708,34686,1.0
21709,34687,1.0
21710,34688,1.0
21711,34689,1.0
21712,34690,1.0
21713,34691,0.483871
21713,34692,0.516129
21714,34693,1.0
21715,34694,1.0
21716,31535,1.0
21717,34695,1.0
21718,32512,1.0
21719,34696,1.0
21720,34697,1.0
21721,34698,1.0
21722,34699,1.0
21723,34700,1.0
21724,31857,0.741935
21724,34701,0.258065
21725,34702,1.0
21726,34703,1.0
21727,32612,1.0
21728,30153,1.0
21729,34704,0.145161
21729,30910,0.854839
21730,33064,1.0
21731,34705,1.0
21732,34706,1.0
21733,34707,1.0
21734,34708,1.0
21735,34709,1.0
21736,34710,1.0
21737,34711,1.0
21738,34712,1.0
21739,34713,1.0
21740,34714,1.0
21741,34715,1.0
21742,34716,1.0
21743,34717,1.0
21744,30289,1.0
21745,29384,0.918919
21745,34718,0.081081
21746,34719,1.0
21747,34720,1.0
21748,34721,1.0
21749,33731,1.0
21750,34722,1.0
21751,31965,1.0
21752,34723,1.0
21753,34724,1.0
21754,34725,1.0
21755,34726,1.0
21756,34727,1.0
21757,34728,1.0
21758,34729,1.0
21759,29969,1.0
21760,30360,0.833333
21760,34730,0.166667
21761,32292,0.8
21761,34731,0.2
21762,34732,1.0
21763,34733,1.0
21764,34734,1.0
21765,34735,1.0
21766,34736,1.0
21767,34737,1.0
21768,33828,0.857143
21768,34738,0.142857
21769,33793,1.0
21770,34739,1.0
21771,34740,0.363636
21771,30091,0.636364
21772,34741,1.0
21773,34742,1.0
21774,34743,1.0
21775,34744,1.0
21776,34745,1.0
21777,34746,1.0
21778,34747,1.0
21779,34748,1.0
21780,33488,1.0
21781,30979,1.0
21782,34749,1.0
21783,34750,1.0
21784,34751,1.0
21785,34752,1.0
21786,34753,1.0
21787,34754,0.711864
21787,30580,0.288136
21788,34755,1.0
21789,34756,1.0
21790,34757,1.0
21791,34758,1.0
21792,34759,1.0
21793,34760,1.0
21794,34761,1.0
21795,34762,0.625
21795,34763,0.375
21796,34764,1.0
21797,34765,1.0
21798,34766,1.0
21799,34767,1.0
21800,34768,1.0
21801,34769,1.0
21802,34770,1.0
21803,34771,1.0
21804,34772,1.0
21805,34773,1.0
21806,34774,1.0
21807,34775,1.0
21808,34776,1.0
21809,34777,1.0
21810,34778,1.0
21811,34779,1.0
21812,34780,1.0
21813,29574,1.0
21814,34781,1.0
21815,34782,1.0
21816,34783,1.0
21817,34784,1.0
21818,34785,1.0
21819,34786,1.0
21820,34787,1.0
21821,29869,1.0
21822,34788,1.0
21823,34789,1.0
21824,31101,0.909091
21824,34790,0.090909
21825,34791,1.0
21826,34792,1.0
21827,34793,1.0
21828,31140,1.0
21829,34794,1.0
21830,34795,1.0
21831,29473,0.608696
21831,34796,0.130435
21831,34797,0.26087
21832,34798,1.0
21833,34799,1.0
21834,29839,1.0
21835,34800,1.0
21836,31429,1.0
21837,34801,1.0
21838,34802,1.0
21839,34803,0.69697
21839,31817,0.30303
21840,34804,1.0
21841,34805,1.0
21842,30441,0.95
21842,34806,0.05
21843,34807,1.0
21844,34808,1.0
21845,31126,1.0
21846,34809,1.0
21847,34810,1.0
21848,30123,1.0
21849,34811,1.0
21850,34812,1.0
21851,34813,1.0
21852,34814,1.0
21853,29633,0.974843
21853,34815,0.025157
21854,34816,1.0
21855,34817,1.0
21856,34818,1.0
21857,34819,1.0
21858,34820,1.0
21859,34821,1.0
21860,34822,0.172414
21860,34823,0.827586
21861,29793,0.691489
21861,34824,0.308511
21862,34825,1.0
21863,34826,1.0
21864,30782,1.0
21865,34827,1.0
21866,34828,1.0
21867,34829,1.0
21868,34830,1.0
21869,34831,1.0
21870,34832,1.0
21871,34833,1.0
21872,34834,1.0
21873,34835,1.0
21874,29641,1.0
21875,34836,1.0
21876,34837,1.0
21877,34838,1.0
21878,34839,1.0
21879,30768,0.957143
21879,34840,0.042857
21880,33867,1.0
21881,34841,1.0
21882,34842,1.0
21883,34843,1.0
21884,34844,1.0
21885,34845,1.0
21886,34846,1.0
21887,34847,1.0
21888,30880,0.980769
21888,34848,0.019231
21889,34849,1.0
21890,34850,1.0
21891,31138,1.0
21892,34851,1.0
21893,34852,1.0
21894,34853,1.0
21895,34854,1.0
21896,34855,1.0
21897,30603,1.0
21898,34856,1.0
21899,34857,1.0
21900,34858,1.0
21901,34859,0.272727
21901,31999,0.727273
21902,31396,1.0
21903,34860,1.0
21904,30856,0.73913
21904,34861,0.26087
21905,29569,1.0
21906,34862,1.0
21907,34863,1.0
21908,34864,1.0
21909,34865,1.0
21910,34866,1.0
21911,34867,1.0
21912,34868,1.0
21913,34869,1.0
21914,34870,1.0
21915,32764,1.0
21916,30312,0.839506
21916,34871,0.160494
21917,34872,1.0
21918,34873,1.0
21919,34874,1.0
21920,34875,0.857143
21920,34876,0.142857
21921,34875,1.0
21922,34877,1.0
21923,34878,0.789474
21923,34879,0.210526
21924,34880,1.0
21925,34881,0.067416
21925,29825,0.932584
21926,29349,1.0
21927,34882,1.0
21928,34883,1.0
21929,34884,1.0
21930,34885,1.0
21931,34886,1.0
21932,34887,1.0
21933,34888,1.0
21934,34889,1.0
21935,34890,1.0
21936,34891,1.0
21937,34892,1.0
21938,34893,1.0
21939,34894,1.0
21940,34895,1.0
21941,34896,1.0
21942,34897,1.0
21943,34898,1.0
21944,34899,1.0
21945,31977,0.628571
21945,34900,0.371429
21946,34901,0.581395
21946,34902,0.418605
21947,33673,1.0
21948,34903,1.0
21949,34904,1.0
21950,34905,1.0
21951,34906,1.0
21952,34907,1.0
21953,34908,0.733333
21953,34909,0.266667
21954,34910,1.0
21955,34911,0.132653
21955,32806,0.867347
21956,34912,1.0
21957,34913,1.0
21958,34914,1.0
21959,34915,1.0
21960,34916,0.625
21960,34917,0.375
21961,34918,1.0
21962,34919,1.0
21963,29835,1.0
21964,30662,1.0
21965,34920,1.0
21966,34921,1.0
21967,34922,1.0
21968,34923,1.0
21969,34924,1.0
21970,34925,1.0
21971,34926,1.0
21972,34927,0.777778
21972,34928,0.222222
21973,34929,1.0
21974,30013,1.0
21975,34930,1.0
21976,32223,1.0
21977,33029,0.931034
21977,34931,0.068966
21978,34932,1.0
21979,30256,1.0
21980,34933,1.0
21981,34934,1.0
21982,34935,1.0
21983,34936,0.065217
21983,34937,0.934783
21984,31402,1.0
21985,34938,1.0
21986,34939,1.0
21987,34940,1.0
21988,34941,1.0
21989,34942,1.0
21990,34943,1.0
21991,34944,1.0
21992,34945,1.0
21993,34946,1.0
21994,34947,1.0
21995,32797,1.0
21996,34948,1.0
21997,34949,1.0
21998,34950,1.0
21999,31158,1.0
22000,34951,1.0
22001,34952,1.0
22002,33742,1.0
22003,30533,1.0
22004,34953,1.0
22005,34954,1.0
22006,34955,1.0
22007,34956,1.0
22008,34957,1.0
22009,34958,1.0
22010,31758,1.0
22011,34959,0.714286
22011,34960,0.285714
22012,29581,0.868132
22012,34961,0.131868
22013,34962,1.0
22014,34963,0.923077
22014,34964,0.076923
22015,30670,1.0
22016,34965,1.0
22017,34966,1.0
22018,34967,1.0
22019,34968,1.0
22020,34969,1.0
22021,34970,1.0
22022,34971,1.0
22023,34972,1.0
22024,34417,1.0
22025,34973,1.0
22026,34974,1.0
22027,34975,1.0
22028,34976,1.0
22029,34977,1.0
22030,31174,1.0
22031,34978,1.0
22032,34979,1.0
22033,34980,1.0
22034,32100,1.0
22035,34981,1.0
22036,34982,1.0
22037,34983,1.0
22038,34984,1.0
22039,34985,1.0
22040,34986,0.5
22040,34987,0.5
22041,34988,1.0
22042,33903,1.0
22043,34989,1.0
22044,34990,1.0
22045,34991,1.0
22046,34992,1.0
22047,34993,1.0
22048,34994,1.0
22049,34452,0.846154
22049,34995,0.153846
22050,31976,0.84375
22050,34996,0.15625
22051,34997,1.0
22052,34998,1.0
22053,34999,1.0
22054,31336,1.0
22055,35000,1.0
22056,35001,1.0
22057,35002,0.7
22057,35003,0.3
22058,30499,0.84
22058,35004,0.16
22059,29652,0.882353
22059,35005,0.117647
22060,35006,1.0
22061,35007,1.0
22062,33840,0.823529
22062,35008,0.176471
22063,35009,1.0
22064,35010,1.0
22065,31001,0.926829
22065,35011,0.073171
22066,35012,1.0
22067,35013,1.0
22068,31500,0.608696
22068,35014,0.391304
22069,35015,1.0
22070,35016,1.0
22071,31381,1.0
22072,35017,1.0
22073,35018,1.0
22074,35019,1.0
22075,35020,1.0
22076,35021,1.0
22077,35022,1.0
22078,35023,1.0
22079,35024,1.0
22080,35025,0.789474
22080,35026,0.210526
22081,35027,1.0
22082,35028,1.0
22083,32806,1.0
22084,35029,1.0
22085,35030,1.0
22086,35031,1.0
22087,35032,1.0
22088,35033,1.0
22089,33231,1.0
22090,35034,1.0
22091,35035,1.0
22092,34273,0.946667
22092,35036,0.053333
22093,35037,1.0
22094,35038,1.0
22095,35039,1.0
22096,35040,1.0
22097,35041,1.0
22098,35042,1.0
22099,30341,1.0
22100,35043,1.0
22101,33402,0.918367
22101,35044,0.081633
22102,35045,1.0
22103,31887,1.0
22104,35046,1.0
22105,31561,1.0
22106,35047,1.0
22107,35048,1.0
22108,35049,1.0
22109,35050,1.0
22110,35051,1.0
22111,35052,1.0
22112,35053,1.0
22113,35054,1.0
22114,35055,1.0
22115,35056,1.0
22116,35057,1.0
22117,35058,1.0
22118,35059,1.0
22119,35060,1.0
22120,35061,1.0
22121,35062,1.0
22122,35063,1.0
22123,35064,1.0
22124,33212,1.0
22125,35065,1.0
22126,35066,1.0
22127,35067,1.0
22128,34781,1.0
22129,35068,1.0
22130,35069,1.0
22131,35070,1.0
22132,35071,1.0
22133,35072,1.0
22134,35073,1.0
22135,35074,0.428571
22135,35075,0.571429
22136,35076,1.0
22137,32102,1.0
22138,35077,1.0
22139,34781,1.0
22140,32217,0.828571
22140,35078,0.171429
22141,35079,1.0
22142,35080,1.0
22143,35081,1.0
22144,35082,1.0
22145,35083,1.0
22146,29742,0.635135
22146,35084,0.364865
22147,34058,0.846154
22147,35085,0.153846
22148,35086,1.0
22149,35087,1.0
22150,35088,1.0
22151,33366,1.0
22152,35089,1.0
22153,35090,1.0
22154,35091,1.0
22155,35092,1.0
22156,35093,1.0
22157,35094,0.818182
22157,35095,0.181818
22158,31325,1.0
22159,35096,1.0
22160,35097,1.0
22161,35098,1.0
22162,35017,1.0
22163,35099,1.0
22164,35100,1.0
22165,35101,1.0
22166,35102,1.0
22167,35103,1.0
22168,35104,1.0
22169,35105,1.0
22170,34091,1.0
22171,35106,0.863636
22171,35107,0.136364
22172,35108,1.0
22173,35109,1.0
22174,35110,1.0
22175,35111,1.0
22176,35112,1.0
22177,35113,1.0
22178,35114,1.0
22179,35115,1.0
22180,35116,0.967213
22180,35117,0.032787
22181,35118,1.0
22182,33650,1.0
22183,35119,1.0
22184,35120,1.0
22185,35121,1.0
22186,35122,1.0
22187,35123,1.0
22188,35124,1.0
22189,29660,1.0
22190,33978,1.0
22191,35125,1.0
22192,35126,1.0
22193,35127,1.0
22194,35128,1.0
22195,35129,1.0
22196,35130,1.0
22197,29969,1.0
22198,33637,1.0
22199,35131,0.37931
22199,35132,0.62069
22200,35133,1.0
22201,35134,1.0
22202,35135,1.0
22203,35136,1.0
22204,33022,0.307692
22204,35137,0.692308
22205,35138,1.0
22206,34644,1.0
22207,35139,1.0
22208,31297,1.0
22209,35140,1.0
22210,31525,0.866667
22210,35141,0.133333
22211,31890,1.0
22212,33897,0.745455
22212,35142,0.254545
22213,35143,1.0
22214,31131,0.957627
22214,35144,0.042373
22215,35145,1.0
22216,35146,1.0
22217,35147,1.0
22218,35148,1.0
22219,35149,1.0
22220,30527,1.0
22221,35150,1.0
22222,35151,0.5
22222,35152,0.5
22223,35153,1.0
22224,35154,0.833333
22224,35155,0.166667
22225,35156,1.0
22226,35157,1.0
22227,31613,1.0
22228,35158,1.0
22229,29952,0.975207
22229,35159,0.024793
22230,35160,1.0
22231,35161,1.0
22232,35162,1.0
22233,35163,0.818182
22233,35164,0.181818
22234,31797,1.0
22235,35165,1.0
22236,32369,1.0
22237,33085,1.0
22238,35166,1.0
22239,35167,1.0
22240,35168,1.0
22241,35169,1.0
22242,35170,1.0
22243,35171,1.0
22244,35172,1.0
22245,35173,1.0
22246,35174,1.0
22247,35175,1.0
22248,35176,1.0
22249,33472,0.928571
22249,35177,0.071429
22250,35178,1.0
22251,30567,1.0
22252,35179,1.0
22253,29799,1.0
22254,35180,1.0
22255,35181,1.0
22256,35182,1.0
22257,31782,1.0
22258,35183,1.0
22259,35184,1.0
22260,35185,1.0
22261,35186,1.0
22262,35187,1.0
22263,35188,1.0
22264,32606,1.0
22265,35189,0.421769
22265,33623,0.578231
22266,35190,1.0
22267,30589,1.0
22268,35191,1.0
22269,32215,0.966102
22269,35192,0.033898
22270,35193,1.0
22271,35194,1.0
22272,35195,1.0
22273,35196,1.0
22274,35197,1.0
22275,35198,1.0
22276,35199,1.0
22277,35200,1.0
22278,35201,1.0
22279,29484,1.0
22280,35202,1.0
22281,29683,0.911765
22281,35203,0.088235
22282,35204,1.0
22283,35205,1.0
22284,35206,1.0
22285,35207,1.0
22286,35208,1.0
22287,35209,1.0
22288,35210,1.0
22289,35211,1.0
22290,35212,1.0
22291,31754,1.0
22292,34118,1.0
22293,35213,1.0
22294,35214,1.0
22295,35215,1.0
22296,34308,1.0
22297,35216,1.0
22298,35217,1.0
22299,35218,1.0
22300,35219,0.08
22300,35220,0.92
22301,35221,1.0
22302,35222,1.0
22303,35223,1.0
22304,35224,1.0
22305,35225,1.0
22306,35226,1.0
22307,35227,0.875
22307,35228,0.125
22308,35229,1.0
22309,35230,1.0
22310,35231,1.0
22311,35232,1.0
22312,35233,1.0
22313,35234,1.0
22314,35235,1.0
22315,30393,0.727273
22315,35236,0.272727
22316,35237,1.0
22317,31190,1.0
22318,35238,1.0
22319,35239,1.0
22320,35240,1.0
22321,35241,1.0
22322,35242,1.0
22323,35243,0.714286
22323,35244,0.285714
22324,35245,1.0
22325,35246,1.0
22326,35247,1.0
22327,35248,1.0
22328,35249,1.0
22329,29909,0.33871
22329,35250,0.66129
22330,35251,1.0
22331,35252,1.0
22332,35253,1.0
22333,35254,0.5
22333,35255,0.5
22334,35256,1.0
22335,35257,0.71875
22335,35258,0.28125
22336,35259,0.448276
22336,31993,0.551724
22337,35260,1.0
22338,35261,1.0
22339,35262,1.0
22340,31584,0.76
22340,35263,0.24
22341,35264,1.0
22342,34835,0.894737
22342,35265,0.105263
22343,35266,1.0
22344,35267,1.0
22345,35268,1.0
22346,34927,1.0
22347,35269,1.0
22348,35270,1.0
22349,35212,1.0
22350,35271,1.0
22351,30943,1.0
22352,35272,1.0
22353,35273,1.0
22354,30730,1.0
22355,35274,1.0
22356,35275,1.0
22357,31942,1.0
22358,31629,1.0
22359,35276,1.0
22360,35277,1.0
22361,35278,1.0
22362,35279,1.0
22363,35280,1.0
22364,31818,1.0
22365,35281,1.0
22366,35282,0.375
22366,35153,0.625
22367,35283,1.0
22368,35284,1.0
22369,35285,1.0
22370,30539,0.413793
22370,35286,0.586207
22371,35287,1.0
22372,35288,1.0
22373,35289,1.0
22374,35290,1.0
22375,31414,1.0
22376,31568,0.951724
22376,35291,0.048276
22377,35292,1.0
22378,35293,1.0
22379,35294,1.0
22380,35295,1.0
22381,35296,1.0
22382,35297,1.0
22383,35298,1.0
22384,31397,1.0
22385,31686,1.0
22386,35299,1.0
22387,35300,1.0
22388,35301,1.0
22389,33245,1.0
22390,35302,1.0
22391,35303,1.0
22392,32624,1.0
22393,35304,1.0
22394,35305,1.0
22395,35306,1.0
22396,35307,1.0
22397,32181,1.0
22398,35308,1.0
22399,35309,1.0
22400,35310,1.0
22401,30149,0.481172
22401,35311,0.518828
22402,35312,1.0
22403,35313,1.0
22404,35314,1.0
22405,31693,1.0
22406,35315,1.0
22407,29514,1.0
22408,34199,1.0
22409,35316,1.0
22410,35317,1.0
22411,35318,1.0
22412,35319,1.0
22413,35320,1.0
22414,35321,1.0
22415,35322,1.0
22416,35323,1.0
22417,35324,0.173913
22417,35325,0.826087
22418,35326,1.0
22419,35327,1.0
22420,35328,1.0
22421,31183,0.855556
22421,35329,0.144444
22422,35330,0.820896
22422,35331,0.179104
22423,33352,1.0
22424,35332,1.0
22425,35333,1.0
22426,35334,1.0
22427,35335,0.294118
22427,31381,0.705882
22428,35336,1.0
22429,35337,1.0
22430,35338,1.0
22431,35339,0.7
22431,35340,0.3
22432,35341,1.0
22433,35342,1.0
22434,35343,1.0
22435,35344,1.0
22436,35345,1.0
22437,32682,1.0
22438,34041,1.0
22439,35346,1.0
22440,35347,1.0
22441,35163,1.0
22442,32100,0.509091
22442,35348,0.490909
22443,29971,1.0
22444,35349,1.0
22445,35350,1.0
22446,35351,0.818182
22446,35352,0.181818
22447,35353,1.0
22448,32544,0.83871
22448,35354,0.16129
22449,35355,1.0
22450,35356,1.0
22451,35357,1.0
22452,35358,1.0
22453,35359,1.0
22454,35360,1.0
22455,35361,1.0
22456,34908,0.333333
22456,35362,0.666667
22457,35363,1.0
22458,35364,1.0
22459,35365,1.0
22460,35366,1.0
22461,35367,1.0
22462,35368,1.0
22463,35369,1.0
22464,35370,1.0
22465,35371,1.0
22466,34918,1.0
22467,30978,1.0
22468,35372,1.0
22469,35373,1.0
22470,35374,1.0
22471,35375,1.0
22472,35376,1.0
22473,35377,1.0
22474,35378,1.0
22475,35379,1.0
22476,35380,1.0
22477,35381,1.0
22478,33588,1.0
22479,35382,1.0
22480,31188,1.0
22481,30404,0.825
22481,35383,0.175
22482,35384,1.0
22483,35385,1.0
22484,33757,1.0
22485,35386,1.0
22486,35387,1.0
22487,35388,1.0
22488,35389,1.0
22489,35390,1.0
22490,34013,1.0
22491,35391,1.0
22492,35392,1.0
22493,35393,1.0
22494,35394,1.0
22495,31860,1.0
22496,35395,1.0
22497,32444,0.970588
22497,35396,0.029412
22498,35397,0.666667
22498,35398,0.333333
22499,35399,1.0
22500,35400,1.0
22501,31285,1.0
22502,31690,1.0
22503,35401,1.0
22504,32665,1.0
22505,35402,1.0
22506,32325,1.0
22507,35403,1.0
22508,35404,1.0
22509,35405,1.0
22510,35406,1.0
22511,35407,1.0
22512,35408,0.96875
22512,35409,0.03125
22513,35410,1.0
22514,35411,1.0
22515,35412,1.0
22516,34438,0.863636
22516,35413,0.136364
22517,35414,1.0
22518,35415,0.75
22518,35416,0.25
22519,35417,1.0
22520,32202,1.0
22521,35418,1.0
22522,35419,1.0
22523,35420,1.0
22524,35421,1.0
22525,35422,1.0
22526,35423,0.859155
22526,35424,0.140845
22527,35425,1.0
22528,31888,0.913043
22528,35426,0.086957
22529,35427,1.0
22530,35428,1.0
22531,35429,1.0
22532,35430,1.0
22533,35431,1.0
22534,35432,1.0
22535,29461,1.0
22536,35433,1.0
22537,35434,1.0
22538,35435,1.0
22539,35436,0.285714
22539,33237,0.714286
22540,35437,0.818182
22540,35438,0.181818
22541,35439,1.0
22542,35440,1.0
22543,35441,1.0
22544,35442,1.0
22545,35443,1.0
22546,35444,1.0
22547,35445,1.0
22548,35446,1.0
22549,32863,1.0
22550,35447,1.0
22551,35448,1.0
22552,35449,1.0
22553,35450,1.0
22554,35451,1.0
22555,31194,1.0
22556,35452,1.0
22557,35453,1.0
22558,35454,1.0
22559,35455,1.0
22560,35456,1.0
22561,35457,1.0
22562,30340,1.0
22563,35458,1.0
22564,35459,1.0
22565,35460,0.625
22565,35461,0.375
22566,35462,1.0
22567,35463,1.0
22568,32172,1.0
22569,35464,1.0
22570,35465,1.0
22571,35466,1.0
22572,35467,1.0
22573,35468,1.0
22574,35469,1.0
22575,35470,1.0
22576,32567,1.0
22577,35471,1.0
22578,35472,1.0
22579,31309,1.0
22580,35473,1.0
22581,35474,1.0
22582,35475,1.0
22583,35476,1.0
22584,35477,1.0
22585,35478,1.0
22586,32372,1.0
22587,33380,1.0
22588,35479,1.0
22589,35480,1.0
22590,35481,1.0
22591,35482,1.0
22592,32814,1.0
22593,35483,1.0
22594,35484,1.0
22595,35485,1.0
22596,35486,1.0
22597,35487,0.666667
22597,35488,0.333333
22598,35489,1.0
22599,35490,0.166667
22599,31780,0.833333
22600,35491,1.0
22601,34030,1.0
22602,35492,1.0
22603,35493,1.0
22604,35494,1.0
22605,35495,1.0
22606,35496,1.0
22607,35497,1.0
22608,35498,1.0
22609,35499,1.0
22610,35500,1.0
22611,35501,1.0
22612,35502,1.0
22613,35503,1.0
22614,35504,1.0
22615,35505,1.0
22616,35506,1.0
22617,35507,1.0
22618,35508,1.0
22619,35509,1.0
22620,35510,1.0
22621,35511,1.0
22622,35512,1.0
22623,35513,1.0
22624,35514,1.0
22625,35515,1.0
22626,35516,1.0
22627,35517,1.0
22628,32157,1.0
22629,35518,0.977778
22629,35519,0.022222
22630,32608,1.0
22631,35520,1.0
22632,35521,1.0
22633,35522,1.0
22634,30384,0.961832
22634,35523,0.038168
22635,35524,1.0
22636,35525,1.0
22637,33351,1.0
22638,35526,1.0
22639,33338,1.0
22640,35527,1.0
22641,34276,1.0
22642,32636,1.0
22643,35528,1.0
22644,35529,1.0
22645,35530,1.0
22646,32591,1.0
22647,35531,1.0
22648,35532,1.0
22649,35533,1.0
22650,35534,1.0
22651,35535,1.0
22652,35536,1.0
22653,35537,1.0
22654,35538,1.0
22655,35539,1.0
22656,33454,1.0
22657,35540,1.0
22658,35541,1.0
22659,35542,1.0
22660,35543,1.0
22661,35544,1.0
22662,35545,1.0
22663,35546,1.0
22664,35547,1.0
22665,35548,1.0
22666,35549,1.0
22667,35550,1.0
22668,35551,1.0
22669,35552,1.0
22670,31540,1.0
22671,35553,1.0
22672,35554,1.0
22673,35555,1.0
22674,30095,1.0
22675,35556,1.0
22676,35557,1.0
22677,35558,1.0
22678,35559,1.0
22679,29357,0.52381
22679,35560,0.47619
22680,35561,1.0
22681,35562,1.0
22682,31295,0.881356
22682,35563,0.118644
22683,35564,1.0
22684,31850,0.927632
22684,35565,0.072368
22685,30516,1.0
22686,35566,1.0
22687,35567,1.0
22688,34474,1.0
22689,35568,1.0
22690,30461,1.0
22691,35569,1.0
22692,35570,1.0
22693,35571,1.0
22694,35572,0.177778
22694,31014,0.822222
22695,35573,1.0
22696,35574,1.0
22697,35575,1.0
22698,35576,1.0
22699,35577,1.0
22700,34339,1.0
22701,35578,0.533333
22701,35579,0.466667
22702,35580,1.0
22703,35581,0.4
22703,32179,0.6
22704,35582,1.0
22705,30691,1.0
22706,33839,1.0
22707,35583,1.0
22708,35584,1.0
22709,35585,0.833333
22709,35586,0.166667
22710,35587,0.909091
22710,35588,0.090909
22711,35587,1.0
22712,35589,1.0
22713,35590,1.0
22714,35591,1.0
22715,34392,1.0
22716,35592,1.0
22717,35593,0.619718
22717,32448,0.380282
22718,35594,1.0
22719,30482,1.0
22720,35595,1.0
22721,35596,1.0
22722,35597,1.0
22723,35598,1.0
22724,31164,1.0
22725,35599,1.0
22726,35600,1.0
22727,35601,1.0
22728,35602,1.0
22729,35603,1.0
22730,35604,1.0
22731,35605,1.0
22732,35606,0.952381
22732,35607,0.047619
22733,30936,0.961538
22733,35608,0.038462
22734,35609,0.4
22734,35610,0.6
22735,35611,1.0
22736,35612,1.0
22737,32377,1.0
22738,35613,1.0
22739,35614,1.0
22740,35615,1.0
22741,33546,1.0
22742,35616,1.0
22743,35617,1.0
22744,33763,1.0
22745,35618,1.0
22746,35619,1.0
22747,35620,1.0
22748,35621,1.0
22749,35187,1.0
22750,35622,0.891304
22750,33037,0.108696
22751,35623,1.0
22752,35624,1.0
22753,34811,1.0
22754,30311,0.837209
22754,35625,0.162791
22755,35626,0.809524
22755,29607,0.190476
22756,30589,1.0
22757,35627,1.0
22758,35628,1.0
22759,35629,1.0
22760,35630,1.0
22761,35631,1.0
22762,35632,1.0
22763,33725,0.8125
22763,35633,0.1875
22764,35542,0.918367
22764,35634,0.081633
22765,35635,1.0
22766,35636,1.0
22767,35637,1.0
22768,35638,1.0
22769,32366,1.0
22770,35639,1.0
22771,35640,1.0
22772,35641,1.0
22773,29774,1.0
22774,31080,0.844156
22774,35642,0.155844
22775,35643,1.0
22776,35644,1.0
22777,35645,1.0
22778,35646,1.0
22779,35647,1.0
22780,35648,1.0
22781,35649,1.0
22782,35650,1.0
22783,35651,1.0
22784,35652,1.0
22785,35653,1.0
22786,35654,1.0
22787,31508,0.925926
22787,35655,0.074074
22788,35656,0.714286
22788,35657,0.285714
22789,35658,1.0
22790,35659,1.0
22791,35660,1.0
22792,35661,1.0
22793,35662,1.0
22794,35663,0.871795
22794,35664,0.128205
22795,35665,1.0
22796,35666,1.0
22797,35667,1.0
22798,35668,1.0
22799,35669,1.0
22800,31533,1.0
22801,35670,1.0
22802,31127,1.0
22803,35671,1.0
22804,35672,1.0
22805,35673,1.0
22806,35674,1.0
22807,35675,1.0
22808,32561,0.9
22808,35676,0.1
22809,35677,1.0
22810,35678,1.0
22811,35679,1.0
22812,35680,0.675676
22812,35681,0.324324
22813,29387,0.7
22813,35682,0.3
22814,35683,1.0
22815,33124,1.0
22816,30477,1.0
22817,35684,1.0
22818,32394,1.0
22819,35685,1.0
22820,35686,0.75641
22820,35687,0.24359
22821,35688,1.0
22822,35689,1.0
22823,35690,1.0
22824,35691,1.0
22825,29664,1.0
22826,35692,1.0
22827,35693,1.0
22828,35694,1.0
22829,35695,1.0
22830,35696,1.0
22831,30790,1.0
22832,35697,1.0
22833,32806,1.0
22834,35698,1.0
22835,35699,0.8
22835,35700,0.2
22836,32718,1.0
22837,35701,1.0
22838,32682,1.0
22839,35702,1.0
22840,35703,1.0
22841,35704,1.0
22842,35705,1.0
22843,35706,1.0
22844,35707,1.0
22845,35708,1.0
22846,35709,1.0
22847,35710,1.0
22848,35711,0.625
22848,35712,0.375
22849,30726,1.0
22850,35713,1.0
22851,35714,1.0
22852,35715,1.0
22853,35716,1.0
22854,35717,1.0
22855,34442,1.0
22856,35718,1.0
22857,31058,1.0
22858,35410,1.0
22859,35719,1.0
22860,35720,1.0
22861,35721,1.0
22862,34048,1.0
22863,35722,1.0
22864,35723,1.0
22865,33583,1.0
22866,35724,1.0
22867,33629,0.956044
22867,35725,0.043956
22868,35726,1.0
22869,35727,1.0
22870,35728,1.0
22871,35729,1.0
22872,35730,1.0
22873,30855,0.875
22873,35731,0.125
22874,35732,1.0
22875,35733,1.0
22876,35734,1.0
22877,29478,1.0
22878,35735,1.0
22879,35736,1.0
22880,35737,1.0
22881,35738,1.0
22882,35739,1.0
22883,35740,1.0
22884,35741,1.0
22885,35742,1.0
22886,35743,1.0
22887,35744,0.491379
22887,30260,0.508621
22888,32562,1.0
22889,35745,1.0
22890,35745,1.0
22891,35746,1.0
22892,31904,1.0
22893,35747,1.0
22894,35748,1.0
22895,35749,1.0
22896,35750,0.529412
22896,33309,0.470588
22897,35721,1.0
22898,35751,1.0
22899,31487,1.0
22900,35752,1.0
22901,35753,1.0
22902,35754,1.0
22903,35755,1.0
22904,33333,1.0
22905,35756,1.0
22906,35757,1.0
22907,35758,1.0
22908,35759,1.0
22909,35760,1.0
22910,35761,1.0
22911,35762,1.0
22912,35763,1.0
22913,35764,1.0
22914,33481,0.766667
22914,35765,0.233333
22915,32261,1.0
22916,29869,0.989848
22916,35766,0.010152
22917,35767,1.0
22918,34453,1.0
22919,32793,1.0
22920,35768,1.0
22921,35769,1.0
22922,30683,1.0
22923,35770,1.0
22924,35771,1.0
22925,35772,1.0
22926,35773,1.0
22927,35774,1.0
22928,35414,0.5
22928,35775,0.5
22929,35776,1.0
22930,33480,1.0
22931,32874,0.982143
22931,35777,0.017857
22932,35778,1.0
22933,35779,1.0
22934,35780,1.0
22935,33975,1.0
22936,29993,1.0
22937,35781,1.0
22938,35782,1.0
22939,35783,1.0
22940,35784,1.0
22941,35785,1.0
22942,35786,1.0
22943,35787,1.0
22944,34374,1.0
22945,35788,1.0
22946,35789,1.0
22947,35790,1.0
22948,35791,1.0
22949,32140,0.959184
22949,35792,0.040816
22950,35793,1.0
22951,35794,1.0
22952,35795,1.0
22953,35796,1.0
22954,35797,1.0
22955,32415,1.0
22956,35798,1.0
22957,35799,1.0
22958,35800,1.0
22959,35801,1.0
22960,35802,1.0
22961,35803,1.0
22962,35804,1.0
22963,35805,1.0
22964,31822,1.0
22965,35806,1.0
22966,35807,1.0
22967,35808,1.0
22968,35809,1.0
22969,35810,1.0
22970,35811,1.0
22971,35812,1.0
22972,35813,1.0
22973,35814,1.0
22974,35815,1.0
22975,35816,1.0
22976,35817,1.0
22977,35818,1.0
22978,35819,1.0
22979,35820,1.0
22980,35821,1.0
22981,35822,1.0
22982,35823,1.0
22983,35824,0.535211
22983,29628,0.464789
22984,35825,1.0
22985,35826,1.0
22986,30118,0.924242
22986,35827,0.075758
22987,35828,1.0
22988,33349,1.0
22989,35829,1.0
22990,33922,0.961538
22990,35830,0.038462
22991,35831,1.0
22992,35832,1.0
22993,35833,1.0
22994,35834,1.0
22995,35835,1.0
22996,35836,1.0
22997,31628,1.0
22998,35837,1.0
22999,35838,1.0
23000,35839,1.0
23001,35840,1.0
23002,35841,1.0
23003,35842,1.0
23004,35843,1.0
23005,30287,1.0
23006,35844,1.0
23007,35054,1.0
23008,35505,0.846154
23008,35845,0.153846
23009,35846,1.0
23010,35847,1.0
23011,35848,1.0
23012,32669,1.0
23013,35849,1.0
23014,35850,1.0
23015,35175,1.0
23016,35851,1.0
23017,35852,0.266667
23017,32173,0.733333
23018,31477,0.980392
23018,35853,0.019608
23019,35854,1.0
23020,35855,1.0
23021,35856,1.0
23022,32364,1.0
23023,35857,1.0
23024,35858,1.0
23025,35859,1.0
23026,35860,1.0
23027,35861,1.0
23028,30839,1.0
23029,35862,1.0
23030,35863,1.0
23031,35864,1.0
23032,35865,0.533333
23032,35866,0.466667
23033,35867,1.0
23034,31946,1.0
23035,35868,1.0
23036,35869,1.0
23037,32260,0.966667
23037,35870,0.033333
23038,35871,1.0
23039,35872,1.0
23040,35873,1.0
23041,35874,0.8
23041,35875,0.2
23042,32922,0.727273
23042,35876,0.272727
23043,35877,1.0
23044,35878,1.0
23045,30238,1.0
23046,35879,0.636364
23046,35880,0.363636
23047,35881,1.0
23048,35882,1.0
23049,35883,1.0
23050,35884,1.0
23051,35885,1.0
23052,35886,1.0
23053,35887,1.0
23054,33868,1.0
23055,35888,1.0
23056,35889,1.0
23057,35890,1.0
23058,35891,1.0
23059,31035,1.0
23060,35892,1.0
23061,35893,1.0
23062,35894,1.0
23063,35895,1.0
23064,35896,1.0
23065,35515,1.0
23066,35897,1.0
23067,35898,1.0
23068,35899,1.0
23069,35900,1.0
23070,32034,1.0
23071,35901,1.0
23072,30577,1.0
23073,35902,1.0
23074,35903,1.0
23075,35904,1.0
23076,35905,1.0
23077,35906,1.0
23078,35907,1.0
23079,32221,0.961538
23079,35908,0.038462
23080,35909,1.0
23081,35910,0.5
23081,32686,0.5
23082,35911,1.0
23083,35912,1.0
23084,35913,1.0
23085,35914,1.0
23086,35915,1.0
23087,35916,1.0
23088,35917,1.0
23089,35918,1.0
23090,30037,1.0
23091,35919,1.0
23092,35920,1.0
23093,35921,1.0
23094,30625,0.931818
23094,35922,0.068182
23095,31045,1.0
23096,35923,1.0
23097,35924,1.0
23098,35925,1.0
23099,35926,1.0
23100,35927,1.0
23101,35928,1.0
23102,31872,1.0
23103,35929,1.0
23104,35930,1.0
23105,35931,1.0
23106,35932,0.315789
23106,32631,0.684211
23107,35933,1.0
23108,35934,1.0
23109,35935,1.0
23110,35936,1.0
23111,35937,1.0
23112,35938,1.0
23113,35939,1.0
23114,35940,1.0
23115,35941,1.0
23116,35942,1.0
23117,33592,1.0
23118,35943,0.125
23118,35944,0.875
23119,35945,1.0
23120,35946,1.0
23121,29775,0.857143
23121,35947,0.142857
23122,35948,1.0
23123,35949,1.0
23124,35950,1.0
23125,35951,1.0
23126,35952,1.0
23127,35953,0.8
23127,35954,0.2
23128,30587,1.0
23129,35955,1.0
23130,35956,1.0
23131,35957,1.0
23132,35958,1.0
23133,35959,1.0
23134,31664,1.0
23135,35960,1.0
23136,35961,1.0
23137,35962,1.0
23138,35963,1.0
23139,35964,1.0
23140,35965,1.0
23141,34971,1.0
23142,35966,1.0
23143,35967,1.0
23144,35968,1.0
23145,35969,1.0
23146,35970,1.0
23147,35971,1.0
23148,35972,1.0
23149,35973,1.0
23150,35974,1.0
23151,35975,1.0
23152,35976,1.0
23153,35977,1.0
23154,35978,0.733333
23154,35979,0.266667
23155,35980,1.0
23156,35981,1.0
23157,30544,0.951807
23157,35982,0.048193
23158,35983,1.0
23159,35984,1.0
23160,35985,1.0
23161,35986,1.0
23162,35987,1.0
23163,35988,1.0
23164,32475,1.0
23165,31529,1.0
23166,35989,1.0
23167,35990,1.0
23168,35991,1.0
23169,35992,1.0
23170,35993,1.0
23171,35994,1.0
23172,35663,1.0
23173,30929,1.0
23174,35995,1.0
23175,32700,0.934783
23175,35996,0.065217
23176,35997,1.0
23177,35998,1.0
23178,35999,1.0
23179,36000,1.0
23180,35346,1.0
23181,36001,1.0
23182,36002,1.0
23183,36003,1.0
23184,36004,1.0
23185,35596,1.0
23186,36005,1.0
23187,36006,1.0
23188,36007,1.0
23189,36008,1.0
23190,36009,1.0
23191,36010,1.0
23192,36011,1.0
23193,36012,1.0
23194,36013,1.0
23195,36014,1.0
23196,34722,1.0
23197,31479,0.940299
23197,36015,0.059701
23198,30485,1.0
23199,36016,1.0
23200,36017,1.0
23201,36018,1.0
23202,36019,1.0
23203,34679,0.863636
23203,36020,0.136364
23204,36021,1.0
23205,36022,1.0
23206,36023,1.0
23207,30171,1.0
23208,36024,1.0
23209,36025,1.0
23210,36026,1.0
23211,36027,1.0
23212,36028,0.55
23212,30290,0.45
23213,36029,0.833333
23213,36030,0.166667
23214,36031,1.0
23215,36032,1.0
23216,36033,1.0
23217,34290,1.0
23218,36034,1.0
23219,36035,1.0
23220,36036,1.0
23221,36037,1.0
23222,36038,1.0
23223,36039,1.0
23224,32219,1.0
23225,36040,1.0
23226,35129,1.0
23227,32445,1.0
23228,31131,0.601626
23228,36041,0.398374
23229,31923,1.0
23230,36042,1.0
23231,36043,1.0
23232,36044,1.0
23233,36045,1.0
23234,36046,1.0
23235,33080,1.0
23236,34063,1.0
23237,36047,1.0
23238,31797,1.0
23239,29368,1.0
23240,36048,1.0
23241,36049,1.0
23242,31900,1.0
23243,36050,1.0
23244,36051,1.0
23245,36052,1.0
23246,36053,1.0
23247,36054,1.0
23248,36055,1.0
23249,36056,1.0
23250,36057,1.0
23251,36058,1.0
23252,34555,1.0
23253,36059,1.0
23254,36060,1.0
23255,32451,1.0
23256,36061,1.0
23257,36062,1.0
23258,36063,1.0
23259,36064,1.0
23260,36065,1.0
23261,36066,1.0
23262,36067,1.0
23263,36068,1.0
23264,35279,1.0
23265,36069,1.0
23266,36070,1.0
23267,36071,1.0
23268,36072,1.0
23269,36073,1.0
23270,36074,0.421053
23270,36075,0.578947
23271,36076,1.0
23272,36077,1.0
23273,29448,0.95
23273,36078,0.05
23274,34986,0.75
23274,36079,0.25
23275,36080,1.0
23276,36081,1.0
23277,31171,0.935484
23277,36082,0.064516
23278,36083,1.0
23279,36084,1.0
23280,36085,1.0
23281,30776,1.0
23282,36086,1.0
23283,36087,1.0
23284,36088,1.0
23285,36089,1.0
23286,36090,1.0
23287,36091,1.0
23288,36092,1.0
23289,36093,1.0
23290,30621,1.0
23291,36094,1.0
23292,36095,1.0
23293,36096,1.0
23294,36097,1.0
23295,36098,1.0
23296,36099,1.0
23297,36100,1.0
23298,36101,1.0
23299,36102,1.0
23300,36103,1.0
23301,36104,1.0
23302,36105,1.0
23303,36085,1.0
23304,36106,1.0
23305,36107,1.0
23306,36108,1.0
23307,36109,1.0
23308,36110,1.0
23309,36111,1.0
23310,36112,1.0
23311,36113,1.0
23312,36114,1.0
23313,36115,1.0
23314,36116,1.0
23315,36117,1.0
23316,36118,1.0
23317,36119,1.0
23318,36120,1.0
23319,36121,1.0
23320,36122,1.0
23321,36123,0.6
23321,36124,0.4
23322,36125,1.0
23323,36126,1.0
23324,29697,0.870968
23324,36127,0.129032
23325,36128,1.0
23326,36129,1.0
23327,36130,1.0
23328,35831,1.0
23329,36131,1.0
23330,36132,1.0
23331,36133,1.0
23332,33786,0.666667
23332,36134,0.333333
23333,36135,1.0
23334,36136,1.0
23335,36137,1.0
23336,36138,1.0
23337,30791,0.042857
23337,32590,0.957143
23338,36139,1.0
23339,36140,1.0
23340,36141,1.0
23341,36142,1.0
23342,36143,1.0
23343,36144,1.0
23344,36123,1.0
23345,36145,1.0
23346,36146,1.0
23347,36147,1.0
23348,36148,1.0
23349,36149,1.0
23350,36150,1.0
23351,36151,1.0
23352,36152,1.0
23353,36153,1.0
23354,36154,1.0
23355,35480,1.0
23356,33022,1.0
23357,36155,1.0
23358,36156,1.0
23359,29394,0.831169
23359,36157,0.168831
23360,36158,1.0
23361,36159,1.0
23362,36160,1.0
23363,36161,1.0
23364,36162,1.0
23365,36163,1.0
23366,30523,1.0
23367,36164,0.571429
23367,36165,0.428571
23368,36166,1.0
23369,36167,1.0
23370,36168,1.0
23371,36169,1.0
23372,36170,1.0
23373,36171,1.0
23374,31459,1.0
23375,36172,1.0
23376,36173,1.0
23377,36174,1.0
23378,36175,1.0
23379,36176,1.0
23380,36177,1.0
23381,36178,1.0
23382,36179,1.0
23383,32579,1.0
23384,33543,1.0
23385,31570,1.0
23386,36180,1.0
23387,36181,0.666667
23387,31758,0.333333
23388,34582,0.75
23388,36182,0.25
23389,29688,1.0
23390,36183,1.0
23391,36184,1.0
23392,31988,0.789474
23392,36185,0.210526
23393,30406,1.0
23394,36186,1.0
23395,32405,1.0
23396,36187,1.0
23397,36188,1.0
23398,29503,1.0
23399,36189,1.0
23400,35489,1.0
23401,36190,1.0
23402,36191,1.0
23403,36192,1.0
23404,36193,0.957447
23404,36194,0.042553
23405,36195,1.0
23406,36196,1.0
23407,36197,1.0
23408,36198,1.0
23409,34509,1.0
23410,36199,1.0
23411,31379,0.8
23411,36200,0.2
23412,36201,1.0
23413,36202,1.0
23414,36203,0.913043
23414,36204,0.086957
23415,29813,1.0
23416,36205,1.0
23417,36206,1.0
23418,36207,1.0
23419,31473,1.0
23420,36208,1.0
23421,36209,1.0
23422,36210,1.0
23423,36211,1.0
23424,36212,1.0
23425,36213,0.971963
23425,36214,0.028037
23426,31511,1.0
23427,36215,1.0
23428,36216,1.0
23429,36217,1.0
23430,36218,1.0
23431,36219,1.0
23432,36220,1.0
23433,34555,0.818182
23433,36221,0.181818
23434,31098,1.0
23435,29841,1.0
23436,30954,1.0
23437,36222,1.0
23438,36223,1.0
23439,36224,0.652174
23439,36225,0.347826
23440,36226,1.0
23441,36227,1.0
23442,32955,1.0
23443,36228,1.0
23444,36229,0.757576
23444,36230,0.242424
23445,36231,1.0
23446,32237,1.0
23447,36232,1.0
23448,36233,1.0
23449,31411,0.818182
23449,36234,0.181818
23450,36235,1.0
23451,36236,1.0
23452,36237,1.0
23453,36238,1.0
23454,29998,0.777108
23454,36239,0.222892
23455,36240,1.0
23456,34084,1.0
23457,34071,1.0
23458,36241,1.0
23459,34593,1.0
23460,36242,1.0
23461,36243,1.0
23462,36244,1.0
23463,36245,1.0
23464,36246,1.0
23465,36247,1.0
23466,36248,1.0
23467,36249,1.0
23468,36250,1.0
23469,35611,1.0
23470,36251,1.0
23471,36252,1.0
23472,36253,1.0
23473,36254,1.0
23474,36255,1.0
23475,31738,1.0
23476,36256,1.0
23477,36257,0.7
23477,29516,0.3
23478,36258,1.0
23479,36259,1.0
23480,30627,0.895522
23480,36260,0.104478
23481,36261,1.0
23482,32079,0.921875
23482,36262,0.078125
23483,36263,1.0
23484,36264,1.0
23485,36265,1.0
23486,36266,1.0
23487,36267,1.0
23488,33550,0.741071
23488,36268,0.258929
23489,36269,1.0
23490,29529,1.0
23491,34810,1.0
23492,36270,1.0
23493,36271,1.0
23494,36272,1.0
23495,31588,1.0
23496,29809,1.0
23497,36273,1.0
23498,36102,1.0
23499,36274,1.0
23500,36275,1.0
23501,36276,1.0
23502,36277,1.0
23503,36278,1.0
23504,36279,0.956772
23504,36280,0.043228
23505,36281,1.0
23506,35795,1.0
23507,36282,1.0
23508,36283,1.0
23509,36284,1.0
23510,36285,1.0
23511,31597,1.0
23512,35302,1.0
23513,36286,1.0
23514,34174,1.0
23515,36287,1.0
23516,36288,1.0
23517,36289,1.0
23518,36290,1.0
23519,36291,1.0
23520,36292,0.866667
23520,36293,0.133333
23521,36294,1.0
23522,36295,1.0
23523,36296,1.0
23524,36297,1.0
23525,36298,0.5625
23525,36299,0.4375
23526,36300,1.0
23527,36301,1.0
23528,36302,1.0
23529,36303,1.0
23530,36304,1.0
23531,36305,1.0
23532,30719,1.0
23533,36306,1.0
23534,36307,1.0
23535,36308,1.0
23536,36309,1.0
23537,36310,1.0
23538,31451,0.121212
23538,36311,0.878788
23539,35043,1.0
23540,36312,1.0
23541,34113,1.0
23542,36313,1.0
23543,36314,1.0
23544,36315,1.0
23545,36316,1.0
23546,36317,1.0
23547,36318,1.0
23548,36319,1.0
23549,36320,1.0
23550,36321,0.625
23550,36322,0.375
23551,36323,1.0
23552,36324,1.0
23553,36325,1.0
23554,36326,1.0
23555,36327,1.0
23556,36328,1.0
23557,36329,1.0
23558,36330,1.0
23559,36331,1.0
23560,36332,1.0
23561,36333,1.0
23562,36334,1.0
23563,36335,1.0
23564,36336,1.0
23565,36337,1.0
23566,36338,1.0
23567,36339,1.0
23568,31378,0.949367
23568,36340,0.050633
23569,36341,1.0
23570,36342,1.0
23571,36343,1.0
23572,36344,1.0
23573,36345,1.0
23574,36346,1.0
23575,36347,1.0
23576,36067,1.0
23577,36348,1.0
23578,36349,1.0
23579,36350,1.0
23580,32739,1.0
23581,36351,1.0
23582,36352,1.0
23583,36353,1.0
23584,29702,1.0
23585,36354,1.0
23586,36355,1.0
23587,36356,1.0
23588,36357,1.0
23589,36358,1.0
23590,36359,1.0
23591,36360,1.0
23592,36361,1.0
23593,36362,1.0
23594,36363,1.0
23595,31014,0.882353
23595,36364,0.117647
23596,36365,1.0
23597,36366,1.0
23598,31148,1.0
23599,36367,1.0
23600,36368,1.0
23601,36369,1.0
23602,36370,1.0
23603,36371,1.0
23604,36372,1.0
23605,36373,1.0
23606,35517,1.0
23607,36374,1.0
23608,36375,1.0
23609,36376,0.6
23609,36377,0.4
23610,35366,1.0
23611,36378,1.0
23612,36379,1.0
23613,36380,1.0
23614,36381,1.0
23615,36382,1.0
23616,36383,1.0
23617,36384,1.0
23618,36385,1.0
23619,36386,1.0
23620,33510,1.0
23621,36387,1.0
23622,36388,1.0
23623,36389,1.0
23624,36390,1.0
23625,36391,1.0
23626,36392,1.0
23627,29772,0.809524
23627,36393,0.190476
23628,36394,0.485714
23628,36395,0.514286
23629,36396,1.0
23630,36397,1.0
23631,36398,1.0
23632,36399,1.0
23633,36400,1.0
23634,34485,1.0
23635,36401,1.0
23636,36402,1.0
23637,32032,0.708333
23637,36403,0.291667
23638,36404,1.0
23639,29423,1.0
23640,36405,1.0
23641,36406,1.0
23642,36407,1.0
23643,36408,1.0
23644,36409,1.0
23645,36410,1.0
23646,36411,1.0
23647,36412,1.0
23648,36413,1.0
23649,36414,1.0
23650,36415,1.0
23651,30463,1.0
23652,36416,1.0
23653,36417,0.791667
23653,36418,0.208333
23654,36419,1.0
23655,36420,1.0
23656,36421,1.0
23657,36422,1.0
23658,36423,1.0
23659,34230,1.0
23660,36424,1.0
23661,36425,1.0
23662,36426,0.1875
23662,30032,0.8125
23663,36427,1.0
23664,36428,1.0
23665,29422,1.0
23666,36429,1.0
23667,30279,0.985816
23667,36430,0.014184
23668,36431,1.0
23669,36432,1.0
23670,31593,1.0
23671,35460,0.913043
23671,36433,0.086957
23672,32955,0.942308
23672,36434,0.057692
23673,36435,1.0
23674,36339,0.875
23674,36436,0.125
23675,36437,1.0
23676,36438,1.0
23677,36439,1.0
23678,36440,1.0
23679,36441,1.0
23680,31729,1.0
23681,33488,1.0
23682,36442,1.0
23683,36443,1.0
23684,36444,1.0
23685,36445,1.0
23686,29478,0.984615
23686,36446,0.015385
23687,32562,0.793651
23687,36447,0.206349
23688,36448,1.0
23689,36449,1.0
23690,36450,1.0
23691,36451,1.0
23692,36452,1.0
23693,36453,1.0
23694,36454,1.0
23695,33018,1.0
23696,30524,0.851064
23696,36455,0.148936
23697,36456,1.0
23698,36457,1.0
23699,36458,1.0
23700,36459,1.0
23701,36203,1.0
23702,36460,1.0
23703,36461,1.0
23704,36462,1.0
23705,36463,1.0
23706,33870,1.0
23707,36464,1.0
23708,32111,1.0
23709,36465,1.0
23710,36466,1.0
23711,30234,1.0
23712,29852,0.755102
23712,36467,0.244898
23713,36468,1.0
23714,36469,1.0
23715,36470,1.0
23716,35025,1.0
23717,33858,1.0
23718,36471,1.0
23719,36472,1.0
23720,36473,1.0
23721,36474,1.0
23722,36475,1.0
23723,36476,1.0
23724,36477,1.0
23725,36478,1.0
23726,36479,1.0
23727,36480,1.0
23728,36481,1.0
23729,36482,1.0
23730,36483,1.0
23731,36484,1.0
23732,36485,1.0
23733,36486,1.0
23734,31931,1.0
23735,36487,1.0
23736,36488,1.0
23737,36489,1.0
23738,36490,1.0
23739,32547,1.0
23740,36491,1.0
23741,36492,1.0
23742,29759,1.0
23743,36493,1.0
23744,36494,0.846154
23744,36495,0.153846
23745,36496,1.0
23746,36497,1.0
23747,36498,1.0
23748,36499,1.0
23749,36500,1.0
23750,36501,0.703704
23750,36502,0.296296
23751,36503,1.0
23752,36504,1.0
23753,36505,1.0
23754,36506,0.47619
23754,36507,0.52381
23755,36508,1.0
23756,30239,0.5
23756,36509,0.5
23757,31927,1.0
23758,36510,1.0
23759,36511,1.0
23760,36512,1.0
23761,36513,1.0
23762,36514,1.0
23763,36515,1.0
23764,36516,1.0
23765,36517,1.0
23766,36518,1.0
23767,36519,1.0
23768,36520,1.0
23769,34304,0.939394
23769,36521,0.060606
23770,36522,1.0
23771,36523,1.0
23772,36524,0.896552
23772,36525,0.103448
23773,36526,1.0
23774,36527,1.0
23775,32821,1.0
23776,36528,1.0
23777,36529,1.0
23778,31988,1.0
23779,36530,0.333333
23779,35879,0.666667
23780,36531,1.0
23781,31833,1.0
23782,36532,0.625
23782,36533,0.375
23783,36534,0.59375
23783,31916,0.40625
23784,36535,1.0
23785,36536,1.0
23786,36537,1.0
23787,32467,1.0
23788,31368,1.0
23789,36538,1.0
23790,36539,1.0
23791,36540,1.0
23792,36541,1.0
23793,36542,1.0
23794,36543,1.0
23795,36544,1.0
23796,31641,1.0
23797,36545,0.97619
23797,36546,0.02381
23798,36547,1.0
23799,36548,1.0
23800,33029,1.0
23801,36549,1.0
23802,36550,1.0
23803,36551,1.0
23804,36552,1.0
23805,36553,1.0
23806,32680,1.0
23807,36554,1.0
23808,36555,1.0
23809,36556,1.0
23810,36557,1.0
23811,36558,1.0
23812,29895,0.608696
23812,36559,0.391304
23813,36560,1.0
23814,36561,1.0
23815,36562,1.0
23816,36563,1.0
23817,36564,1.0
23818,32049,0.828571
23818,36565,0.171429
23819,36566,1.0
23820,31064,1.0
23821,36567,1.0
23822,36568,1.0
23823,36569,1.0
23824,36570,1.0
23825,36571,1.0
23826,36572,1.0
23827,34390,1.0
23828,36573,1.0
23829,36574,1.0
23830,36575,1.0
23831,36576,1.0
23832,34880,1.0
23833,36577,1.0
23834,36578,1.0
23835,36579,1.0
23836,33052,1.0
23837,36580,0.5
23837,36581,0.5
23838,36582,1.0
23839,36583,0.380952
23839,36584,0.619048
23840,36585,1.0
23841,36586,0.318182
23841,35706,0.681818
23842,36587,1.0
23843,36588,1.0
23844,36589,1.0
23845,36590,1.0
23846,36591,1.0
23847,36592,0.315789
23847,36593,0.684211
23848,36594,1.0
23849,36595,1.0
23850,36596,1.0
23851,33663,1.0
23852,36597,1.0
23853,36598,1.0
23854,36599,1.0
23855,36600,1.0
23856,36601,0.172414
23856,32301,0.827586
23857,36602,1.0
23858,36603,1.0
23859,36604,1.0
23860,34821,0.615385
23860,36605,0.384615
23861,36606,1.0
23862,36607,1.0
23863,36608,1.0
23864,36609,1.0
23865,36610,1.0
23866,31393,1.0
23867,36611,1.0
23868,36612,1.0
23869,36613,1.0
23870,36614,1.0
23871,35150,0.894737
23871,36615,0.105263
23872,36616,1.0
23873,36617,1.0
23874,36618,1.0
23875,30753,1.0
23876,36619,1.0
23877,36620,1.0
23878,36621,1.0
23879,36622,1.0
23880,36623,1.0
23881,36624,1.0
23882,36625,1.0
23883,36626,1.0
23884,36627,1.0
23885,36628,1.0
23886,36629,1.0
23887,36630,1.0
23888,36631,1.0
23889,36632,1.0
23890,36633,1.0
23891,36634,1.0
23892,36635,1.0
23893,36636,1.0
23894,32940,1.0
23895,36637,1.0
23896,36638,1.0
23897,36639,1.0
23898,36640,1.0
23899,36641,1.0
23900,32647,1.0
23901,36642,0.4
23901,29533,0.6
23902,36643,1.0
23903,36644,1.0
23904,36645,1.0
23905,36646,1.0
23906,36647,0.444444
23906,36648,0.555556
23907,36649,1.0
23908,36650,1.0
23909,36651,1.0
23910,36652,1.0
23911,36653,1.0
23912,36654,1.0
23913,36655,1.0
23914,36656,1.0
23915,29613,0.641026
23915,36657,0.358974
23916,36658,1.0
23917,36659,1.0
23918,36660,1.0
23919,36661,1.0
23920,36662,1.0
23921,36663,1.0
23922,31327,1.0
23923,36664,1.0
23924,36665,1.0
23925,36666,1.0
23926,32236,0.948718
23926,36667,0.051282
23927,36668,1.0
23928,36669,1.0
23929,36670,1.0
23930,36671,1.0
23931,36412,1.0
23932,36672,1.0
23933,36673,1.0
23934,36674,1.0
23935,36675,1.0
23936,36676,1.0
23937,36677,0.423077
23937,36678,0.576923
23938,33398,0.875
23938,36679,0.125
23939,36680,1.0
23940,36681,1.0
23941,29945,0.898305
23941,36682,0.101695
23942,31540,0.69697
23942,36683,0.30303
23943,36684,1.0
23944,36685,1.0
23945,36686,1.0
23946,36687,1.0
23947,36688,1.0
23948,29542,0.85
23948,36689,0.15
23949,36690,1.0
23950,36691,1.0
23951,36692,1.0
23952,36693,1.0
23953,36694,1.0
23954,36409,1.0
23955,36695,1.0
23956,35394,1.0
23957,36696,1.0
23958,36697,1.0
23959,36698,1.0
23960,36699,1.0
23961,36700,1.0
23962,32490,1.0
23963,31160,1.0
23964,36701,1.0
23965,36702,0.857143
23965,36703,0.142857
23966,33051,1.0
23967,30084,1.0
23968,36704,1.0
23969,36705,0.688525
23969,36706,0.311475
23970,36707,1.0
23971,36708,1.0
23972,36709,1.0
23973,36710,1.0
23974,29770,1.0
23975,36711,1.0
23976,33725,1.0
23977,34685,1.0
23978,36712,1.0
23979,36713,1.0
23980,34967,1.0
23981,30003,1.0
23982,36714,1.0
23983,36715,1.0
23984,36716,0.380952
23984,36717,0.619048
23985,36718,1.0
23986,31596,1.0
23987,36719,1.0
23988,36720,1.0
23989,36721,1.0
23990,36722,1.0
23991,36723,1.0
23992,36724,1.0
23993,36725,1.0
23994,36726,1.0
23995,36727,1.0
23996,36728,1.0
23997,36729,1.0
23998,36730,1.0
23999,36731,1.0
24000,36732,1.0
24001,36733,1.0
24002,36734,1.0
24003,36735,1.0
24004,36736,1.0
24005,36737,1.0
24006,36738,1.0
24007,36739,1.0
24008,36740,1.0
24009,36741,1.0
24010,31447,0.826087
24010,36742,0.173913
24011,36743,1.0
24012,36744,1.0
24013,36745,0.375
24013,36746,0.625
24014,36747,1.0
24015,36748,1.0
24016,36749,1.0
24017,36750,1.0
24018,36751,1.0
24019,36752,1.0
24020,36288,1.0
24021,36753,0.575
24021,30712,0.425
24022,36754,1.0
24023,36755,1.0
24024,36756,1.0
24025,34600,0.666667
24025,36757,0.333333
24026,32032,1.0
24027,36758,0.285714
24027,36759,0.714286
24028,36760,1.0
24029,36761,1.0
24030,30465,1.0
24031,33981,1.0
24032,36762,1.0
24033,36763,1.0
24034,34237,1.0
24035,36764,1.0
24036,36608,1.0
24037,36765,1.0
24038,36766,1.0
24039,36767,1.0
24040,36768,1.0
24041,36769,1.0
24042,36770,1.0
24043,29708,0.763158
24043,36771,0.236842
24044,36772,1.0
24045,36773,1.0
24046,36774,1.0
24047,36775,1.0
24048,36503,1.0
24049,36776,1.0
24050,36777,1.0
24051,36778,1.0
24052,36779,1.0
24053,36780,1.0
24054,36781,1.0
24055,36782,1.0
24056,36783,1.0
24057,36784,1.0
24058,36785,1.0
24059,36786,1.0
24060,36787,1.0
24061,36788,0.823529
24061,36789,0.176471
24062,35429,0.85
24062,36790,0.15
24063,36791,1.0
24064,36792,1.0
24065,34337,0.866667
24065,36793,0.133333
24066,36794,1.0
24067,33876,1.0
24068,36795,1.0
24069,36796,1.0
24070,36797,1.0
24071,30204,1.0
24072,36798,1.0
24073,36799,1.0
24074,36800,1.0
24075,33715,1.0
24076,36801,1.0
24077,36802,1.0
24078,36803,1.0
24079,36804,1.0
24080,36805,1.0
24081,36806,1.0
24082,36807,1.0
24083,36808,0.857143
24083,30840,0.142857
24084,36809,1.0
24085,36810,1.0
24086,36811,1.0
24087,36812,0.219355
24087,36813,0.780645
24088,36814,1.0
24089,36815,1.0
24090,36816,1.0
24091,36817,1.0
24092,36818,1.0
24093,36819,1.0
24094,36820,1.0
24095,34735,1.0
24096,36821,1.0
24097,36822,1.0
24098,36823,1.0
24099,35389,1.0
24100,36824,1.0
24101,36825,1.0
24102,36826,1.0
24103,36827,1.0
24104,36828,1.0
24105,36829,1.0
24106,36830,1.0
24107,36831,1.0
24108,36832,1.0
24109,32718,1.0
24110,36833,1.0
24111,30297,0.902439
24111,36834,0.097561
24112,36835,1.0
24113,36836,1.0
24114,36837,1.0
24115,36838,1.0
24116,36839,1.0
24117,29768,0.823944
24117,36840,0.161972
24117,36841,0.014085
24118,35427,1.0
24119,36842,1.0
24120,36843,1.0
24121,36668,0.927273
24121,36844,0.072727
24122,36845,0.333333
24122,36846,0.666667
24123,36846,1.0
24124,36847,1.0
24125,36848,1.0
24126,36849,1.0
24127,36850,1.0
24128,30371,1.0
24129,32298,1.0
24130,33579,1.0
24131,36851,1.0
24132,36852,1.0
24133,36853,1.0
24134,30861,1.0
24135,36854,1.0
24136,35414,0.857143
24136,36855,0.142857
24137,36856,0.84507
24137,36857,0.15493
24138,36858,1.0
24139,36859,1.0
24140,31949,1.0
24141,36179,1.0
24142,36860,1.0
24143,36861,1.0
24144,36862,1.0
24145,36863,1.0
24146,36864,1.0
24147,36865,1.0
24148,36866,1.0
24149,36867,0.777778
24149,36868,0.222222
24150,36869,1.0
24151,35498,0.925
24151,36870,0.075
24152,36871,1.0
24153,36872,1.0
24154,36873,1.0
24155,34682,1.0
24156,36874,1.0
24157,36875,0.176471
24157,36876,0.823529
24158,34487,1.0
24159,36877,1.0
24160,36878,1.0
24161,36879,1.0
24162,36880,1.0
24163,36881,1.0
24164,36882,1.0
24165,36883,1.0
24166,36884,1.0
24167,36885,1.0
24168,36886,1.0
24169,36887,1.0
24170,36888,1.0
24171,36889,1.0
24172,36890,1.0
24173,36891,1.0
24174,36892,1.0
24175,36893,1.0
24176,36894,1.0
24177,36895,1.0
24178,36896,1.0
24179,36897,1.0
24180,36898,1.0
24181,36899,1.0
24182,36900,1.0
24183,36901,1.0
24184,36902,1.0
24185,32033,1.0
24186,36903,1.0
24187,36904,1.0
24188,36905,0.25
24188,36906,0.75
24189,36907,0.92
24189,36908,0.08
24190,36909,1.0
24191,36910,1.0
24192,35704,1.0
24193,36911,1.0
24194,36912,1.0
24195,36913,1.0
24196,36914,1.0
24197,31032,1.0
24198,36915,0.935484
24198,36916,0.064516
24199,36917,1.0
24200,30438,1.0
24201,36918,1.0
24202,36919,1.0
24203,36920,1.0
24204,36921,1.0
24205,36922,1.0
24206,36923,0.818182
24206,36924,0.181818
24207,36925,0.4
24207,32379,0.6
24208,36926,1.0
24209,36927,1.0
24210,30317,0.775862
24210,36928,0.224138
24211,36929,1.0
24212,36930,1.0
24213,34659,1.0
24214,36931,1.0
24215,36932,1.0
24216,36933,1.0
24217,36934,1.0
24218,36935,1.0
24219,36936,1.0
24220,36937,1.0
24221,36938,1.0
24222,32173,1.0
24223,36939,1.0
24224,36940,1.0
24225,36941,1.0
24226,36437,1.0
24227,36942,1.0
24228,36943,1.0
24229,36944,0.4
24229,35669,0.6
24230,36945,1.0
24231,36946,1.0
24232,29924,1.0
24233,36947,1.0
24234,36948,1.0
24235,36949,1.0
24236,36950,0.777778
24236,36951,0.222222
24237,36952,1.0
24238,36953,1.0
24239,36954,1.0
24240,31006,1.0
24241,36955,1.0
24242,36956,1.0
24243,36957,1.0
24244,36457,1.0
24245,33263,1.0
24246,36958,0.4
24246,36959,0.6
24247,36960,1.0
24248,36961,1.0
24249,35552,1.0
24250,36962,1.0
24251,36963,1.0
24252,36964,1.0
24253,36965,1.0
24254,36966,1.0
24255,36967,1.0
24256,36968,1.0
24257,36969,0.548387
24257,36970,0.451613
24258,29707,1.0
24259,36971,1.0
24260,36972,1.0
24261,36973,1.0
24262,36974,1.0
24263,34709,1.0
24264,36975,1.0
24265,36976,1.0
24266,36977,1.0
24267,31214,1.0
24268,36978,1.0
24269,36979,1.0
24270,36980,1.0
24271,36981,1.0
24272,36982,1.0
24273,36983,1.0
24274,36984,0.285714
24274,36985,0.714286
24275,36986,1.0
24276,36987,1.0
24277,36988,1.0
24278,31668,0.711111
24278,36989,0.288889
24279,35439,0.914286
24279,36990,0.085714
24280,36991,1.0
24281,30072,0.955357
24281,36992,0.044643
24282,36993,1.0
24283,36994,1.0
24284,36995,0.272727
24284,29841,0.727273
24285,36996,1.0
24286,36997,1.0
24287,29927,1.0
24288,32049,1.0
24289,36998,1.0
24290,36999,1.0
24291,37000,1.0
24292,37001,1.0
24293,37002,1.0
24294,37003,1.0
24295,37004,1.0
24296,37005,1.0
24297,37006,1.0
24298,37007,0.931034
24298,37008,0.068966
24299,37009,1.0
24300,37010,1.0
24301,37011,1.0
24302,37012,1.0
24303,37013,1.0
24304,37014,1.0
24305,37015,1.0
24306,32449,0.8125
24306,37016,0.1875
24307,37017,1.0
24308,37018,1.0
24309,30441,1.0
24310,37019,1.0
24311,37020,1.0
24312,35617,1.0
24313,37021,1.0
24314,37022,1.0
24315,31161,1.0
24316,37023,1.0
24317,37024,1.0
24318,37025,1.0
24319,37026,1.0
24320,37027,1.0
24321,37028,1.0
24322,37029,1.0
24323,37030,1.0
24324,37031,1.0
24325,33688,0.931034
24325,37032,0.068966
24326,37033,1.0
24327,37034,1.0
24328,37035,1.0
24329,37036,1.0
24330,37037,1.0
24331,36064,1.0
24332,37038,1.0
24333,37039,1.0
24334,37040,1.0
24335,37041,1.0
24336,32342,1.0
24337,37042,1.0
24338,37043,1.0
24339,30541,0.866667
24339,37044,0.133333
24340,37045,1.0
24341,33617,1.0
24342,31668,1.0
24343,37046,1.0
24344,37047,1.0
24345,36613,0.733333
24345,37048,0.266667
24346,37049,1.0
24347,37050,1.0
24348,37051,1.0
24349,37052,1.0
24350,37053,1.0
24351,37054,1.0
24352,37055,1.0
24353,37056,1.0
24354,37057,1.0
24355,33589,0.914286
24355,37058,0.085714
24356,37059,1.0
24357,37060,0.290323
24357,30241,0.709677
24358,37061,1.0
24359,37062,0.363636
24359,37063,0.636364
24360,37064,1.0
24361,37065,1.0
24362,32356,0.933333
24362,37066,0.066667
24363,37067,1.0
24364,36337,1.0
24365,37068,1.0
24366,37069,1.0
24367,37070,1.0
24368,37071,1.0
24369,37072,1.0
24370,37073,1.0
24371,37074,1.0
24372,37075,1.0
24373,37076,1.0
24374,37077,1.0
24375,37078,1.0
24376,37079,1.0
24377,37080,1.0
24378,37081,1.0
24379,37082,1.0
24380,37083,1.0
24381,37084,1.0
24382,37085,1.0
24383,37086,1.0
24384,37087,1.0
24385,37088,1.0
24386,37089,1.0
24387,37090,1.0
24388,37091,1.0
24389,37092,1.0
24390,35397,1.0
24391,37093,1.0
24392,37094,1.0
24393,34534,1.0
24394,37095,1.0
24395,37096,1.0
24396,37097,1.0
24397,33596,1.0
24398,33961,1.0
24399,37098,1.0
24400,37099,1.0
24401,31791,1.0
24402,37100,1.0
24403,31981,0.888889
24403,37101,0.111111
24404,37102,1.0
24405,37103,1.0
24406,37104,1.0
24407,34954,1.0
24408,37105,1.0
24409,37106,1.0
24410,37107,1.0
24411,35754,1.0
24412,37108,1.0
24413,37109,1.0
24414,37110,1.0
24415,37111,1.0
24416,37112,1.0
24417,37113,1.0
24418,36985,1.0
24419,37114,1.0
24420,37115,1.0
24421,37116,1.0
24422,37117,1.0
24423,37118,1.0
24424,31814,1.0
24425,37119,1.0
24426,37120,1.0
24427,37121,1.0
24428,37122,1.0
24429,37123,1.0
24430,37124,1.0
24431,37125,1.0
24432,37126,1.0
24433,37127,1.0
24434,33386,1.0
24435,37128,1.0
24436,37129,1.0
24437,37130,1.0
24438,37131,1.0
24439,37132,1.0
24440,37133,1.0
24441,32817,1.0
24442,37134,1.0
24443,37135,1.0
24444,37136,1.0
24445,37137,1.0
24446,37138,1.0
24447,37139,1.0
24448,37007,1.0
24449,35656,1.0
24450,37140,1.0
24451,37141,1.0
24452,37142,1.0
24453,37143,1.0
24454,37144,1.0
24455,37145,1.0
24456,35080,1.0
24457,37146,1.0
24458,37147,1.0
24459,37148,1.0
24460,37149,1.0
24461,37150,1.0
24462,37151,1.0
24463,37152,1.0
24464,37153,1.0
24465,37154,1.0
24466,37155,1.0
24467,37156,1.0
24468,37157,1.0
24469,37158,1.0
24470,37159,0.8
24470,33454,0.2
24471,35000,1.0
24472,33479,1.0
24473,37160,1.0
24474,37161,1.0
24475,36483,1.0
24476,37162,1.0
24477,37163,1.0
24478,37164,1.0
24479,37165,1.0
24480,37166,1.0
24481,33219,1.0
24482,30035,0.411765
24482,37167,0.588235
24483,37168,1.0
24484,37169,1.0
24485,37170,1.0
24486,37171,1.0
24487,33290,1.0
24488,37172,1.0
24489,37173,1.0
24490,29741,1.0
24491,37174,1.0
24492,37175,1.0
24493,30411,1.0
24494,37176,1.0
24495,37177,1.0
24496,37178,1.0
24497,37179,1.0
24498,37180,1.0
24499,37181,1.0
24500,37182,0.652174
24500,33103,0.347826
24501,37183,1.0
24502,37184,1.0
24503,37185,1.0
24504,33592,1.0
24505,37186,1.0
24506,37187,0.903226
24506,37188,0.096774
24507,37189,0.571429
24507,31053,0.428571
24508,37190,1.0
24509,37191,1.0
24510,37192,1.0
24511,37193,1.0
24512,37194,1.0
24513,37195,1.0
24514,37196,0.777778
24514,37197,0.222222
24515,29808,0.878049
24515,37198,0.121951
24516,34796,1.0
24517,37199,1.0
24518,37200,1.0
24519,37201,1.0
24520,37202,1.0
24521,37203,1.0
24522,37204,1.0
24523,30487,1.0
24524,37205,1.0
24525,37206,1.0
24526,37207,1.0
24527,37208,1.0
24528,37209,1.0
24529,37210,1.0
24530,37211,1.0
24531,37212,1.0
24532,37213,1.0
24533,37214,1.0
24534,37215,1.0
24535,37216,1.0
24536,37217,1.0
24537,31845,1.0
24538,37218,1.0
24539,36717,0.692308
24539,37219,0.307692
24540,34748,0.818182
24540,37220,0.181818
24541,37221,1.0
24542,37222,1.0
24543,37223,1.0
24544,37224,1.0
24545,37225,1.0
24546,37226,1.0
24547,37227,1.0
24548,37228,1.0
24549,37229,1.0
24550,35401,1.0
24551,37230,1.0
24552,37231,1.0
24553,37232,1.0
24554,36600,1.0
24555,37233,1.0
24556,37234,1.0
24557,37235,1.0
24558,37236,1.0
24559,30562,0.805556
24559,31045,0.194444
24560,37237,1.0
24561,37238,1.0
24562,37239,1.0
24563,37240,1.0
24564,37241,1.0
24565,37242,1.0
24566,37243,1.0
24567,37244,1.0
24568,37245,1.0
24569,37246,1.0
24570,36919,1.0
24571,37247,1.0
24572,37248,1.0
24573,37249,1.0
24574,37250,1.0
24575,37251,1.0
24576,37252,1.0
24577,35850,1.0
24578,32712,1.0
24579,37253,1.0
24580,37254,1.0
24581,37255,1.0
24582,37256,1.0
24583,37257,1.0
24584,37258,1.0
24585,37259,0.631579
24585,37260,0.368421
24586,37261,1.0
24587,37262,1.0
24588,30659,1.0
24589,37263,1.0
24590,37264,1.0
24591,37265,1.0
24592,37266,1.0
24593,34485,1.0
24594,37267,1.0
24595,37268,1.0
24596,37269,1.0
24597,37270,1.0
24598,37271,1.0
24599,37272,1.0
24600,37273,1.0
24601,37274,1.0
24602,37275,1.0
24603,37276,1.0
24604,31175,1.0
24605,37277,1.0
24606,37278,1.0
24607,37279,1.0
24608,37280,0.75
24608,29775,0.25
24609,35024,1.0
24610,37281,1.0
24611,37282,1.0
24612,37283,1.0
24613,31432,0.930556
24613,37284,0.069444
24614,37285,1.0
24615,37286,1.0
24616,37287,1.0
24617,37288,1.0
24618,32570,1.0
24619,37289,1.0
24620,37290,1.0
24621,37291,1.0
24622,37292,1.0
24623,37293,1.0
24624,37294,1.0
24625,37295,1.0
24626,31417,1.0
24627,37296,1.0
24628,37297,1.0
24629,37298,1.0
24630,37299,0.363636
24630,37300,0.636364
24631,37301,1.0
24632,37302,1.0
24633,33183,1.0
24634,37303,1.0
24635,37304,1.0
24636,37305,1.0
24637,37306,1.0
24638,37307,1.0
24639,37308,1.0
24640,30464,1.0
24641,30602,0.777778
24641,37309,0.222222
24642,37310,1.0
24643,37311,0.192308
24643,35685,0.807692
24644,37312,1.0
24645,32935,1.0
24646,30427,1.0
24647,35905,1.0
24648,37313,1.0
24649,37314,1.0
24650,34123,1.0
24651,37315,1.0
24652,37316,1.0
24653,37317,1.0
24654,37318,1.0
24655,37319,1.0
24656,37320,0.785714
24656,37321,0.214286
24657,37322,1.0
24658,32682,0.987437
24658,37323,0.012563
24659,37324,1.0
24660,37325,1.0
24661,37326,0.823529
24661,37327,0.176471
24662,37328,1.0
24663,37329,1.0
24664,37330,1.0
24665,37331,1.0
24666,37332,1.0
24667,37333,1.0
24668,37334,1.0
24669,37335,1.0
24670,34515,1.0
24671,37336,1.0
24672,37337,1.0
24673,37338,1.0
24674,37339,1.0
24675,37340,1.0
24676,37341,1.0
24677,37342,1.0
24678,37343,1.0
24679,37344,1.0
24680,37345,1.0
24681,37346,1.0
24682,30296,1.0
24683,37347,1.0
24684,32029,0.789474
24684,37348,0.210526
24685,37349,1.0
24686,37350,1.0
24687,37351,1.0
24688,37352,1.0
24689,37353,1.0
24690,37354,1.0
24691,29683,1.0
24692,37355,1.0
24693,37356,1.0
24694,37357,1.0
24695,37358,1.0
24696,37359,1.0
24697,37360,1.0
24698,37361,1.0
24699,37362,1.0
24700,37363,1.0
24701,37364,1.0
24702,34527,1.0
24703,35271,1.0
24704,37365,1.0
24705,37366,1.0
24706,37367,1.0
24707,37368,1.0
24708,37369,1.0
24709,37370,1.0
24710,37371,1.0
24711,36566,0.925926
24711,37372,0.074074
24712,37373,1.0
24713,37374,1.0
24714,37375,1.0
24715,37376,1.0
24716,29574,1.0
24717,37377,1.0
24718,37378,1.0
24719,37379,1.0
24720,33462,1.0
24721,37380,1.0
24722,37381,1.0
24723,34507,1.0
24724,35978,1.0
24725,37382,1.0
24726,37383,1.0
24727,37384,1.0
24728,37385,1.0
24729,37386,0.68
24729,32406,0.32
24730,37387,1.0
24731,37388,1.0
24732,37389,1.0
24733,30873,1.0
24734,37390,1.0
24735,33733,1.0
24736,37391,1.0
24737,35443,1.0
24738,37392,1.0
24739,37393,1.0
24740,37394,1.0
24741,37395,1.0
24742,37396,1.0
24743,37397,1.0
24744,37398,1.0
24745,34078,1.0
24746,37399,1.0
24747,37400,1.0
24748,29355,1.0
24749,37401,1.0
24750,37402,1.0
24751,37403,1.0
24752,37404,1.0
24753,37405,1.0
24754,37406,1.0
24755,37407,1.0
24756,37408,1.0
24757,31287,1.0
24758,37409,1.0
24759,37410,1.0
24760,37407,1.0
24761,37411,1.0
24762,35512,1.0
24763,37412,1.0
24764,37413,1.0
24765,37414,1.0
24766,37415,1.0
24767,37416,1.0
24768,37417,1.0
24769,37418,1.0
24770,33834,1.0
24771,37419,1.0
24772,37420,1.0
24773,37421,1.0
24774,37422,1.0
24775,37423,1.0
24776,37424,1.0
24777,37425,1.0
24778,37426,1.0
24779,37427,1.0
24780,37428,1.0
24781,37429,1.0
24782,31333,0.391304
24782,37430,0.608696
24783,37431,1.0
24784,32971,1.0
24785,37432,1.0
24786,37433,1.0
24787,37434,1.0
24788,37435,1.0
24789,34562,1.0
24790,37436,1.0
24791,37437,1.0
24792,37438,1.0
24793,37439,1.0
24794,37440,1.0
24795,37441,1.0
24796,37442,1.0
24797,37443,1.0
24798,37444,1.0
24799,37445,1.0
24800,34276,1.0
24801,37446,1.0
24802,37447,1.0
24803,37448,1.0
24804,37449,1.0
24805,37450,1.0
24806,37451,1.0
24807,37452,1.0
24808,37453,1.0
24809,33587,1.0
24810,37454,1.0
24811,37455,1.0
24812,37456,1.0
24813,37457,1.0
24814,37458,0.375
24814,36746,0.625
24815,37459,1.0
24816,37460,1.0
24817,37461,1.0
24818,37462,1.0
24819,37463,0.709677
24819,37464,0.290323
24820,37465,1.0
24821,37466,1.0
24822,36898,1.0
24823,32544,0.904762
24823,37467,0.095238
24824,37468,1.0
24825,37469,1.0
24826,37470,1.0
24827,37471,1.0
24828,33259,1.0
24829,37472,1.0
24830,37473,1.0
24831,37474,1.0
24832,37475,1.0
24833,37476,0.24
24833,35305,0.76
24834,37477,1.0
24835,37478,1.0
24836,37479,1.0
24837,31280,1.0
24838,37480,1.0
24839,37481,1.0
24840,37482,1.0
24841,34192,1.0
24842,37483,1.0
24843,29479,0.771429
24843,37484,0.228571
24844,37485,1.0
24845,33883,1.0
24846,37486,1.0
24847,37487,1.0
24848,37488,0.555556
24848,37489,0.444444
24849,37490,1.0
24850,37491,1.0
24851,37492,1.0
24852,37493,1.0
24853,37494,1.0
24854,37495,1.0
24855,30645,0.973333
24855,37496,0.026667
24856,37497,1.0
24857,37498,1.0
24858,37499,1.0
24859,36274,1.0
24860,37500,1.0
24861,37501,1.0
24862,37502,1.0
24863,37503,1.0
24864,37504,1.0
24865,37505,1.0
24866,37506,1.0
24867,37507,1.0
24868,34901,1.0
24869,37508,1.0
24870,37509,1.0
24871,37510,1.0
24872,37511,1.0
24873,37344,0.807692
24873,37512,0.192308
24874,31445,1.0
24875,31028,0.897436
24875,37513,0.102564
24876,37514,1.0
24877,37515,1.0
24878,35989,1.0
24879,37516,1.0
24880,30122,1.0
24881,36417,1.0
24882,37517,1.0
24883,37518,1.0
24884,37519,1.0
24885,37520,1.0
24886,37521,1.0
24887,33589,0.385827
24887,37522,0.614173
24888,37523,1.0
24889,37524,1.0
24890,37525,1.0
24891,37526,1.0
24892,37527,1.0
24893,37528,1.0
24894,37529,1.0
24895,37530,1.0
24896,30412,1.0
24897,37531,1.0
24898,37532,1.0
24899,37533,1.0
24900,35651,0.9
24900,37534,0.1
24901,29633,1.0
24902,37535,0.392857
24902,32636,0.607143
24903,36923,1.0
24904,37536,1.0
24905,37537,1.0
24906,37538,1.0
24907,37539,0.666667
24907,35656,0.333333
24908,37540,1.0
24909,37541,1.0
24910,37542,1.0
24911,36702,1.0
24912,37543,1.0
24913,31685,0.857143
24913,37544,0.142857
24914,37545,1.0
24915,37546,1.0
24916,30361,1.0
24917,37547,1.0
24918,37548,1.0
24919,37549,1.0
24920,37550,1.0
24921,37551,0.818182
24921,37552,0.181818
24922,37553,1.0
24923,37554,0.222222
24923,37555,0.777778
24924,37556,1.0
24925,32228,1.0
24926,37557,1.0
24927,37558,0.230769
24927,34199,0.769231
24928,37559,1.0
24929,37560,1.0
24930,37561,1.0
24931,35578,0.578947
24931,37562,0.421053
24932,37563,1.0
24933,37564,1.0
24934,37565,1.0
24935,37566,0.555556
24935,37567,0.444444
24936,37568,0.272727
24936,30873,0.727273
24937,37569,1.0
24938,37570,1.0
24939,37571,1.0
24940,37572,1.0
24941,35163,0.478261
24941,37573,0.521739
24942,36110,1.0
24943,37574,1.0
24944,37575,1.0
24945,37576,1.0
24946,37577,1.0
24947,32309,1.0
24948,37578,1.0
24949,37579,1.0
24950,35782,1.0
24951,33298,1.0
24952,37580,1.0
24953,37581,1.0
24954,37582,1.0
24955,35616,1.0
24956,37583,1.0
24957,37584,1.0
24958,32402,1.0
24959,37585,1.0
24960,37586,1.0
24961,37587,1.0
24962,37588,1.0
24963,37589,1.0
24964,37590,1.0
24965,36537,1.0
24966,33937,1.0
24967,37591,1.0
24968,37592,1.0
24969,37593,1.0
24970,35391,1.0
24971,37594,1.0
24972,30862,1.0
24973,37595,1.0
24974,37596,1.0
24975,37597,1.0
24976,37598,1.0
24977,37599,1.0
24978,37600,1.0
24979,37601,0.142857
24979,37602,0.857143
24980,37603,1.0
24981,37604,1.0
24982,29598,1.0
24983,31175,0.555556
24983,37605,0.444444
24984,37606,0.8
24984,37607,0.2
24985,36654,1.0
24986,37608,1.0
24987,37609,1.0
24988,37610,1.0
24989,37611,1.0
24990,37612,0.866667
24990,37613,0.133333
24991,37614,1.0
24992,37615,1.0
24993,37616,1.0
24994,37617,1.0
24995,37618,1.0
24996,37619,1.0
24997,37620,1.0
24998,37621,1.0
24999,37622,1.0
25000,30781,0.5
25000,37623,0.5
25001,37624,1.0
25002,29807,1.0
25003,37625,1.0
25004,37626,1.0
25005,33804,1.0
25006,36705,1.0
25007,37627,1.0
25008,37051,1.0
25009,30402,1.0
25010,37628,0.619048
25010,30402,0.380952
25011,37629,1.0
25012,37630,1.0
25013,37631,1.0
25014,37632,1.0
25015,37633,1.0
25016,37634,1.0
25017,37635,1.0
25018,35395,1.0
25019,37636,1.0
25020,37637,1.0
25021,37638,1.0
25022,31464,0.852459
25022,37639,0.147541
25023,32429,0.777778
25023,37640,0.222222
25024,29613,0.692308
25024,37641,0.307692
25025,37642,1.0
25026,37643,1.0
25027,33264,1.0
25028,37644,0.5
25028,30441,0.5
25029,37645,1.0
25030,37646,1.0
25031,35542,0.956989
25031,37647,0.043011
25032,37648,1.0
25033,37649,1.0
25034,37089,1.0
25035,37650,1.0
25036,37651,1.0
25037,37652,1.0
25038,33029,0.83871
25038,37653,0.16129
25039,37654,1.0
25040,37655,1.0
25041,37656,1.0
25042,37657,1.0
25043,37658,1.0
25044,34341,1.0
25045,37659,1.0
25046,37660,1.0
25047,37661,1.0
25048,37662,1.0
25049,37663,1.0
25050,37664,1.0
25051,37665,1.0
25052,37666,0.6
25052,37667,0.4
25053,37668,1.0
25054,37669,1.0
25055,37670,0.571429
25055,37671,0.428571
25056,36486,1.0
25057,37672,1.0
25058,37673,1.0
25059,37674,1.0
25060,37675,1.0
25061,37676,1.0
25062,37677,0.357143
25062,37678,0.642857
25063,37679,1.0
25064,37680,1.0
25065,29872,1.0
25066,37681,1.0
25067,37682,1.0
25068,37683,1.0
25069,37684,0.153846
25069,34436,0.846154
25070,37685,1.0
25071,37686,1.0
25072,37687,1.0
25073,37688,1.0
25074,37689,1.0
25075,37690,1.0
25076,37691,1.0
25077,37692,1.0
25078,37693,1.0
25079,37694,1.0
25080,37695,1.0
25081,37696,0.590909
25081,37697,0.409091
25082,37698,1.0
25083,37699,1.0
25084,37700,1.0
25085,37701,1.0
25086,37702,1.0
25087,37703,1.0
25088,37704,1.0
25089,37705,0.851852
25089,37706,0.148148
25090,37707,1.0
25091,35627,1.0
25092,37708,1.0
25093,37709,1.0
25094,37710,1.0
25095,37711,1.0
25096,37712,1.0
25097,37713,1.0
25098,37714,1.0
25099,37715,1.0
25100,37716,1.0
25101,37717,1.0
25102,37718,1.0
25103,37719,1.0
25104,37720,1.0
25105,37721,1.0
25106,37722,1.0
25107,36963,1.0
25108,33103,1.0
25109,37723,1.0
25110,37724,1.0
25111,37725,1.0
25112,37726,1.0
25113,37727,1.0
25114,35902,1.0
25115,34932,0.909091
25115,37728,0.090909
25116,37729,1.0
25117,37730,1.0
25118,37731,1.0
25119,37732,1.0
25120,37733,1.0
25121,37734,1.0
25122,37735,0.625
25122,37736,0.375
25123,37737,1.0
25124,37738,1.0
25125,37739,1.0
25126,37740,1.0
25127,37741,1.0
25128,37427,1.0
25129,37742,1.0
25130,31550,0.807692
25130,37743,0.192308
25131,37744,1.0
25132,37745,1.0
25133,37746,0.162791
25133,32281,0.837209
25134,37747,1.0
25135,37748,1.0
25136,35623,1.0
25137,37749,1.0
25138,37750,1.0
25139,37751,1.0
25140,37752,1.0
25141,37753,1.0
25142,37754,1.0
25143,37755,1.0
25144,37756,1.0
25145,37757,1.0
25146,37758,1.0
25147,37759,1.0
25148,30056,1.0
25149,37760,1.0
25150,37761,1.0
25151,37762,1.0
25152,37763,1.0
25153,31874,1.0
25154,37764,1.0
25155,37765,1.0
25156,37766,1.0
25157,30639,1.0
25158,37767,1.0
25159,37768,1.0
25160,37769,1.0
25161,37770,1.0
25162,37771,1.0
25163,37772,1.0
25164,37773,1.0
25165,37774,1.0
25166,37775,1.0
25167,37776,1.0
25168,37777,1.0
25169,32083,0.981982
25169,37778,0.018018
25170,32656,1.0
25171,37779,1.0
25172,32993,1.0
25173,31681,0.92
25173,37780,0.08
25174,33759,1.0
25175,37781,1.0
25176,33915,1.0
25177,37782,1.0
25178,37783,1.0
25179,37784,1.0
25180,37785,1.0
25181,37786,1.0
25182,32235,1.0
25183,37787,1.0
25184,37788,1.0
25185,29485,1.0
25186,37789,0.6
25186,37790,0.4
25187,37791,1.0
25188,37792,1.0
25189,37793,1.0
25190,37794,1.0
25191,34345,1.0
25192,35813,1.0
25193,37795,1.0
25194,37796,1.0
25195,37797,1.0
25196,33922,1.0
25197,35338,1.0
25198,37798,1.0
25199,37799,1.0
25200,37800,1.0
25201,37801,1.0
25202,29387,0.702128
25202,37802,0.297872
25203,37803,1.0
25204,37804,1.0
25205,35753,1.0
25206,37805,1.0
25207,37806,0.985294
25207,37807,0.014706
25208,33937,0.526316
25208,37808,0.473684
25209,30537,1.0
25210,37809,1.0
25211,37810,1.0
25212,37811,1.0
25213,37812,1.0
25214,37813,1.0
25215,37814,1.0
25216,37815,1.0
25217,37816,1.0
25218,37817,1.0
25219,37818,1.0
25220,37819,1.0
25221,37820,1.0
25222,31135,0.939394
25222,37821,0.060606
25223,37822,1.0
25224,34633,0.7
25224,37823,0.3
25225,37824,1.0
25226,37825,1.0
25227,37826,1.0
25228,35554,1.0
25229,37827,1.0
25230,37828,1.0
25231,37812,1.0
25232,37829,1.0
25233,37830,1.0
25234,37831,1.0
25235,32411,1.0
25236,37832,1.0
25237,36065,1.0
25238,37833,1.0
25239,37834,0.625
25239,37835,0.375
25240,37836,1.0
25241,37837,1.0
25242,37838,1.0
25243,37839,1.0
25244,37840,1.0
25245,37841,1.0
25246,37842,1.0
25247,37843,1.0
25248,37844,1.0
25249,37845,1.0
25250,37846,1.0
25251,37847,1.0
25252,37848,1.0
25253,37849,1.0
25254,37850,1.0
25255,37851,1.0
25256,30115,0.973913
25256,37852,0.026087
25257,37853,1.0
25258,35439,1.0
25259,37854,1.0
25260,33178,1.0
25261,37855,1.0
25262,37856,1.0
25263,35486,1.0
25264,36971,1.0
25265,37857,1.0
25266,37858,1.0
25267,37859,1.0
25268,37860,1.0
25269,37861,1.0
25270,37862,1.0
25271,37863,1.0
25272,37864,1.0
25273,37865,1.0
25274,37866,1.0
25275,37867,0.769231
25275,37868,0.230769
25276,37869,1.0
25277,37870,1.0
25278,30297,1.0
25279,37871,1.0
25280,32995,0.83871
25280,37872,0.16129
25281,37873,1.0
25282,37236,1.0
25283,37874,1.0
25284,37875,1.0
25285,37876,1.0
25286,37877,1.0
25287,37878,1.0
25288,37879,1.0
25289,36069,1.0
25290,37880,0.928571
25290,37881,0.071429
25291,37882,1.0
25292,37883,1.0
25293,37884,1.0
25294,37885,1.0
25295,37886,1.0
25296,37887,1.0
25297,37888,1.0
25298,37889,1.0
25299,37890,1.0
25300,37891,1.0
25301,37892,1.0
25302,37893,1.0
25303,37894,1.0
25304,37895,1.0
25305,37896,1.0
25306,32063,1.0
25307,37897,1.0
25308,35939,1.0
25309,37898,1.0
25310,37899,1.0
25311,37900,1.0
25312,37901,1.0
25313,37902,0.714286
25313,37903,0.285714
25314,37904,1.0
25315,37905,1.0
25316,37906,1.0
25317,33457,1.0
25318,31417,1.0
25319,37907,1.0
25320,37908,1.0
25321,37909,1.0
25322,37910,1.0
25323,30631,1.0
25324,37911,1.0
25325,37912,1.0
25326,32094,0.552632
25326,37913,0.447368
25327,37914,1.0
25328,37915,1.0
25329,37916,1.0
25330,37917,1.0
25331,34071,0.666667
25331,37918,0.333333
25332,37919,1.0
25333,29889,1.0
25334,37920,1.0
25335,37921,1.0
25336,37922,0.115385
25336,37921,0.884615
25337,37923,1.0
25338,37924,1.0
25339,37925,1.0
25340,37926,1.0
25341,37927,1.0
25342,30061,1.0
25343,30581,1.0
25344,37928,1.0
25345,37929,1.0
25346,34071,1.0
25347,37930,1.0
25348,33237,1.0
25349,37931,1.0
25350,37932,1.0
25351,37933,1.0
25352,37934,1.0
25353,37935,1.0
25354,31737,1.0
25355,37936,1.0
25356,37937,1.0
25357,37938,0.166667
25357,37939,0.833333
25358,37940,1.0
25359,37941,1.0
25360,37942,1.0
25361,37943,1.0
25362,37944,1.0
25363,37945,1.0
25364,33763,1.0
25365,37946,1.0
25366,37947,1.0
25367,37948,1.0
25368,37949,0.785714
25368,37950,0.214286
25369,37240,1.0
25370,37951,1.0
25371,37952,1.0
25372,37953,1.0
25373,37954,0.375
25373,37955,0.625
25374,37956,1.0
25375,37957,1.0
25376,36644,0.583333
25376,37958,0.416667
25377,37959,1.0
25378,31537,0.970588
25378,37960,0.029412
25379,37961,1.0
25380,35425,1.0
25381,37962,1.0
25382,33146,1.0
25383,37963,1.0
25384,37964,1.0
25385,37965,1.0
25386,37966,1.0
25387,37967,1.0
25388,33452,1.0
25389,37968,1.0
25390,37969,1.0
25391,37970,1.0
25392,37971,1.0
25393,37972,1.0
25394,37973,1.0
25395,37974,1.0
25396,37975,1.0
25397,37976,1.0
25398,31796,1.0
25399,37977,1.0
25400,37978,1.0
25401,37979,1.0
25402,37980,1.0
25403,37981,1.0
25404,37982,1.0
25405,37983,1.0
25406,37984,0.421053
25406,33934,0.578947
25407,37985,1.0
25408,37986,1.0
25409,37987,0.636364
25409,37988,0.363636
25410,37989,1.0
25411,37990,0.647059
25411,37991,0.352941
25412,37992,1.0
25413,31946,0.916667
25413,37993,0.083333
25414,37994,1.0
25415,37995,1.0
25416,37996,1.0
25417,37997,1.0
25418,37998,1.0
25419,37999,0.333333
25419,38000,0.666667
25420,38001,0.818182
25420,38002,0.181818
25421,36672,1.0
25422,38003,1.0
25423,29368,1.0
25424,38004,1.0
25425,38005,1.0
25426,38006,1.0
25427,38007,1.0
25428,31373,1.0
25429,38008,1.0
25430,38009,1.0
25431,38010,1.0
25432,38011,0.533333
25432,38012,0.466667
25433,38013,1.0
25434,38014,1.0
25435,38015,1.0
25436,38016,1.0
25437,38017,1.0
25438,38018,1.0
25439,38019,1.0
25440,38020,1.0
25441,38021,1.0
25442,38022,1.0
25443,38023,1.0
25444,38024,1.0
25445,38025,1.0
25446,35071,1.0
25447,38026,1.0
25448,38027,1.0
25449,38028,1.0
25450,38029,1.0
25451,38030,1.0
25452,38031,1.0
25453,38032,1.0
25454,38033,1.0
25455,38034,1.0
25456,38035,1.0
25457,38036,1.0
25458,38037,1.0
25459,38038,1.0
25460,30016,1.0
25461,38039,1.0
25462,34214,1.0
25463,38040,1.0
25464,38041,0.615385
25464,38042,0.384615
25465,38043,1.0
25466,38044,1.0
25467,38045,1.0
25468,38046,1.0
25469,38047,1.0
25470,38048,1.0
25471,38049,1.0
25472,38050,1.0
25473,33428,1.0
25474,38051,1.0
25475,33864,0.928571
25475,38052,0.071429
25476,38053,1.0
25477,38054,1.0
25478,33745,1.0
25479,38055,1.0
25480,38056,1.0
25481,38057,1.0
25482,38058,0.631579
25482,38059,0.368421
25483,38060,1.0
25484,34031,1.0
25485,38061,1.0
25486,31594,1.0
25487,38062,1.0
25488,38063,1.0
25489,38064,1.0
25490,38065,1.0
25491,38066,1.0
25492,38067,1.0
25493,38068,1.0
25494,38069,1.0
25495,38070,1.0
25496,38071,1.0
25497,38072,1.0
25498,38073,1.0
25499,38074,1.0
25500,38075,1.0
25501,34389,1.0
25502,38076,1.0
25503,38077,1.0
25504,38078,1.0
25505,34400,1.0
25506,38079,1.0
25507,38080,1.0
25508,32838,0.766667
25508,38081,0.233333
25509,31916,1.0
25510,34823,0.8
25510,38082,0.2
25511,38083,1.0
25512,38084,1.0
25513,38085,1.0
25514,37406,1.0
25515,38086,1.0
25516,38087,1.0
25517,38088,1.0
25518,38089,1.0
25519,38090,1.0
25520,38091,1.0
25521,38092,1.0
25522,38093,1.0
25523,38094,0.882353
25523,38095,0.117647
25524,36676,1.0
25525,38096,1.0
25526,38097,1.0
25527,38098,1.0
25528,38099,1.0
25529,38100,0.714286
25529,29481,0.285714
25530,38101,1.0
25531,38102,1.0
25532,38103,1.0
25533,38104,1.0
25534,33477,1.0
25535,31215,1.0
25536,38105,1.0
25537,38106,1.0
25538,38107,1.0
25539,38108,1.0
25540,38109,1.0
25541,38110,1.0
25542,38111,1.0
25543,32292,1.0
25544,38112,1.0
25545,38113,1.0
25546,38114,1.0
25547,31557,1.0
25548,38115,1.0
25549,38116,1.0
25550,38117,1.0
25551,38118,1.0
25552,38119,1.0
25553,32804,1.0
25554,38120,1.0
25555,35048,1.0
25556,38121,1.0
25557,38122,1.0
25558,31173,1.0
25559,38123,1.0
25560,38124,1.0
25561,38125,1.0
25562,38126,0.428571
25562,34633,0.571429
25563,38127,1.0
25564,38128,1.0
25565,38129,1.0
25566,38130,1.0
25567,38131,1.0
25568,38132,1.0
25569,34507,0.816
25569,38133,0.184
25570,33450,0.818182
25570,38134,0.181818
25571,38135,1.0
25572,38136,1.0
25573,38137,1.0
25574,38138,1.0
25575,38139,1.0
25576,38140,1.0
25577,38141,1.0
25578,38142,0.785714
25578,38143,0.214286
25579,38144,1.0
25580,38145,1.0
25581,38146,1.0
25582,38147,1.0
25583,38148,1.0
25584,38149,1.0
25585,38150,0.454545
25585,36429,0.545455
25586,35448,0.75
25586,38151,0.25
25587,38152,1.0
25588,38153,1.0
25589,38154,1.0
25590,38155,0.212121
25590,30113,0.787879
25591,36907,1.0
25592,38156,1.0
25593,38157,1.0
25594,38158,1.0
25595,38159,1.0
25596,38160,1.0
25597,38161,1.0
25598,32073,1.0
25599,38162,1.0
25600,38163,1.0
25601,38164,1.0
25602,38165,1.0
25603,38166,1.0
25604,38167,1.0
25605,38168,1.0
25606,38169,1.0
25607,38170,1.0
25608,38171,1.0
25609,38172,1.0
25610,38173,1.0
25611,38174,1.0
25612,38175,1.0
25613,38176,1.0
25614,38177,1.0
25615,38178,1.0
25616,38179,1.0
25617,38180,1.0
25618,30491,1.0
25619,38181,1.0
25620,38182,1.0
25621,36529,1.0
25622,38183,1.0
25623,38184,1.0
25624,38185,1.0
25625,29562,0.928571
25625,38186,0.071429
25626,38187,1.0
25627,38188,1.0
25628,37203,1.0
25629,38189,1.0
25630,38190,1.0
25631,38191,1.0
25632,38192,1.0
25633,38193,1.0
25634,38194,1.0
25635,38195,1.0
25636,38196,1.0
25637,38197,1.0
25638,38198,1.0
25639,38199,1.0
25640,38200,1.0
25641,38201,1.0
25642,33574,0.678571
25642,38202,0.321429
25643,30877,0.947368
25643,38203,0.052632
25644,38204,1.0
25645,38205,1.0
25646,38206,1.0
25647,38207,1.0
25648,38208,1.0
25649,38209,1.0
25650,38210,1.0
25651,38211,1.0
25652,38212,1.0
25653,38213,1.0
25654,38214,1.0
25655,37380,1.0
25656,38215,1.0
25657,30418,1.0
25658,38216,1.0
25659,38217,1.0
25660,38218,1.0
25661,38219,1.0
25662,38220,1.0
25663,38221,1.0
25664,38222,1.0
25665,38223,1.0
25666,38224,1.0
25667,38225,1.0
25668,38226,1.0
25669,38227,1.0
25670,38228,1.0
25671,30478,1.0
25672,38229,1.0
25673,38230,0.666667
25673,38231,0.333333
25674,38232,1.0
25675,38233,1.0
25676,38234,1.0
25677,38235,1.0
25678,38236,1.0
25679,38237,1.0
25680,38238,1.0
25681,38239,1.0
25682,38240,1.0
25683,38241,1.0
25684,38242,1.0
25685,38243,1.0
25686,38244,1.0
25687,38245,1.0
25688,38246,1.0
25689,38247,1.0
25690,38248,1.0
25691,38249,1.0
25692,38250,1.0
25693,38251,1.0
25694,38252,1.0
25695,38253,1.0
25696,29927,0.647059
25696,38254,0.352941
25697,38255,1.0
25698,38256,1.0
25699,38257,1.0
25700,38258,1.0
25701,38259,1.0
25702,30948,0.666667
25702,38260,0.333333
25703,38261,1.0
25704,38262,1.0
25705,32519,0.85
25705,38263,0.15
25706,34436,1.0
25707,38264,1.0
25708,38265,1.0
25709,38266,1.0
25710,38267,1.0
25711,38268,1.0
25712,38269,1.0
25713,38270,1.0
25714,38271,1.0
25715,38272,1.0
25716,38273,1.0
25717,38274,0.666667
25717,38275,0.333333
25718,38276,1.0
25719,38277,0.666667
25719,34622,0.333333
25720,38278,1.0
25721,38279,1.0
25722,33264,0.954955
25722,38280,0.045045
25723,32419,1.0
25724,38281,0.5
25724,38282,0.5
25725,35227,1.0
25726,38074,1.0
25727,38283,1.0
25728,38284,1.0
25729,35585,1.0
25730,38212,0.909091
25730,38285,0.090909
25731,38286,1.0
25732,38287,1.0
25733,38288,1.0
25734,38289,1.0
25735,38290,1.0
25736,38291,1.0
25737,38292,1.0
25738,38293,1.0
25739,38294,1.0
25740,38295,1.0
25741,38296,1.0
25742,38297,1.0
25743,38298,1.0
25744,35339,1.0
25745,33023,1.0
25746,38299,1.0
25747,38300,1.0
25748,38301,1.0
25749,36933,1.0
25750,38302,1.0
25751,38303,1.0
25752,38304,0.153846
25752,29588,0.846154
25753,38305,1.0
25754,38306,1.0
25755,38307,1.0
25756,38308,1.0
25757,38309,1.0
25758,38310,1.0
25759,37117,1.0
25760,38311,1.0
25761,31708,1.0
25762,38312,1.0
25763,38313,1.0
25764,38314,1.0
25765,38315,1.0
25766,38316,1.0
25767,34438,0.913043
25767,38317,0.086957
25768,38318,1.0
25769,32962,0.954023
25769,38319,0.045977
25770,32050,1.0
25771,38320,1.0
25772,38321,1.0
25773,38322,1.0
25774,38323,1.0
25775,38324,1.0
25776,38325,1.0
25777,38326,1.0
25778,38327,1.0
25779,38328,1.0
25780,29889,1.0
25781,34079,1.0
25782,38329,1.0
25783,38330,1.0
25784,38331,1.0
25785,38332,1.0
25786,38333,1.0
25787,38334,1.0
25788,38335,1.0
25789,31468,1.0
25790,29991,1.0
25791,38336,1.0
25792,38337,1.0
25793,38338,1.0
25794,38339,0.631579
25794,38340,0.368421
25795,38341,1.0
25796,38342,1.0
25797,36274,1.0
25798,38343,1.0
25799,30290,1.0
25800,38344,1.0
25801,38345,1.0
25802,32311,1.0
25803,38346,1.0
25804,38347,1.0
25805,33510,1.0
25806,38348,1.0
25807,38349,1.0
25808,38350,1.0
25809,38351,1.0
25810,38352,1.0
25811,38353,1.0
25812,33509,1.0
25813,38354,1.0
25814,38355,1.0
25815,38356,1.0
25816,35879,1.0
25817,38357,1.0
25818,38358,1.0
25819,38359,1.0
25820,38360,1.0
25821,38361,1.0
25822,38362,1.0
25823,31693,0.615385
25823,38363,0.384615
25824,37322,0.75
25824,38364,0.25
25825,38365,0.5
25825,29437,0.5
25826,35047,1.0
25827,38366,1.0
25828,38367,1.0
25829,38368,1.0
25830,38369,1.0
25831,38370,1.0
25832,38371,0.2
25832,38372,0.8
25833,37987,1.0
25834,38373,1.0
25835,38374,1.0
25836,34773,1.0
25837,34971,0.6
25837,38375,0.4
25838,38376,1.0
25839,38377,1.0
25840,38378,1.0
25841,38379,1.0
25842,38380,0.962264
25842,38381,0.037736
25843,38382,1.0
25844,38383,1.0
25845,38384,1.0
25846,38385,1.0
25847,38386,0.170732
25847,33675,0.829268
25848,38387,1.0
25849,29571,0.625
25849,38388,0.375
25850,38389,1.0
25851,38390,1.0
25852,38391,1.0
25853,38157,1.0
25854,29805,1.0
25855,30001,0.848101
25855,38392,0.151899
25856,31485,0.957447
25856,38393,0.042553
25857,38394,1.0
25858,38395,1.0
25859,33265,1.0
25860,38396,1.0
25861,38397,1.0
25862,38398,1.0
25863,38399,1.0
25864,38400,1.0
25865,38401,1.0
25866,38402,1.0
25867,33771,1.0
25868,38403,1.0
25869,34622,1.0
25870,38404,1.0
25871,38405,1.0
25872,38406,1.0
25873,38407,1.0
25874,38408,0.5
25874,38409,0.5
25875,38410,1.0
25876,38411,1.0
25877,34254,1.0
25878,38412,1.0
25879,38413,1.0
25880,38414,1.0
25881,38415,1.0
25882,38416,1.0
25883,38417,1.0
25884,38418,1.0
25885,38419,1.0
25886,38420,1.0
25887,38421,1.0
25888,30708,0.997253
25888,38422,0.002747
25889,38423,1.0
25890,38424,1.0
25891,34165,1.0
25892,32992,1.0
25893,38425,1.0
25894,38426,0.863636
25894,38427,0.136364
25895,38428,1.0
25896,38429,1.0
25897,32525,1.0
25898,38430,1.0
25899,38431,1.0
25900,34012,1.0
25901,38432,1.0
25902,38433,1.0
25903,38434,1.0
25904,38435,1.0
25905,38436,1.0
25906,38437,1.0
25907,38438,1.0
25908,38439,1.0
25909,38440,1.0
25910,30231,0.878049
25910,38441,0.121951
25911,32667,1.0
25912,31007,1.0
25913,38442,1.0
25914,38443,0.333333
25914,38444,0.666667
25915,38445,1.0
25916,38446,1.0
25917,38447,1.0
25918,38448,1.0
25919,38449,1.0
25920,38450,1.0
25921,38451,1.0
25922,38452,1.0
25923,38453,1.0
25924,37620,1.0
25925,38454,1.0
25926,38455,1.0
25927,38456,1.0
25928,38457,1.0
25929,38458,1.0
25930,33598,1.0
25931,38459,1.0
25932,38460,1.0
25933,38461,1.0
25934,38462,1.0
25935,38463,1.0
25936,38464,1.0
25937,38465,1.0
25938,38466,1.0
25939,38467,1.0
25940,38468,1.0
25941,38469,1.0
25942,38470,1.0
25943,38471,1.0
25944,38472,1.0
25945,31113,1.0
25946,38473,1.0
25947,38474,1.0
25948,38475,1.0
25949,38476,1.0
25950,38477,1.0
25951,38478,1.0
25952,38479,0.941176
25952,38480,0.058824
25953,35287,1.0
25954,38481,1.0
25955,38482,1.0
25956,38483,1.0
25957,35862,1.0
25958,38484,1.0
25959,38485,1.0
25960,38486,1.0
25961,38487,1.0
25962,38488,1.0
25963,38489,0.179487
25963,38490,0.820513
25964,38491,1.0
25965,38492,1.0
25966,38493,1.0
25967,38494,1.0
25968,38495,1.0
25969,38496,1.0
25970,38497,1.0
25971,38498,1.0
25972,38499,1.0
25973,38500,1.0
25974,38501,1.0
25975,38502,1.0
25976,38503,1.0
25977,38504,1.0
25978,38505,1.0
25979,38506,1.0
25980,33240,0.974194
25980,38507,0.025806
25981,38508,1.0
25982,38509,1.0
25983,38510,1.0
25984,38511,1.0
25985,38512,1.0
25986,38513,1.0
25987,38514,1.0
25988,38515,1.0
25989,37543,1.0
25990,38516,1.0
25991,38517,0.724138
25991,30824,0.275862
25992,38518,1.0
25993,38519,1.0
25994,33611,1.0
25995,38520,1.0
25996,38521,1.0
25997,38522,1.0
25998,38523,1.0
25999,34878,1.0
26000,38524,1.0
26001,38525,1.0
26002,38526,1.0
26003,30278,0.48
26003,38527,0.52
26004,38528,1.0
26005,38529,1.0
26006,38530,1.0
26007,38531,1.0
26008,31807,0.940594
26008,38532,0.059406
26009,38533,1.0
26010,38534,1.0
26011,38535,1.0
26012,38536,1.0
26013,33226,1.0
26014,38537,1.0
26015,38538,0.666667
26015,37326,0.333333
26016,37889,1.0
26017,38539,1.0
26018,38540,1.0
26019,38541,1.0
26020,35498,1.0
26021,38542,1.0
26022,38543,1.0
26023,38544,1.0
26024,38545,1.0
26025,38546,1.0
26026,35460,1.0
26027,38547,1.0
26028,30394,0.982759
26028,38548,0.017241
26029,38549,1.0
26030,38550,0.842105
26030,38551,0.157895
26031,38552,1.0
26032,38553,1.0
26033,38554,1.0
26034,38555,1.0
26035,38556,1.0
26036,34582,1.0
26037,38557,1.0
26038,38558,1.0
26039,38559,1.0
26040,30816,1.0
26041,38560,1.0
26042,38561,1.0
26043,38562,1.0
26044,38563,1.0
26045,38564,1.0
26046,38565,1.0
26047,38566,1.0
26048,38567,1.0
26049,38568,1.0
26050,38569,1.0
26051,33294,0.971014
26051,38570,0.028986
26052,38571,1.0
26053,36762,0.948718
26053,38572,0.051282
26054,38573,1.0
26055,37499,1.0
26056,38574,1.0
26057,37046,1.0
26058,38575,1.0
26059,38576,1.0
26060,38577,1.0
26061,32398,1.0
26062,35587,0.944444
26062,38578,0.055556
26063,38579,0.941748
26063,29574,0.058252
26064,38580,1.0
26065,38581,1.0
26066,38582,1.0
26067,38583,1.0
26068,38584,1.0
26069,38585,1.0
26070,38586,1.0
26071,38587,1.0
26072,38588,0.411765
26072,33804,0.588235
26073,38589,1.0
26074,38590,1.0
26075,38591,1.0
26076,38592,1.0
26077,38593,1.0
26078,38594,1.0
26079,38595,1.0
26080,38596,1.0
26081,33486,1.0
26082,38597,1.0
26083,38598,1.0
26084,38599,1.0
26085,37555,1.0
26086,38600,1.0
26087,38601,1.0
26088,38602,1.0
26089,38603,1.0
26090,38604,1.0
26091,38605,1.0
26092,38180,1.0
26093,32801,1.0
26094,38606,1.0
26095,38607,1.0
26096,38608,1.0
26097,38609,1.0
26098,38610,1.0
26099,38611,1.0
26100,38612,1.0
26101,38613,1.0
26102,38614,1.0
26103,30726,0.846154
26103,38615,0.153846
26104,38616,1.0
26105,38617,1.0
26106,31370,1.0
26107,38618,1.0
26108,34606,1.0
26109,38619,1.0
26110,35722,1.0
26111,38620,1.0
26112,38621,1.0
26113,38622,1.0
26114,38623,1.0
26115,38624,1.0
26116,38625,1.0
26117,30100,1.0
26118,38626,1.0
26119,38627,1.0
26120,33726,1.0
26121,38628,1.0
26122,30525,1.0
26123,38629,1.0
26124,38630,1.0
26125,38631,1.0
26126,38632,1.0
26127,32684,1.0
26128,38633,1.0
26129,38634,1.0
26130,38635,1.0
26131,38636,1.0
26132,38637,1.0
26133,38638,1.0
26134,38639,1.0
26135,37974,1.0
26136,37566,1.0
26137,31563,0.75
26137,38640,0.25
26138,38641,0.266667
26138,38642,0.733333
26139,31976,0.769231
26139,38643,0.230769
26140,37683,0.8
26140,38644,0.2
26141,38645,1.0
26142,38646,1.0
26143,38647,1.0
26144,38648,1.0
26145,33714,1.0
26146,38649,1.0
26147,38650,1.0
26148,33670,1.0
26149,33993,1.0
26150,38651,1.0
26151,38652,1.0
26152,38341,1.0
26153,38653,1.0
26154,38654,1.0
26155,38655,1.0
26156,38656,1.0
26157,38657,1.0
26158,38658,1.0
26159,33129,1.0
26160,38659,1.0
26161,38660,1.0
26162,38661,1.0
26163,38662,0.642857
26163,38663,0.357143
26164,38664,1.0
26165,37830,1.0
26166,38665,1.0
26167,35706,0.894737
26167,38666,0.105263
26168,38667,1.0
26169,34804,1.0
26170,30322,1.0
26171,38668,1.0
26172,38669,1.0
26173,38670,1.0
26174,38671,1.0
26175,38672,1.0
26176,35602,1.0
26177,38673,1.0
26178,38674,1.0
26179,38675,1.0
26180,38676,1.0
26181,38677,1.0
26182,38678,1.0
26183,38679,1.0
26184,38680,1.0
26185,38681,1.0
26186,38682,1.0
26187,38683,1.0
26188,32331,1.0
26189,34633,0.846154
26189,38684,0.153846
26190,38685,1.0
26191,38686,1.0
26192,38687,1.0
26193,31055,1.0
26194,38688,1.0
26195,38689,1.0
26196,38690,1.0
26197,38691,1.0
26198,38692,1.0
26199,38693,1.0
26200,38694,1.0
26201,32952,1.0
26202,32799,1.0
26203,38695,1.0
26204,38696,1.0
26205,38697,1.0
26206,38698,1.0
26207,38699,1.0
26208,38700,1.0
26209,38701,0.2
26209,38702,0.8
26210,30140,1.0
26211,31169,1.0
26212,38703,1.0
26213,38704,1.0
26214,34624,1.0
26215,38705,1.0
26216,38706,1.0
26217,38707,1.0
26218,38708,1.0
26219,38709,1.0
26220,38710,1.0
26221,38711,0.6
26221,38712,0.4
26222,38713,1.0
26223,38714,1.0
26224,38715,1.0
26225,38716,1.0
26226,34846,0.904762
26226,38717,0.095238
26227,38718,1.0
26228,38719,1.0
26229,38720,1.0
26230,38721,1.0
26231,38722,1.0
26232,38723,1.0
26233,38724,1.0
26234,38725,1.0
26235,38726,1.0
26236,38727,1.0
26237,38728,1.0
26238,30305,0.954545
26238,38729,0.045455
26239,38730,1.0
26240,38731,1.0
26241,38732,1.0
26242,38733,1.0
26243,38734,1.0
26244,38735,1.0
26245,38736,1.0
26246,38737,1.0
26247,38738,1.0
26248,33579,0.76
26248,38739,0.24
26249,38740,1.0
26250,38741,1.0
26251,38742,1.0
26252,38743,1.0
26253,38744,1.0
26254,36279,0.683099
26254,38745,0.316901
26255,38746,1.0
26256,38747,1.0
26257,30908,1.0
26258,38748,1.0
26259,38749,1.0
26260,38750,1.0
26261,38751,1.0
26262,38752,1.0
26263,38753,1.0
26264,38754,1.0
26265,38755,1.0
26266,38756,1.0
26267,38757,1.0
26268,35110,1.0
26269,38758,1.0
26270,35667,1.0
26271,38759,1.0
26272,38501,0.9375
26272,38760,0.0625
26273,38761,1.0
26274,30031,1.0
26275,38762,0.6
26275,38763,0.4
26276,38764,0.75
26276,34244,0.25
26277,38765,1.0
26278,38766,1.0
26279,38767,1.0
26280,38768,1.0
26281,38769,1.0
26282,38770,1.0
26283,38771,1.0
26284,38772,1.0
26285,38773,1.0
26286,35515,1.0
26287,38774,1.0
26288,38775,1.0
26289,38776,1.0
26290,38777,1.0
26291,29808,1.0
26292,38778,1.0
26293,38779,1.0
26294,38780,1.0
26295,33013,1.0
26296,38781,1.0
26297,38782,1.0
26298,38783,1.0
26299,38784,1.0
26300,38785,1.0
26301,38786,1.0
26302,38787,1.0
26303,38011,1.0
26304,38788,1.0
26305,38789,1.0
26306,33308,0.75
26306,38790,0.25
26307,38791,1.0
26308,38792,1.0
26309,38793,1.0
26310,29628,0.754717
26310,38794,0.245283
26311,38795,1.0
26312,38796,1.0
26313,38797,1.0
26314,31227,1.0
26315,38798,1.0
26316,38799,1.0
26317,38800,1.0
26318,38801,1.0
26319,38802,1.0
26320,38803,1.0
26321,31889,1.0
26322,38804,1.0
26323,38805,1.0
26324,38806,1.0
26325,38807,1.0
26326,38808,1.0
26327,38809,1.0
26328,38810,1.0
26329,38811,1.0
26330,38812,1.0
26331,38813,1.0
26332,38814,1.0
26333,38815,1.0
26334,38816,1.0
26335,38817,1.0
26336,38818,1.0
26337,38819,1.0
26338,38820,1.0
26339,38821,1.0
26340,38822,1.0
26341,31767,1.0
26342,38823,0.928571
26342,38824,0.071429
26343,38825,1.0
26344,36647,0.3
26344,38826,0.7
26345,32964,1.0
26346,38827,1.0
26347,38828,1.0
26348,32550,1.0
26349,37463,1.0
26350,38829,1.0
26351,38830,1.0
26352,33062,1.0
26353,38831,1.0
26354,38832,1.0
26355,38833,1.0
26356,38834,1.0
26357,38835,1.0
26358,38836,1.0
26359,38837,1.0
26360,29613,0.622222
26360,38838,0.377778
26361,38839,1.0
26362,38840,1.0
26363,34543,0.695652
26363,38841,0.304348
26364,38842,1.0
26365,38843,1.0
26366,29435,0.910714
26366,38844,0.089286
26367,38845,1.0
26368,38846,1.0
26369,38847,1.0
26370,38848,1.0
26371,38849,1.0
26372,38850,1.0
26373,38851,1.0
26374,38852,1.0
26375,38853,1.0
26376,38854,1.0
26377,38855,1.0
26378,38856,1.0
26379,34392,0.888889
26379,38857,0.111111
26380,35375,1.0
26381,38858,1.0
26382,38859,1.0
26383,36853,1.0
26384,38860,1.0
26385,33016,1.0
26386,38861,1.0
26387,38862,1.0
26388,38863,1.0
26389,32551,1.0
26390,32172,0.764706
26390,31000,0.235294
26391,38864,1.0
26392,38865,1.0
26393,33457,0.904762
26393,38866,0.095238
26394,31529,0.705882
26394,38867,0.294118
26395,38868,1.0
26396,29632,0.927835
26396,38869,0.072165
26397,38870,1.0
26398,38871,1.0
26399,38872,1.0
26400,38873,1.0
26401,38874,1.0
26402,38875,1.0
26403,38876,1.0
26404,38877,1.0
26405,38878,1.0
26406,38879,1.0
26407,38880,1.0
26408,38881,1.0
26409,33367,1.0
26410,32096,1.0
26411,38882,1.0
26412,38883,1.0
26413,38884,0.6
26413,38885,0.4
26414,38886,1.0
26415,33402,1.0
26416,38887,1.0
26417,37050,1.0
26418,38888,1.0
26419,38889,1.0
26420,38890,1.0
26421,38891,1.0
26422,38892,1.0
26423,35124,0.6
26423,38893,0.4
26424,38894,1.0
26425,38895,1.0
26426,31145,1.0
26427,38896,1.0
26428,38897,1.0
26429,38898,1.0
26430,38899,1.0
26431,38900,1.0
26432,38901,1.0
26433,38902,1.0
26434,38903,1.0
26435,38904,1.0
26436,38905,1.0
26437,38906,1.0
26438,38907,1.0
26439,38732,1.0
26440,38908,1.0
26441,38909,1.0
26442,38910,1.0
26443,38911,1.0
26444,38912,1.0
26445,37897,1.0
26446,36768,1.0
26447,38913,1.0
26448,32129,1.0
26449,38914,1.0
26450,38915,1.0
26451,38916,1.0
26452,31409,1.0
26453,32817,0.5625
26453,38917,0.4375
26454,38918,1.0
26455,38919,1.0
26456,38920,1.0
26457,38921,0.428571
26457,38922,0.571429
26458,38923,1.0
26459,38924,1.0
26460,38925,1.0
26461,38926,1.0
26462,38927,1.0
26463,38928,1.0
26464,38929,1.0
26465,38930,0.818182
26465,38931,0.181818
26466,37249,0.584906
26466,38932,0.415094
26467,38933,1.0
26468,38934,1.0
26469,38935,1.0
26470,38936,1.0
26471,38937,1.0
26472,38938,1.0
26473,38939,1.0
26474,38940,1.0
26475,38941,1.0
26476,38942,1.0
26477,34791,1.0
26478,38943,1.0
26479,38944,1.0
26480,38945,1.0
26481,38946,1.0
26482,36084,1.0
26483,35429,0.789474
26483,38947,0.210526
26484,38948,1.0
26485,38949,1.0
26486,32070,1.0
26487,38950,1.0
26488,38951,1.0
26489,38952,1.0
26490,38953,1.0
26491,38954,1.0
26492,32466,1.0
26493,38955,1.0
26494,38956,0.6
26494,38957,0.4
26495,38958,1.0
26496,38959,1.0
26497,38960,1.0
26498,31857,1.0
26499,38017,1.0
26500,36084,0.833333
26500,38961,0.166667
26501,38962,1.0
26502,38963,1.0
26503,38964,1.0
26504,38965,1.0
26505,38966,1.0
26506,38967,1.0
26507,38968,1.0
26508,38969,1.0
26509,38970,1.0
26510,34189,1.0
26511,32171,1.0
26512,30798,1.0
26513,38971,1.0
26514,30122,1.0
26515,38972,1.0
26516,38973,1.0
26517,38974,1.0
26518,38975,1.0
26519,38976,1.0
26520,38977,1.0
26521,38978,1.0
26522,38979,1.0
26523,38980,1.0
26524,38981,1.0
26525,38982,1.0
26526,38983,1.0
26527,38984,1.0
26528,38985,1.0
26529,38986,1.0
26530,38987,1.0
26531,38988,1.0
26532,36155,1.0
26533,38989,1.0
26534,38990,1.0
26535,38991,0.928571
26535,38992,0.071429
26536,38993,1.0
26537,38994,1.0
26538,38995,1.0
26539,38996,1.0
26540,38997,1.0
26541,38998,1.0
26542,38999,1.0
26543,39000,1.0
26544,39001,1.0
26545,39002,1.0
26546,39003,1.0
26547,39004,1.0
26548,39005,1.0
26549,39006,0.818182
26549,39007,0.181818
26550,39008,1.0
26551,39009,1.0
26552,39010,0.333333
26552,35071,0.666667
26553,39011,1.0
26554,39012,1.0
26555,39013,1.0
26556,32572,1.0
26557,36538,1.0
26558,39014,1.0
26559,39015,1.0
26560,32587,1.0
26561,39016,1.0
26562,39017,1.0
26563,38328,1.0
26564,39018,1.0
26565,39019,1.0
26566,39020,1.0
26567,39021,1.0
26568,39022,1.0
26569,39023,1.0
26570,33093,1.0
26571,39024,1.0
26572,34123,0.714286
26572,39025,0.285714
26573,39026,1.0
26574,39027,1.0
26575,39028,1.0
26576,39029,1.0
26577,35055,0.864865
26577,39030,0.135135
26578,39031,1.0
26579,38130,1.0
26580,39032,1.0
26581,39033,1.0
26582,32445,0.925926
26582,39034,0.074074
26583,39035,1.0
26584,39036,1.0
26585,39037,1.0
26586,39038,1.0
26587,39039,1.0
26588,39040,1.0
26589,38771,1.0
26590,36867,1.0
26591,39041,1.0
26592,33838,1.0
26593,39042,1.0
26594,39043,1.0
26595,39044,1.0
26596,39045,0.333333
26596,39046,0.666667
26597,39047,1.0
26598,39048,1.0
26599,39049,1.0
26600,31917,1.0
26601,39050,1.0
26602,39051,1.0
26603,39052,1.0
26604,39053,1.0
26605,39054,1.0
26606,39055,1.0
26607,39056,1.0
26608,37805,1.0
26609,38795,1.0
26610,33937,0.5
26610,39057,0.5
26611,34972,1.0
26612,39058,1.0
26613,39059,1.0
26614,39060,1.0
26615,35944,1.0
26616,39061,1.0
26617,39062,1.0
26618,39063,1.0
26619,39064,1.0
26620,30828,1.0
26621,39065,0.789474
26621,39066,0.210526
26622,39067,1.0
26623,39068,1.0
26624,32432,1.0
26625,39069,1.0
26626,39070,1.0
26627,30544,1.0
26628,39071,1.0
26629,39072,1.0
26630,39073,1.0
26631,39074,1.0
26632,39075,0.307692
26632,33651,0.692308
26633,39076,1.0
26634,39077,1.0
26635,32594,1.0
26636,35034,1.0
26637,39078,0.2
26637,39079,0.8
26638,39080,1.0
26639,39081,1.0
26640,39082,1.0
26641,33333,0.714286
26641,39083,0.285714
26642,39084,1.0
26643,39085,1.0
26644,39086,1.0
26645,39087,1.0
26646,39088,1.0
26647,39089,1.0
26648,36193,1.0
26649,39090,1.0
26650,39091,1.0
26651,39092,1.0
26652,36075,1.0
26653,39093,1.0
26654,39094,1.0
26655,39095,1.0
26656,37150,1.0
26657,39096,1.0
26658,34627,1.0
26659,39097,1.0
26660,39098,1.0
26661,39099,1.0
26662,39100,1.0
26663,39101,1.0
26664,39102,1.0
26665,39103,1.0
26666,39104,1.0
26667,39105,1.0
26668,39106,1.0
26669,39107,1.0
26670,39108,1.0
26671,39109,1.0
26672,36815,1.0
26673,39110,1.0
26674,35874,1.0
26675,39111,1.0
26676,39112,1.0
26677,39113,1.0
26678,39114,1.0
26679,39115,1.0
26680,39116,1.0
26681,39117,1.0
26682,39118,1.0
26683,39119,1.0
26684,39120,1.0
26685,39121,1.0
26686,39122,1.0
26687,39123,1.0
26688,39124,1.0
26689,39125,1.0
26690,33333,0.714286
26690,39126,0.285714
26691,39127,1.0
26692,39128,1.0
26693,38329,1.0
26694,39129,1.0
26695,39130,1.0
26696,39131,1.0
26697,39132,1.0
26698,39133,1.0
26699,36284,1.0
26700,39134,1.0
26701,39135,1.0
26702,39136,1.0
26703,39137,1.0
26704,39138,1.0
26705,39139,1.0
26706,39140,1.0
26707,31529,0.423077
26707,39141,0.576923
26708,39142,1.0
26709,39143,1.0
26710,39144,1.0
26711,39145,1.0
26712,39146,1.0
26713,39147,1.0
26714,39148,1.0
26715,39149,1.0
26716,39150,1.0
26717,39151,1.0
26718,39152,1.0
26719,39153,1.0
26720,39154,1.0
26721,39155,1.0
26722,39156,1.0
26723,39157,1.0
26724,39158,1.0
26725,39159,1.0
26726,39160,1.0
26727,39161,1.0
26728,39162,1.0
26729,39163,0.75
26729,39164,0.25
26730,39165,1.0
26731,39166,1.0
26732,39167,1.0
26733,39168,1.0
26734,39169,1.0
26735,38648,1.0
26736,34337,0.75
26736,39170,0.25
26737,39171,1.0
26738,39172,1.0
26739,39173,0.666667
26739,39174,0.333333
26740,39175,1.0
26741,39176,1.0
26742,39177,1.0
26743,39178,1.0
26744,39179,0.5
26744,38142,0.5
26745,31125,0.75
26745,39180,0.25
26746,29354,1.0
26747,39181,1.0
26748,39182,1.0
26749,39183,1.0
26750,34821,0.818182
26750,39184,0.181818
26751,39185,1.0
26752,39186,1.0
26753,39187,1.0
26754,35091,1.0
26755,39188,1.0
26756,39074,1.0
26757,39189,1.0
26758,39190,1.0
26759,39191,1.0
26760,39192,1.0
26761,39193,1.0
26762,39194,1.0
26763,39195,1.0
26764,39196,1.0
26765,39197,1.0
26766,36476,1.0
26767,39198,1.0
26768,39199,1.0
26769,39200,1.0
26770,39201,1.0
26771,39202,1.0
26772,39203,1.0
26773,39204,1.0
26774,39205,1.0
26775,31114,0.65
26775,39206,0.35
26776,39207,1.0
26777,39208,1.0
26778,39209,1.0
26779,39210,1.0
26780,39211,0.212121
26780,37594,0.787879
26781,37239,1.0
26782,39212,1.0
26783,39213,1.0
26784,39214,1.0
26785,30250,1.0
26786,39215,1.0
26787,39216,1.0
26788,39217,1.0
26789,39218,1.0
26790,36930,1.0
26791,39219,1.0
26792,39220,1.0
26793,39221,0.4
26793,39222,0.6
26794,39223,1.0
26795,34658,1.0
26796,39224,1.0
26797,34372,1.0
26798,39225,1.0
26799,39226,1.0
26800,39227,1.0
26801,39228,1.0
26802,39229,1.0
26803,39230,1.0
26804,31041,1.0
26805,39231,1.0
26806,39232,1.0
26807,39233,1.0
26808,32785,1.0
26809,39234,1.0
26810,39235,1.0
26811,39236,1.0
26812,39237,1.0
26813,37088,1.0
26814,39238,1.0
26815,38692,1.0
26816,39239,1.0
26817,39240,1.0
26818,39241,1.0
26819,39242,1.0
26820,39243,1.0
26821,39244,1.0
26822,39245,1.0
26823,39246,1.0
26824,37795,1.0
26825,39247,1.0
26826,39248,1.0
26827,39249,1.0
26828,39250,1.0
26829,30311,1.0
26830,39251,1.0
26831,39252,1.0
26832,39253,1.0
26833,39254,1.0
26834,39255,1.0
26835,39256,1.0
26836,39257,1.0
26837,39258,1.0
26838,39259,1.0
26839,39260,1.0
26840,36963,1.0
26841,31473,1.0
26842,39261,1.0
26843,37317,1.0
26844,39262,1.0
26845,39263,1.0
26846,38595,1.0
26847,29895,1.0
26848,39264,0.75
26848,39265,0.25
26849,39266,1.0
26850,39267,1.0
26851,39268,1.0
26852,39269,1.0
26853,39270,1.0
26854,39271,1.0
26855,39272,1.0
26856,39273,1.0
26857,39274,1.0
26858,39275,1.0
26859,39276,1.0
26860,39277,1.0
26861,36161,0.9
26861,39278,0.1
26862,34132,1.0
26863,39279,1.0
26864,39280,1.0
26865,39281,1.0
26866,37665,1.0
26867,37491,1.0
26868,39282,1.0
26869,39283,1.0
26870,39284,1.0
26871,39285,1.0
26872,39286,1.0
26873,39287,1.0
26874,36388,0.5
26874,34257,0.5
26875,39288,1.0
26876,39289,1.0
26877,39290,1.0
26878,39291,1.0
26879,39292,1.0
26880,31331,1.0
26881,39293,1.0
26882,30673,0.971831
26882,39294,0.028169
26883,39295,1.0
26884,39296,1.0
26885,39297,1.0
26886,39298,1.0
26887,39299,1.0
26888,30406,1.0
26889,35297,1.0
26890,39300,1.0
26891,39301,1.0
26892,39302,1.0
26893,39303,1.0
26894,39304,1.0
26895,39305,1.0
26896,39306,1.0
26897,39307,1.0
26898,39308,1.0
26899,39309,1.0
26900,39310,1.0
26901,39311,1.0
26902,36251,1.0
26903,39312,1.0
26904,39313,1.0
26905,39314,1.0
26906,39315,1.0
26907,39316,1.0
26908,39317,1.0
26909,39318,1.0
26910,39319,1.0
26911,39320,1.0
26912,39321,1.0
26913,39322,1.0
26914,39323,1.0
26915,39324,1.0
26916,39325,1.0
26917,39326,1.0
26918,39327,1.0
26919,39328,1.0
26920,39329,1.0
26921,39330,1.0
26922,37754,1.0
26923,39331,1.0
26924,39332,1.0
26925,39333,1.0
26926,39334,1.0
26927,37844,1.0
26928,39335,0.3125
26928,36622,0.6875
26929,39336,1.0
26930,39337,1.0
26931,39338,1.0
26932,39339,1.0
26933,39340,1.0
26934,39341,1.0
26935,39342,1.0
26936,39343,1.0
26937,39344,1.0
26938,39345,1.0
26939,39346,1.0
26940,39347,1.0
26941,39348,1.0
26942,39349,1.0
26943,39350,1.0
26944,34907,1.0
26945,39351,1.0
26946,39352,0.94
26946,39353,0.06
26947,39354,1.0
26948,39355,1.0
26949,39356,1.0
26950,33058,1.0
26951,39357,1.0
26952,39358,1.0
26953,39359,1.0
26954,39360,1.0
26955,35693,0.8
26955,39361,0.2
26956,39362,1.0
26957,39363,1.0
26958,39364,1.0
26959,39365,1.0
26960,39366,1.0
26961,39367,1.0
26962,39368,1.0
26963,39369,1.0
26964,39370,1.0
26965,39371,1.0
26966,39372,1.0
26967,39373,1.0
26968,31411,0.857143
26968,39374,0.142857
26969,39375,1.0
26970,39376,1.0
26971,39377,1.0
26972,39378,1.0
26973,39379,1.0
26974,39380,1.0
26975,39381,1.0
26976,39382,1.0
26977,39383,1.0
26978,39384,1.0
26979,35071,1.0
26980,39385,1.0
26981,39386,1.0
26982,39387,1.0
26983,39388,1.0
26984,39389,1.0
26985,39390,1.0
26986,39391,1.0
26987,30372,0.948276
26987,39392,0.051724
26988,39393,1.0
26989,36360,1.0
26990,39394,1.0
26991,39395,1.0
26992,39396,1.0
26993,39397,1.0
26994,39398,1.0
26995,39399,1.0
26996,39400,1.0
26997,39401,1.0
26998,39402,1.0
26999,39403,1.0
27000,39404,1.0
27001,39405,1.0
27002,39406,1.0
27003,39407,1.0
27004,39408,1.0
27005,39409,1.0
27006,39410,1.0
27007,39411,1.0
27008,39412,1.0
27009,39413,1.0
27010,39414,1.0
27011,39415,1.0
27012,29847,1.0
27013,39416,1.0
27014,39417,1.0
27015,39418,0.571429
27015,39419,0.428571
27016,39420,1.0
27017,39421,1.0
27018,37904,1.0
27019,39422,1.0
27020,39423,1.0
27021,39424,1.0
27022,39425,1.0
27023,39426,1.0
27024,39427,1.0
27025,39428,1.0
27026,39429,1.0
27027,39430,1.0
27028,39431,1.0
27029,39432,1.0
27030,39433,1.0
27031,39434,1.0
27032,34221,1.0
27033,39435,1.0
27034,39436,1.0
27035,39437,1.0
27036,39438,1.0
27037,33651,1.0
27038,39439,1.0
27039,39440,0.5
27039,39441,0.5
27040,38719,1.0
27041,39442,1.0
27042,39443,1.0
27043,39444,1.0
27044,39445,1.0
27045,39446,1.0
27046,39447,1.0
27047,39448,1.0
27048,39449,0.882353
27048,39450,0.117647
27049,39451,1.0
27050,39452,0.8
27050,39453,0.2
27051,39454,1.0
27052,39455,1.0
27053,32041,1.0
27054,39456,1.0
27055,39457,1.0
27056,39458,1.0
27057,33682,1.0
27058,39459,1.0
27059,39460,1.0
27060,39461,1.0
27061,39462,1.0
27062,39463,1.0
27063,39464,1.0
27064,31703,1.0
27065,34185,1.0
27066,39465,1.0
27067,39466,1.0
27068,39467,1.0
27069,39468,1.0
27070,39469,1.0
27071,39470,1.0
27072,39471,1.0
27073,39472,1.0
27074,39473,1.0
27075,39474,1.0
27076,39475,1.0
27077,39476,1.0
27078,33555,1.0
27079,33417,1.0
27080,29597,1.0
27081,39477,1.0
27082,39478,1.0
27083,39479,1.0
27084,39480,1.0
27085,39481,1.0
27086,39482,1.0
27087,39483,1.0
27088,39484,1.0
27089,39485,1.0
27090,39486,1.0
27091,39487,1.0
27092,39488,1.0
27093,39489,1.0
27094,39490,1.0
27095,39491,1.0
27096,39492,1.0
27097,33445,1.0
27098,39493,1.0
27099,31131,1.0
27100,39494,1.0
27101,39495,1.0
27102,32006,1.0
27103,39496,1.0
27104,39497,1.0
27105,39498,1.0
27106,39499,1.0
27107,39500,1.0
27108,39501,1.0
27109,39502,1.0
27110,39503,1.0
27111,39504,1.0
27112,39505,1.0
27113,32253,1.0
27114,34442,0.777778
27114,39506,0.222222
27115,39507,1.0
27116,39508,1.0
27117,39509,1.0
27118,39510,1.0
27119,39511,1.0
27120,39512,1.0
27121,39513,1.0
27122,39514,1.0
27123,39515,1.0
27124,32101,1.0
27125,39516,1.0
27126,36593,1.0
27127,34033,1.0
27128,33640,1.0
27129,39517,1.0
27130,33632,1.0
27131,39518,1.0
27132,39519,1.0
27133,39520,1.0
27134,39521,1.0
27135,39522,1.0
27136,39523,1.0
27137,39524,1.0
27138,39525,1.0
27139,39526,1.0
27140,39527,1.0
27141,39528,1.0
27142,39529,1.0
27143,31233,1.0
27144,39530,1.0
27145,39531,1.0
27146,30145,1.0
27147,39532,1.0
27148,39533,1.0
27149,39534,1.0
27150,39535,1.0
27151,39536,1.0
27152,39537,1.0
27153,39538,1.0
27154,39539,1.0
27155,34013,0.777778
27155,39540,0.222222
27156,39541,1.0
27157,39542,1.0
27158,39543,1.0
27159,39544,1.0
27160,39545,1.0
27161,39546,1.0
27162,39547,1.0
27163,39548,1.0
27164,39549,1.0
27165,39550,1.0
27166,39551,1.0
27167,39552,1.0
27168,39553,1.0
27169,39554,1.0
27170,39555,1.0
27171,39556,1.0
27172,39557,1.0
27173,39558,1.0
27174,39559,1.0
27175,39560,1.0
27176,39561,1.0
27177,39562,1.0
27178,34789,1.0
27179,34694,1.0
27180,39563,1.0
27181,39564,1.0
27182,39565,1.0
27183,39566,1.0
27184,32862,1.0
27185,39567,1.0
27186,39568,1.0
27187,39569,1.0
27188,35569,1.0
27189,37928,1.0
27190,39570,1.0
27191,34090,1.0
27192,39571,1.0
27193,39572,1.0
27194,39573,1.0
27195,39574,1.0
27196,39575,1.0
27197,39576,1.0
27198,39577,1.0
27199,39578,1.0
27200,39579,1.0
27201,39580,1.0
27202,39581,1.0
27203,39582,1.0
27204,39583,1.0
27205,39584,1.0
27206,38163,1.0
27207,39585,1.0
27208,36524,1.0
27209,39586,1.0
27210,39587,1.0
27211,39588,1.0
27212,39589,1.0
27213,30673,1.0
27214,34516,1.0
27215,39590,1.0
27216,39591,1.0
27217,39592,1.0
27218,39593,1.0
27219,39594,1.0
27220,39595,1.0
27221,39596,1.0
27222,30177,1.0
27223,39597,1.0
27224,39598,1.0
27225,39599,1.0
27226,39600,1.0
27227,39601,1.0
27228,32844,1.0
27229,39602,1.0
27230,39603,1.0
27231,39604,1.0
27232,37678,1.0
27233,39605,1.0
27234,39606,1.0
27235,39607,1.0
27236,31662,1.0
27237,39608,1.0
27238,39609,1.0
27239,39610,1.0
27240,39455,0.9
27240,39611,0.1
27241,39612,1.0
27242,39613,1.0
27243,39614,1.0
27244,39615,1.0
27245,39616,1.0
27246,39617,1.0
27247,39618,1.0
27248,39619,1.0
27249,39620,1.0
27250,39621,1.0
27251,30165,1.0
27252,39622,1.0
27253,39623,1.0
27254,31627,1.0
27255,39624,1.0
27256,39625,1.0
27257,39626,1.0
27258,39627,1.0
27259,39628,1.0
27260,39629,1.0
27261,39630,0.636364
27261,29440,0.363636
27262,39631,1.0
27263,39632,1.0
27264,39633,1.0
27265,39174,1.0
27266,39634,1.0
27267,39635,1.0
27268,39636,1.0
27269,39637,1.0
27270,34132,0.6
27270,39638,0.4
27271,39639,1.0
27272,39640,1.0
27273,39641,1.0
27274,39642,1.0
27275,39643,1.0
27276,32180,0.941176
27276,39644,0.058824
27277,39645,1.0
27278,39646,1.0
27279,39647,1.0
27280,39648,1.0
27281,34066,0.678571
27281,39649,0.321429
27282,39650,1.0
27283,39651,1.0
27284,39652,1.0
27285,39653,1.0
27286,39654,1.0
27287,39655,1.0
27288,39656,1.0
27289,39657,1.0
27290,31368,0.461538
27290,39658,0.538462
27291,39659,1.0
27292,39660,1.0
27293,39661,1.0
27294,39662,1.0
27295,31240,0.375
27295,39663,0.625
27296,39664,1.0
27297,35447,1.0
27298,39665,1.0
27299,39666,1.0
27300,39667,1.0
27301,39668,1.0
27302,39669,1.0
27303,39670,1.0
27304,39671,1.0
27305,39672,1.0
27306,39673,1.0
27307,39674,0.266667
27307,39675,0.733333
27308,39676,0.833333
27308,39677,0.166667
27309,39678,1.0
27310,39679,1.0
27311,39680,1.0
27312,39681,1.0
27313,39682,1.0
27314,39683,1.0
27315,39684,1.0
27316,39685,1.0
27317,39686,1.0
27318,39687,1.0
27319,39688,1.0
27320,39689,1.0
27321,39690,1.0
27322,39691,0.333333
27322,39692,0.666667
27323,39693,1.0
27324,34110,1.0
27325,39694,1.0
27326,39695,1.0
27327,39696,1.0
27328,39697,0.9
27328,39698,0.1
27329,39699,1.0
27330,39700,0.5
27330,38781,0.5
27331,39701,1.0
27332,39702,1.0
27333,39703,1.0
27334,39704,1.0
27335,39705,0.666667
27335,39706,0.333333
27336,29571,1.0
27337,32640,1.0
27338,39707,1.0
27339,37112,1.0
27340,39708,1.0
27341,35805,1.0
27342,32317,0.857143
27342,39709,0.142857
27343,39710,1.0
27344,39711,1.0
27345,39712,1.0
27346,39713,1.0
27347,39714,1.0
27348,39715,1.0
27349,39716,1.0
27350,39717,1.0
27351,39718,1.0
27352,39719,1.0
27353,39720,1.0
27354,39721,1.0
27355,39722,1.0
27356,39723,1.0
27357,38499,1.0
27358,39724,1.0
27359,39725,1.0
27360,39726,1.0
27361,39727,1.0
27362,39728,1.0
27363,39729,1.0
27364,39730,1.0
27365,39731,1.0
27366,39732,1.0
27367,39733,1.0
27368,39734,1.0
27369,39735,1.0
27370,39576,0.75
27370,39736,0.25
27371,39737,1.0
27372,39738,1.0
27373,39739,1.0
27374,39740,1.0
27375,34904,1.0
27376,39741,1.0
27377,39742,1.0
27378,39743,1.0
27379,39744,1.0
27380,39745,1.0
27381,39746,1.0
27382,39747,1.0
27383,39748,1.0
27384,39749,1.0
27385,31221,0.946667
27385,39750,0.053333
27386,39751,1.0
27387,39752,1.0
27388,39753,1.0
27389,39754,1.0
27390,39755,1.0
27391,39756,1.0
27392,39757,1.0
27393,31807,1.0
27394,39758,1.0
27395,39759,1.0
27396,39760,1.0
27397,39761,1.0
27398,39762,1.0
27399,39763,1.0
27400,32445,1.0
27401,38552,1.0
27402,39764,1.0
27403,39765,1.0
27404,39766,1.0
27405,39767,1.0
27406,39768,1.0
27407,39769,1.0
27408,39770,1.0
27409,35448,1.0
27410,39771,1.0
27411,39772,1.0
27412,39773,1.0
27413,39774,1.0
27414,39775,1.0
27415,39776,1.0
27416,39777,1.0
27417,34769,1.0
27418,39778,1.0
27419,39779,1.0
27420,39780,1.0
27421,39781,1.0
27422,39782,1.0
27423,39783,1.0
27424,39784,1.0
27425,39785,1.0
27426,33659,1.0
27427,39786,1.0
27428,39787,1.0
27429,39788,1.0
27430,33006,1.0
27431,39789,1.0
27432,29544,1.0
27433,39790,1.0
27434,39791,1.0
27435,39792,1.0
27436,39793,1.0
27437,39794,1.0
27438,39795,1.0
27439,39796,1.0
27440,37326,1.0
27441,39797,1.0
27442,39798,1.0
27443,39799,1.0
27444,39800,1.0
27445,39801,1.0
27446,39802,1.0
27447,39803,1.0
27448,36235,0.928571
27448,39804,0.071429
27449,39805,1.0
27450,39806,1.0
27451,39807,1.0
27452,39808,1.0
27453,39809,1.0
27454,39810,1.0
27455,39811,1.0
27456,39812,1.0
27457,39813,1.0
27458,39814,1.0
27459,39815,1.0
27460,39816,1.0
27461,39817,1.0
27462,39818,1.0
27463,39819,1.0
27464,39820,1.0
27465,39821,1.0
27466,39822,0.818182
27466,39823,0.181818
27467,39824,1.0
27468,39825,1.0
27469,39826,1.0
27470,39827,1.0
27471,39828,1.0
27472,39829,1.0
27473,39830,1.0
27474,39831,1.0
27475,39832,1.0
27476,39833,1.0
27477,39834,1.0
27478,39835,1.0
27479,39836,1.0
27480,35139,1.0
27481,39837,1.0
27482,39838,1.0
27483,39839,1.0
27484,39840,1.0
27485,39841,1.0
27486,30940,1.0
27487,39842,1.0
27488,34414,1.0
27489,39843,1.0
27490,39844,1.0
27491,39845,1.0
27492,39846,1.0
27493,39847,1.0
27494,39848,1.0
27495,39849,1.0
27496,39850,1.0
27497,39851,1.0
27498,39852,1.0
27499,39853,1.0
27500,39854,1.0
27501,39855,1.0
27502,39856,1.0
27503,33078,1.0
27504,39857,1.0
27505,39858,0.133333
27505,38217,0.866667
27506,39859,1.0
27507,39860,1.0
27508,39861,1.0
27509,39862,1.0
27510,39863,1.0
27511,39864,1.0
27512,39865,1.0
27513,39866,0.736842
27513,31932,0.263158
27514,39867,1.0
27515,33969,0.894737
27515,39868,0.105263
27516,39869,1.0
27517,39870,1.0
27518,31974,0.444444
27518,39871,0.555556
27519,39872,1.0
27520,39873,1.0
27521,39874,1.0
27522,39875,1.0
27523,39876,1.0
27524,31322,1.0
27525,39590,1.0
27526,39877,1.0
27527,39878,1.0
27528,39879,1.0
27529,39880,1.0
27530,39881,1.0
27531,39882,1.0
27532,39883,1.0
27533,39884,1.0
27534,39885,1.0
27535,39886,1.0
27536,32260,0.69697
27536,39887,0.30303
27537,39888,1.0
27538,39889,1.0
27539,39890,1.0
27540,39891,1.0
27541,39892,1.0
27542,39893,0.411765
27542,39894,0.588235
27543,39895,1.0
27544,30278,1.0
27545,34965,1.0
27546,39896,1.0
27547,39897,1.0
27548,33009,1.0
27549,38406,0.666667
27549,39898,0.333333
27550,39899,1.0
27551,39900,1.0
27552,33640,0.65
27552,39901,0.35
27553,31828,0.833333
27553,39902,0.166667
27554,39903,1.0
27555,39904,1.0
27556,39905,1.0
27557,39906,1.0
27558,39907,1.0
27559,39908,1.0
27560,39909,1.0
27561,39910,1.0
27562,39911,0.625
27562,39912,0.375
27563,39913,0.846154
27563,39914,0.153846
27564,39915,1.0
27565,39916,1.0
27566,39917,1.0
27567,39918,1.0
27568,39919,1.0
27569,39920,1.0
27570,39921,1.0
27571,39922,1.0
27572,39143,1.0
27573,32636,0.533333
27573,39923,0.466667
27574,39924,1.0
27575,32465,1.0
27576,39925,1.0
27577,35784,1.0
27578,39926,1.0
27579,39927,1.0
27580,39928,1.0
27581,39929,1.0
27582,39930,1.0
27583,39931,1.0
27584,39932,1.0
27585,39933,1.0
27586,39934,1.0
27587,39935,1.0
27588,39936,1.0
27589,39937,1.0
27590,39938,1.0
27591,39939,1.0
27592,32686,0.886364
27592,39940,0.113636
27593,39941,1.0
27594,39942,1.0
27595,39943,1.0
27596,39944,1.0
27597,39945,1.0
27598,39946,1.0
27599,39947,1.0
27600,39948,1.0
27601,39949,1.0
27602,39950,1.0
27603,39951,1.0
27604,39952,1.0
27605,38485,1.0
27606,39953,1.0
27607,39954,1.0
27608,39955,1.0
27609,39956,1.0
27610,29814,1.0
27611,39146,1.0
27612,39957,1.0
27613,39958,1.0
27614,39959,1.0
27615,39960,1.0
27616,39961,1.0
27617,34121,1.0
27618,39962,1.0
27619,39963,1.0
27620,32554,1.0
27621,39697,1.0
27622,34198,1.0
27623,39964,1.0
27624,39965,1.0
27625,39966,1.0
27626,39967,1.0
27627,39968,1.0
27628,39969,1.0
27629,39970,1.0
27630,39971,1.0
27631,39972,1.0
27632,31439,1.0
27633,39973,0.923077
27633,39974,0.076923
27634,39975,1.0
27635,39976,1.0
27636,39977,1.0
27637,39978,1.0
27638,39979,1.0
27639,39980,1.0
27640,38057,1.0
27641,39981,1.0
27642,39982,1.0
27643,39983,1.0
27644,39984,1.0
27645,39985,0.428571
27645,34959,0.571429
27646,39986,1.0
27647,39987,1.0
27648,30619,1.0
27649,39988,0.428571
27649,39989,0.571429
27650,39990,1.0
27651,39991,1.0
27652,39992,1.0
27653,39993,1.0
27654,39994,1.0
27655,39995,1.0
27656,39996,1.0
27657,34698,1.0
27658,39997,1.0
27659,39998,1.0
27660,38789,1.0
27661,38463,1.0
27662,39999,1.0
27663,36052,1.0
27664,40000,1.0
27665,33581,1.0
27666,40001,1.0
27667,40002,1.0
27668,40003,1.0
27669,33997,0.727273
27669,40004,0.272727
27670,40005,1.0
27671,40006,1.0
27672,40007,1.0
27673,40008,1.0
27674,40009,0.75
27674,37039,0.25
27675,40010,1.0
27676,32450,1.0
27677,40011,1.0
27678,40012,1.0
27679,40013,1.0
27680,40014,1.0
27681,40015,0.333333
27681,40016,0.666667
27682,40017,1.0
27683,40018,1.0
27684,40019,1.0
27685,40020,1.0
27686,40021,1.0
27687,40022,1.0
27688,40023,1.0
27689,40024,1.0
27690,40025,1.0
27691,35325,1.0
27692,40026,1.0
27693,40027,1.0
27694,40028,1.0
27695,40029,1.0
27696,30164,0.891892
27696,40030,0.108108
27697,40031,1.0
27698,39917,1.0
27699,31214,0.75
27699,40032,0.25
27700,40033,1.0
27701,38930,1.0
27702,36823,1.0
27703,40034,1.0
27704,40035,1.0
27705,40036,1.0
27706,40037,1.0
27707,40038,1.0
27708,40039,1.0
27709,40040,1.0
27710,37880,1.0
27711,40041,1.0
27712,40042,1.0
27713,40043,1.0
27714,40044,1.0
27715,40045,1.0
27716,40046,1.0
27717,40047,1.0
27718,40048,1.0
27719,40049,1.0
27720,40050,1.0
27721,40051,1.0
27722,40052,1.0
27723,40053,1.0
27724,40054,1.0
27725,40055,1.0
27726,40056,1.0
27727,40057,1.0
27728,40058,1.0
27729,40059,1.0
27730,40060,1.0
27731,40061,1.0
27732,40062,1.0
27733,40063,1.0
27734,40064,1.0
27735,40065,1.0
27736,37825,1.0
27737,40066,1.0
27738,34121,1.0
27739,40067,1.0
27740,40068,1.0
27741,40069,1.0
27742,40070,1.0
27743,32519,1.0
27744,40071,1.0
27745,40072,1.0
27746,35984,1.0
27747,40073,1.0
27748,40074,1.0
27749,40075,1.0
27750,40076,1.0
27751,40077,1.0
27752,40078,1.0
27753,40079,1.0
27754,40080,1.0
27755,40081,1.0
27756,40082,1.0
27757,40083,1.0
27758,40084,1.0
27759,40085,1.0
27760,40086,1.0
27761,40087,1.0
27762,40088,1.0
27763,40089,1.0
27764,35444,1.0
27765,30856,1.0
27766,40090,1.0
27767,40091,1.0
27768,40092,1.0
27769,40093,1.0
27770,40094,1.0
27771,40095,1.0
27772,40096,1.0
27773,40097,1.0
27774,40098,1.0
27775,40099,1.0
27776,40100,1.0
27777,32306,1.0
27778,33848,1.0
27779,40101,1.0
27780,40102,0.809524
27780,40103,0.190476
27781,40104,1.0
27782,40105,1.0
27783,34189,1.0
27784,40106,1.0
27785,40107,1.0
27786,40108,1.0
27787,40109,0.882353
27787,40110,0.117647
27788,40111,1.0
27789,40112,1.0
27790,40113,1.0
27791,40114,1.0
27792,39618,1.0
27793,35364,1.0
27794,40115,1.0
27795,40116,1.0
27796,40117,1.0
27797,40118,1.0
27798,40119,1.0
27799,40120,1.0
27800,34027,0.925926
27800,40121,0.074074
27801,40122,1.0
27802,40123,1.0
27803,40124,1.0
27804,40125,0.555556
27804,40126,0.444444
27805,40127,1.0
27806,36503,0.727273
27806,40128,0.272727
27807,40129,1.0
27808,40130,1.0
27809,40131,1.0
27810,40132,0.8125
27810,40133,0.1875
27811,40134,1.0
27812,40135,1.0
27813,40136,1.0
27814,40137,1.0
27815,40138,1.0
27816,40139,1.0
27817,40140,1.0
27818,40141,1.0
27819,40142,1.0
27820,40143,1.0
27821,36876,1.0
27822,40144,1.0
27823,40145,1.0
27824,40146,1.0
27825,40147,1.0
27826,40148,1.0
27827,40149,0.307692
27827,38809,0.692308
27828,40150,1.0
27829,38103,1.0
27830,40151,1.0
27831,31780,1.0
27832,40152,0.714286
27832,40153,0.285714
27833,35025,0.714286
27833,40154,0.285714
27834,40155,1.0
27835,36810,1.0
27836,40156,1.0
27837,40157,1.0
27838,40158,1.0
27839,40159,1.0
27840,35351,1.0
27841,40160,1.0
27842,29881,1.0
27843,34178,0.35
27843,40161,0.65
27844,40162,1.0
27845,40163,1.0
27846,40164,1.0
27847,36559,1.0
27848,40165,1.0
27849,40166,1.0
27850,40167,1.0
27851,40168,1.0
27852,40169,1.0
27853,40170,1.0
27854,40171,1.0
27855,40172,1.0
27856,40173,1.0
27857,40174,1.0
27858,40175,1.0
27859,40176,0.777778
27859,40177,0.222222
27860,40178,1.0
27861,40179,1.0
27862,34605,1.0
27863,40180,0.545455
27863,39487,0.454545
27864,40181,1.0
27865,40182,1.0
27866,39248,0.6
27866,40183,0.4
27867,40184,1.0
27868,40185,1.0
27869,40186,1.0
27870,40187,1.0
27871,40188,1.0
27872,29973,0.904762
27872,40189,0.095238
27873,40190,1.0
27874,40191,1.0
27875,40192,1.0
27876,40193,1.0
27877,40194,1.0
27878,40195,1.0
27879,40196,1.0
27880,36307,1.0
27881,40197,1.0
27882,29800,1.0
27883,40198,1.0
27884,37864,1.0
27885,40199,1.0
27886,40200,1.0
27887,34244,0.444444
27887,40201,0.555556
27888,40202,1.0
27889,40203,1.0
27890,40204,1.0
27891,40205,1.0
27892,40206,1.0
27893,40207,1.0
27894,40208,1.0
27895,35399,1.0
27896,40209,1.0
27897,40210,1.0
27898,40211,1.0
27899,40212,1.0
27900,40213,1.0
27901,40214,1.0
27902,34375,1.0
27903,40215,1.0
27904,40216,1.0
27905,34986,1.0
27906,40217,1.0
27907,40218,1.0
27908,40219,1.0
27909,40220,1.0
27910,40221,1.0
27911,40222,1.0
27912,40223,1.0
27913,40224,1.0
27914,40225,1.0
27915,32922,1.0
27916,40226,1.0
27917,39375,1.0
27918,40227,1.0
27919,40228,1.0
27920,40229,1.0
27921,40230,1.0
27922,40231,1.0
27923,40232,1.0
27924,40233,1.0
27925,40234,1.0
27926,40235,1.0
27927,40236,1.0
27928,40237,1.0
27929,40238,1.0
27930,33372,0.833333
27930,40239,0.166667
27931,40240,1.0
27932,36866,1.0
27933,40241,1.0
27934,40242,1.0
27935,40243,1.0
27936,40244,1.0
27937,38019,1.0
27938,40245,1.0
27939,40246,1.0
27940,40247,1.0
27941,40248,1.0
27942,38058,0.75
27942,40249,0.25
27943,40016,1.0
27944,40250,1.0
27945,33514,1.0
27946,40251,1.0
27947,40252,1.0
27948,40253,1.0
27949,40254,1.0
27950,40255,1.0
27951,40256,1.0
27952,40257,1.0
27953,40258,1.0
27954,39368,1.0
27955,37428,1.0
27956,40259,1.0
27957,40260,1.0
27958,40261,1.0
27959,40262,1.0
27960,37057,1.0
27961,40263,1.0
27962,40264,1.0
27963,40265,1.0
27964,34371,1.0
27965,40266,1.0
27966,40267,1.0
27967,40268,1.0
27968,40269,1.0
27969,37424,1.0
27970,40270,1.0
27971,40271,1.0
27972,40272,1.0
27973,40273,1.0
27974,40274,1.0
27975,32773,1.0
27976,31500,1.0
27977,39136,1.0
27978,35511,1.0
27979,40275,1.0
27980,40276,1.0
27981,29599,1.0
27982,35293,1.0
27983,40277,1.0
27984,40278,1.0
27985,40279,1.0
27986,29632,0.944444
27986,40280,0.055556
27987,40281,1.0
27988,40282,1.0
27989,40283,1.0
27990,36717,1.0
27991,40284,1.0
27992,40285,1.0
27993,40286,1.0
27994,40287,1.0
27995,40288,1.0
27996,40289,0.722222
27996,40290,0.277778
27997,40291,1.0
27998,29962,1.0
27999,40292,1.0
28000,40293,1.0
28001,40294,1.0
28002,40295,1.0
28003,40296,1.0
28004,40297,1.0
28005,40298,1.0
28006,40299,1.0
28007,40300,1.0
28008,38885,1.0
28009,40301,1.0
28010,37455,1.0
28011,40302,1.0
28012,39067,1.0
28013,40303,1.0
28014,40304,1.0
28015,40305,1.0
28016,40306,1.0
28017,40307,1.0
28018,40308,1.0
28019,40309,1.0
28020,40310,1.0
28021,40311,1.0
28022,40312,1.0
28023,40313,0.75
28023,40314,0.25
28024,36014,1.0
28025,40315,1.0
28026,40316,1.0
28027,40317,1.0
28028,40318,1.0
28029,32304,1.0
28030,40319,1.0
28031,40320,1.0
28032,40321,1.0
28033,40322,1.0
28034,40323,1.0
28035,40324,1.0
28036,40325,1.0
28037,40126,1.0
28038,40326,1.0
28039,40327,1.0
28040,40328,1.0
28041,32589,1.0
28042,40329,1.0
28043,40330,1.0
28044,40331,1.0
28045,40332,1.0
28046,40333,1.0
28047,40334,1.0
28048,37389,1.0
28049,40335,1.0
28050,40336,1.0
28051,40337,1.0
28052,40338,1.0
28053,40339,1.0
28054,40340,1.0
28055,40341,1.0
28056,40342,1.0
28057,40343,1.0
28058,40344,1.0
28059,37108,1.0
28060,40345,1.0
28061,40346,1.0
28062,40347,1.0
28063,40348,0.714286
28063,40349,0.285714
28064,40350,1.0
28065,40351,1.0
28066,40352,1.0
28067,40353,1.0
28068,40354,1.0
28069,38930,1.0
28070,40355,1.0
28071,40356,1.0
28072,40357,1.0
28073,40358,1.0
28074,40359,1.0
28075,36547,1.0
28076,40360,1.0
28077,30428,1.0
28078,40361,1.0
28079,40362,1.0
28080,40363,1.0
28081,40364,0.73913
28081,40365,0.26087
28082,40366,1.0
28083,40367,1.0
28084,40368,1.0
28085,38395,1.0
28086,34684,1.0
28087,40369,1.0
28088,40370,1.0
28089,31952,1.0
28090,40104,1.0
28091,40371,1.0
28092,40372,0.4
28092,40373,0.6
28093,40374,1.0
28094,40375,1.0
28095,40376,1.0
28096,40377,1.0
28097,40378,0.75
28097,40379,0.25
28098,40380,1.0
28099,30225,1.0
28100,40381,1.0
28101,40382,1.0
28102,40383,1.0
28103,32949,1.0
28104,40384,1.0
28105,40385,1.0
28106,40386,1.0
28107,40387,1.0
28108,40388,1.0
28109,40389,0.222222
28109,40390,0.777778
28110,40391,1.0
28111,38863,1.0
28112,40392,1.0
28113,40393,1.0
28114,40394,1.0
28115,40395,1.0
28116,33513,1.0
28117,30435,1.0
28118,40396,1.0
28119,40397,1.0
28120,40398,1.0
28121,40399,1.0
28122,40400,1.0
28123,40401,1.0
28124,40402,1.0
28125,31222,1.0
28126,40403,1.0
28127,40404,1.0
28128,40405,1.0
28129,40406,1.0
28130,40407,1.0
28131,40408,1.0
28132,40409,1.0
28133,40410,1.0
28134,40411,1.0
28135,40412,1.0
28136,40413,1.0
28137,33888,1.0
28138,40414,1.0
28139,40415,1.0
28140,40416,1.0
28141,40417,1.0
28142,31147,0.8
28142,40418,0.2
28143,35570,1.0
28144,40419,1.0
28145,40420,1.0
28146,40421,1.0
28147,40422,1.0
28148,40423,1.0
28149,40424,1.0
28150,31826,1.0
28151,40425,1.0
28152,40426,1.0
28153,40427,1.0
28154,30396,1.0
28155,40428,1.0
28156,38300,1.0
28157,40429,1.0
28158,40430,0.6
28158,29529,0.4
28159,38464,1.0
28160,40431,1.0
28161,40432,1.0
28162,40433,1.0
28163,40434,1.0
28164,40435,1.0
28165,40436,1.0
28166,40437,1.0
28167,40438,1.0
28168,40439,1.0
28169,40440,1.0
28170,40441,1.0
28171,40442,1.0
28172,34208,1.0
28173,40443,1.0
28174,40444,1.0
28175,40445,1.0
28176,40446,1.0
28177,40447,1.0
28178,40448,1.0
28179,40449,1.0
28180,40450,1.0
28181,40451,1.0
28182,40452,1.0
28183,40453,1.0
28184,40454,1.0
28185,30232,1.0
28186,40455,1.0
28187,37735,1.0
28188,40456,1.0
28189,40457,1.0
28190,40458,1.0
28191,40459,0.285714
28191,40460,0.714286
28192,40461,1.0
28193,40462,1.0
28194,40463,1.0
28195,40464,1.0
28196,40465,1.0
28197,40466,1.0
28198,40467,1.0
28199,40468,1.0
28200,40469,1.0
28201,40470,1.0
28202,40471,0.666667
28202,29686,0.333333
28203,40472,1.0
28204,40473,1.0
28205,40474,1.0
28206,40475,1.0
28207,40476,1.0
28208,40477,1.0
28209,40478,1.0
28210,40479,1.0
28211,40480,0.428571
28211,34110,0.571429
28212,40481,1.0
28213,40482,1.0
28214,40483,1.0
28215,31800,0.8
28215,40484,0.2
28216,40485,1.0
28217,30360,1.0
28218,40486,1.0
28219,29598,1.0
28220,40487,1.0
28221,31283,1.0
28222,40488,1.0
28223,40489,1.0
28224,37857,1.0
28225,40490,1.0
28226,40491,1.0
28227,40492,1.0
28228,40493,1.0
28229,40494,1.0
28230,40495,0.777778
28230,40496,0.222222
28231,40497,1.0
28232,40498,1.0
28233,37846,1.0
28234,40499,1.0
28235,40500,1.0
28236,40501,1.0
28237,40502,1.0
28238,40503,1.0
28239,37076,1.0
28240,40504,1.0
28241,37579,1.0
28242,40505,1.0
28243,40506,1.0
28244,40507,1.0
28245,40508,1.0
28246,29540,1.0
28247,40509,1.0
28248,40510,1.0
28249,40511,1.0
28250,40512,1.0
28251,40513,1.0
28252,40514,1.0
28253,40515,1.0
28254,40516,1.0
28255,31817,0.823529
28255,40517,0.176471
28256,40518,1.0
28257,40519,1.0
28258,40520,1.0
28259,34426,1.0
28260,40521,1.0
28261,40522,1.0
28262,40523,1.0
28263,40524,1.0
28264,40525,1.0
28265,40526,0.75
28265,40527,0.25
28266,40528,1.0
28267,37915,1.0
28268,40529,1.0
28269,40530,1.0
28270,30808,1.0
28271,40187,1.0
28272,40531,1.0
28273,40532,1.0
28274,40533,1.0
28275,40534,1.0
28276,40535,1.0
28277,40536,1.0
28278,36721,1.0
28279,40537,1.0
28280,40538,1.0
28281,40539,1.0
28282,34340,0.960526
28282,40540,0.039474
28283,40541,1.0
28284,40542,1.0
28285,40543,1.0
28286,40544,1.0
28287,40545,1.0
28288,40546,1.0
28289,40547,1.0
28290,29714,0.9
28290,40548,0.1
28291,40549,1.0
28292,40550,1.0
28293,40551,1.0
28294,38426,1.0
28295,38581,1.0
28296,40552,1.0
28297,40553,1.0
28298,40554,1.0
28299,40555,1.0
28300,40556,1.0
28301,40557,1.0
28302,40558,1.0
28303,40559,1.0
28304,40560,1.0
28305,31389,1.0
28306,40561,1.0
28307,40562,1.0
28308,40563,1.0
28309,40564,1.0
28310,40565,1.0
28311,40566,1.0
28312,40567,0.5625
28312,40568,0.4375
28313,40569,1.0
28314,40570,1.0
28315,40571,1.0
28316,39499,1.0
28317,32260,1.0
28318,40572,1.0
28319,40573,1.0
28320,40574,0.6
28320,40575,0.4
28321,40576,1.0
28322,40577,1.0
28323,40578,1.0
28324,40579,1.0
28325,40580,1.0
28326,40581,1.0
28327,40582,1.0
28328,40583,1.0
28329,40584,1.0
28330,40585,0.75
28330,40586,0.25
28331,40587,1.0
28332,40588,1.0
28333,39935,1.0
28334,40589,1.0
28335,40590,1.0
28336,37570,1.0
28337,40591,1.0
28338,40592,1.0
28339,40593,1.0
28340,40594,1.0
28341,40595,1.0
28342,40596,1.0
28343,40597,1.0
28344,40598,1.0
28345,40599,1.0
28346,40600,1.0
28347,40601,1.0
28348,37716,1.0
28349,40602,1.0
28350,40603,1.0
28351,40604,1.0
28352,40605,1.0
28353,40606,1.0
28354,40607,1.0
28355,40608,1.0
28356,40609,1.0
28357,40610,1.0
28358,40611,1.0
28359,40612,1.0
28360,40613,1.0
28361,40614,1.0
28362,39050,1.0
28363,40615,1.0
28364,36129,1.0
28365,40616,1.0
28366,40617,1.0
28367,40297,1.0
28368,40618,1.0
28369,40619,1.0
28370,40620,1.0
28371,40621,1.0
28372,40622,1.0
28373,40623,1.0
28374,40624,1.0
28375,40625,1.0
28376,40626,1.0
28377,29496,1.0
28378,40627,1.0
28379,40628,1.0
28380,40629,1.0
28381,40630,1.0
28382,40631,1.0
28383,40632,1.0
28384,40633,1.0
28385,40634,1.0
28386,40635,1.0
28387,40636,1.0
28388,40637,1.0
28389,40638,1.0
28390,40639,1.0
28391,35489,0.833333
28391,40640,0.166667
28392,40641,1.0
28393,40642,1.0
28394,40643,1.0
28395,40644,1.0
28396,40645,1.0
28397,37928,0.782609
28397,40646,0.217391
28398,40647,1.0
28399,31068,0.625
28399,40648,0.375
28400,40649,1.0
28401,40650,1.0
28402,40651,1.0
28403,40652,1.0
28404,40653,0.5
28404,30095,0.5
28405,40654,1.0
28406,40655,1.0
28407,32808,1.0
28408,40656,1.0
28409,30703,1.0
28410,40657,1.0
28411,40658,1.0
28412,40659,1.0
28413,40660,1.0
28414,40661,1.0
28415,40662,1.0
28416,40663,1.0
28417,40664,1.0
28418,40665,1.0
28419,40666,1.0
28420,40667,1.0
28421,40668,1.0
28422,40669,1.0
28423,40670,1.0
28424,40671,1.0
28425,39833,1.0
28426,40672,1.0
28427,31147,1.0
28428,40673,1.0
28429,40674,1.0
28430,40675,1.0
28431,40676,1.0
28432,34451,1.0
28433,40677,1.0
28434,40678,1.0
28435,40679,0.466667
28435,40680,0.533333
28436,40681,1.0
28437,37692,1.0
28438,40682,1.0
28439,37376,1.0
28440,40683,1.0
28441,39462,1.0
28442,40684,1.0
28443,37860,0.533333
28443,40685,0.466667
28444,40686,0.666667
28444,40687,0.333333
28445,40688,1.0
28446,40689,1.0
28447,40690,1.0
28448,37305,1.0
28449,36892,1.0
28450,40691,1.0
28451,40692,1.0
28452,40693,1.0
28453,38711,0.666667
28453,40694,0.333333
28454,40695,1.0
28455,29822,0.875
28455,40696,0.125
28456,40697,1.0
28457,40698,1.0
28458,40699,1.0
28459,40700,1.0
28460,40701,1.0
28461,32495,1.0
28462,40702,1.0
28463,40703,1.0
28464,33524,1.0
28465,40704,1.0
28466,40705,1.0
28467,40706,1.0
28468,40707,1.0
28469,40708,1.0
28470,40709,1.0
28471,35712,0.428571
28471,40710,0.571429
28472,40711,1.0
28473,40712,1.0
28474,40713,1.0
28475,40714,1.0
28476,40715,1.0
28477,40716,1.0
28478,40717,1.0
28479,40718,1.0
28480,40719,1.0
28481,31370,1.0
28482,40720,1.0
28483,30029,0.981132
28483,40721,0.018868
28484,40722,1.0
28485,40723,0.5625
28485,30090,0.4375
28486,30794,1.0
28487,32599,0.952381
28487,40724,0.047619
28488,40725,1.0
28489,40726,1.0
28490,40727,1.0
28491,40728,1.0
28492,40729,1.0
28493,40730,1.0
28494,40731,1.0
28495,40732,1.0
28496,40733,1.0
28497,40734,1.0
28498,40735,1.0
28499,40736,1.0
28500,40737,1.0
28501,40738,1.0
28502,40739,1.0
28503,40740,1.0
28504,40741,1.0
28505,40742,1.0
28506,40743,1.0
28507,40744,1.0
28508,40745,1.0
28509,40746,1.0
28510,40747,1.0
28511,40748,1.0
28512,40749,1.0
28513,40750,1.0
28514,40751,1.0
28515,40752,1.0
28516,40753,1.0
28517,36059,1.0
28518,40754,1.0
28519,40755,1.0
28520,40756,1.0
28521,40757,1.0
28522,40758,1.0
28523,40759,1.0
28524,40760,0.545455
28524,31205,0.454545
28525,40761,1.0
28526,40762,1.0
28527,40763,1.0
28528,40764,1.0
28529,40765,0.333333
28529,40766,0.666667
28530,40767,1.0
28531,34315,1.0
28532,40768,0.428571
28532,34632,0.571429
28533,40769,1.0
28534,40770,1.0
28535,30141,1.0
28536,40771,1.0
28537,40772,1.0
28538,35603,1.0
28539,40773,1.0
28540,40774,1.0
28541,40775,1.0
28542,40776,1.0
28543,40777,1.0
28544,40778,1.0
28545,40779,1.0
28546,38207,1.0
28547,40780,1.0
28548,40781,1.0
28549,40782,1.0
28550,40783,1.0
28551,40784,0.666667
28551,40785,0.333333
28552,40786,0.428571
28552,40787,0.571429
28553,40788,1.0
28554,31564,1.0
28555,40789,1.0
28556,40790,1.0
28557,40791,1.0
28558,40792,1.0
28559,40793,1.0
28560,40794,1.0
28561,40795,1.0
28562,40796,1.0
28563,40797,1.0
28564,40798,1.0
28565,40799,1.0
28566,40800,1.0
28567,40801,1.0
28568,40802,1.0
28569,40803,1.0
28570,40804,1.0
28571,40805,1.0
28572,40806,1.0
28573,40807,1.0
28574,40808,1.0
28575,40391,1.0
28576,40809,1.0
28577,40810,1.0
28578,40811,0.6
28578,40812,0.4
28579,40813,1.0
28580,40814,1.0
28581,40815,0.666667
28581,40816,0.333333
28582,40817,1.0
28583,40818,1.0
28584,40819,1.0
28585,40820,1.0
28586,40821,1.0
28587,40822,1.0
28588,40823,0.181818
28588,35486,0.818182
28589,40824,1.0
28590,40825,1.0
28591,40826,1.0
28592,37341,1.0
28593,40827,1.0
28594,31041,1.0
28595,40828,1.0
28596,40829,1.0
28597,40830,1.0
28598,40831,1.0
28599,40832,1.0
28600,40833,1.0
28601,40834,1.0
28602,35432,1.0
28603,40835,1.0
28604,40836,1.0
28605,40837,1.0
28606,40838,1.0
28607,30798,1.0
28608,38779,1.0
28609,33269,1.0
28610,40839,1.0
28611,40840,1.0
28612,36900,1.0
28613,40841,1.0
28614,40842,1.0
28615,40843,1.0
28616,40844,1.0
28617,40845,1.0
28618,40846,1.0
28619,39805,1.0
28620,40847,1.0
28621,40848,1.0
28622,40849,1.0
28623,40850,1.0
28624,40851,1.0
28625,40852,1.0
28626,40853,1.0
28627,40854,1.0
28628,37459,1.0
28629,40855,1.0
28630,40856,1.0
28631,40857,1.0
28632,40858,1.0
28633,40859,1.0
28634,40860,1.0
28635,33401,0.833333
28635,40861,0.166667
28636,40862,1.0
28637,40863,0.8
28637,40864,0.2
28638,40865,1.0
28639,40608,1.0
28640,40866,1.0
28641,40867,1.0
28642,40868,1.0
28643,40869,1.0
28644,31315,1.0
28645,40870,1.0
28646,37891,1.0
28647,40871,1.0
28648,40872,1.0
28649,40873,1.0
28650,40874,1.0
28651,38885,1.0
28652,40875,1.0
28653,40876,1.0
28654,40877,1.0
28655,40878,1.0
28656,40879,1.0
28657,40880,1.0
28658,40881,1.0
28659,33644,1.0
28660,40882,1.0
28661,40883,1.0
28662,40884,1.0
28663,40885,1.0
28664,40886,1.0
28665,31669,1.0
28666,40887,1.0
28667,40888,1.0
28668,40889,1.0
28669,40890,1.0
28670,40891,1.0
28671,40892,1.0
28672,40893,1.0
28673,40894,1.0
28674,40895,1.0
28675,35538,1.0
28676,31704,0.959184
28676,40896,0.040816
28677,40897,1.0
28678,35803,1.0
28679,40898,1.0
28680,40899,1.0
28681,40900,1.0
28682,35107,1.0
28683,40901,1.0
28684,40902,1.0
28685,36402,1.0
28686,33337,1.0
28687,40903,1.0
28688,40904,1.0
28689,40905,1.0
28690,40906,1.0
28691,40907,1.0
28692,40908,1.0
28693,40909,1.0
28694,40910,1.0
28695,40911,1.0
28696,35815,1.0
28697,36856,1.0
28698,29623,0.912281
28698,40912,0.087719
28699,40913,1.0
28700,40914,1.0
28701,40915,0.818182
28701,40916,0.181818
28702,40917,1.0
28703,40330,1.0
28704,40918,1.0
28705,40919,1.0
28706,35163,0.65
28706,40920,0.35
28707,40921,1.0
28708,40922,1.0
28709,40923,0.155556
28709,34479,0.844444
28710,40924,1.0
28711,39147,1.0
28712,40925,1.0
28713,40926,1.0
28714,40927,1.0
28715,40928,1.0
28716,40929,1.0
28717,31335,1.0
28718,40930,1.0
28719,40931,1.0
28720,40932,1.0
28721,40933,1.0
28722,40934,1.0
28723,40935,1.0
28724,30189,1.0
28725,40936,1.0
28726,34637,1.0
28727,31623,1.0
28728,32281,1.0
28729,40937,1.0
28730,40938,1.0
28731,40939,1.0
28732,40940,1.0
28733,40941,1.0
28734,40942,1.0
28735,33963,1.0
28736,30638,1.0
28737,40943,1.0
28738,40944,1.0
28739,40945,1.0
28740,40946,1.0
28741,40947,1.0
28742,40948,1.0
28743,40949,1.0
28744,40950,1.0
28745,40951,1.0
28746,30520,1.0
28747,40952,1.0
28748,40953,1.0
28749,40954,1.0
28750,40955,1.0
28751,40956,1.0
28752,35470,0.8
28752,40957,0.2
28753,40958,1.0
28754,40959,1.0
28755,40960,1.0
28756,37531,1.0
28757,40961,1.0
28758,40962,1.0
28759,40963,1.0
28760,29759,1.0
28761,40964,1.0
28762,40965,1.0
28763,40966,1.0
28764,40967,1.0
28765,40968,1.0
28766,40969,1.0
28767,30425,1.0
28768,33097,1.0
28769,40970,0.571429
28769,40971,0.428571
28770,40972,1.0
28771,40973,1.0
28772,40974,1.0
28773,40975,1.0
28774,40976,1.0
28775,32142,1.0
28776,37266,1.0
28777,40977,1.0
28778,40978,1.0
28779,40979,1.0
28780,40980,1.0
28781,40981,1.0
28782,40982,1.0
28783,40983,1.0
28784,40984,1.0
28785,40985,1.0
28786,40986,1.0
28787,40987,1.0
28788,40988,1.0
28789,40989,1.0
28790,40990,1.0
28791,40991,1.0
28792,40992,1.0
28793,40993,1.0
28794,40994,1.0
28795,40995,1.0
28796,40996,1.0
28797,40997,1.0
28798,39931,1.0
28799,40998,1.0
28800,40999,1.0
28801,41000,1.0
28802,41001,1.0
28803,41002,1.0
28804,41003,1.0
28805,41004,1.0
28806,41005,1.0
28807,41006,1.0
28808,41007,1.0
28809,41008,1.0
28810,31393,1.0
28811,41009,1.0
28812,41010,1.0
28813,41011,1.0
28814,41012,1.0
28815,41013,1.0
28816,41014,1.0
28817,41015,1.0
28818,41016,1.0
28819,29704,1.0
28820,41017,0.5
28820,41018,0.5
28821,41019,1.0
28822,41020,1.0
28823,32157,0.625
28823,41021,0.375
28824,41022,1.0
28825,41023,1.0
28826,41024,1.0
28827,41025,1.0
28828,41026,1.0
28829,41027,1.0
28830,41028,1.0
28831,41029,1.0
28832,41030,1.0
28833,41031,1.0
28834,33775,1.0
28835,41032,1.0
28836,41033,1.0
28837,41034,1.0
28838,41035,1.0
28839,41036,1.0
28840,41037,1.0
28841,41038,1.0
28842,41039,1.0
28843,41040,1.0
28844,41041,1.0
28845,41042,1.0
28846,41043,1.0
28847,41044,1.0
28848,41045,1.0
28849,34834,0.571429
28849,41046,0.428571
28850,41047,1.0
28851,41048,0.791667
28851,41049,0.208333
28852,41050,1.0
28853,32992,0.846154
28853,41051,0.153846
28854,41052,1.0
28855,36122,1.0
28856,41053,1.0
28857,37007,0.925926
28857,41054,0.074074
28858,41055,1.0
28859,41056,1.0
28860,41057,1.0
28861,41058,1.0
28862,41059,1.0
28863,41060,1.0
28864,41061,1.0
28865,39452,1.0
28866,41062,1.0
28867,41063,1.0
28868,34345,0.8
28868,41064,0.2
28869,41065,0.833333
28869,35163,0.166667
28870,41066,1.0
28871,41067,1.0
28872,41068,1.0
28873,41069,1.0
28874,41070,1.0
28875,41071,1.0
28876,32514,0.666667
28876,41072,0.333333
28877,35677,1.0
28878,41073,1.0
28879,41074,0.6
28879,41075,0.4
28880,41076,1.0
28881,41077,1.0
28882,41078,1.0
28883,41079,1.0
28884,41080,1.0
28885,41081,1.0
28886,41082,1.0
28887,41083,1.0
28888,41084,1.0
28889,41085,1.0
28890,41086,1.0
28891,41087,1.0
28892,31045,1.0
28893,41088,1.0
28894,41089,1.0
28895,41090,1.0
28896,41091,1.0
28897,41092,1.0
28898,30899,1.0
28899,41093,1.0
28900,41094,1.0
28901,41095,1.0
28902,41096,1.0
28903,41097,1.0
28904,41098,1.0
28905,41099,1.0
28906,41100,1.0
28907,41101,1.0
28908,41102,0.875
28908,41103,0.125
28909,41104,1.0
28910,41105,1.0
28911,41106,1.0
28912,41107,1.0
28913,39507,1.0
28914,41108,1.0
28915,41109,1.0
28916,41110,1.0
28917,41111,1.0
28918,41112,1.0
28919,41113,1.0
28920,38253,0.785714
28920,41114,0.214286
28921,41115,1.0
28922,41116,1.0
28923,41117,1.0
28924,41118,1.0
28925,41119,1.0
28926,41120,1.0
28927,41121,1.0
28928,41122,1.0
28929,41123,1.0
28930,37942,1.0
28931,41124,1.0
28932,41125,1.0
28933,41126,1.0
28934,41127,1.0
28935,41128,1.0
28936,41129,1.0
28937,41130,1.0
28938,41131,1.0
28939,41132,1.0
28940,32690,1.0
28941,33827,1.0
28942,35045,1.0
28943,41133,1.0
28944,41134,1.0
28945,41135,1.0
28946,41136,1.0
28947,41137,1.0
28948,41138,1.0
28949,41139,1.0
28950,41140,1.0
28951,41141,1.0
28952,33480,0.866667
28952,41142,0.133333
28953,41143,1.0
28954,33853,1.0
28955,41144,1.0
28956,41145,1.0
28957,41146,1.0
28958,41147,1.0
28959,41148,1.0
28960,41149,1.0
28961,41150,1.0
28962,41151,1.0
28963,41152,1.0
28964,41153,1.0
28965,41154,1.0
28966,41155,1.0
28967,41156,1.0
28968,41157,1.0
28969,41158,1.0
28970,41159,1.0
28971,41160,1.0
28972,41161,1.0
28973,41162,1.0
28974,41163,1.0
28975,41164,1.0
28976,41165,1.0
28977,41166,1.0
28978,41167,1.0
28979,41168,1.0
28980,41169,0.794118
28980,41170,0.205882
28981,41171,1.0
28982,41172,1.0
28983,30108,1.0
28984,41173,1.0
28985,32963,0.666667
28985,41174,0.333333
28986,41175,1.0
28987,41176,1.0
28988,41177,1.0
28989,41178,1.0
28990,41179,1.0
28991,38687,1.0
28992,41180,1.0
28993,41181,1.0
28994,41182,1.0
28995,41183,1.0
28996,41184,1.0
28997,41185,1.0
28998,41186,1.0
28999,38323,1.0
29000,41187,1.0
29001,41188,1.0
29002,30112,1.0
29003,36945,1.0
29004,41189,1.0
29005,41190,1.0
29006,41191,1.0
29007,41192,0.6875
29007,41193,0.3125
29008,29394,1.0
29009,41194,1.0
29010,41195,1.0
29011,41196,1.0
29012,41197,0.25
29012,41198,0.75
29013,41199,1.0
29014,41200,1.0
29015,41201,1.0
29016,33146,0.761905
29016,41202,0.238095
29017,41203,1.0
29018,41204,1.0
29019,41205,1.0
29020,41206,1.0
29021,41207,1.0
29022,41208,1.0
29023,41209,1.0
29024,34986,1.0
29025,41210,1.0
29026,35470,1.0
29027,36368,1.0
29028,41211,1.0
29029,41212,1.0
29030,41213,0.75
29030,41214,0.25
29031,41215,1.0
29032,41216,1.0
29033,41217,1.0
29034,41218,1.0
29035,35425,0.538462
29035,41219,0.461538
29036,41220,1.0
29037,41221,1.0
29038,41222,1.0
29039,41223,1.0
29040,41224,1.0
29041,41225,1.0
29042,41226,1.0
29043,41227,1.0
29044,41228,1.0
29045,41229,1.0
29046,41230,1.0
29047,41231,1.0
29048,41232,1.0
29049,40394,1.0
29050,41233,1.0
29051,38217,1.0
29052,41234,1.0
29053,41235,1.0
29054,41236,1.0
29055,41237,1.0
29056,39347,1.0
29057,41238,1.0
29058,32525,1.0
29059,41239,1.0
29060,41240,1.0
29061,41241,1.0
29062,41242,1.0
29063,41243,1.0
29064,41244,1.0
29065,41245,1.0
29066,41246,1.0
29067,41247,1.0
29068,41248,1.0
29069,41249,1.0
29070,41250,1.0
29071,41251,1.0
29072,41252,1.0
29073,41253,1.0
29074,41254,1.0
29075,41255,1.0
29076,41256,1.0
29077,41257,1.0
29078,41258,1.0
29079,41259,1.0
29080,41260,0.571429
29080,41261,0.428571
29081,41262,1.0
29082,41263,1.0
29083,36663,0.84
29083,41264,0.16
29084,41265,1.0
29085,35510,0.6
29085,41266,0.4
29086,41267,1.0
29087,41268,1.0
29088,41269,1.0
29089,41270,1.0
29090,41271,1.0
29091,41272,1.0
29092,41273,1.0
29093,41274,1.0
29094,41275,1.0
29095,41276,1.0
29096,41277,1.0
29097,41278,1.0
29098,41279,1.0
29099,41280,1.0
29100,41281,1.0
29101,41282,1.0
29102,41283,1.0
29103,41284,1.0
29104,41285,1.0
29105,41286,1.0
29106,41287,1.0
29107,41288,1.0
29108,41289,1.0
29109,41290,1.0
29110,41291,0.777778
29110,41292,0.222222
29111,41293,1.0
29112,38751,1.0
29113,41294,1.0
29114,39250,1.0
29115,36025,1.0
29116,41295,1.0
29117,41296,1.0
29118,41297,1.0
29119,41298,1.0
29120,41299,1.0
29121,41300,1.0
29122,41301,1.0
29123,41302,1.0
29124,41303,1.0
29125,41304,1.0
29126,41305,1.0
29127,41306,1.0
29128,41307,1.0
29129,41308,1.0
29130,41309,1.0
29131,41310,1.0
29132,41311,1.0
29133,41312,1.0
29134,41313,1.0
29135,36653,1.0
29136,41314,1.0
29137,41315,1.0
29138,41316,1.0
29139,41317,1.0
29140,41318,1.0
29141,41319,1.0
29142,37322,1.0
29143,41320,1.0
29144,41321,1.0
29145,41322,1.0
29146,41323,1.0
29147,41324,1.0
29148,37602,1.0
29149,29540,1.0
29150,41325,1.0
29151,41326,1.0
29152,41327,1.0
29153,41328,1.0
29154,41329,1.0
29155,41330,1.0
29156,41331,1.0
29157,41332,1.0
29158,38859,1.0
29159,30511,0.980952
29159,41333,0.019048
29160,41334,1.0
29161,38715,1.0
29162,41335,1.0
29163,41336,1.0
29164,41337,1.0
29165,41338,1.0
29166,41339,1.0
29167,41340,1.0
29168,41341,1.0
29169,41342,1.0
29170,41343,1.0
29171,41344,1.0
29172,41345,1.0
29173,39118,1.0
29174,41346,1.0
29175,41347,1.0
29176,41348,1.0
29177,41349,1.0
29178,41350,1.0
29179,41351,0.5
29179,39643,0.5
29180,41352,1.0
29181,41353,1.0
29182,41354,1.0
29183,41355,1.0
29184,41356,1.0
29185,41357,1.0
29186,41358,1.0
29187,41359,1.0
29188,41360,1.0
29189,41361,1.0
29190,41362,1.0
29191,41363,1.0
29192,36805,1.0
29193,41364,1.0
29194,30547,1.0
29195,41365,1.0
29196,41366,1.0
29197,41367,0.352941
29197,41368,0.647059
29198,41369,1.0
29199,41370,1.0
29200,29796,0.636364
29200,41371,0.363636
29201,41372,1.0
29202,41373,1.0
29203,41374,1.0
29204,41375,1.0
29205,41376,1.0
29206,41377,1.0
29207,41378,1.0
29208,41379,1.0
29209,41380,1.0
29210,31164,0.948052
29210,41381,0.051948
29211,41382,1.0
29212,33974,1.0
29213,41383,1.0
29214,41384,1.0
29215,41385,1.0
29216,41386,1.0
29217,41387,1.0
29218,41388,1.0
29219,41389,1.0
29220,41390,1.0
29221,41391,1.0
29222,41392,1.0
29223,39509,0.714286
29223,41393,0.285714
29224,41394,1.0
29225,41395,1.0
29226,41396,1.0
29227,41397,1.0
29228,37135,1.0
29229,41398,1.0
29230,41399,1.0
29231,41400,1.0
29232,41401,1.0
29233,41402,1.0
29234,41403,1.0
29235,41404,1.0
29236,41405,1.0
29237,41406,1.0
29238,36767,0.878049
29238,41407,0.121951
29239,41408,1.0
29240,41409,1.0
29241,41410,1.0
29242,41411,1.0
29243,41412,1.0
29244,41413,1.0
29245,41414,0.75
29245,41415,0.25
29246,41416,1.0
29247,41417,1.0
29248,41418,1.0
29249,41419,1.0
29250,41420,1.0
29251,41421,1.0
29252,41422,1.0
29253,41423,1.0
29254,41424,1.0
29255,41425,1.0
29256,41426,1.0
29257,41427,1.0
29258,41428,1.0
29259,41429,1.0
29260,41430,1.0
29261,41431,1.0
29262,41432,1.0
29263,41433,1.0
29264,41434,1.0
29265,41435,1.0
29266,41436,1.0
29267,41437,1.0
29268,41438,1.0
29269,41439,1.0
29270,41440,1.0
29271,41441,1.0
29272,41442,1.0
29273,41443,1.0
29274,41444,1.0
29275,41445,1.0
29276,41446,0.666667
29276,41447,0.333333
29277,41448,1.0
29278,41449,1.0
29279,41450,1.0
29280,41451,1.0
29281,41452,1.0
29282,41453,1.0
29283,41454,1.0
29284,41455,1.0
29285,41456,1.0
29286,41457,1.0
29287,41458,1.0
29288,41459,1.0
29289,41460,1.0
29290,41461,1.0
29291,41462,1.0
29292,41463,1.0
29293,41464,1.0
29294,41465,1.0
29295,41466,1.0
29296,41467,1.0
29297,41468,1.0
29298,29984,1.0
29299,41469,1.0
29300,41470,1.0
29301,30860,1.0
29302,39052,1.0
29303,41471,1.0
29304,41472,1.0
29305,41473,1.0
29306,41474,1.0
29307,41475,1.0
29308,41476,1.0
29309,41477,1.0
29310,41478,1.0
29311,41479,1.0
29312,41480,1.0
29313,41481,1.0
29314,41482,1.0
29315,41483,1.0
29316,41484,1.0
29317,41485,1.0
29318,30891,1.0
29319,41486,1.0
29320,41487,1.0
29321,41488,1.0
29322,41489,1.0
29323,41490,1.0
29324,41491,1.0
29325,41492,1.0
29326,41493,1.0
29327,41494,1.0
29328,41495,1.0
29329,41496,1.0
29330,41497,1.0
29331,41498,1.0
29332,41499,1.0
29333,41500,1.0
29334,41501,1.0
29335,41502,1.0
29336,41503,1.0
29337,41504,1.0
29338,41505,1.0
29339,41506,1.0
29340,41507,1.0
29341,41508,1.0
29342,41509,1.0
29343,41510,1.0
29344,41511,1.0
29345,41512,1.0
29346,41513,1.0
29347,41514,1.0
