1,13160,0.380186
2,13161,0.190764
2,17763,0.388157
2,23130,0.050027
3,13162,0.723063
4,13163,0.06137
4,14446,0.319017
4,16643,0.050352
4,13325,0.051835
5,13164,0.187449
5,16125,0.065745
5,17216,0.113507
5,14755,0.127759
6,13165,0.632053
7,13166,0.117322
7,16103,0.419612
7,20089,0.209345
8,13167,0.158445
8,13958,0.072973
8,13437,0.129611
8,17651,0.070909
9,13168,0.165395
9,13527,0.361277
10,13169,0.230829
10,16024,0.058001
10,14326,0.051816
11,13170,0.092209
11,14869,0.468904
11,19236,0.130932
12,13171,0.373943
12,14523,0.234209
13,13172,0.088141
13,15321,0.136082
14,13173,0.266532
14,15830,0.417409
15,13174,0.051752
15,13614,0.408906
16,13175,0.162228
17,13176,0.441257
18,13177,0.081443
19,13178,0.231751
19,13662,0.084869
20,13179,0.29892
20,13714,0.122709
20,14098,0.063458
20,14122,0.058959
21,13180,0.237873
21,13735,0.309917
21,14505,0.073932
22,13181,0.141866
22,13415,0.103849
23,13182,0.199846
23,15857,0.20157
23,17002,0.057198
24,13183,0.108186
24,17556,0.150814
25,13184,0.094071
25,16457,0.117101
25,16857,0.17748
26,13185,0.117122
26,14313,0.110738
26,15373,0.119329
27,13186,0.456667
28,13187,0.670611
29,13188,0.482032
29,16947,0.082139
29,18636,0.070631
30,13189,0.360678
30,14551,0.189898
31,13190,0.137309
31,15096,0.272657
31,15152,0.050187
31,17617,0.113449
32,13191,0.070262
32,13981,0.11181
32,13192,0.070494
33,13192,0.079012
33,15145,0.105375
33,13981,0.103209
33,15788,0.173035
33,19754,0.062474
34,13193,0.160802
34,13977,0.311679
34,14609,0.086999
35,13194,0.82913
36,13195,0.732723
37,13196,0.2895
37,14963,0.0979
37,15629,0.098944
38,13197,0.097057
38,16665,0.221018
38,15488,0.143858
38,14939,0.103225
39,13198,0.1258
39,15550,0.089991
40,13199,0.459838
40,15953,0.050638
41,13200,0.240913
41,13263,0.067121
41,13230,0.062201
41,18464,0.109638
42,13201,0.432343
42,16171,0.062674
42,15394,0.129374
43,13202,0.324951
43,16730,0.161055
44,13203,0.480315
44,21574,0.205527
45,13204,0.199508
46,13205,0.064864
46,14781,0.260688
46,14921,0.145167
47,13206,0.206575
47,18294,0.076362
47,20045,0.207636
48,13207,0.45002
48,13355,0.053632
49,13208,0.363502
49,14844,0.30699
50,13209,0.192717
50,14189,0.074295
50,13377,0.111509
51,13210,0.397623
51,17542,0.098236
52,13211,0.392246
52,15202,0.169277
52,16189,0.0721
53,13212,0.327637
53,14968,0.059239
54,13213,0.293605
54,13677,0.11435
54,15296,0.060868
54,14069,0.116003
55,13214,0.459805
56,13215,0.061016
56,18550,0.159084
56,16265,0.248079
57,13216,0.357132
57,16279,0.231605
57,17428,0.05767
58,13217,0.183405
59,13218,0.398304
60,13219,0.091843
60,15541,0.069281
60,16908,0.057203
61,13220,0.383425
61,13221,0.360199
61,17369,0.119165
62,13222,0.211926
62,14482,0.23391
62,16448,0.071586
63,13223,0.145873
63,13729,0.057522
63,14244,0.260967
64,13224,0.424954
64,13406,0.058121
64,14574,0.115449
65,13225,0.31933
65,13226,0.208864
66,13226,0.266754
67,13227,0.060914
68,13228,0.151212
69,13229,0.075518
70,13228,0.165963
70,13305,0.177102
70,13303,0.170747
71,13230,0.300878
72,13228,0.226686
73,13231,0.141429
73,14164,0.13569
73,14014,0.069652
73,13286,0.079422
74,13232,0.404768
74,15194,0.242431
75,13233,0.218026
75,13417,0.116304
75,19998,0.053168
76,13234,0.561342
77,13235,0.120787
77,15019,0.126809
77,16514,0.090741
77,14923,0.066589
77,16001,0.060474
78,13236,0.453505
78,16316,0.08627
78,20305,0.07418
79,13237,0.384618
79,20282,0.156165
79,21350,0.090771
80,13238,0.324795
80,17645,0.077903
80,18427,0.108781
81,13239,0.135
81,13240,0.109955
82,13241,0.449181
83,13242,0.368051
84,13243,0.542291
85,13244,0.347167
85,13245,0.302054
86,13246,0.308094
87,13247,0.068546
87,13763,0.062431
87,14554,0.062475
87,15491,0.126643
87,16069,0.082772
87,13266,0.052894
88,13226,0.115123
88,13225,0.151259
89,13248,0.300926
89,14544,0.111487
89,14925,0.095184
90,13249,0.264181
91,13250,0.152186
92,13251,0.138728
92,16004,0.251337
93,13252,0.130981
93,13404,0.130469
93,14190,0.114442
93,13284,0.094733
94,13253,0.227112
94,18123,0.33137
94,13213,0.076381
94,21424,0.051486
95,13254,0.089418
95,14430,0.115006
95,13348,0.056179
96,13255,0.197405
96,13907,0.476873
97,13256,0.337743
97,13539,0.129792
97,15245,0.148414
98,13257,0.261184
98,14104,0.062145
98,16250,0.088946
99,13258,0.262504
99,15072,0.270179
99,17858,0.050396
99,20190,0.085645
100,13259,0.177547
100,19154,0.174516
100,19365,0.108791
100,16778,0.066576
101,13260,0.634715
102,13261,0.452199
103,13262,0.140342
103,13267,0.262215
103,15337,0.225643
104,13264,0.395498
104,19984,0.15024
104,20271,0.081677
105,13265,0.271116
105,17054,0.2444
106,13266,0.137517
106,14661,0.084915
106,16069,0.149315
107,13268,0.123362
107,14425,0.2018
107,16760,0.051397
107,14109,0.062219
108,13269,0.153708
108,13379,0.063162
109,13270,0.221032
109,14550,0.224475
109,17433,0.050868
110,13271,0.054589
110,15588,0.423424
110,13280,0.22066
110,16479,0.054372
111,13231,0.186992
112,13272,0.217486
113,13273,0.440993
114,13274,0.192396
114,14289,0.068166
115,13275,0.347493
115,19373,0.215068
116,13276,0.435296
116,13376,0.134329
116,13870,0.057579
117,13277,0.064536
117,15993,0.071411
117,13476,0.109233
118,13278,0.287254
118,14545,0.078147
119,13279,0.305416
119,17006,0.186128
119,19573,0.059443
119,19588,0.05227
120,13280,0.107379
120,14798,0.101771
121,13281,0.358467
122,13282,0.406349
123,13283,0.090719
123,14196,0.115584
123,15792,0.128483
123,17110,0.07593
123,20334,0.100351
124,13284,0.466831
124,13252,0.061819
124,13327,0.095316
124,14338,0.062665
125,13285,0.127831
125,13715,0.372766
126,13286,0.398722
126,13231,0.111187
126,13379,0.051692
126,13383,0.065885
126,21138,0.055031
126,21222,0.054923
127,13287,0.29753
127,14159,0.088788
127,18786,0.090156
127,19339,0.065709
128,13288,0.11819
128,18259,0.078669
128,22621,0.098943
128,15211,0.097998
129,13289,0.100306
130,13217,0.150072
130,17848,0.155309
131,13290,0.200278
132,13291,0.061817
132,13292,0.35799
133,13293,0.172133
133,13949,0.079715
133,13476,0.068447
133,16331,0.060596
134,13294,0.432599
134,14201,0.058162
135,13295,0.165774
135,16389,0.359177
135,20875,0.073637
136,13296,0.200675
136,14615,0.09054
136,14662,0.062047
136,16892,0.072635
137,13297,0.185176
137,14694,0.118613
137,17685,0.131734
138,13298,0.458535
139,13299,0.43792
139,14363,0.098079
139,14672,0.06096
140,13300,0.058653
140,14665,0.3043
140,17374,0.168182
141,13301,0.251541
141,13438,0.081087
142,13302,0.521069
142,15412,0.108003
143,13303,0.442681
144,13240,0.27474
144,13239,0.286367
145,13304,0.29404
146,13305,0.428713
147,13306,0.213254
147,16181,0.139916
147,13473,0.074886
148,13307,0.11755
148,16401,0.056144
148,17191,0.113541
148,19286,0.113633
148,20837,0.059784
149,13308,0.245753
149,13404,0.057984
150,13309,0.463914
150,14533,0.186844
151,13310,0.174612
151,13673,0.456262
152,13311,0.455839
152,14478,0.059185
152,16357,0.073266
153,13290,0.486885
153,13390,0.295682
154,13312,0.331476
154,15929,0.219525
155,13313,0.403178
155,16986,0.099851
156,13204,0.412721
156,13316,0.050196
157,13314,0.208347
157,20011,0.116489
158,13176,0.326348
159,13315,0.213871
160,13316,0.210835
161,13317,0.400086
162,13317,0.432613
162,14844,0.084321
163,13317,0.688948
164,13318,0.190352
164,13727,0.155295
164,13703,0.104179
164,15818,0.118704
165,13319,0.15803
165,18186,0.326231
165,19500,0.178767
166,13320,0.216895
166,14402,0.110441
166,14764,0.141863
167,13321,0.447727
168,13322,0.090978
168,15862,0.231758
169,13323,0.178828
169,14607,0.119834
169,14640,0.217795
170,13324,0.299033
170,14008,0.089914
170,17693,0.090853
171,13325,0.41785
171,15251,0.07227
172,13326,0.247957
172,13432,0.115481
172,14667,0.065821
173,13327,0.111275
173,14225,0.214362
174,13328,0.208316
174,17201,0.21341
174,20629,0.056664
174,20109,0.145628
175,13329,0.595888
176,13330,0.475933
177,13330,0.32613
178,13331,0.108004
178,16725,0.182063
179,13332,0.096907
179,16485,0.126573
179,22065,0.13167
179,19273,0.12851
180,13333,0.444185
180,21105,0.14011
181,13334,0.080487
181,13420,0.227863
181,14832,0.141555
181,18299,0.102184
182,13335,0.106866
182,13553,0.128208
182,15348,0.260931
183,13336,0.114874
184,13337,0.117713
184,13292,0.187644
184,15808,0.076677
185,13338,0.106188
185,14566,0.386309
185,13538,0.087604
186,13339,0.392508
187,13269,0.19765
187,14223,0.142869
188,13340,0.17966
188,15994,0.288477
189,13341,0.351667
189,23100,0.223575
190,13342,0.243563
190,18607,0.056815
191,13343,0.798832
192,13344,0.113637
193,13344,0.155348
194,13175,0.076005
195,13303,0.069537
196,13345,0.405535
197,13346,0.857611
198,13217,0.409158
199,13303,0.214379
199,13217,0.471452
200,13347,0.404677
201,13250,0.102146
202,13176,0.226317
203,13348,0.190583
203,16790,0.115263
203,16792,0.086206
204,13349,0.395786
204,16820,0.237397
205,13350,0.603464
206,13351,0.086473
207,13305,0.275607
208,13352,0.68709
209,13353,0.267507
209,14105,0.1354
209,17027,0.074618
209,19238,0.0993
210,13354,0.061186
210,14324,0.050561
210,14923,0.1113
210,13235,0.205257
211,13355,0.169602
211,13682,0.056227
211,13752,0.056936
211,14164,0.061691
212,13356,0.081393
212,13523,0.063817
212,14984,0.054179
213,13357,0.532947
214,13244,0.318702
215,13358,0.07654
215,13458,0.114799
215,13861,0.224421
216,13359,0.068337
216,13516,0.348057
216,13811,0.066067
216,14253,0.058656
217,13360,0.442506
217,14229,0.131685
217,14187,0.161306
218,13361,0.055956
218,15457,0.161843
219,13362,0.083047
219,14434,0.29284
219,18928,0.064717
219,15809,0.101393
219,14379,0.086315
220,13363,0.363499
220,15164,0.17179
221,13364,0.198481
221,15302,0.415332
222,13365,0.362703
222,13366,0.144395
223,13273,0.150191
223,13369,0.269259
223,13365,0.126388
224,13367,0.333327
224,17548,0.214064
225,13368,0.069565
225,14120,0.10106
225,14439,0.378183
225,14438,0.098046
226,13370,0.088214
226,13221,0.149587
226,15353,0.392236
227,13209,0.099643
227,13591,0.225695
227,14646,0.052186
228,13371,0.352939
228,17640,0.154811
229,13372,0.511691
229,17071,0.148402
230,13225,0.081109
230,13177,0.07292
231,13373,0.177535
232,13304,0.420534
233,13374,0.706617
234,13375,0.172577
234,14799,0.160857
235,13377,0.688935
236,13378,0.135066
236,13463,0.131737
236,17035,0.121276
237,13379,0.288119
237,14988,0.181489
237,17084,0.077595
238,13380,0.266093
238,15069,0.120657
238,14944,0.131093
239,13381,0.168984
239,14469,0.051567
239,13214,0.075186
239,18595,0.061392
239,13725,0.107945
239,13773,0.052802
240,13382,0.500719
241,13383,0.166329
241,16554,0.203813
242,13384,0.338819
243,13385,0.646894
244,13386,0.275315
244,14106,0.281121
245,13387,0.189666
245,13459,0.138015
245,14553,0.055748
245,18896,0.080464
246,13388,0.114573
246,13353,0.102886
246,14852,0.060792
246,15110,0.177311
246,16928,0.052857
247,13389,0.21293
247,15904,0.224563
248,13344,0.195298
249,13390,0.664027
250,13391,0.402518
251,13392,0.273422
251,14835,0.210807
252,13393,0.202026
252,21835,0.092493
252,22033,0.202086
253,13394,0.159938
253,14599,0.060228
253,16382,0.117281
253,20777,0.078029
254,13395,0.315922
254,16047,0.279199
254,19536,0.055248
255,13396,0.767066
256,13397,0.051828
256,13398,0.093777
256,14329,0.262782
256,17693,0.109155
256,14168,0.062792
257,13399,0.129724
257,14704,0.150841
257,15252,0.093725
257,16042,0.06178
257,16306,0.063566
258,13400,0.445146
258,14214,0.207397
259,13401,0.540357
260,13402,0.167276
260,13832,0.110507
260,14685,0.157552
260,15055,0.08738
261,13403,0.089096
261,13926,0.057223
261,14218,0.105757
261,15848,0.064135
261,16039,0.078986
262,13404,0.143871
262,15649,0.057552
262,15871,0.172729
263,13405,0.147891
263,13451,0.203276
263,13819,0.243132
263,16030,0.180987
264,13406,0.071293
264,13502,0.115176
264,14629,0.126646
265,13407,0.490466
265,16096,0.082315
266,13176,0.173671
267,13408,0.484723
267,21763,0.172591
268,13409,0.83562
269,13410,0.169141
269,15192,0.156273
269,16281,0.182404
270,13411,0.050019
270,13947,0.077894
270,14015,0.165277
270,15898,0.238905
271,13412,0.240662
271,14810,0.06088
271,16023,0.135677
272,13413,0.359048
272,13722,0.066799
272,15407,0.103915
273,13414,0.55892
274,13416,0.08357
274,15377,0.06578
274,17072,0.105534
274,20416,0.118185
275,13417,0.06101
275,13578,0.155992
275,14453,0.092317
276,13418,0.251798
277,13290,0.460201
278,13260,0.727812
279,13419,0.168128
279,15346,0.114041
279,17075,0.163299
279,22559,0.097548
280,13420,0.102732
280,18299,0.204019
281,13421,0.056275
281,13469,0.289784
281,14114,0.054276
282,13291,0.0537
282,13551,0.171146
282,15418,0.064619
282,17297,0.057195
283,13422,0.083108
283,14683,0.054315
283,13990,0.076713
283,13475,0.119596
283,13720,0.057045
284,13423,0.359026
285,13424,0.458067
286,13425,0.273509
286,13175,0.057213
287,13225,0.528029
287,13226,0.085203
288,13426,0.289769
289,13427,0.062871
289,15504,0.219573
289,16751,0.162804
289,13215,0.122885
290,13428,0.140625
290,13225,0.150422
291,13429,0.717543
292,13430,0.195859
293,13431,0.053844
293,14957,0.375858
293,21901,0.086729
294,13433,0.685307
295,13434,0.05106
295,15095,0.079494
295,16336,0.065983
295,14409,0.079339
296,13435,0.122862
296,15914,0.063531
296,16153,0.133539
297,13436,0.467139
297,15180,0.102178
298,13437,0.167529
298,14287,0.289445
298,13383,0.053881
298,13860,0.066205
299,13438,0.331519
299,14713,0.316909
299,15406,0.051373
300,13439,0.182815
300,14403,0.240737
301,13440,0.064369
301,15526,0.315998
302,13441,0.354577
302,13584,0.148721
303,13442,0.139164
304,13290,0.49264
305,13218,0.621126
306,13443,0.156953
306,13231,0.050371
306,13379,0.126747
306,14023,0.27039
307,13444,0.193823
307,14477,0.367515
308,13445,0.157196
308,13893,0.16567
308,14444,0.19076
308,16170,0.101541
309,13446,0.228646
309,13476,0.109091
309,13477,0.134589
309,13780,0.06267
310,13308,0.177192
310,13269,0.145535
310,16626,0.062019
311,13447,0.320687
311,14193,0.08211
312,13448,0.609471
313,13269,0.447069
313,14236,0.070158
314,13418,0.340129
315,13449,0.446873
315,13379,0.0814
316,13450,0.172288
317,13451,0.412002
317,13452,0.091852
317,14999,0.118033
318,13453,0.169094
318,14331,0.225982
318,17493,0.126355
319,13454,0.494629
319,20983,0.145679
320,13455,0.312678
320,15071,0.122444
320,16687,0.068159
321,13456,0.112452
321,13212,0.057822
322,13379,0.738343
323,13457,0.093931
323,13932,0.10005
323,13941,0.070593
323,14697,0.125531
323,16470,0.057489
324,13383,0.214754
324,17232,0.309738
325,13460,0.384032
325,13461,0.191264
325,14935,0.170805
326,13462,0.13201
326,15894,0.390699
326,13186,0.057763
327,13463,0.233013
327,13521,0.080554
327,14404,0.059125
327,13561,0.050228
328,13464,0.088923
328,13828,0.075404
328,14215,0.061512
328,14949,0.169841
328,17179,0.052446
329,13465,0.222687
329,13935,0.118383
329,15975,0.090063
329,15321,0.085967
330,13466,0.385406
330,14177,0.248692
331,13467,0.332632
331,16615,0.051014
331,22972,0.292995
332,13468,0.181909
332,17979,0.064446
333,13470,0.498215
334,13460,0.503804
334,14698,0.072174
335,13471,0.461779
335,14485,0.10133
336,13472,0.400659
336,13610,0.11323
337,13473,0.058644
337,13306,0.341667
337,14542,0.052176
338,13474,0.145806
338,13361,0.235212
338,13172,0.084372
339,13461,0.212911
339,14006,0.071801
339,13475,0.059854
339,14935,0.083142
340,13475,0.179985
340,13328,0.069
341,13476,0.053487
341,13477,0.265729
341,15040,0.052311
341,18630,0.112454
342,13478,0.279459
342,14138,0.066862
342,14991,0.145267
342,13725,0.08277
343,13479,0.659467
344,13480,0.19089
344,13857,0.098334
344,15113,0.19728
344,18034,0.050469
345,13481,0.304532
345,14012,0.346893
346,13482,0.532901
347,13483,0.147211
347,13782,0.193123
347,19517,0.118004
347,15471,0.072898
348,13484,0.438983
348,16160,0.056098
348,16806,0.11591
349,13485,0.47141
349,14198,0.111386
349,16889,0.109573
350,13486,0.370832
350,15061,0.069856
350,13509,0.052057
351,13487,0.525559
351,14736,0.077748
352,13488,0.265054
352,13648,0.419281
353,13489,0.132813
354,13317,0.391699
355,13490,0.070459
355,15596,0.184734
356,13491,0.456919
356,15843,0.124768
357,13492,0.519103
358,13493,0.184732
358,13533,0.070902
358,13936,0.087047
359,13494,0.086762
359,16584,0.256761
359,17297,0.101463
359,17242,0.074367
360,13495,0.16443
361,13496,0.290567
362,13497,0.405065
363,13498,0.297031
364,13499,0.393207
365,13500,0.633476
366,13330,0.297968
367,13501,0.657715
368,13503,0.168922
368,16055,0.094272
368,14723,0.094161
369,13504,0.703645
370,13505,0.454818
371,13506,0.164509
371,16803,0.268386
371,16961,0.074425
372,13507,0.088087
372,19257,0.296906
372,21547,0.227219
372,23287,0.074705
373,13508,0.217826
373,14249,0.186316
373,14715,0.066787
373,15328,0.067273
374,13509,0.11347
374,14492,0.252986
374,14990,0.050694
375,13510,0.269661
375,15660,0.327479
376,13511,0.757338
377,13512,0.691188
378,13513,0.384581
379,13514,0.05651
379,13526,0.125263
379,14851,0.067801
379,15027,0.064657
379,17884,0.082581
380,13515,0.069711
381,13517,0.52471
382,13518,0.301384
383,13519,0.608504
384,13250,0.12497
384,13496,0.072433
385,13520,0.116103
386,13522,0.645218
387,13524,0.128303
387,14823,0.091541
387,16714,0.175238
387,14571,0.053552
388,13525,0.065528
388,14463,0.069213
388,15311,0.092396
388,14885,0.146729
389,13526,0.059144
389,14870,0.096646
389,18370,0.062114
390,13528,0.641872
391,13529,0.343599
391,19830,0.082553
392,13530,0.081594
392,20732,0.052176
392,18643,0.093869
392,21095,0.239884
392,22352,0.050449
393,13531,0.298272
393,19107,0.083566
394,13532,0.537594
394,14294,0.124331
395,13534,0.133619
395,16078,0.179755
396,13535,0.283257
396,16874,0.155707
396,18691,0.097246
396,17623,0.093354
397,13508,0.096512
397,13831,0.061876
397,14715,0.106897
397,14249,0.119305
398,13536,0.419128
398,13208,0.316567
399,13537,0.087598
399,14803,0.213852
399,14356,0.176944
400,13538,0.071583
400,14566,0.117551
400,15186,0.212231
400,14059,0.094937
401,13539,0.052942
401,13541,0.249779
401,15245,0.214529
401,13256,0.201101
402,13540,0.260647
402,15114,0.401816
403,13523,0.129411
403,21571,0.133685
403,22234,0.25186
404,13542,0.170865
404,19114,0.101552
404,19546,0.106926
405,13543,0.366763
406,13544,0.147507
406,20781,0.440226
407,13545,0.109243
407,14850,0.133109
407,16111,0.247821
407,13611,0.060312
408,13546,0.156392
408,13778,0.100289
408,14184,0.060694
408,14297,0.375185
409,13547,0.05916
409,14236,0.231494
409,13789,0.140637
409,15077,0.082482
410,13343,0.799918
411,13548,0.224509
411,14897,0.087177
411,15841,0.061593
411,14185,0.108783
411,15571,0.061091
411,17734,0.056032
412,13549,0.484736
413,13550,0.167418
413,14293,0.103
413,15854,0.077593
413,16428,0.082747
414,13490,0.527463
414,13551,0.090425
415,13552,0.618663
416,13553,0.058776
416,14415,0.076126
416,15358,0.193014
417,13554,0.383672
417,16524,0.051255
417,18731,0.071866
418,13555,0.056316
418,14683,0.117782
418,16876,0.211027
419,13556,0.238268
420,13360,0.439301
420,15126,0.169831
421,13557,0.055449
421,13627,0.472396
421,14590,0.060035
422,13558,0.290791
422,13705,0.106523
422,14079,0.225725
423,13559,0.156203
423,13565,0.130035
423,15745,0.206169
424,13560,0.249566
425,13541,0.365039
425,13879,0.077327
426,13561,0.163582
426,13904,0.268244
427,13562,0.69069
428,13563,0.057366
428,13570,0.193248
428,21405,0.05528
428,22459,0.057098
428,22573,0.097906
429,13564,0.142311
429,13526,0.061577
430,13566,0.472814
430,13714,0.097844
431,13567,0.409626
431,15506,0.216527
432,13568,0.468274
432,15236,0.081505
433,13569,0.055174
433,13577,0.225697
433,16227,0.158161
433,18235,0.086521
434,13551,0.439547
435,13571,0.055765
436,13572,0.166665
436,14335,0.098024
436,13898,0.070383
436,14719,0.073211
436,14360,0.079363
437,13573,0.319589
437,14427,0.248183
438,13574,0.696491
439,13575,0.134312
439,16458,0.29449
439,19292,0.065098
439,20413,0.064936
439,20953,0.090411
440,13576,0.169278
440,14981,0.191138
441,13577,0.466786
441,15839,0.07615
442,13390,0.354733
442,13204,0.281481
443,13579,0.397598
444,13428,0.172458
445,13580,0.082087
446,13581,0.211141
447,13582,0.194124
447,13583,0.279076
448,13584,0.490328
449,13585,0.282751
449,17098,0.109999
450,13586,0.338446
451,13587,0.351963
451,14047,0.146323
451,15148,0.051319
452,13588,0.287561
452,19724,0.350081
453,13589,0.40885
453,16276,0.221658
454,13590,0.565983
454,13798,0.144663
455,13591,0.336432
455,13795,0.188841
456,13592,0.393882
456,15430,0.051158
457,13593,0.425936
457,14090,0.117414
458,13594,0.138491
458,13929,0.192654
458,16057,0.058438
459,13595,0.053948
459,14323,0.118246
459,16334,0.200984
459,14674,0.124251
460,13596,0.208405
460,14632,0.208114
460,14559,0.065413
460,14898,0.060943
460,14207,0.050356
461,13597,0.0889
461,14888,0.065712
461,15321,0.146051
462,13598,0.137345
462,16464,0.365456
462,19523,0.17675
463,13599,0.381622
463,14598,0.194728
464,13600,0.247935
464,14009,0.079936
464,18233,0.091391
465,13601,0.3735
465,22484,0.145003
466,13602,0.430657
466,16772,0.068981
467,13603,0.459031
467,17280,0.22274
468,13604,0.141739
468,13649,0.368466
468,13868,0.107781
469,13605,0.345909
469,21925,0.256733
469,13942,0.051342
470,13606,0.375172
470,18179,0.177074
471,13607,0.256633
471,13794,0.316776
472,13608,0.071993
472,15668,0.077532
472,14680,0.086329
472,17029,0.374143
473,13609,0.525252
474,13610,0.280442
474,15725,0.156272
474,14284,0.052992
475,13611,0.333211
475,13545,0.3445
476,13612,0.058415
476,14759,0.206373
476,14763,0.125802
476,15856,0.084874
476,14698,0.065983
477,13613,0.158093
477,15368,0.35053
478,13615,0.545105
478,13881,0.128762
479,13616,0.092484
480,13617,0.050436
480,17812,0.221685
480,18002,0.085765
480,20044,0.256761
481,13618,0.619178
482,13619,0.233856
482,15161,0.224199
482,13862,0.053837
483,13513,0.222157
483,13918,0.139017
483,14809,0.069262
483,16429,0.090023
484,13620,0.298245
485,13621,0.416789
485,18364,0.089884
486,13622,0.098247
486,14430,0.182693
486,16837,0.05244
486,13254,0.096567
487,13623,0.372869
487,13635,0.301089
488,13624,0.067888
488,13625,0.10026
488,14086,0.165971
488,16991,0.080341
488,18134,0.073137
489,13626,0.386426
489,13627,0.350516
490,13628,0.623255
491,13629,0.162042
491,13630,0.081054
491,13862,0.14418
491,16071,0.126407
491,16799,0.104158
492,13631,0.055892
492,14133,0.13522
492,15784,0.063235
492,15947,0.122785
492,17669,0.054345
493,13632,0.335072
493,13783,0.343355
494,13633,0.357471
494,13609,0.173649
494,13691,0.145657
495,13634,0.484674
495,17967,0.130207
496,13636,0.543151
496,13299,0.176467
497,13637,0.231367
497,13814,0.28061
497,15624,0.136099
498,13638,0.151492
498,14461,0.120086
498,14130,0.075684
498,15027,0.087351
498,13514,0.082165
499,13639,0.311194
499,15671,0.098233
499,16583,0.067127
500,13640,0.069716
500,13641,0.219255
500,15116,0.066239
500,15730,0.068056
501,13641,0.331145
501,20381,0.062098
502,13642,0.103253
503,13628,0.398127
503,14175,0.249609
504,13643,0.445075
504,15603,0.205856
505,13628,0.276914
506,13291,0.090815
506,14313,0.058227
507,13644,0.050535
507,15182,0.299623
507,19369,0.069216
508,13645,0.442885
509,13646,0.684548
510,13647,0.287593
510,19334,0.365825
511,13650,0.370175
511,17893,0.120003
512,13651,0.36246
512,15575,0.135283
513,13652,0.13681
513,15124,0.246989
514,13653,0.287958
514,19892,0.153019
514,22151,0.242695
515,13479,0.456441
516,13654,0.053937
516,14732,0.205453
516,13331,0.146041
516,15313,0.058738
516,15001,0.14972
517,13655,0.053131
517,13597,0.14868
518,13656,0.249811
518,20672,0.110816
519,13657,0.09917
519,16114,0.108419
520,13656,0.467983
521,13172,0.34867
521,15321,0.145328
521,15378,0.057262
522,13658,0.313176
522,15171,0.059395
523,13224,0.378388
523,14574,0.262556
524,13659,0.282383
524,16299,0.081953
524,13574,0.059234
524,16445,0.068272
525,13475,0.255537
526,13660,0.13987
526,15772,0.075297
526,19570,0.080509
526,15319,0.057528
526,14100,0.057512
527,13661,0.179342
527,14828,0.132131
527,15085,0.050556
527,15292,0.150348
527,15350,0.089752
527,16021,0.061197
528,13176,0.065967
529,13261,0.143545
530,13663,0.431877
531,13664,0.382001
532,13665,0.292082
532,14601,0.075161
532,18121,0.050447
532,18394,0.083067
533,13666,0.111503
533,14336,0.282898
533,15761,0.0534
533,18219,0.102699
534,13667,0.180158
534,16363,0.32325
535,13668,0.269809
535,16950,0.152676
535,18866,0.094662
536,13576,0.065805
536,16184,0.165569
536,14981,0.200484
537,13669,0.579203
538,13670,0.227913
538,16151,0.109139
538,14195,0.069682
538,22870,0.069649
539,13261,0.395194
540,13579,0.192652
540,13245,0.126447
540,15005,0.064003
541,13671,0.717934
542,13672,0.200278
542,14357,0.34941
543,13674,0.486662
543,13982,0.067948
544,13675,0.093348
544,13676,0.369881
544,13767,0.116944
545,13678,0.461983
545,18899,0.110754
546,13428,0.300376
547,13679,0.469234
547,16796,0.118715
548,13680,0.6216
549,13681,0.47485
550,13683,0.231103
550,18787,0.089517
550,14187,0.125693
551,13684,0.58668
552,13685,0.084382
553,13686,0.218153
553,18713,0.101548
553,19914,0.119204
554,13687,0.106365
554,13877,0.115102
555,13688,0.135115
555,15200,0.161726
555,14238,0.140112
556,13689,0.414404
556,15605,0.053261
556,15608,0.096162
557,13690,0.230953
557,14108,0.054923
557,14347,0.114309
557,14919,0.274735
558,13691,0.070618
558,19616,0.092155
558,13609,0.134175
559,13305,0.330321
559,13303,0.3862
560,13692,0.679406
561,13693,0.145619
561,17212,0.111403
561,19345,0.080304
561,16153,0.076784
562,13694,0.264713
562,17503,0.311602
563,13695,0.321261
563,19575,0.216737
564,13696,0.141888
564,13752,0.097477
565,13697,0.235753
565,13920,0.268453
565,13646,0.058012
565,13488,0.073484
566,13345,0.417634
567,13698,0.093177
567,14262,0.058296
567,17178,0.091615
567,18926,0.062786
568,13699,0.056084
568,13701,0.072477
568,15006,0.170483
568,15037,0.094481
569,13700,0.331443
569,14956,0.327031
570,13702,0.23748
570,13712,0.141641
571,13703,0.202481
571,13221,0.179694
571,15060,0.0581
571,15818,0.098218
572,13704,0.19868
572,14201,0.157942
573,13706,0.204942
573,13646,0.256263
573,14160,0.261505
574,13707,0.169896
574,16435,0.203172
574,17306,0.063833
574,17835,0.14687
575,13708,0.054758
575,13246,0.060716
575,14955,0.390298
575,17482,0.058141
576,13709,0.382727
576,13918,0.072749
576,14794,0.092239
576,15386,0.086724
577,13710,0.283912
577,14655,0.113101
577,14794,0.055873
578,13711,0.387924
578,14688,0.236348
579,13713,0.059892
579,13987,0.391979
579,15464,0.112555
580,13689,0.38316
580,13269,0.110052
580,15605,0.065208
581,13716,0.644088
582,13717,0.210793
582,13827,0.060511
582,15387,0.07706
583,13718,0.168847
583,15369,0.307171
583,15819,0.092668
583,16356,0.090895
584,13719,0.288295
584,13978,0.186628
585,13720,0.096064
585,13422,0.338226
585,14683,0.061783
586,13600,0.157897
586,15662,0.07432
586,16930,0.260105
586,18942,0.070296
587,13721,0.386207
588,13723,0.231728
589,13724,0.115911
589,15596,0.115783
589,22858,0.083146
589,23120,0.083114
590,13725,0.200825
591,13726,0.275037
591,15429,0.154952
592,13379,0.711087
593,13728,0.63418
594,13729,0.120965
594,14700,0.306876
594,13223,0.092273
595,13730,0.246585
596,13414,0.380209
596,15070,0.349218
597,13731,0.501398
598,13423,0.468684
599,13344,0.390499
600,13732,0.454559
601,13428,0.395494
602,13733,0.093546
602,13212,0.099394
602,13578,0.221556
602,14453,0.157976
603,13478,0.071398
603,14031,0.134421
603,14878,0.109529
603,20878,0.051488
603,15216,0.058818
604,13175,0.162485
605,13496,0.250201
606,13734,0.140908
606,13229,0.080458
607,13289,0.634027
608,13730,0.106509
609,13735,0.397187
609,13610,0.140469
609,14505,0.068027
610,13736,0.225693
610,20246,0.357972
610,17146,0.065622
611,13737,0.058423
611,14354,0.208963
611,15374,0.085742
612,13738,0.432453
612,15225,0.068877
612,22461,0.065121
613,13365,0.484346
613,13413,0.083587
614,13496,0.296034
615,13244,0.39252
616,13663,0.350551
616,16290,0.312966
617,13229,0.114753
618,13739,0.660188
619,13740,0.070658
619,14636,0.171516
619,15480,0.171675
620,13741,0.527631
621,13226,0.105694
622,13245,0.297542
623,13742,0.181605
624,13743,0.0701
624,13245,0.091661
625,13226,0.151518
626,13245,0.229462
627,13581,0.294944
628,13579,0.07475
629,13744,0.337949
630,13745,0.67383
631,13746,0.374549
632,13747,0.070885
632,15886,0.11259
633,13748,0.275621
634,13240,0.317852
635,13344,0.383102
636,13749,0.055268
636,13592,0.083627
636,13456,0.308381
637,13750,0.400141
638,13566,0.442006
638,13714,0.074772
638,16770,0.085856
639,13751,0.61621
640,13752,0.658991
641,13753,0.337284
641,14051,0.265025
641,14180,0.101081
642,13754,0.527302
643,13755,0.386577
644,13756,0.351748
644,15000,0.193703
645,13757,0.11286
645,14617,0.109748
645,14790,0.256453
645,15743,0.107358
646,13758,0.07276
646,15167,0.249397
646,16553,0.06285
646,19809,0.147863
647,13351,0.114301
648,13759,0.707175
649,13760,0.147255
649,13586,0.233622
650,13761,0.140446
650,16934,0.081271
650,17137,0.092763
650,16623,0.069236
651,13762,0.093987
651,14040,0.30136
652,13731,0.460965
652,13175,0.113973
653,13764,0.055502
653,17154,0.064838
653,17437,0.064759
653,17438,0.248787
653,17611,0.064693
653,23048,0.064837
654,13765,0.300268
654,14148,0.124025
654,14557,0.068905
654,15735,0.078279
655,13766,0.140299
655,14634,0.218537
655,15202,0.053513
655,17434,0.093691
656,13767,0.182939
656,13991,0.373549
656,14237,0.068097
657,13768,0.388039
657,14161,0.160454
658,13769,0.082181
658,17706,0.40899
658,20451,0.090821
659,13770,0.059473
659,13851,0.152876
659,14230,0.196071
660,13771,0.060996
660,20661,0.134497
660,21464,0.085627
660,16779,0.084699
660,19335,0.117346
660,19826,0.108271
661,13772,0.529608
662,13773,0.500676
662,13381,0.125633
663,13774,0.431038
663,20106,0.186775
664,13775,0.170159
664,14234,0.124854
664,15078,0.068578
664,17182,0.061502
664,17173,0.060691
664,15188,0.054373
665,13776,0.310746
665,16534,0.330853
666,13389,0.248026
666,16082,0.062221
667,13777,0.29573
667,15359,0.126086
667,15835,0.05078
668,13675,0.538166
669,13779,0.429064
669,14186,0.129511
669,14196,0.097444
670,13502,0.442515
670,14729,0.09999
670,13779,0.072008
671,13780,0.099125
671,13446,0.226536
671,14160,0.083465
671,16765,0.050853
672,13781,0.650148
673,13782,0.305716
673,14458,0.060851
673,14819,0.261592
674,13784,0.077438
674,15163,0.152885
674,13199,0.10682
675,13785,0.221968
675,14187,0.157332
675,14229,0.191109
676,13786,0.113583
676,14683,0.060675
676,15476,0.050007
676,13683,0.140241
677,13787,0.110992
677,15861,0.127539
677,15934,0.265275
678,13788,0.247583
678,17730,0.302283
679,13789,0.389063
679,17036,0.055968
679,21653,0.055894
680,13790,0.24126
680,15384,0.077999
680,15030,0.170568
680,19622,0.114595
681,13791,0.208848
681,14841,0.127501
681,15833,0.166033
682,13792,0.071817
682,15021,0.16976
682,13834,0.186546
682,14055,0.069543
683,13793,0.070961
683,13797,0.478691
683,14318,0.164965
684,13795,0.09804
684,13591,0.240453
684,18828,0.123456
685,13796,0.667754
686,13799,0.407347
686,17713,0.151456
686,18958,0.097175
687,13227,0.256284
688,13274,0.464478
689,13800,0.104458
689,16068,0.05507
689,16639,0.141242
690,13801,0.365262
690,13802,0.144255
690,15175,0.258546
691,13803,0.461634
691,19699,0.098323
692,13804,0.235183
692,13805,0.327856
693,13806,0.472101
693,17780,0.119471
694,13807,0.492322
695,13808,0.17527
696,13809,0.645977
697,13329,0.338128
698,13175,0.345332
699,13250,0.20737
699,13496,0.132196
700,13583,0.521633
700,13505,0.079605
701,13244,0.189497
701,13744,0.060441
702,13241,0.342173
703,13241,0.238996
704,13810,0.54564
705,13812,0.326743
705,13813,0.091758
706,13815,0.053094
706,14674,0.393793
706,13823,0.135925
706,13595,0.061056
707,13816,0.0548
707,15855,0.190129
707,16739,0.205056
708,13817,0.457564
709,13818,0.063805
709,14330,0.190541
709,17311,0.055058
709,13223,0.097062
710,13819,0.47726
710,13890,0.091676
711,13820,0.19536
711,18144,0.455155
711,13818,0.061391
712,13821,0.076627
712,16192,0.091649
712,20827,0.074733
713,13822,0.208332
713,13182,0.101999
713,16459,0.060707
713,15203,0.194011
714,13823,0.455254
714,17895,0.13857
715,13824,0.161715
715,14945,0.184269
715,19498,0.110399
715,20249,0.064847
716,13825,0.294313
716,16767,0.289141
717,13826,0.461431
717,13827,0.078402
717,18077,0.166775
718,13829,0.387862
718,17197,0.275318
718,13828,0.086561
719,13830,0.277937
719,15215,0.191511
719,16271,0.147255
720,13752,0.07173
720,14210,0.189223
720,13198,0.171816
720,14185,0.051102
721,13833,0.729753
722,13834,0.116903
722,14158,0.072378
722,15021,0.092416
723,13835,0.538251
723,16207,0.113921
724,13836,0.101977
724,13179,0.102644
724,13992,0.080225
724,13389,0.074963
724,14667,0.051979
724,13969,0.073257
725,13837,0.174703
725,14274,0.139518
725,13698,0.085522
725,18072,0.070177
726,13838,0.213297
726,15513,0.465413
727,13839,0.070506
727,18559,0.050966
727,13880,0.090203
727,18126,0.078963
727,21904,0.151797
728,13840,0.079754
728,20112,0.467711
729,13226,0.285772
730,13418,0.37161
731,13730,0.239819
731,13305,0.22164
731,19592,0.054298
732,13841,0.306683
733,13842,0.22305
734,13496,0.191084
735,13304,0.416356
736,13428,0.274924
737,13843,0.609662
738,13844,0.480922
739,13845,0.127847
739,15336,0.166662
739,17089,0.070773
739,21498,0.084407
740,13846,0.477705
740,14962,0.083502
740,16059,0.087889
741,13847,0.123229
741,16634,0.187648
741,13673,0.146673
741,16707,0.061475
741,14861,0.24191
742,13848,0.22694
742,14641,0.151517
743,13849,0.093045
743,13850,0.331764
743,15450,0.061494
743,15053,0.086332
744,13852,0.275194
745,13337,0.426242
745,14304,0.083942
745,13348,0.280478
746,13853,0.096684
746,14116,0.08089
747,13854,0.116069
747,15484,0.065121
748,13195,0.706748
749,13855,0.456118
749,15308,0.068319
750,13856,0.338785
750,15249,0.196632
751,13858,0.14202
751,18171,0.197988
751,20162,0.142021
751,20563,0.142021
752,13859,0.593105
753,13860,0.488466
754,13861,0.072974
754,18117,0.079712
755,13863,0.232506
755,16185,0.111228
755,14094,0.135467
756,13864,0.335578
756,16164,0.272957
757,13865,0.521226
757,14188,0.157837
758,13866,0.129055
758,17987,0.227902
758,19008,0.080621
759,13867,0.351119
760,13869,0.535543
760,18912,0.087327
761,13870,0.161065
761,13276,0.19176
761,13376,0.10155
761,17286,0.127423
762,13871,0.072718
762,13872,0.158492
762,16981,0.080386
762,15205,0.067865
762,20924,0.066861
763,13873,0.18684
763,15176,0.078313
763,15619,0.099206
763,14112,0.091014
764,13874,0.349679
764,13339,0.092898
765,13875,0.11562
765,15165,0.071746
765,14054,0.155688
765,15983,0.091328
766,13304,0.280385
767,13244,0.137374
768,13876,0.44932
769,13877,0.092493
769,13687,0.085068
769,16008,0.051085
770,13878,0.299476
770,14239,0.110035
771,13830,0.32515
771,18493,0.124723
771,16271,0.07628
772,13880,0.221266
772,13994,0.242285
772,17171,0.071732
772,18126,0.092027
773,13881,0.17724
773,13623,0.050603
773,16062,0.063355
773,13882,0.237189
773,20367,0.065925
773,13885,0.054946
774,13882,0.279009
774,13885,0.134796
775,13883,0.521914
776,13884,0.445708
777,13886,0.558484
777,20454,0.244622
778,13272,0.689897
779,13887,0.287254
780,13819,0.462139
780,13890,0.123831
781,13888,0.402608
781,14578,0.200252
782,13889,0.631966
783,13560,0.387178
783,15989,0.065916
783,17380,0.071551
784,13581,0.425987
785,13451,0.284057
785,13756,0.249919
785,22309,0.060412
786,13891,0.251403
787,13892,0.296336
787,16926,0.264472
787,17061,0.150628
788,13894,0.390891
788,15054,0.1864
789,13895,0.466773
790,13896,0.125885
790,13908,0.093815
790,14298,0.07736
790,16283,0.172207
790,22368,0.050483
791,13897,0.150862
791,14481,0.116714
792,13898,0.182413
792,14335,0.365891
793,13899,0.051413
793,16089,0.162947
793,16879,0.121905
793,18200,0.051145
794,13900,0.503363
794,18497,0.099236
795,13901,0.262569
795,16741,0.080892
795,16742,0.11651
795,19241,0.069994
796,13902,0.62773
797,13478,0.066544
797,15685,0.194291
797,18929,0.080349
797,20942,0.051491
797,13772,0.06521
798,13903,0.61492
799,13905,0.482401
800,13422,0.394371
800,14123,0.133366
801,13906,0.149226
801,15642,0.111673
801,16444,0.105001
802,13455,0.27474
802,15071,0.261145
802,17865,0.144976
803,13907,0.542572
804,13909,0.062826
805,13240,0.077979
805,16815,0.09445
806,13910,0.163798
807,13911,0.059373
807,13754,0.375975
808,13912,0.209337
808,15332,0.188307
808,15124,0.118994
808,17879,0.079292
808,19160,0.060215
809,13913,0.147454
809,15590,0.093326
809,13785,0.080252
809,17511,0.129292
810,13914,0.327679
810,14077,0.064872
810,15041,0.198384
811,13915,0.132176
811,17218,0.128512
811,16809,0.264163
811,17994,0.087576
812,13915,0.115294
812,13683,0.069948
812,16809,0.203767
812,13786,0.05583
812,17994,0.07192
813,13916,0.391497
813,20220,0.073809
814,13917,0.255953
814,14187,0.105624
814,15529,0.211037
814,14372,0.055275
815,13919,0.464999
815,13710,0.317737
816,13921,0.374269
816,15198,0.193329
817,13243,0.500542
818,13922,0.286769
818,15627,0.063863
818,13662,0.067021
818,14049,0.137693
818,17252,0.078001
819,13923,0.363179
820,13924,0.543568
821,13925,0.36106
822,13927,0.420921
822,14060,0.101158
822,14653,0.051225
823,13928,0.477054
823,15166,0.097184
823,13628,0.076799
823,16057,0.054846
824,13930,0.335743
824,13931,0.069806
824,15173,0.082511
824,15168,0.056667
824,13309,0.057912
825,13933,0.590204
826,13934,0.446539
827,13330,0.156484
828,13230,0.20463
829,13937,0.319244
829,23078,0.322001
830,13938,0.257893
830,16835,0.120893
831,13939,0.541939
832,13940,0.585127
833,13942,0.736948
834,13943,0.160994
834,15607,0.060156
834,14910,0.070684
834,18741,0.057826
835,13944,0.300139
835,15882,0.196514
835,17515,0.08109
836,13945,0.370518
836,16018,0.065673
836,18877,0.093802
836,19820,0.061085
837,13946,0.058581
837,17033,0.069908
837,17065,0.069123
837,17754,0.064354
838,13948,0.093452
838,18876,0.154225
838,20574,0.073289
838,18632,0.120057
838,21326,0.063532
839,13950,0.60222
840,13951,0.617265
841,13952,0.204647
841,17107,0.190485
842,13953,0.181687
842,16106,0.145798
842,17150,0.084319
842,18727,0.075279
843,13954,0.142563
843,14214,0.122004
843,13400,0.084049
843,15544,0.133119
844,13955,0.102781
844,15511,0.218129
844,16353,0.111654
844,15033,0.113002
844,19584,0.072988
845,13956,0.492204
846,13927,0.087033
846,15801,0.211621
846,13279,0.075666
846,15153,0.145118
847,13610,0.116034
848,13240,0.419019
848,13239,0.428295
849,13289,0.216793
849,14722,0.072691
850,13957,0.424859
850,19484,0.240206
851,13958,0.183818
851,13437,0.328493
851,20735,0.066142
852,13957,0.412554
853,13959,0.31553
853,15439,0.215469
854,13305,0.344432
855,13960,0.092643
855,13240,0.124224
856,13961,0.364529
856,18597,0.151955
857,13962,0.196825
858,13963,0.061971
858,14365,0.168225
858,18059,0.060823
858,21412,0.053372
859,13583,0.485146
860,13241,0.221631
861,13964,0.261914
861,18549,0.158776
861,20111,0.081991
862,13278,0.656881
863,13965,0.38575
863,14129,0.149557
864,13291,0.122367
864,14275,0.08799
864,14888,0.068796
865,13966,0.066152
865,14567,0.12326
866,13967,0.254924
867,13240,0.244578
868,13968,0.769349
869,13969,0.143526
869,13992,0.05168
869,14626,0.143872
870,13970,0.325111
870,15237,0.346023
871,13971,0.368518
871,14884,0.255182
872,13972,0.210607
872,14680,0.105213
873,13973,0.158307
873,15463,0.142166
873,16361,0.060106
874,13580,0.304614
874,14874,0.32867
875,13781,0.238199
875,15759,0.291534
875,16415,0.102003
876,13974,0.570915
877,13975,0.271952
877,13269,0.171238
877,14223,0.105809
877,20146,0.10118
878,13976,0.142358
878,17267,0.115596
878,17523,0.085993
878,14760,0.080006
879,13767,0.203767
879,13991,0.059011
880,13979,0.213028
880,17859,0.278399
881,13980,0.16655
881,16825,0.074919
882,13983,0.166084
882,14808,0.097144
882,15446,0.119193
883,13460,0.134272
883,13657,0.194355
883,15003,0.051207
884,13984,0.229459
884,14878,0.383662
885,13985,0.582792
886,13986,0.220844
886,16655,0.176626
886,18801,0.085609
887,13422,0.223403
887,13937,0.10943
888,13988,0.425662
888,15888,0.103634
889,13989,0.604308
890,13990,0.216053
890,15704,0.325677
891,13993,0.053462
891,15104,0.222716
891,16104,0.119346
892,13994,0.170481
892,13880,0.272213
893,13995,0.338812
893,15324,0.328664
894,13996,0.411496
894,14002,0.108611
894,14807,0.06833
895,13997,0.053356
895,17675,0.090227
895,15137,0.121765
895,16464,0.11879
895,21030,0.092618
896,13998,0.190855
896,13952,0.30519
896,13536,0.1173
897,13993,0.057379
897,17046,0.131333
897,14258,0.204534
898,13999,0.099395
898,14486,0.067935
898,14760,0.097747
898,16038,0.263854
899,14000,0.569375
900,14001,0.418959
900,14535,0.063867
901,14003,0.587254
902,14004,0.386366
902,16833,0.142609
903,14005,0.05089
903,14895,0.303601
903,15071,0.145832
903,13180,0.085824
904,13269,0.564877
905,13260,0.527771
906,13428,0.187959
907,13600,0.382811
907,16930,0.128192
908,14007,0.177778
908,14064,0.449305
909,14009,0.565754
910,14010,0.131758
910,15659,0.101406
910,16061,0.056343
910,16259,0.186225
911,14011,0.27092
911,14022,0.057784
911,14681,0.213617
912,14013,0.116949
912,14017,0.33467
912,18762,0.09983
913,14014,0.101193
913,13689,0.299557
913,13460,0.256391
914,14015,0.102978
914,14019,0.245056
914,14889,0.153528
914,16838,0.059336
915,14016,0.101005
915,13539,0.121047
915,13331,0.100511
916,14018,0.35134
916,14604,0.080162
916,14100,0.074465
917,13848,0.466045
917,15637,0.07041
917,16158,0.055178
917,14365,0.074545
918,14020,0.205247
918,14029,0.064753
918,17425,0.336364
919,14021,0.23754
919,16413,0.144572
919,16350,0.056182
920,14022,0.21596
920,14023,0.233396
920,19658,0.102069
921,14024,0.353515
921,13526,0.290503
921,17884,0.094186
922,13308,0.060197
922,13212,0.278151
923,14025,0.203828
924,14026,0.428836
924,15913,0.273695
925,14027,0.221567
925,15248,0.287242
926,14028,0.710342
927,14029,0.269782
927,15258,0.213606
927,14106,0.059218
928,14030,0.052058
928,13333,0.212252
928,14501,0.129458
928,15696,0.109343
929,14032,0.176361
929,13691,0.157981
929,17451,0.102014
930,14033,0.148488
930,16576,0.135415
930,17419,0.136448
930,18165,0.066094
931,14034,0.77035
932,14035,0.470437
932,17300,0.054469
933,14036,0.485934
933,22469,0.079812
934,14037,0.061502
934,14038,0.109924
934,13220,0.362286
934,16852,0.111203
934,16744,0.082794
935,14039,0.148334
935,15799,0.252299
936,13281,0.32975
937,14041,0.447607
938,13428,0.400784
939,13960,0.407512
940,13225,0.252445
940,13230,0.088491
941,13496,0.302154
942,13742,0.39133
943,13347,0.182927
944,14042,0.2247
944,16834,0.155511
944,17552,0.082691
945,14043,0.058858
945,14211,0.091932
945,15009,0.089032
945,14375,0.058643
946,13651,0.181516
946,14044,0.260097
946,14168,0.312132
947,14045,0.312622
948,13428,0.125183
948,13239,0.120106
948,13240,0.116916
949,14046,0.220321
949,14354,0.069279
949,15697,0.142929
950,14048,0.155321
950,17974,0.151135
951,14049,0.193308
951,14738,0.112682
951,13922,0.285912
952,14050,0.257203
952,15028,0.241366
953,14051,0.568539
953,14041,0.119974
954,14052,0.058446
954,13683,0.071408
954,15476,0.094852
955,14053,0.309846
955,16314,0.097493
955,16417,0.052315
955,18323,0.050213
956,14054,0.090635
956,14058,0.243278
956,14654,0.159874
957,13277,0.065307
957,14055,0.263669
957,14530,0.081592
957,16118,0.062222
958,14056,0.249859
958,15554,0.054962
958,13443,0.21034
959,14057,0.149045
959,15191,0.484989
960,14059,0.110871
960,14566,0.550293
961,13239,0.315064
961,13240,0.341513
962,14061,0.849481
963,14062,0.227083
963,13846,0.050328
963,13868,0.051972
963,18138,0.095139
964,14063,0.172162
964,13846,0.119066
964,13296,0.084396
964,13202,0.229289
965,14065,0.1514
965,13992,0.403445
966,14066,0.103034
966,18313,0.366297
966,20070,0.073843
967,14067,0.123901
967,14068,0.152317
967,16060,0.11627
967,14712,0.058608
967,17950,0.115422
968,13905,0.214804
968,14625,0.114704
968,16296,0.088186
968,17424,0.098145
969,13573,0.445162
969,14427,0.228662
970,14069,0.458433
971,14070,0.455351
971,14864,0.144766
972,14071,0.181174
972,14072,0.158857
972,22670,0.074442
973,14073,0.71483
974,14074,0.560628
975,13204,0.193465
976,14075,0.225989
976,14722,0.130353
977,13320,0.249841
977,15429,0.106704
977,17734,0.052234
978,13897,0.054147
978,13668,0.217293
979,14076,0.154517
979,16700,0.168458
980,14078,0.142933
980,15111,0.248821
980,16942,0.114246
980,18154,0.056342
980,15483,0.056366
981,14080,0.225098
981,13231,0.200162
982,14081,0.286903
982,17566,0.082601
983,14082,0.188564
983,13320,0.112633
983,17470,0.090871
984,14083,0.173014
984,14086,0.170602
984,15149,0.071429
984,13992,0.065515
984,16240,0.0898
985,14084,0.163494
985,14106,0.232262
985,15147,0.057772
986,14085,0.082946
986,16247,0.212239
986,16241,0.082541
987,14087,0.058923
988,14088,0.501531
989,13442,0.295461
990,13823,0.29186
990,17820,0.057078
990,19054,0.06784
991,14089,0.140115
991,14615,0.180882
991,16261,0.060254
992,14091,0.124162
992,14618,0.063812
992,14368,0.052066
993,13344,0.377392
994,13583,0.300752
995,14092,0.053176
995,13786,0.057913
995,15476,0.413013
996,14093,0.097138
996,14128,0.104499
996,14537,0.206542
996,16407,0.086902
996,15062,0.082033
997,14094,0.750769
998,13646,0.529277
999,14095,0.26951
999,16081,0.082381
999,17518,0.101471
999,16220,0.106649
1000,14096,0.225503
1000,14734,0.104172
1000,15138,0.104522
1000,18293,0.054617
1001,13735,0.170903
1001,14505,0.067284
1001,13180,0.286528
1001,15495,0.057245
1002,14097,0.369525
1002,14141,0.22402
1003,14099,0.296844
1004,14100,0.18791
1004,15773,0.072933
1004,15921,0.05126
1005,14101,0.504039
1006,14102,0.38641
1006,14754,0.117258
1006,17477,0.100813
1007,13390,0.294122
1008,14103,0.301462
1008,16188,0.064676
1009,14107,0.396097
1010,14109,0.241255
1010,14515,0.092842
1010,16354,0.051081
1011,14110,0.532446
1012,14111,0.124787
1013,14112,0.148857
1013,16981,0.061402
1013,15176,0.067972
1014,14113,0.16378
1014,14579,0.052579
1014,13767,0.270604
1015,14115,0.467843
1015,15449,0.157664
1016,14116,0.364438
1016,17045,0.28744
1017,14117,0.426851
1017,16814,0.148879
1017,22894,0.068899
1018,14118,0.112607
1018,14462,0.136547
1018,16635,0.050719
1019,14119,0.08053
1019,17018,0.24932
1019,17642,0.18883
1019,17746,0.267012
1020,13842,0.249876
1021,13390,0.114795
1022,13428,0.2729
1023,14121,0.34258
1023,16557,0.092074
1024,13315,0.110297
1024,13579,0.104627
1024,14571,0.060858
1025,14123,0.050891
1026,14124,0.140135
1026,15342,0.060836
1026,15810,0.127118
1027,14125,0.368728
1027,17576,0.07366
1028,14126,0.197087
1028,22395,0.125818
1029,14127,0.277762
1029,16495,0.161524
1030,13442,0.28364
1031,14130,0.202744
1031,15460,0.411942
1031,17855,0.053259
1032,14131,0.221948
1032,14132,0.145379
1032,17624,0.224803
1033,13284,0.240021
1033,15637,0.055302
1034,14134,0.792556
1035,14135,0.153498
1036,14136,0.208162
1036,14668,0.207196
1036,16236,0.09891
1037,14137,0.450026
1038,13772,0.330037
1039,14139,0.727315
1040,14140,0.450895
1040,15022,0.150001
1041,13990,0.453637
1042,14142,0.526799
1043,14143,0.365887
1044,14144,0.113547
1044,14838,0.285184
1044,17571,0.063763
1045,14145,0.19194
1045,13689,0.157354
1046,13302,0.486977
1047,14146,0.343919
1047,14746,0.114343
1047,16921,0.105384
1047,18364,0.053242
1048,14147,0.139455
1048,18969,0.086071
1048,14337,0.071115
1048,20105,0.155135
1048,15086,0.110975
1048,15149,0.077959
1049,14149,0.12141
1049,14835,0.071624
1049,18602,0.109885
1050,13204,0.340824
1051,13344,0.171493
1051,18889,0.053393
1052,13730,0.479624
1053,14150,0.232058
1053,14151,0.098446
1053,16025,0.204915
1054,14152,0.385492
1055,13316,0.328624
1056,14153,0.475456
1057,14154,0.344483
1057,21537,0.223135
1058,14155,0.194594
1058,17813,0.102451
1059,14156,0.130322
1059,15874,0.557896
1060,14157,0.277335
1061,14158,0.112441
1061,13834,0.114191
1062,14160,0.678827
1063,14161,0.051809
1063,13613,0.052219
1064,14162,0.449827
1065,14163,0.678357
1066,14164,0.135772
1066,14877,0.1418
1067,14165,0.135594
1067,14166,0.212363
1067,17937,0.110668
1067,14938,0.089118
1067,13888,0.076773
1068,14023,0.057134
1068,13379,0.159807
1068,15680,0.124505
1068,18813,0.099993
1069,14167,0.302244
1069,21970,0.101391
1070,14168,0.239094
1070,14329,0.198055
1070,13398,0.073438
1071,14169,0.148309
1071,15065,0.155345
1071,18395,0.103285
1071,22716,0.081503
1072,14103,0.569433
1073,14170,0.317944
1073,16827,0.41733
1074,14171,0.139433
1074,17376,0.099887
1074,18145,0.083882
1075,14172,0.084574
1075,15784,0.271724
1075,17705,0.127403
1076,14173,0.422934
1077,14174,0.281611
1077,18038,0.148418
1077,16750,0.197365
1078,14176,0.103008
1078,13772,0.121595
1078,14849,0.305765
1079,13244,0.148964
1080,13499,0.18708
1081,13230,0.130552
1082,13363,0.054963
1082,15164,0.075013
1083,14178,0.222251
1083,19027,0.109637
1083,16227,0.182463
1084,14179,0.128771
1084,14886,0.098648
1084,15153,0.170244
1084,15159,0.133978
1084,15505,0.063582
1085,14180,0.086158
1085,15023,0.093052
1085,14640,0.056783
1085,15071,0.070739
1086,13435,0.190316
1086,16153,0.259331
1086,19580,0.056862
1087,14181,0.641888
1088,14182,0.184915
1088,15718,0.428844
1089,14183,0.065164
1089,15721,0.087377
1089,15902,0.054528
1089,15956,0.06812
1089,16911,0.216373
1089,17453,0.06932
1090,14185,0.573352
1091,14190,0.342786
1091,14760,0.240028
1091,15622,0.06802
1092,14191,0.507633
1093,14192,0.168989
1094,13240,0.232522
1095,13230,0.380846
1096,14194,0.428119
1096,19555,0.07678
1097,14195,0.123504
1097,16753,0.173739
1097,17105,0.064226
1097,18856,0.088938
1098,14196,0.564195
1099,14197,0.286849
1099,13972,0.161153
1099,14198,0.104165
1099,16581,0.118056
1099,13485,0.061873
1100,14199,0.151697
1100,14731,0.062048
1100,17035,0.197768
1100,14201,0.14656
1101,14200,0.321422
1101,15843,0.062196
1101,13491,0.260238
1102,13176,0.371107
1103,13175,0.180871
1104,14202,0.398124
1105,13730,0.267186
1106,14203,0.572359
1107,14204,0.602847
1108,14205,0.145388
1108,21264,0.06867
1109,14206,0.152203
1109,14295,0.117376
1110,14207,0.138631
1110,14559,0.178792
1111,14208,0.237606
1111,14192,0.433174
1112,14209,0.60437
1113,14212,0.389818
1113,15160,0.119181
1114,14213,0.157688
1114,13353,0.121538
1114,13221,0.05948
1114,15253,0.132015
1115,14215,0.215486
1115,14705,0.115764
1115,15380,0.065874
1115,15836,0.073253
1116,14216,0.533778
1117,14217,0.36724
1117,15121,0.202198
1118,13638,0.327837
1118,14793,0.227015
1119,14219,0.05507
1119,14861,0.055143
1119,15677,0.229049
1119,15692,0.138109
1120,13423,0.316453
1121,13583,0.326293
1122,14220,0.081999
1122,15076,0.074149
1122,21116,0.081848
1123,14221,0.698924
1124,13549,0.31548
1124,14259,0.377805
1124,19021,0.063267
1125,14222,0.633108
1126,14223,0.303437
1126,18501,0.103535
1126,18594,0.103147
1127,14224,0.603943
1128,14225,0.082088
1129,14226,0.398099
1129,14433,0.282525
1130,14227,0.062798
1130,17583,0.113221
1130,18448,0.095531
1130,17605,0.051679
1131,13645,0.396846
1131,13675,0.477107
1132,14228,0.338061
1132,14256,0.180761
1132,15546,0.092422
1133,14230,0.133133
1133,14938,0.283073
1133,19414,0.173023
1134,14231,0.442955
1134,13558,0.319154
1134,13705,0.097316
1135,13675,0.322185
1135,14616,0.076075
1135,14990,0.066587
1136,14232,0.342337
1136,22099,0.064976
1137,14233,0.161358
1137,17327,0.079202
1137,20320,0.05793
1137,22285,0.082709
1138,14235,0.099831
1138,14611,0.112024
1138,13980,0.346986
1138,13476,0.050166
1138,19349,0.05551
1139,13645,0.398364
1139,13675,0.458622
1140,13825,0.522419
1140,16365,0.140206
1141,14238,0.176776
1141,20544,0.069009
1141,14386,0.064969
1141,18130,0.096167
1142,14240,0.473947
1143,14241,0.19084
1143,14243,0.447076
1144,14242,0.170353
1144,13761,0.05034
1144,16446,0.093204
1144,18345,0.091082
1145,13883,0.44007
1145,14245,0.334349
1145,16161,0.098501
1146,14246,0.501936
1146,18140,0.127882
1147,14247,0.578003
1148,13690,0.572659
1148,14347,0.138627
1149,14248,0.384034
1149,19351,0.067075
1149,21426,0.06936
1149,17174,0.05233
1150,14250,0.182974
1150,13895,0.144058
1150,15646,0.062789
1151,14251,0.463008
1151,14249,0.155922
1152,14252,0.182775
1152,17988,0.40214
1153,14253,0.513356
1154,14254,0.398858
1155,14255,0.485596
1155,14325,0.076966
1156,14256,0.169926
1156,14228,0.177086
1156,15546,0.096545
1157,14257,0.086297
1157,16596,0.081395
1157,20593,0.086336
1157,20078,0.122004
1157,15323,0.085716
1158,14258,0.333491
1158,17083,0.138166
1158,17046,0.152946
1158,21684,0.059252
1159,14260,0.077536
1159,14358,0.125877
1159,16255,0.069957
1159,16552,0.135041
1160,14259,0.39592
1160,17533,0.168439
1161,14261,0.646642
1162,14263,0.071413
1162,14190,0.295277
1163,14264,0.716305
1164,14265,0.652167
1165,13283,0.43525
1165,17181,0.06844
1166,14266,0.108349
1166,15542,0.057959
1166,15545,0.091234
1166,19452,0.092464
1166,17160,0.185417
1167,14267,0.511208
1167,17188,0.146481
1167,17189,0.129281
1168,14268,0.442373
1168,20938,0.161198
1169,14269,0.376152
1169,17396,0.157676
1170,14270,0.228043
1170,18382,0.132246
1170,21595,0.060549
1170,22989,0.08441
1171,14271,0.209163
1172,13428,0.299512
1172,16396,0.061298
1173,13330,0.314504
1174,13425,0.093159
1175,14272,0.354584
1176,14273,0.262034
1176,15044,0.093935
1176,15703,0.259269
1177,14275,0.089314
1177,21588,0.15828
1178,13475,0.180887
1178,14485,0.062084
1178,15019,0.073341
1178,15291,0.051424
1178,15193,0.059245
1179,14276,0.257744
1179,15438,0.081223
1179,18303,0.066525
1180,14277,0.241603
1181,14278,0.61205
1182,14279,0.502893
1182,23067,0.080527
1183,13535,0.067132
1183,14280,0.105796
1183,15821,0.139926
1183,15129,0.219316
1183,13526,0.074827
1183,16062,0.057036
1184,14281,0.093001
1184,14606,0.205629
1184,16634,0.183341
1184,14766,0.096951
1184,15877,0.075383
1185,14282,0.070356
1185,15349,0.293993
1185,16033,0.087975
1185,14935,0.092867
1186,14283,0.108542
1186,14312,0.192677
1187,14284,0.409712
1187,13610,0.164797
1188,14285,0.218852
1188,14922,0.283246
1188,14020,0.052453
1189,13440,0.541606
1190,14286,0.171178
1190,13682,0.158513
1190,13752,0.228107
1191,14288,0.355603
1191,15133,0.064009
1191,20829,0.133442
1192,14289,0.467099
1192,14290,0.338619
1193,14291,0.122392
1193,18396,0.098303
1193,20073,0.143776
1193,15541,0.058308
1194,14292,0.578735
1195,14296,0.158778
1195,15747,0.136547
1195,15789,0.07634
1195,17109,0.060932
1195,17985,0.051475
1195,18815,0.109343
1196,13767,0.251304
1196,13676,0.281363
1197,14298,0.243829
1197,16283,0.410979
1198,14299,0.507558
1198,17096,0.150446
1199,13330,0.629801
1200,13860,0.08939
1200,14300,0.362381
1200,13330,0.058859
1200,22798,0.124728
1201,14301,0.21927
1202,14302,0.274194
1202,16769,0.063418
1202,14434,0.075589
1203,13240,0.411153
1204,13960,0.215036
1205,14303,0.139421
1205,14726,0.108977
1205,14727,0.067486
1205,15375,0.083623
1205,15733,0.082085
1205,18891,0.056656
1206,14304,0.183623
1206,13348,0.22826
1206,13549,0.284014
1207,14305,0.198416
1207,14467,0.091106
1207,17372,0.190493
1207,19757,0.071659
1208,14306,0.344731
1208,21179,0.069422
1209,14307,0.212701
1210,13431,0.348022
1210,14739,0.194215
1211,13891,0.253067
1212,14308,0.667058
1213,13288,0.367765
1213,16344,0.072792
1214,14309,0.197565
1214,16685,0.187192
1214,17886,0.062686
1214,21577,0.087879
1214,22351,0.062673
1214,23036,0.062801
1215,14310,0.06527
1215,13476,0.065153
1215,16377,0.081851
1215,17194,0.053825
1215,17592,0.051661
1216,14311,0.120292
1216,15451,0.066436
1216,16235,0.178268
1216,18250,0.06963
1216,17995,0.059556
1217,14312,0.46096
1217,14263,0.123854
1218,14314,0.218476
1218,16197,0.16441
1218,14642,0.151367
1219,14315,0.152374
1219,18252,0.19556
1219,21983,0.109334
1220,14316,0.184943
1220,21962,0.086559
1220,18518,0.202758
1221,14317,0.363397
1222,14319,0.084994
1222,22370,0.104052
1222,23184,0.08484
1223,14320,0.121496
1223,19735,0.155127
1224,13900,0.508705
1225,13172,0.23924
1226,13657,0.335924
1227,13281,0.088894
1228,13303,0.452342
1229,13316,0.131471
1229,15255,0.068785
1229,13204,0.066635
1230,13442,0.100204
1230,15140,0.11232
1231,14321,0.221279
1231,18795,0.20132
1231,20429,0.133662
1231,20818,0.132871
1232,14322,0.408813
1233,13960,0.397719
1234,13499,0.344669
1235,13225,0.20088
1235,13226,0.333477
1236,13347,0.229666
1237,14326,0.076502
1237,13850,0.240309
1237,16049,0.141907
1238,13303,0.251531
1238,13305,0.255108
1239,13808,0.256635
1240,14327,0.123873
1240,13476,0.162379
1240,13288,0.248093
1240,19153,0.09054
1241,14328,0.399534
1242,14332,0.554538
1243,13329,0.267863
1244,14333,0.093228
1244,13173,0.099875
1245,14334,0.255588
1245,17654,0.325462
1245,21377,0.079627
1246,14337,0.090442
1246,14109,0.091021
1246,14899,0.058481
1246,16037,0.051408
1247,13250,0.146045
1247,13496,0.111455
1248,14339,0.148742
1248,15682,0.379381
1249,14340,0.597524
1250,14341,0.339874
1250,19174,0.244586
1251,14342,0.252969
1252,14343,0.354014
1252,17885,0.208287
1253,14344,0.515768
1253,19554,0.075073
1254,14345,0.055786
1254,14924,0.086577
1254,19032,0.08727
1254,19504,0.059584
1255,14346,0.111284
1255,14877,0.227754
1255,14164,0.066236
1255,18873,0.050715
1256,14348,0.310802
1256,14327,0.312879
1257,13900,0.097637
1257,13752,0.137114
1257,17203,0.149182
1257,13696,0.115581
1258,14349,0.389568
1258,13300,0.180528
1258,21824,0.06903
1259,13301,0.410039
1260,14350,0.10887
1261,14351,0.410457
1262,14352,0.238192
1262,19494,0.188044
1262,20016,0.071433
1262,19495,0.053661
1263,14175,0.22053
1263,13640,0.214148
1263,13628,0.058268
1264,13301,0.327362
1264,13438,0.34181
1265,14353,0.382386
1265,13223,0.139998
1265,20291,0.073782
1266,13536,0.669605
1267,14355,0.361411
1267,19768,0.051976
1267,21050,0.093272
1268,14356,0.195971
1268,15812,0.058491
1269,14359,0.405847
1269,16902,0.185994
1270,14360,0.074785
1270,15052,0.066277
1270,15053,0.140571
1270,13850,0.211371
1270,21054,0.053401
1271,14361,0.259887
1271,14555,0.138843
1271,14711,0.073606
1272,14362,0.068596
1272,17129,0.240944
1272,17703,0.09281
1272,21087,0.071914
1273,14364,0.054867
1274,14365,0.378024
1274,18027,0.112671
1275,14366,0.087303
1275,18176,0.066275
1275,18692,0.078936
1275,19175,0.108331
1276,14367,0.276521
1276,17981,0.109621
1276,19716,0.109914
1277,14368,0.14173
1277,14857,0.062272
1277,14275,0.077958
1277,20127,0.068081
1278,14369,0.349473
1278,15523,0.071069
1278,14415,0.051237
1278,21716,0.088776
1279,14370,0.117282
1279,16541,0.261257
1279,13883,0.240441
1280,13626,0.58029
1281,14371,0.53896
1281,17176,0.157017
1282,14372,0.537841
1283,14373,0.739659
1284,13739,0.403707
1284,13485,0.401409
1285,14374,0.420242
1286,14375,0.604153
1287,14376,0.6216
1288,13175,0.165102
1288,13760,0.139694
1289,13731,0.351917
1289,13175,0.226023
1290,13269,0.391517
1290,15894,0.051682
1291,14377,0.073836
1291,16264,0.208549
1291,19137,0.062068
1291,20962,0.082477
1292,13284,0.27101
1292,13375,0.257875
1293,14378,0.068114
1293,13476,0.107242
1294,14379,0.106585
1294,14434,0.247046
1294,13703,0.059859
1294,13806,0.126513
1295,13919,0.614732
1296,14307,0.097818
1296,16263,0.190632
1297,14380,0.109444
1297,15553,0.221682
1297,17111,0.124593
1297,18415,0.080238
1298,13642,0.172393
1298,16384,0.093221
1299,14381,0.105205
1299,15903,0.114098
1299,17821,0.183711
1299,18463,0.095259
1300,14382,0.094132
1300,15793,0.240658
1300,20055,0.06683
1301,13418,0.314192
1301,14722,0.079021
1302,14383,0.430646
1302,13204,0.053325
1303,14384,0.19496
1303,13440,0.128891
1303,21503,0.101022
1303,21792,0.055895
1304,14385,0.13233
1304,13939,0.099763
1304,21553,0.069994
1305,14386,0.319515
1306,14387,0.670625
1307,14388,0.291201
1307,18004,0.291271
1308,13900,0.152261
1308,21451,0.097011
1309,14389,0.369988
1309,19948,0.060541
1310,14390,0.515677
1311,14391,0.283614
1311,16294,0.298009
1312,13316,0.068014
1313,14392,0.518121
1314,13305,0.436407
1314,13303,0.450693
1315,13218,0.255728
1315,13344,0.193111
1316,14393,0.453283
1317,13245,0.261197
1317,13257,0.08383
1318,14394,0.850659
1319,14395,0.577139
1320,14396,0.269154
1321,14397,0.440552
1321,17791,0.099691
1322,13224,0.541297
1323,14398,0.16077
1323,15485,0.115704
1323,15887,0.06559
1324,14164,0.787571
1325,14399,0.21158
1325,13752,0.196049
1325,13900,0.140276
1325,13669,0.055198
1326,13418,0.390434
1326,13227,0.097057
1327,14400,0.547255
1328,14401,0.31796
1329,13239,0.405445
1329,13240,0.351713
1330,14402,0.287265
1330,14611,0.089158
1330,13726,0.16499
1330,13320,0.053284
1330,15791,0.084467
1331,14405,0.224451
1331,14667,0.092382
1331,13326,0.15791
1331,13432,0.052162
1332,14406,0.458684
1333,14407,0.118262
1333,14603,0.097659
1333,15321,0.083438
1334,14408,0.107118
1334,14137,0.10563
1334,19882,0.095253
1335,14409,0.358649
1335,20807,0.096217
1336,14410,0.447116
1336,13288,0.077194
1337,14411,0.107975
1337,16521,0.172258
1338,14412,0.21376
1339,14413,0.120042
1339,13165,0.088173
1339,17335,0.075685
1339,15666,0.154587
1339,15246,0.050988
1340,14414,0.060792
1340,16056,0.060217
1340,13652,0.083197
1340,13912,0.06571
1340,14084,0.081052
1340,14502,0.092957
1341,14416,0.203854
1341,15427,0.319429
1341,14542,0.119685
1342,14417,0.298227
1342,17842,0.062221
1342,16415,0.057986
1342,16363,0.14616
1343,14418,0.162267
1343,13761,0.320443
1343,17137,0.088208
1344,14419,0.200908
1344,16624,0.156514
1344,21485,0.112783
1345,14420,0.339884
1345,15306,0.13265
1345,18225,0.12553
1345,20054,0.117053
1346,14421,0.225846
1346,15694,0.176989
1347,14422,0.18361
1347,16566,0.061448
1348,14423,0.366488
1348,15088,0.128628
1349,13940,0.082589
1350,14424,0.225242
1351,14426,0.210727
1351,19117,0.299372
1352,14428,0.090981
1352,18278,0.144136
1352,21357,0.11805
1352,21213,0.118056
1353,14429,0.406912
1353,15643,0.252529
1354,14431,0.222816
1355,14432,0.070067
1355,17670,0.352756
1355,20475,0.053024
1356,13330,0.123821
1357,13240,0.340333
1358,13227,0.239118
1359,13604,0.125339
1359,13649,0.255769
1359,13868,0.057336
1360,14434,0.063009
1360,19020,0.083081
1360,14226,0.083701
1360,15360,0.25662
1361,13407,0.400368
1361,14435,0.097587
1361,15943,0.30458
1362,14436,0.430968
1362,14449,0.155505
1362,14937,0.076072
1363,14437,0.078729
1363,14370,0.068255
1363,15018,0.057489
1363,15398,0.287918
1364,14438,0.228735
1364,14752,0.051782
1364,14792,0.141784
1365,14440,0.183667
1365,14441,0.298057
1365,18933,0.053042
1366,14023,0.448825
1366,13502,0.173569
1366,16928,0.055317
1367,14442,0.080487
1367,20259,0.235864
1367,22436,0.112225
1368,14443,0.272559
1368,15401,0.381858
1369,14445,0.357332
1370,13228,0.104625
1371,14447,0.687464
1372,14448,0.160104
1372,14628,0.099724
1372,22625,0.063843
1373,14450,0.664815
1374,14451,0.606288
1375,14452,0.146843
1375,15687,0.486343
1376,14454,0.451337
1376,16165,0.136187
1377,14455,0.296405
1377,14604,0.260123
1378,14456,0.673691
1379,13542,0.508624
1379,15496,0.172886
1380,14457,0.339925
1380,13295,0.210782
1380,16489,0.061218
1381,14459,0.094166
1381,14084,0.265203
1381,14008,0.168027
1382,14460,0.476473
1382,15026,0.16067
1383,13493,0.156331
1383,14473,0.052249
1384,14462,0.49952
1384,14977,0.098222
1385,14464,0.173661
1385,14143,0.089801
1386,13315,0.432154
1387,13304,0.05164
1388,13425,0.119876
1388,13225,0.101433
1388,13226,0.137125
1389,13226,0.227215
1389,16676,0.075399
1390,13425,0.23658
1391,13330,0.19326
1392,14465,0.289202
1392,14682,0.170592
1393,14466,0.212002
1393,14468,0.178564
1393,15890,0.079541
1393,17740,0.050342
1394,13496,0.144504
1395,13842,0.249611
1396,14470,0.185641
1397,14471,0.541437
1397,16521,0.103129
1398,14472,0.433576
1398,17615,0.214503
1399,14473,0.08568
1399,14285,0.118824
1399,20401,0.119345
1400,14474,0.570156
1400,16419,0.155855
1401,14046,0.15877
1401,15366,0.288705
1402,13204,0.185128
1403,13343,0.527604
1404,13194,0.662897
1405,13390,0.210285
1406,14475,0.331214
1407,14476,0.479336
1407,17007,0.115441
1408,14479,0.273818
1408,13860,0.115504
1408,14300,0.117645
1409,14480,0.053804
1409,15750,0.059053
1409,18340,0.141815
1409,14055,0.065858
1409,16591,0.063422
1410,14481,0.428544
1410,15228,0.147124
1411,13176,0.298746
1412,13317,0.324331
1413,13225,0.122192
1414,13820,0.629931
1415,14483,0.134571
1415,14509,0.492062
1416,14484,0.499588
1417,14487,0.336401
1417,19864,0.3536
1418,14488,0.11574
1418,15321,0.11876
1418,14862,0.201648
1418,15378,0.084111
1418,16062,0.056177
1418,15821,0.050096
1419,14489,0.266173
1419,15155,0.137273
1419,19156,0.10968
1419,19556,0.110232
1420,14490,0.256186
1420,14730,0.445106
1421,14491,0.206577
1421,13525,0.302586
1422,13204,0.29359
1423,13303,0.087001
1424,13290,0.228121
1424,14271,0.054574
1425,14493,0.215579
1425,14681,0.352791
1425,15716,0.054981
1426,14494,0.107451
1426,17463,0.0556
1426,17596,0.114893
1426,17736,0.123153
1426,13982,0.139796
1427,14495,0.831668
1428,13236,0.552714
1429,14496,0.177821
1429,17604,0.050406
1429,18184,0.230411
1430,14497,0.860071
1431,13423,0.372507
1432,14498,0.308729
1433,13290,0.511945
1434,13428,0.376159
1435,13960,0.092507
1435,15137,0.065262
1436,14499,0.564996
1437,14500,0.539235
1438,13204,0.089201
1439,14502,0.101641
1439,15282,0.057737
1439,14414,0.428998
1440,14503,0.37038
1440,14498,0.13905
1441,13176,0.212288
1442,14503,0.312269
1443,14504,0.346539
1443,14565,0.178187
1444,14506,0.557233
1445,13853,0.371162
1445,15023,0.053062
1445,17261,0.077194
1445,17315,0.056772
1446,14507,0.377133
1446,18068,0.062491
1446,16510,0.105236
1447,14508,0.601519
1448,14510,0.157615
1448,15801,0.298624
1449,14511,0.322746
1450,13345,0.396705
1451,13428,0.271775
1452,14512,0.196181
1453,13230,0.23803
1454,13760,0.058751
1455,14513,0.572166
1455,22511,0.168858
1456,14514,0.3169
1456,21965,0.083091
1457,14516,0.055503
1457,15544,0.289008
1457,13954,0.208282
1458,14517,0.206567
1458,14278,0.442758
1459,14518,0.444196
1460,13499,0.384265
1461,13499,0.358513
1462,13428,0.106401
1463,13418,0.393742
1463,13227,0.057567
1464,13742,0.088835
1464,13176,0.090004
1465,14519,0.465147
1465,14527,0.163484
1465,13646,0.055067
1466,14043,0.221846
1466,14375,0.142075
1466,14211,0.174856
1467,14520,0.14688
1467,14694,0.113297
1467,13687,0.078709
1468,14163,0.204759
1468,18579,0.072764
1468,16630,0.232116
1468,15699,0.055831
1469,14521,0.279671
1469,15563,0.279646
1469,21120,0.11338
1470,14522,0.079447
1470,16805,0.184313
1470,18548,0.142214
1470,14954,0.078858
1471,13175,0.104557
1471,13425,0.070211
1472,13447,0.306962
1472,14035,0.209343
1472,17300,0.067133
1472,18736,0.086605
1473,14524,0.079965
1473,13202,0.4271
1474,14525,0.134516
1474,20398,0.135192
1474,21283,0.286296
1474,20203,0.112497
1475,14526,0.209838
1475,13674,0.081514
1475,16333,0.379114
1476,13787,0.487661
1476,15861,0.205771
1477,14528,0.402009
1477,22745,0.088575
1478,14529,0.455728
1479,14531,0.050844
1479,15528,0.112812
1479,15864,0.234958
1480,14532,0.078823
1480,15093,0.050778
1480,16119,0.079149
1480,15331,0.082657
1481,14534,0.376225
1481,21622,0.13928
1482,14535,0.294037
1483,14536,0.177247
1483,20435,0.071086
1483,20985,0.073316
1484,14538,0.249148
1484,14539,0.337459
1485,14540,0.458604
1485,19786,0.055711
1486,14541,0.460888
1486,15327,0.104283
1487,13221,0.205007
1487,17744,0.178057
1487,18000,0.055674
1487,15060,0.051952
1488,13730,0.251169
1489,14542,0.079745
1489,15312,0.212524
1489,16816,0.056009
1489,19657,0.273244
1490,14543,0.080198
1490,15098,0.185558
1490,17103,0.074239
1490,15537,0.053204
1491,14546,0.83274
1492,14547,0.073837
1492,17360,0.179107
1492,17483,0.083074
1492,17849,0.053378
1492,19435,0.074401
1493,14548,0.089273
1493,16869,0.461335
1494,14549,0.494218
1494,21334,0.065519
1495,14550,0.19474
1495,13270,0.141529
1496,13939,0.089004
1496,14980,0.485909
1496,22094,0.057402
1497,14143,0.545259
1498,14552,0.191092
1499,13900,0.110476
1500,14556,0.386155
1500,14108,0.067641
1501,14558,0.264742
1501,14674,0.051236
1501,14677,0.060602
1501,15769,0.052908
1501,17294,0.064208
1502,14560,0.373344
1502,16957,0.288962
1502,19950,0.055523
1503,14561,0.066043
1503,16065,0.112745
1503,17293,0.081596
1503,15981,0.154878
1503,17960,0.062407
1504,14562,0.0866
1504,13668,0.53759
1505,14563,0.205856
1505,15211,0.159432
1506,14132,0.174839
1506,16327,0.10138
1506,15962,0.067547
1506,18919,0.066467
1507,14564,0.601324
1508,13752,0.197075
1508,14863,0.063835
1508,14873,0.098714
1508,14069,0.054736
1508,14760,0.076729
1509,13394,0.317903
1509,15166,0.276947
1510,13988,0.122516
1510,13181,0.16081
1510,13975,0.270385
1511,14568,0.067607
1511,14342,0.100847
1512,14569,0.555669
1513,14570,0.76724
1514,14571,0.499427
1515,14572,0.307915
1515,13880,0.171802
1515,19344,0.07516
1516,14573,0.338223
1516,13395,0.142816
1516,15149,0.320113
1516,16047,0.063103
1517,14575,0.32541
1517,14069,0.171811
1518,14576,0.311773
1518,18945,0.104571
1518,14089,0.079186
1519,14577,0.454999
1519,13689,0.130099
1519,16519,0.20042
1520,14580,0.327735
1520,14779,0.074774
1520,16713,0.080498
1521,14581,0.124005
1521,18233,0.114242
1521,21188,0.054437
1522,14582,0.539519
1522,22425,0.121586
1523,14583,0.721202
1524,14584,0.068469
1524,15473,0.236774
1524,15846,0.146346
1525,14585,0.587337
1526,14586,0.278124
1526,14589,0.362229
1527,14587,0.437706
1527,16186,0.234913
1528,14588,0.12022
1528,17627,0.483044
1529,14591,0.279918
1529,14592,0.118701
1529,14724,0.230533
1530,14593,0.307104
1530,17643,0.463795
1531,13245,0.468559
1532,14594,0.070519
1532,16054,0.206528
1532,18274,0.090635
1532,19606,0.085423
1533,14595,0.396001
1533,16043,0.131807
1533,19439,0.063714
1534,13227,0.066948
1535,14596,0.40332
1536,14597,0.080577
1536,16373,0.31083
1536,15699,0.154879
1537,14599,0.143628
1537,16382,0.385901
1538,14131,0.149476
1538,13905,0.186331
1538,16481,0.286353
1539,14600,0.26072
1539,14934,0.103686
1539,18990,0.191381
1540,14601,0.640198
1541,13260,0.279451
1542,13227,0.411003
1542,13418,0.429122
1543,13428,0.310864
1544,14591,0.190697
1544,14724,0.133166
1544,14723,0.155729
1544,14592,0.144369
1545,14602,0.259258
1545,15753,0.07971
1545,16022,0.072929
1545,20301,0.127093
1546,13742,0.359767
1547,14605,0.140146
1547,16016,0.329108
1547,14138,0.184926
1548,13878,0.434681
1548,14239,0.294358
1549,14608,0.09621
1549,13672,0.191706
1549,14357,0.181823
1549,18139,0.052875
1550,14610,0.225429
1550,14608,0.054204
1550,17512,0.106798
1551,14612,0.278182
1551,16421,0.22145
1551,13524,0.052907
1551,19471,0.097914
1552,13239,0.406855
1552,13240,0.436603
1553,14613,0.466102
1553,16342,0.11231
1554,14275,0.263474
1554,19491,0.105332
1554,21854,0.065798
1555,14614,0.050889
1555,15896,0.342029
1555,19341,0.136
1556,13442,0.124979
1557,13704,0.1538
1557,13353,0.07231
1557,15145,0.051697
1558,14619,0.114045
1558,14398,0.266106
1558,15485,0.203148
1558,20194,0.057363
1559,14620,0.351302
1559,15307,0.10009
1559,22539,0.060099
1559,22719,0.052092
1560,14621,0.066327
1560,14622,0.057078
1560,14623,0.063344
1560,14625,0.125553
1561,14624,0.354361
1561,16215,0.179143
1561,18608,0.073913
1562,13349,0.301029
1563,14627,0.158049
1563,13406,0.081362
1563,15062,0.077457
1563,20289,0.060064
1564,14628,0.180007
1564,19532,0.223501
1565,13730,0.157295
1566,13196,0.524448
1566,15532,0.076461
1567,14630,0.344118
1567,17260,0.289645
1568,14631,0.24678
1568,15955,0.303896
1569,14633,0.362569
1569,17092,0.23025
1570,14635,0.159669
1570,18695,0.091394
1570,20417,0.091907
1570,22943,0.091704
1571,14636,0.241233
1571,17221,0.100558
1571,17507,0.129158
1571,14370,0.06915
1571,22289,0.072178
1572,14637,0.072406
1572,13900,0.302404
1573,14638,0.090795
1573,18060,0.234235
1573,19636,0.090807
1573,16460,0.161909
1574,14639,0.084134
1574,18189,0.141751
1575,13842,0.255713
1576,14641,0.204641
1577,13477,0.294617
1577,14642,0.05696
1577,13280,0.070987
1578,14643,0.204673
1578,15750,0.278981
1579,14644,0.146425
1580,14514,0.216609
1580,13710,0.175003
1580,14794,0.217488
1580,14700,0.062769
1581,14645,0.244718
1581,14547,0.181725
1581,14928,0.085802
1582,14646,0.280388
1582,16694,0.096274
1582,21222,0.05313
1582,19264,0.099233
1583,14647,0.304513
1583,14648,0.260079
1584,14649,0.345881
1584,19264,0.267973
1585,14650,0.120993
1585,16696,0.378705
1586,13552,0.167918
1586,14651,0.168183
1586,14615,0.105936
1586,13646,0.138315
1586,14429,0.067028
1586,19055,0.052108
1587,14652,0.055636
1587,17467,0.100815
1587,17599,0.051648
1588,14656,0.088973
1588,17935,0.137334
1588,18618,0.174484
1588,15890,0.053837
1588,14466,0.11419
1589,13413,0.13621
1589,21049,0.136802
1590,14657,0.401585
1590,15877,0.074633
1590,14606,0.117675
1590,20193,0.060713
1591,14658,0.167338
1591,19212,0.147968
1591,21022,0.18986
1592,14659,0.396471
1593,14660,0.135902
1593,14905,0.232564
1593,17366,0.050608
1593,19686,0.058254
1593,21159,0.107975
1594,13579,0.102509
1594,14571,0.08515
1595,14128,0.23588
1595,15062,0.078617
1595,14093,0.110051
1595,19451,0.074325
1596,14663,0.268464
1596,16447,0.146686
1596,17617,0.055671
1597,14453,0.1727
1598,14664,0.120748
1598,17626,0.053044
1598,17601,0.071571
1599,14666,0.312425
1599,17774,0.350944
1600,14669,0.522364
1600,15565,0.129416
1601,14670,0.055183
1601,17350,0.110191
1601,14160,0.372997
1602,13760,0.137431
1603,14671,0.089724
1603,17613,0.063477
1603,16978,0.058756
1603,20480,0.0899
1604,14673,0.162167
1604,15790,0.234561
1604,16781,0.065626
1604,18264,0.235645
1605,14675,0.240256
1605,16434,0.240311
1605,22813,0.172291
1606,14676,0.075792
1606,15207,0.056958
1606,19412,0.299407
1606,21566,0.234774
1607,14678,0.662956
1608,14679,0.490838
1608,16726,0.237944
1609,14681,0.489097
1609,13435,0.117261
1610,14684,0.402919
1610,18035,0.086814
1610,13209,0.057892
1611,14685,0.109825
1611,14686,0.06311
1611,14129,0.119272
1611,18707,0.063866
1611,20651,0.054513
1612,14687,0.32077
1612,15227,0.166523
1612,15455,0.101092
1613,14688,0.294493
1613,16960,0.07849
1613,13468,0.103783
1614,13227,0.202909
1615,14393,0.484099
1616,13243,0.593477
1617,14689,0.546554
1617,17728,0.161444
1618,14690,0.307257
1618,14765,0.251599
1619,14142,0.466726
1620,14691,0.174151
1620,16592,0.441134
1621,14692,0.181589
1621,18211,0.062768
1622,14693,0.161408
1622,15045,0.316621
1623,14694,0.187668
1623,15382,0.162556
1623,16956,0.08372
1623,19255,0.066524
1624,13218,0.354014
1625,13329,0.285569
1626,14695,0.908743
1627,14696,0.988838
1628,13175,0.277904
1628,13176,0.086904
1629,14699,0.242108
1629,15727,0.077757
1629,14744,0.072891
1630,14700,0.313192
1630,14514,0.111313
1631,14701,0.616407
1632,14702,0.280801
1632,13673,0.442261
1632,13296,0.130929
1633,14703,0.344435
1633,14702,0.080607
1633,19406,0.077871
1634,14706,0.607746
1635,14707,0.085862
1635,16137,0.278129
1635,19398,0.16581
1636,14708,0.184839
1636,16100,0.135262
1636,19128,0.098848
1636,20263,0.054459
1636,20571,0.068143
1637,14709,0.201342
1637,15186,0.44163
1638,14710,0.709438
1639,14393,0.506821
1640,13586,0.267694
1641,13496,0.976716
1642,13752,0.171832
1643,14712,0.160661
1643,17415,0.060467
1643,19161,0.181821
1644,14714,0.110514
1644,17998,0.311552
1645,14716,0.297825
1646,13972,0.372781
1646,13878,0.358151
1647,14717,0.293476
1647,15966,0.078053
1648,14718,0.191063
1648,14281,0.055192
1648,14606,0.114236
1648,16634,0.059423
1649,14719,0.152235
1649,15233,0.094711
1649,19445,0.067672
1649,13288,0.086568
1650,14720,0.158989
1650,16303,0.103916
1650,18133,0.134714
1650,13291,0.066433
1650,19003,0.061906
1650,21269,0.050122
1651,14541,0.233421
1651,15327,0.194413
1651,16468,0.068569
1651,16496,0.064585
1652,14721,0.758217
1653,14722,0.070545
1654,13731,0.337112
1655,13960,0.172282
1656,13245,0.480844
1657,14723,0.111322
1657,19525,0.196744
1658,14725,0.351942
1658,15811,0.159301
1658,14359,0.097416
1659,14728,0.329816
1660,14730,0.094628
1660,18738,0.139661
1661,14731,0.348384
1661,17035,0.148002
1661,13378,0.096596
1662,14733,0.551151
1662,14402,0.110637
1663,14735,0.075505
1663,14837,0.220471
1663,16776,0.165618
1664,14736,0.138463
1664,15804,0.225555
1664,15976,0.210732
1665,14737,0.388823
1665,16321,0.073964
1665,18246,0.114091
1666,14738,0.050548
1666,15059,0.146403
1666,16135,0.171504
1667,14740,0.657383
1668,14741,0.441397
1668,15936,0.06303
1669,13499,0.377057
1670,13609,0.207041
1670,18132,0.098236
1670,20780,0.091563
1671,13330,0.263414
1672,13304,0.396621
1673,13344,0.383384
1674,13497,0.148015
1675,13177,0.240367
1676,14742,0.160608
1676,15620,0.08767
1677,14743,0.24767
1677,18670,0.247583
1678,14744,0.332645
1679,14745,0.072984
1679,19428,0.151541
1680,13768,0.420768
1681,13199,0.499021
1681,15953,0.08632
1682,13637,0.158212
1682,13814,0.398419
1683,14439,0.253409
1683,14120,0.205782
1683,13368,0.066522
1684,14747,0.538015
1685,14748,0.551883
1686,14749,0.210702
1686,15338,0.317919
1686,20119,0.063258
1687,14750,0.24429
1687,16672,0.114512
1687,13457,0.073751
1687,14246,0.126699
1688,14751,0.701873
1689,14753,0.491813
1690,14204,0.464969
1690,14393,0.051523
1691,14755,0.423184
1691,16177,0.072703
1691,18150,0.052405
1691,14014,0.053235
1692,14756,0.06812
1692,14796,0.054264
1692,14910,0.150323
1692,16285,0.111874
1692,16233,0.055751
1692,13196,0.051417
1693,14757,0.731463
1694,13326,0.232027
1694,14674,0.052349
1694,14677,0.053569
1694,18776,0.098612
1695,14758,0.405944
1695,17408,0.064991
1696,13752,0.128981
1696,13320,0.072454
1697,13898,0.120727
1697,14360,0.083721
1697,14335,0.35613
1698,14761,0.091412
1698,20020,0.060033
1698,21166,0.059296
1698,21208,0.082656
1699,14193,0.513096
1700,14762,0.366858
1700,20302,0.136779
1700,15222,0.141737
1701,13691,0.456261
1701,13633,0.067266
1702,14189,0.105894
1702,14097,0.073122
1703,14766,0.061022
1703,16707,0.115865
1703,14103,0.062454
1704,14767,0.1001
1704,14777,0.136992
1705,14768,0.058466
1705,19641,0.090109
1706,14769,0.718223
1707,14770,0.58332
1708,14771,0.103769
1708,13236,0.338737
1708,13801,0.334212
1709,14772,0.650635
1710,14773,0.288108
1710,14700,0.221609
1711,14774,0.759017
1712,14775,0.318982
1712,14776,0.233552
1713,14778,0.340844
1713,19660,0.093322
1713,13553,0.056945
1714,13176,0.111627
1715,14780,0.319928
1715,17196,0.211957
1715,18848,0.125912
1716,14781,0.222695
1716,14921,0.206233
1716,13205,0.139539
1717,14782,0.462134
1718,14783,0.144163
1718,14971,0.199161
1718,17846,0.061679
1718,19366,0.075748
1718,19419,0.089276
1719,14784,0.176707
1719,15674,0.070966
1719,18468,0.111096
1719,20615,0.06354
1720,14110,0.413702
1720,13486,0.134543
1721,14785,0.276764
1721,15170,0.199341
1721,20687,0.102229
1722,14786,0.217419
1722,19338,0.133486
1723,14434,0.55244
1724,14370,0.526166
1725,14787,0.299935
1725,16734,0.079605
1725,15680,0.050084
1726,14788,0.443159
1726,22930,0.230489
1727,14789,0.532027
1728,14791,0.589468
1729,13748,0.300764
1730,13329,0.144883
1731,14795,0.560087
1732,13230,0.450947
1733,13305,0.401182
1734,13579,0.40086
1735,14797,0.164069
1736,13390,0.220486
1736,13175,0.273635
1737,14798,0.141484
1737,13280,0.078538
1738,14799,0.145766
1738,14388,0.080039
1738,17167,0.080042
1738,13375,0.120241
1738,22049,0.057497
1739,14800,0.545588
1740,14801,0.473476
1740,17078,0.053289
1740,19322,0.05531
1741,13250,0.156422
1741,13496,0.144761
1742,13428,0.222876
1743,13760,0.074521
1744,13217,0.391081
1745,13226,0.327113
1746,14802,0.214469
1746,15840,0.121608
1746,16309,0.214482
1746,20558,0.058101
1747,14577,0.29135
1747,13689,0.216685
1747,16519,0.054688
1747,16434,0.073754
1748,14804,0.534647
1748,14805,0.23366
1748,15199,0.096864
1749,14806,0.321233
1749,15701,0.055018
1749,14176,0.094953
1750,14809,0.126589
1750,13627,0.327293
1751,14341,0.168935
1752,14811,0.563486
1753,14812,0.17599
1753,16599,0.064755
1754,14813,0.249434
1755,13244,0.219262
1755,13744,0.135815
1756,13581,0.198539
1756,13176,0.15132
1757,14814,0.294434
1758,13499,0.366015
1759,14815,0.370903
1760,13583,0.401299
1761,13732,0.173288
1761,16198,0.231439
1762,13428,0.305758
1763,14816,0.654973
1764,13230,0.066769
1764,13225,0.069408
1765,14817,0.105523
1765,13814,0.082735
1765,13637,0.062738
1765,15426,0.057098
1765,15624,0.374976
1766,14818,0.051781
1766,13818,0.143435
1766,18717,0.135947
1766,19102,0.183364
1767,14820,0.068736
1767,14723,0.07595
1767,15309,0.063521
1768,14821,0.207206
1768,15802,0.093776
1768,16472,0.176041
1768,13246,0.052051
1769,13243,0.230942
1770,14189,0.31683
1770,14014,0.218129
1770,17235,0.062384
1771,14822,0.051585
1771,18419,0.143385
1771,19674,0.10539
1771,19939,0.08491
1771,20160,0.08487
1772,13306,0.080768
1772,13473,0.16745
1772,16181,0.228747
1773,14823,0.331804
1773,14826,0.123723
1773,15442,0.052439
1773,15448,0.088148
1774,14824,0.379437
1774,14437,0.188305
1774,16992,0.059084
1775,14825,0.20159
1775,16085,0.096171
1775,16992,0.052364
1776,14827,0.068373
1776,15456,0.098262
1776,19074,0.114942
1776,21385,0.093437
1776,14826,0.06174
1777,13225,0.255577
1778,13842,0.051151
1779,13425,0.099494
1779,13245,0.547914
1780,14543,0.311708
1781,14829,0.164688
1781,13846,0.112581
1781,15250,0.078799
1782,14830,0.379317
1782,15320,0.227859
1783,14831,0.211987
1783,14833,0.227156
1783,14871,0.078004
1783,16348,0.144328
1784,14832,0.459815
1785,14834,0.292954
1785,15766,0.398479
1786,14836,0.354077
1786,17050,0.101179
1786,17915,0.063618
1787,13303,0.216164
1787,13305,0.316346
1788,13217,0.162678
1789,14839,0.103552
1790,14840,0.062541
1790,15207,0.118082
1790,16923,0.058505
1791,14842,0.079366
1791,18173,0.078279
1791,18657,0.097824
1791,16224,0.065469
1791,16378,0.190371
1792,14843,0.836457
1793,14845,0.690195
1794,13668,0.602744
1795,13465,0.116284
1795,13466,0.109438
1795,14760,0.088215
1795,14177,0.10486
1796,13499,0.142122
1797,14846,0.78919
1798,13204,0.283419
1799,13240,0.276067
1800,13496,0.238463
1801,14722,0.101938
1802,14847,0.064684
1802,14185,0.186158
1802,15446,0.077649
1802,15841,0.057612
1803,14848,0.263077
1803,16528,0.288653
1804,14849,0.634235
1805,13542,0.672765
1806,14168,0.116351
1806,14329,0.19901
1806,18708,0.103355
1807,13307,0.199281
1807,16671,0.147891
1807,17191,0.143371
1808,14853,0.367394
1808,19898,0.381261
1809,14854,0.06577
1809,14047,0.089791
1809,13587,0.281096
1809,18533,0.07448
1810,14855,0.136842
1810,15319,0.096029
1810,13488,0.197337
1810,15772,0.067892
1811,14856,0.052057
1811,16078,0.418369
1812,13914,0.487942
1812,17799,0.082761
1813,13633,0.335833
1813,17332,0.297706
1814,14858,0.440939
1814,15130,0.09668
1815,14859,0.433535
1815,14860,0.081141
1815,14616,0.136172
1815,18706,0.071069
1816,14862,0.119771
1816,15662,0.184326
1816,15321,0.08397
1816,18942,0.072739
1817,13755,0.252774
1818,13579,0.508381
1818,15400,0.070886
1819,14228,0.463169
1819,14164,0.255113
1820,14865,0.294517
1820,17198,0.170488
1820,18047,0.064971
1821,14866,0.083638
1821,16979,0.115763
1821,18048,0.077155
1821,13372,0.070132
1821,19775,0.076315
1821,16771,0.068958
1822,14867,0.246609
1822,15613,0.051517
1822,18339,0.082204
1822,19502,0.157276
1823,14868,0.070846
1823,17327,0.151285
1823,18765,0.198684
1823,17131,0.095068
1824,13418,0.136313
1824,13760,0.056686
1825,13304,0.283972
1826,13960,0.210447
1827,14872,0.072389
1827,17086,0.053594
1827,15991,0.131998
1828,13496,0.101141
1829,14875,0.359274
1830,13754,0.177497
1831,14876,0.158111
1832,13336,0.09735
1833,13351,0.227456
1834,13344,0.363891
1835,14845,0.670073
1836,14878,0.197383
1836,13478,0.100298
1836,14031,0.141793
1837,14879,0.211194
1837,14498,0.131695
1838,14880,0.414397
1838,14883,0.451042
1839,14881,0.314941
1840,14882,0.761706
1841,13583,0.350765
1842,14885,0.129281
1842,13440,0.247068
1842,19909,0.101214
1842,23065,0.090048
1843,14887,0.443891
1843,15153,0.152346
1843,21890,0.067271
1844,13852,0.145074
1845,14889,0.454662
1845,16838,0.077956
1846,14271,0.216388
1847,13663,0.387754
1848,14890,0.374233
1849,14891,0.393213
1850,14892,0.317642
1850,15832,0.179227
1851,14893,0.197697
1851,15437,0.200448
1851,16402,0.085939
1852,13240,0.442633
1853,14894,0.25977
1853,13845,0.098735
1853,21498,0.296028
1854,14896,0.571678
1855,13176,0.058247
1856,13442,0.351442
1857,13178,0.13368
1858,13245,0.408783
1859,13960,0.07173
1859,13423,0.078121
1860,13244,0.275169
1861,14899,0.200669
1861,16037,0.061347
1861,17830,0.054621
1862,14900,0.224769
1862,15557,0.126782
1862,16140,0.077372
1863,14901,0.339239
1864,13226,0.327863
1865,14902,0.299563
1865,16641,0.123154
1865,20727,0.060736
1866,14275,0.082935
1866,13604,0.25512
1866,17908,0.051498
1866,13325,0.121312
1866,15265,0.073621
1867,13250,0.053047
1868,13663,0.54101
1869,14903,0.137949
1870,13663,0.3588
1870,13329,0.114451
1871,14904,0.669196
1872,14906,0.06175
1872,18249,0.149802
1872,18952,0.052322
1873,14907,0.212996
1873,17446,0.062654
1874,14908,0.260235
1874,14911,0.121391
1874,19319,0.109289
1875,13448,0.359601
1876,14909,0.309632
1876,19851,0.282768
1877,14912,0.072838
1877,18721,0.123659
1877,17940,0.053382
1877,19461,0.0662
1878,14913,0.32148
1878,14541,0.16229
1879,13706,0.482479
1880,14914,0.154287
1880,16519,0.421723
1881,14522,0.13404
1881,14954,0.070219
1881,20148,0.221727
1882,14915,0.074105
1882,15585,0.22485
1882,15973,0.236719
1882,18062,0.068837
1882,20390,0.058724
1883,14916,0.149319
1883,16317,0.174265
1883,17039,0.363506
1884,14556,0.180306
1884,14919,0.124443
1884,14108,0.175939
1884,16415,0.089621
1884,21359,0.066603
1885,14917,0.671335
1886,14542,0.104728
1886,18896,0.291097
1886,19207,0.056743
1886,20947,0.082353
1886,15720,0.071301
1887,14918,0.12651
1887,13484,0.170981
1887,16806,0.102666
1888,14920,0.38447
1889,14700,0.570144
1890,14142,0.505083
1891,14285,0.313756
1891,13348,0.13272
1892,14165,0.518426
1893,13994,0.508278
1894,14925,0.709677
1895,14782,0.755142
1896,14926,0.679938
1897,14611,0.451969
1897,20124,0.159139
1898,14927,0.174586
1899,14928,0.151512
1899,13369,0.103303
1900,14929,0.080497
1900,15270,0.138174
1900,16415,0.313781
1901,14930,0.29655
1901,16675,0.222386
1901,22829,0.08795
1902,14931,0.098817
1902,13904,0.082777
1903,14747,0.272649
1904,14932,0.564024
1905,14933,0.343712
1905,17043,0.215456
1906,14400,0.511877
1907,13755,0.438309
1908,14006,0.132685
1908,16872,0.117466
1908,20158,0.067261
1909,13428,0.356764
1910,13228,0.320501
1910,13428,0.070904
1911,14934,0.440899
1912,14138,0.20049
1913,14936,0.057044
1913,15866,0.264292
1913,15924,0.068105
1913,16237,0.231784
1914,13535,0.271175
1914,16874,0.267106
1915,14231,0.445143
1915,13558,0.338511
1915,13705,0.114002
1916,14514,0.327653
1916,16049,0.107767
1916,19216,0.076874
1916,19014,0.221882
1917,14939,0.119513
1917,15488,0.065721
1917,16000,0.08275
1918,14940,0.386267
1919,14935,0.056548
1920,14941,0.283614
1920,17013,0.079284
1920,17014,0.061679
1920,17015,0.061718
1921,14942,0.304849
1921,16563,0.156829
1921,20805,0.090689
1922,14943,0.10231
1922,16205,0.060887
1922,17777,0.249153
1922,14682,0.086737
1923,14944,0.096719
1923,15069,0.115095
1923,13380,0.104956
1923,13212,0.059534
1924,14946,0.586046
1924,17429,0.138795
1925,14947,0.217399
1925,22120,0.217417
1926,14948,0.368222
1927,14950,0.189755
1927,15568,0.286588
1927,17492,0.065767
1927,14374,0.092239
1928,14951,0.202153
1928,13609,0.15102
1928,15176,0.059365
1929,14952,0.468682
1930,14953,0.579227
1930,14249,0.120369
1931,14954,0.164827
1931,14522,0.059076
1931,18548,0.176925
1932,14158,0.354223
1932,15729,0.227412
1933,13220,0.165132
1933,15388,0.252443
1933,18127,0.136064
1933,18135,0.058371
1934,13231,0.058922
1934,14425,0.468856
1934,14079,0.09288
1934,14080,0.065526
1935,13484,0.145648
1935,13947,0.076579
1935,16806,0.080754
1936,14958,0.762738
1937,13960,0.181647
1937,13204,0.097845
1938,13245,0.439407
1939,13744,0.270926
1940,14959,0.085627
1940,16046,0.214017
1940,19455,0.051402
1940,14906,0.06995
1940,13277,0.152798
1941,14960,0.654167
1942,14961,0.125272
1943,14964,0.081724
1943,16564,0.1324
1943,16598,0.115483
1944,14965,0.346161
1944,19450,0.116685
1945,14966,0.321917
1945,19993,0.063371
1946,14967,0.360386
1946,20733,0.360386
1947,14969,0.128659
1947,15940,0.190766
1947,18639,0.14354
1948,14970,0.169507
1948,17263,0.348057
1949,14972,0.489896
1950,14973,0.598085
1951,14974,0.539672
1952,14975,0.312047
1952,20378,0.084134
1952,19717,0.056553
1953,14976,0.321409
1953,21391,0.320053
1954,14978,0.095241
1954,16860,0.075354
1954,19922,0.066496
1954,20509,0.119682
1954,21696,0.109437
1955,14979,0.347413
1955,18835,0.058019
1955,16102,0.173437
1955,21912,0.058019
1956,13460,0.478836
1956,14698,0.108557
1957,14702,0.074134
1957,14982,0.314375
1957,15556,0.250795
1958,14983,0.207555
1958,14986,0.069805
1958,14866,0.124174
1958,17353,0.097096
1959,13224,0.547255
1960,14984,0.424092
1960,22945,0.070424
1961,14985,0.092268
1961,19060,0.050031
1961,20473,0.07067
1961,21031,0.292638
1962,13406,0.136338
1962,14914,0.37305
1962,15062,0.053051
1963,13553,0.551392
1964,14987,0.264419
1965,14989,0.257409
1965,16645,0.153292
1965,17318,0.103456
1966,14705,0.507888
1966,14215,0.129279
1967,13502,0.164167
1967,14729,0.38419
1968,14062,0.290486
1968,15472,0.157003
1968,18138,0.139021
1969,13460,0.532097
1970,14992,0.372929
1970,17676,0.222798
1971,14993,0.104298
1971,14865,0.107785
1971,17481,0.193434
1971,18047,0.053795
1972,14994,0.224877
1972,13825,0.297509
1972,16594,0.066743
1972,16365,0.111428
1973,13245,0.56301
1974,14995,0.101383
1974,16787,0.406477
1975,13428,0.142246
1976,14663,0.199259
1976,15694,0.148227
1976,16447,0.146817
1977,14996,0.068621
1977,17949,0.239563
1977,15023,0.068707
1978,13225,0.17784
1978,13967,0.067733
1979,13426,0.370599
1980,13225,0.089184
1981,14035,0.217928
1981,15203,0.255258
1981,13334,0.068165
1982,14997,0.093135
1982,15162,0.127485
1982,14837,0.149085
1983,14998,0.123969
1983,14284,0.054824
1983,13369,0.077247
1983,13610,0.086289
1983,15941,0.336472
1984,13891,0.460439
1985,13260,0.345228
1986,13418,0.29588
1987,13583,0.352399
1988,15001,0.103055
1988,16777,0.279526
1988,13331,0.124178
1989,15002,0.37822
1989,15509,0.07833
1989,17814,0.102291
1990,13176,0.330834
1991,13217,0.327142
1991,13303,0.107226
1992,14883,0.104362
1992,13852,0.071906
1992,19574,0.060351
1993,15003,0.085639
1993,15176,0.152448
1993,14112,0.084375
1994,15004,0.327509
1995,13178,0.2867
1996,15005,0.147362
1996,13579,0.1899
1996,13245,0.110018
1996,14571,0.066445
1997,13423,0.503296
1998,13244,0.143504
1999,15007,0.69839
2000,15008,0.483547
2000,19614,0.117122
2001,15010,0.316757
2001,15690,0.059198
2001,21104,0.185565
2001,22233,0.069043
2002,15011,0.136518
2002,15672,0.110828
2002,16773,0.119944
2002,16818,0.077714
2003,15012,0.054273
2003,16916,0.086485
2003,17509,0.234566
2004,15013,0.180667
2004,16019,0.183623
2005,15014,0.447225
2005,16707,0.11738
2005,20257,0.055104
2006,13244,0.058375
2007,13230,0.179861
2008,13290,0.368798
2008,13390,0.164269
2009,13430,0.349092
2010,13317,0.355888
2011,13225,0.245834
2012,13424,0.425646
2013,15015,0.156267
2013,21047,0.173451
2014,15016,0.232506
2014,16596,0.054068
2015,15017,0.283345
2015,15717,0.187587
2015,15718,0.100777
2016,13181,0.355525
2017,13241,0.455752
2018,15020,0.669099
2019,15024,0.332771
2019,14634,0.065111
2019,16967,0.11632
2020,13597,0.213082
2021,13213,0.389834
2021,15025,0.087966
2021,15168,0.277227
2022,13226,0.408715
2023,13732,0.390122
2024,14585,0.191207
2024,13227,0.097729
2025,15029,0.366913
2025,19894,0.261278
2026,13304,0.05411
2027,13442,0.244708
2027,15140,0.096004
2028,15030,0.255554
2028,15384,0.102859
2028,17370,0.051792
2028,18015,0.091914
2029,15031,0.154417
2029,18373,0.080477
2029,18336,0.077745
2029,13992,0.065623
2030,15032,0.149841
2030,15071,0.256771
2030,13735,0.067649
2031,14773,0.146874
2031,14597,0.146736
2031,17362,0.099087
2032,13633,0.194569
2032,13214,0.318405
2033,15033,0.112066
2033,13626,0.264485
2033,15872,0.089425
2034,15034,0.066251
2034,19715,0.078223
2035,15035,0.634197
2036,15036,0.189801
2037,13960,0.070972
2038,15038,0.100863
2038,13223,0.354385
2039,15039,0.137978
2039,18920,0.167794
2039,16491,0.054588
2039,15409,0.082483
2040,13840,0.257015
2040,13849,0.116588
2040,16942,0.090629
2040,20112,0.076595
2041,15042,0.157505
2041,18478,0.06769
2041,18623,0.093829
2041,20077,0.139926
2042,15043,0.084389
2042,16882,0.072934
2042,18605,0.207561
2042,18780,0.050744
2043,13916,0.538682
2044,15046,0.072294
2044,19234,0.122833
2044,19875,0.161208
2044,21123,0.075037
2045,13244,0.461936
2045,13925,0.277971
2046,13330,0.178796
2047,13212,0.2787
2048,13517,0.37344
2049,15047,0.332864
2050,13748,0.215824
2051,13517,0.448025
2052,13744,0.20095
2052,13250,0.320806
2052,13925,0.279381
2053,15048,0.501005
2053,15466,0.111869
2054,14430,0.17966
2054,13622,0.055033
2054,18267,0.116066
2055,15049,0.516562
2055,17801,0.130393
2056,13581,0.561006
2057,13430,0.35765
2058,15050,0.295083
2058,21891,0.378656
2059,15051,0.179154
2059,15658,0.147423
2060,13178,0.164287
2061,13305,0.331781
2061,13303,0.332641
2062,13241,0.177693
2063,13329,0.237293
2064,13344,0.402183
2065,14052,0.207904
2066,15055,0.055524
2066,15326,0.054788
2066,18181,0.122745
2066,13648,0.130354
2066,15457,0.17545
2067,15056,0.196683
2067,15528,0.073223
2067,15864,0.088577
2068,15057,0.370663
2068,22473,0.126092
2069,15058,0.06716
2069,14883,0.143522
2070,14669,0.358402
2070,14216,0.361422
2071,14216,0.303598
2071,13628,0.285355
2071,17504,0.07653
2072,14598,0.291653
2072,13599,0.228744
2072,15360,0.050028
2073,15063,0.192413
2073,15880,0.057083
2073,17562,0.260089
2074,15064,0.053571
2074,15930,0.118758
2074,16804,0.189772
2075,15066,0.552742
2075,17589,0.128165
2076,15067,0.115858
2077,15068,0.433634
2077,13431,0.069137
2077,13700,0.054474
2078,14654,0.310113
2078,14058,0.254962
2079,13204,0.155923
2080,15073,0.61484
2081,15074,0.656466
2082,15075,0.142123
2082,17603,0.104797
2082,19233,0.091264
2082,17391,0.055968
2082,20933,0.24522
2083,15076,0.077531
2084,13428,0.373142
2085,14503,0.218404
2086,14207,0.133033
2086,14559,0.448902
2087,15079,0.125866
2087,15655,0.063549
2087,18348,0.18291
2088,15080,0.114018
2088,16048,0.084286
2088,16580,0.108315
2088,16625,0.228669
2089,13240,0.345847
2090,14806,0.328381
2091,13351,0.25802
2092,15081,0.101531
2092,18023,0.306622
2092,20944,0.08615
2093,15082,0.090613
2094,13423,0.094255
2094,13227,0.061274
2095,15083,0.13624
2095,15084,0.05252
2095,17187,0.170256
2095,14114,0.052842
2095,13800,0.076285
2095,16639,0.052276
2095,16068,0.065393
2096,13657,0.207596
2097,13744,0.27317
2097,13925,0.073409
2097,13250,0.350782
2098,15086,0.108751
2098,18036,0.071483
2098,15149,0.203441
2099,15087,0.360833
2099,18094,0.234631
2100,13290,0.307977
2101,15089,0.057323
2102,15090,0.682333
2103,15091,0.16229
2103,16416,0.154834
2103,18783,0.173415
2103,19131,0.126851
2103,21162,0.051781
2104,15092,0.179471
2104,13819,0.17973
2104,14949,0.127118
2104,19352,0.147005
2105,15094,0.611316
2106,13175,0.370953
2107,15097,0.102327
2107,15730,0.123571
2107,15731,0.251969
2108,15099,0.061555
2108,16604,0.316108
2109,15100,0.40658
2109,15695,0.130941
2109,16305,0.083422
2110,15101,0.520371
2111,15102,0.098416
2111,13175,0.226663
2111,13228,0.186566
2112,13175,0.119269
2113,13428,0.440791
2114,15103,0.635259
2115,13217,0.243826
2115,16543,0.132665
2115,14393,0.062962
2116,14011,0.604849
2117,15105,0.293875
2117,15223,0.091298
2118,15106,0.270325
2118,16560,0.081254
2118,15153,0.090264
2118,14179,0.070408
2118,19793,0.054124
2119,14828,0.439373
2119,19694,0.078442
2119,16021,0.155213
2120,13846,0.539696
2121,15107,0.258203
2121,16768,0.109736
2121,18930,0.123322
2121,19049,0.073721
2122,15108,0.216252
2122,19072,0.21568
2123,15109,0.202515
2123,16135,0.425168
2123,15169,0.065756
2124,15112,0.379528
2124,13970,0.080226
2125,14867,0.116703
2125,15118,0.143006
2125,15318,0.075383
2125,18397,0.051834
2125,18426,0.076727
2126,15115,0.053428
2126,15119,0.105714
2126,16175,0.062766
2126,14321,0.05651
2127,15117,0.108061
2127,15555,0.337233
2127,15591,0.062645
2128,13365,0.250457
2128,13368,0.331469
2129,15120,0.222048
2129,20474,0.158579
2130,13240,0.214388
2131,13345,0.395046
2132,15122,0.671629
2133,15123,0.268528
2133,15413,0.203787
2133,18168,0.099141
2134,14376,0.254178
2135,13474,0.076987
2135,13967,0.213839
2135,17936,0.151688
2135,13361,0.075061
2136,15125,0.117286
2136,13310,0.235671
2136,15682,0.150433
2137,15127,0.157577
2137,16442,0.059169
2137,17468,0.0942
2137,21544,0.098835
2138,15128,0.552209
2139,15129,0.14427
2139,16424,0.079412
2139,14280,0.094541
2140,13571,0.104758
2140,15844,0.080466
2140,16522,0.063952
2141,13821,0.231224
2141,16192,0.097036
2142,15131,0.058348
2142,15132,0.187916
2142,15562,0.098593
2142,14178,0.05628
2142,22387,0.050364
2143,15134,0.159019
2143,15560,0.127173
2143,16701,0.184492
2143,17358,0.053545
2144,15135,0.119774
2144,15317,0.122824
2145,13960,0.255159
2146,15136,0.503307
2146,13363,0.135064
2146,18960,0.087714
2147,15137,0.448485
2147,18679,0.153905
2148,15138,0.073687
2148,14096,0.155088
2148,14734,0.122896
2148,21619,0.07705
2148,18293,0.057583
2149,15139,0.647962
2150,15140,0.136657
2151,15141,0.563639
2152,15142,0.29666
2152,16870,0.225729
2153,13290,0.401415
2154,13281,0.141208
2154,15036,0.065172
2155,15143,0.074613
2155,14164,0.096122
2156,15144,0.237635
2156,14461,0.071857
2157,13413,0.243982
2157,17386,0.21972
2158,15102,0.196886
2159,13499,0.307018
2159,13175,0.222825
2160,15146,0.164662
2160,17067,0.092067
2160,17798,0.310088
2160,21135,0.09206
2161,15147,0.117979
2161,15927,0.387302
2161,19285,0.16993
2162,15033,0.09863
2162,13626,0.530533
2163,15148,0.31677
2163,16053,0.111678
2164,13754,0.406384
2165,13754,0.247622
2166,13330,0.482521
2167,13428,0.216486
2168,13330,0.395272
2169,15150,0.454964
2170,15151,0.261796
2170,16126,0.30232
2171,14171,0.191052
2171,17464,0.214321
2171,13998,0.077275
2172,13426,0.117439
2173,13344,0.421684
2174,13344,0.318205
2175,13225,0.250965
2175,13290,0.135074
2176,13176,0.086691
2177,15154,0.325088
2178,15156,0.374743
2178,17305,0.10872
2178,17435,0.19276
2179,15157,0.214885
2179,17513,0.206412
2179,16136,0.232174
2179,15927,0.051737
2180,13491,0.380956
2180,17809,0.142793
2181,15158,0.114679
2181,14983,0.079277
2181,18206,0.124914
2181,19011,0.085809
2182,13303,0.167556
2182,13217,0.087671
2183,15166,0.202044
2183,15849,0.13554
2183,18791,0.095044
2183,18792,0.122044
2184,14236,0.058978
2184,13389,0.174874
2184,13269,0.125833
2184,13307,0.108635
2184,17070,0.062076
2185,13931,0.087995
2185,15168,0.125284
2185,14693,0.091083
2185,15171,0.12965
2185,15173,0.120092
2185,21833,0.066351
2186,15169,0.094182
2186,15765,0.282558
2186,16400,0.074476
2186,16646,0.050057
2187,15172,0.351112
2187,21868,0.165264
2187,22580,0.088955
2187,23125,0.064179
2188,15174,0.100823
2188,15717,0.199616
2188,15718,0.360938
2189,15175,0.165203
2189,14398,0.081337
2189,19113,0.101438
2189,15485,0.239173
2190,14924,0.13751
2190,15649,0.091653
2190,18904,0.083993
2191,15177,0.329519
2191,20786,0.228491
2191,22878,0.060585
2192,15178,0.145232
2192,16312,0.091225
2192,21626,0.064714
2192,15175,0.160475
2192,22572,0.066508
2192,20076,0.067973
2193,14249,0.094742
2193,16030,0.136873
2193,16667,0.097975
2194,15179,0.439712
2194,17976,0.127086
2195,15180,0.356543
2195,14249,0.127985
2195,13436,0.1636
2196,15039,0.556127
2197,15181,0.384093
2197,15969,0.063339
2197,15846,0.080999
2198,13658,0.210353
2198,15183,0.216661
2198,14249,0.050471
2198,21114,0.087625
2199,15184,0.26697
2199,16539,0.089586
2199,13265,0.074071
2200,15185,0.478158
2201,13423,0.051663
2202,13245,0.182078
2203,15187,0.325397
2203,16504,0.234141
2203,21608,0.087911
2204,14258,0.336391
2204,15184,0.378787
2204,13927,0.061108
2204,20407,0.051333
2205,15188,0.339833
2205,17173,0.065637
2205,17882,0.064485
2206,15189,0.279308
2206,23093,0.389374
2207,15190,0.429974
2207,16855,0.295124
2208,15193,0.097092
2208,16298,0.094917
2209,15195,0.095168
2210,13418,0.34259
2210,13227,0.331645
2211,13344,0.191712
2212,13228,0.326616
2213,15196,0.696519
2214,15197,0.352883
2214,15907,0.114554
2215,13550,0.224457
2215,14053,0.180319
2215,16983,0.145619
2216,13326,0.302562
2216,17571,0.057745
2217,13209,0.143665
2217,13372,0.21419
2217,17439,0.083102
2217,17071,0.099405
2218,13175,0.153033
2219,13517,0.617076
2220,13586,0.05581
2221,15071,0.151999
2221,15032,0.083402
2221,16226,0.051722
2222,15201,0.270214
2222,19430,0.080982
2222,20151,0.132532
2223,15203,0.227442
2223,15241,0.066985
2223,18115,0.086186
2223,13822,0.173998
2223,22953,0.067172
2224,15204,0.073684
2224,17955,0.105102
2224,15967,0.076341
2225,15205,0.233181
2225,13872,0.18723
2225,16168,0.085543
2225,21230,0.132187
2226,14193,0.487112
2226,13609,0.080193
2226,18276,0.120837
2227,13329,0.357582
2228,15206,0.133383
2228,15616,0.075389
2228,22688,0.072172
2229,15207,0.339273
2229,16248,0.266738
2230,15208,0.220528
2230,19607,0.12526
2230,20147,0.144851
2231,14543,0.206478
2231,21637,0.11226
2232,15209,0.392084
2232,16693,0.102813
2233,15210,0.210317
2233,15233,0.115653
2233,14719,0.13656
2233,18910,0.054161
2234,15212,0.295215
2235,15213,0.076335
2235,18222,0.229482
2235,19306,0.108475
2236,15214,0.093616
2236,15577,0.147801
2236,17845,0.054317
2237,13755,0.444572
2238,14333,0.050851
2238,15988,0.051392
2239,13280,0.180593
2239,15216,0.347959
2239,16460,0.089884
2239,14878,0.106265
2240,15217,0.610466
2241,15090,0.527701
2242,15218,0.594716
2243,15219,0.34364
2243,17573,0.101979
2244,13229,0.063175
2245,15220,0.444098
2246,15221,0.082691
2246,16518,0.174544
2246,15227,0.065343
2246,20157,0.059323
2246,14687,0.083321
2247,15222,0.510745
2248,15224,0.341219
2249,15225,0.083145
2249,17748,0.199263
2249,19490,0.053051
2249,19972,0.083118
2249,14529,0.06775
2250,15226,0.238654
2250,19130,0.213472
2251,15229,0.182746
2251,13427,0.203107
2251,17351,0.086919
2251,16751,0.061537
2252,15230,0.139923
2252,14561,0.090037
2252,17655,0.079534
2252,18967,0.079863
2252,19031,0.055338
2253,15231,0.094952
2253,18575,0.271349
2253,19162,0.110897
2254,15232,0.157005
2254,18569,0.372113
2255,13499,0.443675
2256,14162,0.689426
2257,15234,0.079061
2257,14360,0.077088
2257,17345,0.050207
2257,15450,0.199466
2257,15053,0.061782
2257,13850,0.094985
2258,15235,0.074517
2258,13661,0.053269
2258,15875,0.170764
2258,17759,0.118361
2258,17995,0.152384
2258,19562,0.073685
2258,15085,0.053887
2259,15238,0.08868
2259,14549,0.066557
2259,17902,0.354697
2260,15239,0.102741
2260,14877,0.08395
2260,14025,0.090635
2260,14164,0.237797
2261,14626,0.323334
2261,16506,0.119328
2261,18560,0.097022
2262,15240,0.558987
2263,15241,0.361953
2263,15991,0.060318
2263,15203,0.134685
2263,13822,0.065002
2264,15242,0.468518
2265,14789,0.413218
2265,13645,0.434707
2266,15243,0.200178
2267,15244,0.426894
2267,17266,0.120475
2267,13646,0.06354
2268,15246,0.226473
2268,15666,0.179392
2268,18018,0.056971
2269,15247,0.548345
2270,14508,0.137573
2270,15888,0.068006
2270,13988,0.470045
2271,15250,0.445114
2271,15086,0.374606
2272,15250,0.625174
2273,14138,0.089619
2273,16132,0.071745
2273,14750,0.066713
2274,15238,0.574866
2275,15254,0.063395
2275,16464,0.07801
2275,14293,0.149861
2275,17785,0.061832
2276,13315,0.311602
2277,15255,0.117032
2277,13316,0.074175
2278,15255,0.294962
2279,15256,0.493779
2280,15257,0.306113
2280,15679,0.295969
2281,15258,0.518848
2281,16318,0.091741
2282,15239,0.205052
2282,16365,0.286284
2282,13633,0.148046
2283,15259,0.170975
2283,23002,0.106281
2283,23003,0.109131
2284,15260,0.10795
2284,17901,0.071408
2284,16288,0.123086
2284,18493,0.093025
2285,15261,0.116603
2285,17349,0.226355
2285,16493,0.055104
2286,15262,0.364346
2286,19786,0.063322
2286,14223,0.093692
2286,20319,0.068953
2286,16426,0.075361
2287,15263,0.733922
2288,15264,0.468619
2288,21145,0.244495
2289,15265,0.656725
2290,15266,0.524403
2291,15267,0.073038
2291,13308,0.21175
2291,15351,0.320248
2292,15268,0.268147
2292,14407,0.130249
2292,17704,0.051552
2292,21997,0.05722
2293,15269,0.138108
2293,19681,0.077166
2293,20496,0.196493
2293,21536,0.198922
2294,13801,0.133126
2294,15272,0.086147
2294,17715,0.125169
2294,13522,0.197899
2295,15271,0.203394
2295,15285,0.379163
2296,15273,0.302547
2297,15274,0.278012
2297,19109,0.172028
2297,19753,0.056573
2298,15275,0.057406
2298,19250,0.055393
2298,15876,0.076555
2299,15276,0.637763
2300,15277,0.144637
2300,15278,0.103207
2300,13606,0.078577
2300,13622,0.068785
2300,20596,0.063591
2301,15279,0.148224
2302,15280,0.455873
2302,16063,0.122251
2303,15149,0.208093
2303,15086,0.404216
2304,13245,0.319985
2305,15281,0.734027
2306,15283,0.172317
2306,16628,0.135046
2306,16973,0.214268
2307,15284,0.192292
2307,15972,0.079862
2307,13291,0.054459
2308,13317,0.258262
2309,15286,0.622146
2310,13316,0.284871
2311,15287,0.712653
2312,15288,0.27248
2312,17409,0.286943
2312,19601,0.105827
2313,15289,0.533823
2314,15290,0.551961
2315,14055,0.186367
2315,15452,0.090704
2315,15785,0.161321
2315,20534,0.058137
2316,13347,0.349997
2316,13217,0.150827
2317,13226,0.352019
2318,13241,0.251297
2319,13579,0.598
2320,15293,0.235961
2320,15798,0.078554
2320,18883,0.201824
2321,15294,0.181914
2321,18238,0.556749
2322,15295,0.214105
2322,20174,0.098381
2323,15297,0.092676
2323,17910,0.513233
2324,14764,0.497576
2325,15298,0.076114
2326,13353,0.121707
2327,13227,0.341226
2327,18958,0.116398
2328,13290,0.090151
2329,13230,0.280714
2330,15299,0.179206
2331,14712,0.105033
2332,15300,0.335387
2333,15301,0.173272
2333,16326,0.359637
2334,13317,0.280646
2335,13244,0.204246
2336,15303,0.097592
2336,15338,0.180012
2336,14749,0.10225
2337,13663,0.428676
2338,13394,0.092341
2338,15537,0.062708
2338,14333,0.071232
2338,15166,0.111544
2338,16158,0.061255
2338,18946,0.078101
2339,15304,0.643516
2340,15305,0.118719
2340,18496,0.193053
2340,18915,0.097243
2340,22790,0.054349
2341,15309,0.370332
2341,16540,0.209015
2341,19094,0.076051
2341,23259,0.077371
2342,14854,0.284882
2342,18533,0.311393
2343,15310,0.053225
2343,13903,0.091431
2344,15314,0.055327
2344,15645,0.132898
2344,16471,0.274339
2344,17711,0.063452
2345,15315,0.100413
2345,18437,0.300442
2345,21004,0.063951
2346,15316,0.272284
2347,15317,0.392603
2347,15135,0.105334
2347,13244,0.064919
2348,14744,0.134253
2348,16709,0.107969
2348,18308,0.053747
2349,13962,0.309911
2349,15853,0.085639
2350,14847,0.488701
2350,16127,0.076749
2351,15322,0.135534
2351,15567,0.594431
2352,13464,0.07031
2352,15715,0.210915
2352,13923,0.098553
2353,15323,0.080942
2353,20078,0.128735
2353,22321,0.060931
2354,15324,0.358341
2354,15325,0.285153
2354,18598,0.125133
2355,15329,0.275703
2355,16079,0.162813
2356,15330,0.286539
2356,14699,0.134853
2356,21832,0.07473
2356,13856,0.073799
2357,13484,0.405981
2357,17193,0.091758
2358,14397,0.717489
2359,13221,0.483983
2359,13825,0.08112
2359,15060,0.063539
2360,15261,0.421896
2360,14894,0.455453
2361,15331,0.109518
2361,16119,0.27159
2362,14055,0.295709
2362,13792,0.229976
2363,14828,0.575872
2364,15333,0.143027
2364,19994,0.355024
2365,13377,0.705231
2366,14275,0.079517
2366,15191,0.276927
2366,16817,0.184004
2366,22126,0.147743
2367,15334,0.345529
2367,15271,0.064427
2367,18237,0.1644
2368,15335,0.144745
2368,15136,0.130858
2368,17161,0.181462
2368,13377,0.076988
2368,20492,0.100783
2369,15298,0.217
2369,18329,0.136052
2370,13583,0.174418
2371,15339,0.588476
2372,13744,0.261025
2373,13586,0.080126
2374,15340,0.490856
2375,15341,0.052833
2375,18079,0.185513
2375,18953,0.07817
2375,20556,0.11134
2375,21306,0.10281
2375,17896,0.053312
2376,14627,0.505387
2376,16802,0.156358
2377,15343,0.074803
2377,15445,0.326453
2377,15345,0.315837
2378,15344,0.502801
2378,15345,0.312563
2379,15345,0.548421
2380,15347,0.148902
2380,15895,0.537011
2381,15349,0.646394
2382,15352,0.520294
2383,14113,0.173423
2383,14711,0.059369
2383,14579,0.178082
2383,19783,0.113339
2384,13217,0.187145
2385,13175,0.228155
2386,15354,0.619803
2387,13424,0.394555
2388,13241,0.395228
2389,15355,0.743196
2390,15356,0.371967
2390,21278,0.059707
2391,13767,0.057767
2391,13523,0.063564
2391,14172,0.177551
2391,14083,0.152198
2392,15357,0.160367
2392,17090,0.059189
2392,16082,0.263461
2393,15360,0.636778
2394,15361,0.835497
2395,15362,0.42727
2395,15969,0.175315
2396,15363,0.130837
2396,13931,0.138786
2397,13626,0.119616
2397,15872,0.123753
2397,16092,0.084847
2397,14987,0.069572
2398,15364,0.405799
2398,20764,0.173376
2399,15365,0.354758
2399,19926,0.121707
2399,19927,0.082012
2399,21535,0.152195
2400,13586,0.13715
2400,13329,0.061962
2401,13428,0.13694
2402,13330,0.290187
2403,15366,0.123137
2404,15367,0.521929
2405,13330,0.472824
2406,13960,0.259632
2407,15370,0.794858
2408,15371,0.435762
2408,15242,0.34757
2409,15372,0.587819
2410,14231,0.518842
2411,13869,0.36478
2411,18912,0.357364
2412,13586,0.232883
2413,15367,0.498579
2414,13760,0.152153
2414,13423,0.222457
2414,13226,0.077603
2415,15376,0.692032
2416,15379,0.080983
2416,16901,0.366056
2416,16441,0.074113
2416,20370,0.068179
2417,14132,0.301936
2417,15962,0.078029
2417,18919,0.124567
2417,20693,0.156095
2418,15381,0.121545
2418,18913,0.189261
2418,19290,0.063308
2418,20954,0.077289
2418,15076,0.054154
2419,15383,0.16391
2419,14424,0.466844
2420,15385,0.056131
2420,13796,0.417407
2420,15573,0.057121
2421,13245,0.164013
2422,15389,0.309722
2422,14670,0.182837
2422,13337,0.0593
2423,15390,0.307362
2424,15391,0.188943
2424,15428,0.073367
2425,15392,0.056038
2426,15393,0.066573
2426,18751,0.066604
2426,14275,0.083974
2426,18757,0.167015
2427,15394,0.057922
2427,15686,0.14717
2427,16225,0.090523
2427,13201,0.065726
2428,15395,0.451656
2429,15396,0.203374
2429,19969,0.089673
2429,20053,0.154633
2429,20128,0.057237
2429,21481,0.064725
2430,15397,0.311935
2430,17631,0.1835
2430,22855,0.058452
2431,15399,0.193432
2431,16791,0.069721
2431,18760,0.208647
2432,15400,0.236199
2432,16228,0.142405
2432,15005,0.099008
2433,15402,0.320777
2433,18846,0.173363
2433,15330,0.220022
2434,15403,0.197644
2434,16864,0.436964
2435,15404,0.610989
2436,15405,0.12929
2436,18750,0.460692
2437,14464,0.185851
2438,14464,0.466218
2439,13429,0.194518
2439,13244,0.097236
2439,13583,0.097459
2439,13316,0.070612
2440,15408,0.136918
2440,14360,0.263999
2440,17703,0.071149
2440,19913,0.136855
2441,15409,0.269117
2441,18920,0.212658
2442,15410,0.53245
2443,15411,0.518255
2444,13594,0.355838
2444,17765,0.073471
2444,13929,0.092266
2444,21016,0.065275
2444,19454,0.05948
2445,15148,0.558987
2446,15414,0.263408
2446,15148,0.133764
2447,15415,0.363371
2448,15416,0.445465
2449,15417,0.170718
2449,18800,0.096982
2449,13736,0.081863
2449,13370,0.127864
2450,13741,0.534106
2450,17975,0.122983
2451,15419,0.386007
2452,15420,0.066675
2452,13597,0.139497
2452,21237,0.054017
2453,15421,0.410796
2453,15422,0.23072
2454,15423,0.335384
2454,17351,0.091394
2454,19091,0.15021
2455,15424,0.346927
2455,19255,0.2609
2455,20801,0.059029
2456,13628,0.366601
2456,14216,0.378119
2457,15425,0.524432
2458,14236,0.302864
2459,13428,0.446488
2460,14722,0.356825
2461,15428,0.689023
2462,15431,0.479552
2463,15432,0.415195
2463,16355,0.05163
2463,13683,0.073346
2464,15433,0.149859
2464,16927,0.094138
2464,15744,0.119028
2465,15434,0.731572
2466,15435,0.130588
2466,15741,0.120593
2466,17253,0.126256
2467,15436,0.405005
2467,17831,0.154717
2468,14742,0.437352
2469,13731,0.405336
2470,13330,0.138479
2471,14566,0.157437
2471,13752,0.085859
2472,15439,0.388252
2473,15440,0.098737
2473,18245,0.073211
2473,18789,0.295809
2473,13443,0.106216
2474,15441,0.302238
2474,18349,0.318596
2474,14526,0.06897
2475,15179,0.286568
2476,15443,0.267336
2476,15444,0.158213
2476,18431,0.066864
2477,15447,0.292702
2478,14036,0.057927
2478,15720,0.218395
2478,14542,0.13351
2479,13425,0.220376
2479,13226,0.12659
2480,15449,0.532081
2480,18585,0.082843
2481,14106,0.108654
2482,15453,0.506148
2482,18754,0.123246
2483,15454,0.686742
2484,14699,0.082653
2484,17945,0.380503
2485,15457,0.113512
2485,17186,0.131267
2485,14085,0.093571
2485,13620,0.084791
2486,13827,0.161114
2486,14175,0.149786
2487,13417,0.14073
2487,15825,0.185443
2488,15458,0.10789
2488,16811,0.119651
2488,17249,0.125653
2488,17871,0.09271
2488,20589,0.059168
2488,20946,0.128416
2489,13204,0.486875
2490,15459,0.336748
2491,15461,0.39001
2492,15462,0.780301
2493,13854,0.088649
2493,15464,0.088098
2493,15484,0.078032
2493,13987,0.063301
2493,19000,0.052484
2494,15465,0.486193
2495,15467,0.60667
2496,15468,0.643899
2497,15469,0.200096
2497,20058,0.140156
2497,18435,0.079929
2497,21969,0.076191
2498,15470,0.42601
2498,17553,0.161637
2498,17717,0.057554
2499,15471,0.554425
2499,14198,0.10519
2500,14140,0.330748
2500,15022,0.226489
2501,14193,0.509961
2502,15474,0.13945
2502,17079,0.089851
2502,16112,0.103572
2502,16569,0.058964
2502,22728,0.076183
2503,15475,0.516083
2504,15477,0.098772
2504,15136,0.254338
2505,15478,0.282375
2505,17107,0.062569
2506,15479,0.459854
2507,13449,0.608804
2508,15481,0.265622
2508,22782,0.415457
2509,15482,0.270533
2509,19904,0.063874
2510,15483,0.294968
2510,21253,0.076064
2510,14674,0.076059
2510,22149,0.061098
2511,13964,0.125175
2511,16949,0.141009
2511,20111,0.090289
2511,18549,0.106348
2512,15484,0.105741
2512,19204,0.063416
2513,15485,0.511237
2514,15486,0.239204
2514,22317,0.272202
2515,15487,0.22818
2515,14542,0.18439
2515,17557,0.093646
2515,15720,0.092656
2515,13640,0.056318
2516,14748,0.474677
2516,13610,0.127764
2517,13766,0.430945
2517,18714,0.329536
2518,15476,0.182306
2518,13786,0.133959
2518,13683,0.097427
2519,13844,0.094878
2519,15795,0.068339
2519,16831,0.252415
2519,17326,0.060803
2520,13828,0.184013
2520,13633,0.079173
2520,18131,0.179412
2520,16365,0.242899
2521,15489,0.050146
2521,18282,0.077598
2521,16337,0.088145
2521,21598,0.079186
2522,15490,0.615206
2523,13345,0.234099
2524,13351,0.44057
2525,13234,0.433119
2525,16546,0.43396
2526,15492,0.598229
2526,15990,0.130098
2527,15493,0.513529
2527,19725,0.271286
2528,13774,0.336159
2528,20106,0.080918
2528,20138,0.109759
2529,15494,0.563174
2529,19680,0.128864
2530,15385,0.149567
2530,16402,0.213067
2530,17059,0.081401
2531,14995,0.608011
2532,14959,0.208549
2532,14218,0.052765
2532,16556,0.112433
2532,14030,0.065266
2532,17265,0.083648
2532,17658,0.056653
2533,13542,0.141477
2533,15496,0.050237
2533,16010,0.111124
2533,17818,0.093467
2533,14193,0.084579
2534,13646,0.203962
2534,16387,0.15263
2535,15495,0.096192
2535,15881,0.162636
2535,15990,0.170959
2535,20988,0.089017
2536,15497,0.62582
2537,15498,0.051711
2537,15500,0.137017
2537,17671,0.096743
2537,19228,0.147739
2538,15499,0.491741
2538,21703,0.069226
2539,15501,0.089128
2539,15502,0.508192
2540,15503,0.445128
2540,16985,0.076646
2541,15372,0.195816
2541,15086,0.070164
2541,17636,0.066657
2542,13897,0.48005
2543,15507,0.106056
2544,13177,0.077291
2545,13842,0.109293
2546,13754,0.368514
2547,13428,0.313784
2548,13418,0.420176
2549,14748,0.483325
2550,15508,0.212059
2550,21635,0.112031
2551,15510,0.347208
2552,15512,0.56545
2553,14867,0.510045
2554,15514,0.169395
2554,17184,0.143846
2554,18174,0.100631
2554,19451,0.222017
2555,15515,0.213084
2555,15516,0.160462
2556,15517,0.565316
2557,13425,0.179863
2557,13226,0.068676
2558,15518,0.095161
2559,13175,0.072694
2560,13505,0.359633
2560,13428,0.162324
2561,15036,0.078204
2562,15519,0.513502
2563,15520,0.475173
2563,13767,0.118111
2563,17110,0.108849
2564,15521,0.075332
2564,15732,0.066609
2564,13561,0.092898
2564,16544,0.082023
2564,17249,0.127436
2564,17874,0.053491
2565,15522,0.249916
2565,15523,0.057858
2565,17275,0.297173
2566,13825,0.551288
2566,14994,0.30378
2567,15524,0.194629
2567,15876,0.451638
2568,15525,0.06529
2568,17173,0.082928
2568,17414,0.06045
2568,14402,0.065951
2568,13689,0.059912
2569,13583,0.305486
2570,15527,0.541293
2570,20761,0.194791
2571,13516,0.303653
2571,13797,0.346213
2572,15530,0.410489
2572,19111,0.167723
2573,15531,0.096717
2573,17003,0.050318
2573,13448,0.051074
2574,15029,0.812958
2575,15533,0.310026
2576,15534,0.282782
2576,16508,0.231113
2577,15535,0.477441
2578,15536,0.353073
2579,15538,0.232636
2579,18403,0.106215
2579,20087,0.063167
2579,18328,0.063861
2580,13175,0.184448
2581,15539,0.087824
2581,16117,0.055214
2582,15540,0.170039
2582,15543,0.411162
2583,15028,0.42178
2584,13244,0.292969
2584,13925,0.250492
2585,13241,0.20945
2586,15547,0.087156
2586,15548,0.390399
2587,15549,0.320504
2588,15551,0.176006
2588,18088,0.087252
2588,15754,0.082008
2588,15876,0.124895
2589,15552,0.367791
2589,20207,0.072684
2589,18602,0.050614
2590,15171,0.103455
2590,17448,0.462855
2591,14273,0.470203
2592,13215,0.241395
2592,15524,0.08307
2592,20688,0.104225
2592,13427,0.055974
2593,15558,0.160836
2593,22687,0.343249
2594,15559,0.156489
2594,15650,0.092537
2594,16779,0.050221
2595,15561,0.197501
2595,17010,0.288408
2595,17012,0.053353
2596,14055,0.233426
2597,13755,0.060696
2598,13260,0.675878
2599,14443,0.629799
2600,13478,0.40471
2600,13725,0.068064
2601,15564,0.613011
2602,15566,0.295496
2602,16565,0.117514
2603,15567,0.409617
2603,19801,0.17773
2604,15569,0.177235
2604,16380,0.495259
2605,15005,0.113739
2605,14894,0.194174
2606,15570,0.317566
2606,13740,0.486351
2607,13583,0.371019
2608,13662,0.061863
2608,13315,0.064441
2609,14838,0.137359
2609,14341,0.25794
2609,14144,0.078128
2609,19174,0.079436
2610,15571,0.180389
2610,17734,0.115491
2611,15572,0.132274
2611,21153,0.072014
2611,22776,0.167249
2612,14961,0.236166
2612,15713,0.208539
2612,19613,0.05791
2613,15573,0.442521
2613,17600,0.097605
2613,18417,0.076086
2614,13560,0.430237
2615,13176,0.319113
2616,15574,0.199157
2616,15271,0.218011
2616,20165,0.133224
2616,13651,0.235694
2617,15493,0.603118
2618,15576,0.128325
2618,15967,0.127929
2618,18310,0.052317
2618,19184,0.064153
2618,16599,0.089227
2618,20793,0.068928
2619,15577,0.222431
2619,17845,0.20187
2619,15214,0.149539
2620,15578,0.13861
2621,15579,0.153879
2621,13540,0.054614
2621,18484,0.11656
2621,19016,0.068384
2621,15292,0.06511
2621,20385,0.059117
2622,13305,0.227752
2622,13303,0.2202
2623,15580,0.322111
2624,13501,0.715356
2625,13496,0.259468
2626,15581,0.147
2626,13302,0.088496
2627,15582,0.077769
2627,13288,0.355479
2627,16344,0.147389
2628,15583,0.423191
2629,15584,0.082373
2629,15899,0.074283
2629,20949,0.213587
2630,14402,0.447845
2630,13415,0.376542
2631,15586,0.139557
2631,16427,0.418126
2632,15587,0.196286
2632,16729,0.394952
2633,15589,0.272088
2633,17204,0.054897
2634,14378,0.056537
2634,13476,0.125763
2634,15599,0.0549
2634,14275,0.072466
2635,15590,0.120657
2635,16988,0.145099
2635,20038,0.05707
2636,15591,0.102646
2636,16453,0.118795
2636,15117,0.174411
2636,15555,0.159162
2636,20196,0.069622
2637,15592,0.127878
2637,15593,0.275519
2637,19222,0.113135
2637,16884,0.052302
2638,15593,0.153736
2638,18343,0.174437
2638,15592,0.091507
2638,17978,0.053168
2639,13240,0.387504
2640,14186,0.298585
2640,13779,0.159727
2641,15594,0.604441
2642,15595,0.354495
2642,16870,0.076276
2643,13361,0.056379
2643,14166,0.095741
2643,17937,0.092422
2643,20278,0.052577
2643,20515,0.050661
2643,15127,0.156945
2643,22706,0.070568
2644,15597,0.555276
2645,15598,0.598892
2646,15599,0.458712
2647,13330,0.302828
2648,13329,0.285367
2649,14444,0.295056
2650,13517,0.350179
2651,15600,0.821963
2652,15601,0.093095
2652,17948,0.112874
2652,16049,0.080543
2652,19619,0.113683
2652,16024,0.189327
2653,15602,0.591252
2654,15106,0.142535
2654,17346,0.213848
2654,18667,0.322953
2655,15604,0.069804
2655,16074,0.203355
2655,19097,0.054834
2655,19427,0.062433
2655,20569,0.069776
2655,20724,0.069289
2656,15606,0.128229
2656,20179,0.060353
2656,17600,0.060377
2657,13496,0.072218
2658,14132,0.11885
2658,14440,0.10517
2658,13463,0.065861
2659,15609,0.456923
2659,13344,0.05611
2660,13344,0.354237
2661,15610,0.936382
2662,15611,0.280273
2663,15612,0.429019
2664,15367,0.429917
2665,14828,0.337287
2665,13669,0.063263
2666,13344,0.196528
2667,13226,0.298705
2668,13343,0.662925
2669,15614,0.780866
2670,15615,0.600755
2671,14180,0.104435
2671,16382,0.090238
2671,21160,0.058908
2672,13336,0.4147
2673,15617,0.395635
2673,20627,0.116077
2673,13963,0.090359
2674,15618,0.639882
2675,13175,0.367343
2676,15620,0.424847
2677,13428,0.294405
2678,13244,0.31001
2678,13925,0.247813
2679,13175,0.105163
2680,13260,0.649906
2681,15621,0.179813
2681,17719,0.28478
2681,13771,0.053347
2681,19626,0.102543
2681,18643,0.065336
2681,17742,0.056702
2682,15622,0.102984
2682,15623,0.079918
2682,14191,0.504926
2683,13344,0.136166
2683,15625,0.108517
2684,15626,0.211547
2684,16724,0.181484
2684,16895,0.108636
2684,13609,0.07056
2685,15628,0.186938
2686,13204,0.462034
2687,13175,0.138636
2688,15629,0.064226
2688,17796,0.069909
2688,18858,0.069783
2688,18263,0.069935
2689,15630,0.109936
2689,15633,0.472124
2689,19403,0.069689
2690,15631,0.270677
2690,15759,0.26982
2691,15632,0.078018
2691,14931,0.111701
2691,16389,0.079614
2691,13878,0.065572
2692,13941,0.335874
2692,13932,0.388555
2693,15634,0.440111
2693,14437,0.12001
2693,18772,0.149943
2694,15635,0.332605
2695,15636,0.182209
2695,15637,0.099693
2695,13610,0.136417
2695,17931,0.104624
2696,15638,0.239484
2697,15639,0.380452
2697,19764,0.252266
2698,15640,0.230796
2698,15822,0.060038
2698,19135,0.10651
2699,15641,0.184293
2700,15642,0.421228
2701,13754,0.05673
2702,15643,0.41265
2702,16256,0.178585
2702,21809,0.052236
2703,15005,0.251543
2703,15821,0.103295
2703,17622,0.129613
2703,16062,0.091164
2703,14571,0.097294
2704,15644,0.609469
2705,15646,0.172153
2705,15647,0.28874
2705,15648,0.119425
2706,15651,0.075837
2706,16131,0.209073
2707,15652,0.681992
2708,15653,0.129982
2708,16682,0.240448
2708,15722,0.096609
2709,15654,0.233106
2710,15656,0.149252
2710,15958,0.226106
2710,15997,0.072372
2710,17718,0.139578
2711,13304,0.493568
2711,13316,0.064971
2712,13579,0.160208
2712,13581,0.204293
2713,15657,0.525288
2714,13443,0.225098
2714,15247,0.09796
2715,14041,0.352297
2715,21568,0.160114
2716,15661,0.52339
2716,16225,0.237894
2717,13240,0.287978
2718,15663,0.507563
2719,15664,0.318377
2719,13290,0.091809
2720,15665,0.105432
2721,13463,0.21074
2722,13204,0.117912
2723,15667,0.391489
2724,13578,0.183326
2724,16244,0.097222
2724,14453,0.100118
2725,15669,0.659018
2726,15670,0.655071
2727,15673,0.69245
2728,15674,0.166129
2728,17731,0.245087
2729,15675,0.593184
2730,15676,0.672738
2731,14087,0.149942
2732,13300,0.324994
2732,20228,0.229452
2732,13301,0.13485
2733,13927,0.546948
2734,15678,0.168123
2734,15646,0.054868
2735,14217,0.197004
2735,15121,0.373719
2736,13204,0.068656
2736,13250,0.057567
2736,13351,0.054712
2737,13336,0.25719
2737,13316,0.073736
2738,13390,0.368823
2739,15681,0.589837
2740,15683,0.065495
2740,15684,0.251262
2740,19342,0.234437
2740,21315,0.102612
2741,15688,0.141191
2741,17337,0.342132
2741,15726,0.054513
2741,20559,0.060197
2742,15689,0.694179
2743,15691,0.268724
2744,15693,0.557449
2745,15698,0.489469
2745,13883,0.244055
2746,15699,0.475287
2746,14773,0.057416
2747,15700,0.624737
2748,15266,0.468449
2748,14720,0.089999
2748,19003,0.079747
2748,19566,0.056849
2749,14722,0.18341
2750,13911,0.06457
2751,15702,0.236748
2751,20905,0.165726
2752,13230,0.331406
2752,13225,0.06902
2753,13230,0.293969
2754,13626,0.347361
2754,15033,0.189814
2755,15705,0.345411
2755,18433,0.117927
2755,19346,0.241306
2756,15706,0.227167
2756,17735,0.173936
2756,18434,0.06744
2756,23051,0.06744
2757,15707,0.485194
2758,15708,0.432538
2759,15709,0.698724
2760,13229,0.292679
2761,13305,0.341373
2762,13744,0.135761
2762,13175,0.08608
2763,13228,0.192955
2764,15710,0.774182
2765,15711,0.491657
2766,15700,0.513035
2767,13633,0.326081
2767,17332,0.425176
2768,13180,0.060692
2768,13735,0.060431
2769,15712,0.296292
2769,19548,0.130993
2769,18430,0.104482
2770,15714,0.114095
2770,20266,0.15255
2770,13650,0.195104
2771,15270,0.108741
2771,16080,0.050763
2772,15716,0.403239
2773,15719,0.172676
2773,13450,0.06214
2773,18155,0.109026
2773,20192,0.116476
2773,14756,0.068001
2774,13576,0.291717
2775,15099,0.260464
2775,16604,0.4517
2776,14509,0.491628
2776,14483,0.067923
2777,15722,0.353784
2777,19459,0.156542
2777,21246,0.092829
2778,15723,0.088229
2778,20850,0.088417
2778,20472,0.077061
2779,13909,0.094221
2779,16859,0.123375
2779,15363,0.061424
2779,17200,0.053652
2780,15724,0.375488
2781,15726,0.293834
2782,14699,0.204311
2782,15727,0.163257
2783,15728,0.354272
2783,13508,0.064988
2784,13515,0.079651
2785,13644,0.297941
2785,15967,0.118048
2785,19369,0.054541
2785,20633,0.067918
2786,14723,0.32599
2787,15734,0.051614
2787,17386,0.398061
2788,15736,0.1328
2788,13993,0.232657
2788,18326,0.08017
2789,15737,0.290718
2789,19833,0.209773
2790,13204,0.325947
2791,14603,0.060249
2792,15738,0.363342
2792,13826,0.253052
2792,19910,0.081684
2793,15594,0.136222
2793,16324,0.267004
2793,19360,0.056849
2793,15904,0.054188
2794,13554,0.459161
2794,14681,0.122398
2795,15739,0.091564
2795,13174,0.07633
2795,16669,0.061209
2795,13614,0.165228
2795,18413,0.092248
2795,21009,0.082379
2796,13330,0.147776
2797,13230,0.236566
2798,13418,0.095391
2799,13230,0.172038
2800,15740,0.730139
2801,13428,0.294258
2802,13430,0.325159
2803,13261,0.405351
2804,15742,0.310317
2804,18058,0.214527
2805,13801,0.561216
2806,13228,0.131493
2807,15744,0.381864
2807,17449,0.214126
2808,13229,0.114749
2809,15746,0.535507
2810,13864,0.70074
2811,13349,0.279492
2811,15961,0.084551
2811,16820,0.079583
2812,14895,0.246232
2812,15948,0.11728
2812,19410,0.055547
2813,15748,0.20678
2813,16011,0.267277
2813,17924,0.137521
2814,15749,0.299695
2815,13349,0.393695
2815,16096,0.270931
2816,13712,0.123365
2816,13702,0.148358
2816,17481,0.057799
2816,18047,0.082042
2816,22908,0.05953
2817,14798,0.081447
2818,13523,0.104082
2818,17806,0.097508
2818,13566,0.165344
2819,13424,0.287903
2819,13303,0.075586
2820,15751,0.604758
2821,15752,0.113806
2821,15318,0.051131
2821,17530,0.310246
2822,15754,0.523889
2822,14481,0.127924
2823,13581,0.420683
2824,15755,0.345636
2824,16483,0.19701
2824,19647,0.059275
2824,22602,0.059402
2825,15756,0.051848
2825,16017,0.160439
2825,16369,0.34306
2825,17461,0.127282
2826,15757,0.584825
2827,15758,0.094312
2827,18737,0.21783
2827,18029,0.150056
2828,15760,0.187284
2828,16516,0.060503
2828,14163,0.074105
2828,17334,0.233004
2828,19678,0.054464
2829,15762,0.164054
2829,17188,0.350439
2829,22124,0.060735
2830,15763,0.78422
2831,13175,0.324445
2832,13305,0.116491
2833,14271,0.326175
2834,15764,0.132023
2834,13556,0.317795
2834,17193,0.076689
2835,15767,0.350772
2835,18054,0.071679
2836,13425,0.260053
2837,13217,0.213668
2838,13442,0.457826
2839,15768,0.209427
2840,13245,0.451281
2841,13586,0.536816
2842,15004,0.405078
2843,13175,0.088573
2844,15770,0.577737
2844,23245,0.194717
2845,15771,0.348516
2846,14112,0.524748
2846,14535,0.209838
2847,13175,0.200673
2847,13390,0.17385
2848,15774,0.10521
2848,15042,0.335028
2849,15775,0.141573
2849,17788,0.148913
2849,14543,0.171296
2849,15829,0.061876
2849,19800,0.061864
2850,13212,0.14897
2850,13380,0.06551
2850,19424,0.095899
2850,14944,0.074108
2851,15776,0.331413
2851,15796,0.060411
2851,16736,0.125292
2851,18472,0.069683
2851,20253,0.069683
2852,15777,0.277721
2852,16014,0.093174
2852,17389,0.128723
2852,18444,0.06683
2853,15778,0.249819
2854,15779,0.153644
2854,18128,0.128529
2854,16412,0.117804
2855,15780,0.095033
2855,18129,0.054421
2855,15640,0.051506
2855,19340,0.172531
2855,15894,0.068495
2856,15781,0.532004
2856,19181,0.100619
2857,15782,0.112896
2857,16697,0.051698
2857,13932,0.276886
2857,20139,0.071631
2858,15783,0.050392
2858,16320,0.125678
2858,17415,0.076529
2859,15786,0.466649
2860,15787,0.617162
2861,13239,0.274317
2861,13240,0.316482
2862,15792,0.307343
2862,17903,0.111239
2862,17918,0.0619
2863,13225,0.054957
2864,13218,0.301508
2864,13746,0.095235
2865,15793,0.185931
2865,13642,0.318004
2866,15794,0.640313
2867,15202,0.401056
2867,14634,0.183423
2868,13230,0.249756
2869,15797,0.3408
2870,13175,0.051748
2871,14289,0.075977
2872,15466,0.35389
2872,18551,0.07742
2872,15048,0.065601
2873,15799,0.338717
2873,14039,0.113885
2873,13468,0.146667
2874,15800,0.069742
2874,16970,0.384444
2874,15615,0.145828
2874,23138,0.069822
2875,14236,0.337186
2875,13269,0.074636
2875,20146,0.054878
2876,15803,0.572572
2877,13240,0.175564
2878,13586,0.334801
2879,13476,0.16306
2879,15840,0.124274
2879,13277,0.242319
2880,15805,0.127894
2880,13476,0.052756
2880,15737,0.157069
2880,21178,0.16216
2881,14360,0.372352
2881,13277,0.159692
2882,13425,0.321342
2883,15806,0.412105
2884,14123,0.484621
2885,15807,0.56574
2886,13315,0.275064
2886,13662,0.150609
2887,15808,0.382481
2888,15809,0.063494
2888,15626,0.08782
2888,16895,0.425415
2889,13927,0.489078
2889,14724,0.240179
2890,15813,0.424103
2891,15814,0.632265
2892,15815,0.176702
2892,18500,0.209658
2892,22992,0.074225
2892,22993,0.060831
2893,15816,0.243293
2893,17570,0.305706
2894,15004,0.20222
2894,13217,0.313189
2895,15817,0.203057
2896,15820,0.471967
2897,15823,0.607681
2898,15824,0.276095
2898,16503,0.342316
2898,18755,0.116695
2899,15826,0.370773
2899,14103,0.097871
2900,15827,0.236015
2900,15828,0.119949
2900,16500,0.119757
2900,16501,0.328381
2901,15829,0.055304
2902,13398,0.18188
2902,13397,0.127703
2903,15831,0.22965
2903,17694,0.354549
2904,13586,0.368198
2905,13240,0.347872
2906,13227,0.127747
2906,13418,0.374815
2907,15834,0.621233
2908,13201,0.264295
2908,16269,0.06049
2908,15394,0.195286
2908,14681,0.065594
2908,19940,0.09581
2909,13217,0.433954
2910,15837,0.184009
2910,17569,0.324458
2911,15540,0.111313
2911,14372,0.069799
2911,16737,0.216347
2912,15838,0.708257
2913,15842,0.119049
2913,22458,0.058113
2914,15844,0.476917
2915,15845,0.679414
2916,13992,0.289729
2916,18718,0.200819
2917,13291,0.08755
2917,14723,0.100283
2917,16735,0.053284
2917,16784,0.116404
2917,15371,0.124458
2917,13185,0.12348
2918,15847,0.079219
2918,16582,0.056814
2918,14089,0.152931
2918,15991,0.064037
2918,17443,0.055069
2918,20913,0.169006
2919,15849,0.195278
2919,15850,0.155144
2919,16382,0.054754
2919,14437,0.061055
2919,13394,0.082865
2919,15166,0.140369
2920,15851,0.230156
2920,17709,0.107389
2920,19246,0.067469
2921,15852,0.287173
2921,17575,0.105765
2922,13239,0.121105
2922,13240,0.27162
2923,15283,0.333574
2923,22334,0.119514
2924,15858,0.46882
2924,18066,0.072108
2924,14817,0.093356
2925,15859,0.208704
2926,15860,0.127667
2926,14415,0.150714
2926,21327,0.09154
2926,13553,0.127704
2927,15863,0.124653
2928,13176,0.065356
2929,13423,0.255011
2930,13583,0.468866
2931,15865,0.755161
2932,13226,0.327447
2933,13428,0.263838
2934,13230,0.405637
2935,13423,0.450517
2936,13303,0.435918
2937,13330,0.492527
2938,15867,0.179525
2938,15148,0.232304
2938,14089,0.086976
2939,15868,0.426163
2939,14805,0.111189
2940,14429,0.180456
2940,15935,0.073609
2940,16183,0.086301
2940,13589,0.090276
2941,15869,0.298421
2941,17943,0.057773
2941,19629,0.063679
2941,21137,0.102901
2942,15870,0.373128
2942,13204,0.104011
2943,13584,0.140125
2944,15873,0.309688
2944,16653,0.171512
2945,14840,0.061414
2945,16073,0.206171
2945,18220,0.071029
2945,17473,0.108748
2945,22173,0.071016
2946,15877,0.491923
2946,14606,0.151276
2947,13239,0.168168
2947,13240,0.186163
2948,13657,0.184704
2948,15991,0.161198
2949,15878,0.285121
2949,22189,0.285121
2950,15879,0.776098
2951,15883,0.102339
2951,17869,0.232102
2951,18724,0.083747
2951,14891,0.132307
2952,15884,0.134815
2952,17525,0.321512
2952,13213,0.18083
2953,15885,0.064813
2953,13383,0.126409
2953,17069,0.064532
2954,13243,0.052641
2954,13290,0.06348
2954,13336,0.185676
2954,13390,0.085211
2955,15889,0.131013
2955,17639,0.186175
2955,17641,0.083372
2955,16445,0.090705
2956,15891,0.482119
2956,14438,0.303198
2957,13176,0.053379
2958,13234,0.620988
2959,15892,0.117668
2959,18689,0.247729
2960,15893,0.347792
2960,18046,0.098167
2960,14273,0.076383
2960,15840,0.075951
2961,13239,0.384907
2962,13586,0.071662
2963,13239,0.330797
2964,13430,0.420597
2965,14793,0.167713
2965,13638,0.10031
2966,15897,0.446224
2967,13227,0.30444
2968,13344,0.434087
2969,13344,0.384521
2970,13430,0.190375
2970,13245,0.062951
2971,15899,0.427206
2971,15888,0.102661
2972,14349,0.224282
2972,15296,0.400462
2973,15900,0.537596
2974,15901,0.556427
2975,13245,0.221571
2975,13425,0.240328
2976,13226,0.49232
2977,13732,0.43818
2978,14498,0.362406
2979,13230,0.403345
2980,15905,0.19297
2980,22926,0.192825
2981,15906,0.775906
2982,15907,0.236116
2982,15197,0.169984
2982,13862,0.050398
2983,15908,0.199125
2983,19698,0.152836
2984,15909,0.516762
2985,15910,0.142529
2985,15197,0.236504
2986,15911,0.127967
2987,15912,0.380125
2988,15915,0.074814
2988,16868,0.102054
2988,15080,0.052303
2988,18541,0.137569
2989,14722,0.128997
2990,15916,0.485703
2991,15917,0.41868
2991,22350,0.234043
2992,13176,0.220583
2993,15918,0.368174
2993,15952,0.088519
2994,15892,0.371899
2995,14883,0.20009
2996,13425,0.306533
2997,15919,0.354261
2998,15920,0.58915
2999,15922,0.221662
2999,13537,0.245063
3000,15923,0.138935
3000,13287,0.196705
3000,19339,0.113685
3000,18786,0.062305
3001,15925,0.413885
3002,15926,0.75741
3003,13220,0.568677
3004,15927,0.070492
3004,16136,0.201572
3004,15157,0.087353
3004,17716,0.138004
3004,18863,0.078733
3005,15928,0.445866
3005,17323,0.059961
3005,19025,0.092239
3006,13576,0.3475
3006,13693,0.084499
3007,14211,0.48036
3008,15930,0.19776
3008,15931,0.223852
3008,15064,0.310339
3009,13442,0.10549
3010,13241,0.106011
3011,13239,0.208512
3011,13240,0.060431
3012,13245,0.14341
3012,20930,0.145177
3013,13175,0.138895
3014,15932,0.599973
3015,15933,0.204095
3015,15946,0.297271
3016,15936,0.240525
3016,14741,0.350624
3017,15937,0.204469
3017,19955,0.191142
3018,14693,0.459
3019,13304,0.246139
3020,13228,0.069689
3020,15102,0.085028
3021,15938,0.139844
3021,16232,0.387587
3022,15939,0.119635
3022,14098,0.072527
3022,13210,0.056625
3023,13479,0.390034
3023,13269,0.162851
3024,13177,0.353116
3025,15941,0.429446
3025,14998,0.169565
3026,15942,0.45195
3026,15160,0.118999
3027,14828,0.587525
3028,13245,0.35572
3029,13499,0.411835
3030,15944,0.77621
3031,15945,0.548772
3032,15948,0.537016
3032,18240,0.106929
3033,13496,0.265476
3033,13204,0.072583
3034,13315,0.290544
3035,15518,0.407958
3036,15949,0.738633
3037,15950,0.149741
3037,13379,0.17316
3037,16554,0.065562
3038,14722,0.064596
3038,13418,0.382488
3039,15951,0.472573
3039,19624,0.115367
3040,13585,0.485868
3041,15952,0.134434
3041,17793,0.236272
3042,15954,0.28757
3042,18609,0.060031
3042,20427,0.178896
3043,15957,0.437297
3043,17834,0.098085
3044,13814,0.077769
3044,17902,0.204469
3044,16964,0.181723
3044,15821,0.108841
3045,14698,0.068788
3045,13536,0.183432
3045,13460,0.087899
3046,13730,0.217197
3047,14401,0.20312
3048,13508,0.421622
3048,14249,0.080677
3049,13995,0.43267
3050,15959,0.159371
3050,19295,0.385331
3050,13418,0.244204
3051,13273,0.101288
3051,19917,0.06578
3051,14547,0.116235
3051,13369,0.139642
3052,15960,0.200914
3052,16703,0.303019
3053,13244,0.077605
3054,15963,0.089741
3054,15965,0.465603
3054,15882,0.105251
3054,14106,0.056153
3055,15964,0.057006
3055,14239,0.098564
3055,13972,0.107321
3055,18553,0.15049
3055,14460,0.088847
3055,15965,0.176134
3056,14239,0.180456
3056,13878,0.304115
3057,13344,0.338876
3058,13844,0.697179
3059,15968,0.149813
3059,17668,0.073233
3059,18130,0.072285
3059,15530,0.105767
3059,21372,0.095709
3060,13428,0.066231
3061,15970,0.385559
3061,17503,0.276526
3062,15311,0.175522
3062,13525,0.151791
3062,14885,0.212745
3063,15971,0.239204
3063,19784,0.173392
3063,21236,0.06874
3064,13599,0.22808
3064,14598,0.349134
3065,13351,0.320992
3066,15047,0.340391
3067,14359,0.188119
3067,13224,0.087093
3067,14574,0.157011
3067,22069,0.072783
3068,13742,0.38639
3069,13305,0.342169
3070,15974,0.17757
3070,16461,0.593345
3071,13303,0.444136
3072,13244,0.337004
3072,13424,0.251405
3073,15180,0.476592
3074,14398,0.081681
3074,16313,0.21353
3074,19113,0.116754
3075,15977,0.096884
3076,15978,0.425848
3076,16352,0.05554
3076,19608,0.056607
3076,18489,0.11365
3077,15979,0.097018
3077,17379,0.136465
3077,17770,0.136201
3078,15980,0.502958
3078,18591,0.194984
3079,13865,0.458231
3079,15038,0.072174
3080,13909,0.134147
3080,17200,0.062283
3080,16859,0.119459
3081,15981,0.340841
3081,16065,0.139305
3082,15982,0.122883
3082,14480,0.241523
3082,18745,0.099682
3082,21778,0.052955
3083,15984,0.475308
3084,13442,0.309846
3085,13305,0.168067
3086,13228,0.215385
3087,13423,0.285504
3087,13261,0.099776
3088,15985,0.299596
3089,14860,0.177425
3089,14616,0.302864
3089,13360,0.070078
3090,14722,0.377106
3091,15986,0.546302
3091,17684,0.142203
3092,13254,0.058305
3092,14430,0.254242
3092,22449,0.187005
3093,15987,0.345795
3093,22091,0.099723
3094,15988,0.675584
3095,15992,0.183079
3095,15398,0.240494
3095,22156,0.186296
3096,14385,0.390935
3097,13228,0.232699
3097,13960,0.070247
3098,13939,0.474267
3099,15995,0.491396
3100,13668,0.543213
3101,15996,0.62917
3102,13228,0.415131
3103,15998,0.114513
3103,16338,0.103628
3103,19721,0.08171
3103,13464,0.111513
3103,21958,0.06018
3104,15999,0.72665
3105,14334,0.490598
3106,16000,0.156994
3106,18714,0.282448
3106,15505,0.050532
3106,16890,0.072481
3107,16001,0.232169
3107,14255,0.12474
3107,13549,0.235786
3107,16514,0.103418
3107,15019,0.103714
3108,16002,0.758083
3109,15647,0.338534
3109,16003,0.338527
3110,16004,0.134155
3110,16486,0.127797
3110,18673,0.062217
3110,18730,0.092704
3110,19705,0.056596
3110,16227,0.059052
3111,13176,0.053135
3112,16005,0.440336
3112,13911,0.133581
3113,16006,0.207405
3113,17610,0.126579
3113,18037,0.063715
3114,16007,0.649346
3115,15825,0.39688
3116,16009,0.075651
3116,16888,0.142989
3116,14289,0.07435
3116,21285,0.062242
3116,13792,0.055983
3117,16012,0.276225
3117,16340,0.181498
3117,18360,0.055577
3117,20217,0.055568
3118,16013,0.161268
3118,14496,0.206753
3118,18998,0.25286
3119,13230,0.32262
3120,16015,0.323923
3121,13734,0.05283
3122,13218,0.307657
3123,14637,0.659464
3124,13972,0.445479
3125,15559,0.327545
3126,16020,0.143829
3126,21449,0.102309
3126,21496,0.306184
3127,14386,0.253353
3128,13245,0.11684
3129,13679,0.425446
3129,13409,0.414886
3130,13165,0.235932
3130,18359,0.078093
3130,14413,0.304313
3131,14150,0.415184
3131,16025,0.098873
3132,16026,0.687918
3133,13517,0.105045
3134,15797,0.089812
3135,13642,0.175426
3135,16384,0.085598
3136,14641,0.132473
3136,14354,0.055718
3137,13952,0.233002
3137,13536,0.303513
3137,13998,0.06605
3137,18269,0.098545
3138,16027,0.526048
3138,16364,0.081327
3139,16028,0.462793
3139,13487,0.141259
3140,16029,0.052115
3140,18573,0.357107
3141,16031,0.237835
3141,19474,0.120072
3142,16032,0.125078
3142,19710,0.050882
3143,13960,0.127571
3144,16034,0.447031
3145,13430,0.31513
3146,16035,0.701079
3147,13175,0.118768
3148,16036,0.394747
3149,14669,0.431683
3149,14216,0.360296
3150,16040,0.259827
3150,16946,0.387843
3151,16041,0.517624
3152,16044,0.478634
3153,16045,0.186152
3154,16046,0.15436
3154,13176,0.151957
3155,14498,0.448785
3156,15992,0.301664
3156,20783,0.113754
3156,21820,0.060574
3157,16050,0.154892
3157,16114,0.475345
3157,13741,0.063537
3158,16051,0.720803
3159,16052,0.064821
3159,17841,0.078092
3159,18740,0.223132
3159,20625,0.288362
3160,13178,0.460008
3160,14393,0.31964
3161,13960,0.089721
3162,13640,0.129762
3162,14542,0.068316
3162,18325,0.071987
3162,17557,0.063818
3163,14271,0.071916
3164,13521,0.283218
3165,13196,0.231281
3165,18136,0.064866
3165,13478,0.053112
3166,16058,0.275114
3166,16668,0.200216
3167,13883,0.14846
3167,13365,0.506305
3167,22740,0.077618
3168,16064,0.157935
3168,18919,0.100655
3169,16066,0.32553
3169,14059,0.248019
3169,20100,0.135458
3169,20677,0.051051
3170,16067,0.596874
3171,13305,0.093349
3171,13303,0.390615
3172,16070,0.339395
3173,15060,0.195352
3173,13221,0.529891
3174,16072,0.119448
3174,13214,0.103351
3174,14590,0.220616
3175,16075,0.16627
3175,14492,0.068634
3176,16076,0.51292
3177,13493,0.05313
3177,14430,0.120139
3177,13936,0.119279
3178,16077,0.510166
3178,16099,0.102477
3179,16078,0.196053
3179,14856,0.12779
3180,13316,0.295145
3181,14758,0.405708
3181,20019,0.066525
3182,15445,0.193494
3182,16680,0.174305
3182,22448,0.138864
3183,14224,0.506728
3184,16080,0.51548
3184,18451,0.080338
3185,16083,0.181346
3185,16678,0.438186
3186,16084,0.194798
3186,17490,0.199389
3186,14103,0.057545
3187,16086,0.806288
3188,16087,0.184051
3188,15899,0.181493
3189,16088,0.200024
3190,16090,0.422062
3191,13960,0.067416
3192,16091,0.274616
3193,16093,0.19325
3193,18617,0.211456
3194,16094,0.73344
3195,16095,0.663877
3196,13175,0.173555
3197,15495,0.227704
3197,15191,0.080345
3197,13750,0.097056
3197,13382,0.140418
3198,16097,0.434018
3199,16098,0.334148
3199,17391,0.255105
3200,16099,0.277596
3200,16077,0.369951
3201,16100,0.333054
3201,17336,0.154565
3201,15859,0.066641
3202,16101,0.068731
3202,17932,0.333511
3202,17757,0.096388
3202,14356,0.071574
3203,16102,0.248394
3203,22046,0.106614
3204,13210,0.562277
3204,15939,0.187775
3205,16104,0.158454
3205,15104,0.282867
3206,16105,0.49675
3207,15480,0.17179
3208,16107,0.77704
3209,13245,0.335494
3210,16108,0.405464
3211,14142,0.50736
3212,15036,0.444841
3213,16109,0.489368
3213,21060,0.119769
3214,13244,0.240949
3215,13244,0.079883
3215,17898,0.068037
3216,13176,0.342964
3217,16110,0.469931
3217,14758,0.242578
3218,16112,0.149587
3218,15474,0.099575
3218,17923,0.079684
3219,16113,0.485
3219,21897,0.187909
3220,13428,0.231499
3221,13240,0.080617
3222,16115,0.283853
3223,16116,0.486544
3224,16001,0.518412
3224,16596,0.179353
3225,15222,0.30077
3226,13204,0.080694
3227,13843,0.064941
3228,13456,0.082709
3228,13212,0.141508
3229,13583,0.412239
3230,16120,0.554786
3230,15339,0.205223
3231,16121,0.511194
3232,14828,0.569051
3233,13760,0.172925
3234,13344,0.147111
3234,13204,0.075384
3235,13177,0.069941
3236,14731,0.352791
3236,17422,0.149585
3237,16122,0.374974
3237,18604,0.148199
3237,20152,0.076627
3238,16123,0.077214
3238,17364,0.146269
3238,19891,0.072959
3238,18104,0.055675
3239,16124,0.553707
3240,16126,0.441682
3241,13286,0.343455
3241,21138,0.050703
3242,16128,0.052193
3242,13689,0.051483
3242,19481,0.15353
3243,13204,0.089624
3244,13240,0.405533
3245,13754,0.254455
3246,13201,0.332888
3246,17074,0.101872
3246,15394,0.063361
3246,18812,0.168289
3246,19683,0.067698
3247,16129,0.063533
3247,18053,0.159395
3247,19402,0.314831
3248,16130,0.411756
3248,16877,0.11449
3248,13649,0.071461
3249,16133,0.348245
3249,19068,0.123111
3249,14157,0.060693
3250,14722,0.240441
3250,13225,0.059529
3251,13423,0.35253
3252,14204,0.469848
3253,16134,0.63653
3254,13269,0.153393
3255,15948,0.374225
3256,16138,0.336459
3256,15505,0.133539
3256,17281,0.054598
3256,17282,0.098249
3256,15153,0.10183
3256,22020,0.075529
3257,13925,0.357421
3258,13347,0.164924
3259,14722,0.433199
3260,13225,0.128449
3261,16139,0.579505
3262,14393,0.185923
3263,13245,0.538521
3264,16141,0.135509
3265,16142,0.166938
3265,14654,0.100672
3265,13600,0.205459
3266,16143,0.434027
3266,21102,0.140559
3267,16144,0.503675
3267,15813,0.319269
3268,16145,0.173297
3268,13512,0.260339
3269,16146,0.570673
3270,16147,0.232362
3270,17165,0.128704
3271,16148,0.075995
3271,17714,0.105644
3271,18196,0.080759
3271,21149,0.055464
3271,21834,0.068553
3272,16149,0.061101
3272,17595,0.330543
3272,18185,0.150035
3273,16150,0.680733
3274,15220,0.623378
3275,16152,0.287282
3275,22211,0.098713
3276,13260,0.434896
3277,13428,0.187518
3278,16154,0.319957
3279,15340,0.100641
3279,17101,0.153235
3280,16155,0.39587
3280,15120,0.263121
3281,16156,0.089127
3281,17009,0.437464
3281,21161,0.094467
3282,16157,0.282493
3282,16071,0.196935
3283,15737,0.397907
3283,16279,0.06009
3283,13712,0.055063
3283,19953,0.057391
3284,16159,0.329945
3284,17750,0.292884
3285,15602,0.689755
3286,15460,0.449255
3286,16161,0.34352
3287,13405,0.17236
3287,16030,0.370275
3287,16161,0.112302
3287,13819,0.124151
3288,16162,0.216081
3288,18342,0.389149
3289,16163,0.545439
3289,14950,0.100607
3290,16161,0.191841
3290,14245,0.549662
3291,16166,0.150663
3291,16975,0.256522
3292,16167,0.200084
3292,17211,0.321927
3293,16169,0.552726
3294,13826,0.327673
3294,17209,0.05132
3294,18338,0.08019
3294,19978,0.09496
3295,14736,0.256063
3295,15324,0.276103
3295,20729,0.05191
3296,16172,0.345698
3296,17416,0.133103
3297,13744,0.140279
3298,16173,0.486329
3299,16174,0.098919
3299,16932,0.215978
3299,17239,0.450923
3300,16175,0.051058
3300,15444,0.325615
3300,18431,0.050192
3300,15443,0.060429
3300,20321,0.052553
3301,16176,0.59073
3302,15205,0.205677
3302,15048,0.264192
3302,13872,0.144485
3303,13583,0.438332
3304,13225,0.16568
3304,13290,0.125822
3305,16178,0.713867
3306,16179,0.283651
3307,14009,0.216945
3308,16180,0.252481
3309,16182,0.075892
3309,16498,0.177162
3309,17860,0.178205
3309,18381,0.154403
3309,13335,0.06763
3310,13646,0.293177
3310,14615,0.251981
3310,13552,0.052952
3310,14651,0.083137
3310,16261,0.050428
3310,14429,0.05583
3311,15647,0.302081
3311,13831,0.227679
3312,14585,0.409098
3312,18609,0.219903
3312,15954,0.05422
3313,16187,0.809671
3314,16189,0.087332
3314,13211,0.391361
3314,15202,0.094079
3315,14648,0.114311
3315,16190,0.10698
3315,16101,0.121048
3315,21071,0.08807
3316,16191,0.139113
3316,17049,0.160324
3317,13369,0.290806
3317,18258,0.068974
3317,13365,0.095853
3317,20660,0.068639
3317,14547,0.123037
3318,14021,0.389184
3318,16350,0.091696
3319,14407,0.173222
3319,14705,0.112693
3319,15380,0.124824
3319,17704,0.05615
3320,16193,0.218175
3320,18234,0.204747
3321,13225,0.058305
3321,13177,0.075736
3322,13423,0.176464
3323,13240,0.370556
3323,13239,0.163327
3324,13329,0.174019
3324,17961,0.103786
3325,13535,0.10457
3325,16194,0.168047
3325,15840,0.07239
3325,21937,0.104219
3326,16195,0.082267
3326,16196,0.14452
3326,16745,0.213929
3326,18327,0.082837
3326,19449,0.091078
3327,16198,0.25089
3327,13732,0.197239
3328,13240,0.167484
3329,16199,0.409096
3329,16454,0.24637
3330,16200,0.502057
3330,19961,0.098229
3331,16201,0.47443
3332,16202,0.210458
3333,13801,0.738585
3334,16203,0.277238
3335,16204,0.571575
3336,16206,0.226602
3336,17989,0.067498
3336,13741,0.076759
3336,14824,0.079397
3337,13244,0.363746
3338,13244,0.152244
3339,16208,0.400358
3339,16252,0.389189
3340,16209,0.057762
3340,18221,0.307466
3340,13223,0.069149
3341,14386,0.222406
3341,18580,0.27389
3342,16210,0.572961
3343,13566,0.188501
3343,14626,0.340435
3344,16211,0.413062
3345,16212,0.50633
3346,16213,0.086939
3346,18678,0.134363
3346,19920,0.212758
3347,14333,0.2713
3347,16216,0.301333
3348,16214,0.173039
3348,16545,0.1505
3348,17847,0.115114
3349,14859,0.431907
3349,16822,0.174928
3349,15222,0.050413
3350,14000,0.181123
3351,15981,0.095519
3351,18483,0.121394
3351,13292,0.136488
3351,15699,0.074164
3352,13505,0.365682
3353,16217,0.545463
3354,13361,0.196404
3354,18896,0.166113
3354,14553,0.106078
3355,16218,0.420534
3355,19293,0.248859
3356,16219,0.66836
3357,14764,0.423599
3357,16302,0.051489
3357,17235,0.053256
3357,14098,0.145177
3358,16220,0.220433
3358,22968,0.161003
3359,16221,0.052917
3359,15808,0.093534
3359,20393,0.074032
3359,13212,0.087264
3360,16222,0.450963
3360,17133,0.223517
3361,16223,0.299533
3361,18265,0.119345
3361,16847,0.050672
3362,16224,0.075615
3362,13201,0.063681
3362,16602,0.127704
3362,21428,0.130907
3363,16227,0.118689
3364,16229,0.088636
3365,14736,0.142267
3365,15153,0.270287
3365,14230,0.206885
3366,13808,0.282214
3367,16230,0.065676
3367,16903,0.17245
3367,13432,0.111483
3367,13616,0.170396
3367,16784,0.12223
3368,16231,0.438612
3368,17678,0.237096
3369,15398,0.681298
3370,16233,0.055651
3370,18014,0.165289
3370,18741,0.06137
3370,13196,0.096855
3370,22866,0.089129
3371,16234,0.701164
3372,14579,0.052712
3373,15116,0.214898
3373,19530,0.21507
3373,22269,0.058891
3373,22485,0.058477
3374,16238,0.24573
3374,13487,0.125008
3374,18414,0.1032
3374,14069,0.062231
3374,21999,0.103882
3374,23041,0.055828
3375,16239,0.400388
3375,14187,0.098667
3375,22603,0.15716
3376,16241,0.055201
3376,17190,0.092234
3376,14515,0.071665
3376,17462,0.062254
3377,16242,0.596542
3378,13176,0.101098
3379,13243,0.50775
3380,13303,0.315837
3381,13418,0.179547
3382,13243,0.45985
3383,16243,0.396428
3384,15592,0.302553
3385,13290,0.145806
3386,16245,0.291225
3386,13252,0.09745
3387,16246,0.127292
3387,15270,0.313652
3387,14067,0.060189
3388,16249,0.164906
3388,18904,0.428249
3389,15154,0.283819
3390,13754,0.479547
3391,13584,0.513335
3392,16251,0.198023
3392,19073,0.198023
3392,13201,0.092278
3393,16253,0.116059
3393,14876,0.120024
3393,16254,0.115843
3394,15870,0.382813
3395,16257,0.071091
3395,17517,0.056247
3395,17536,0.211652
3395,14275,0.083212
3396,16258,0.564979
3397,16260,0.138342
3397,21107,0.064826
3397,21694,0.118149
3398,16262,0.308757
3399,16265,0.396159
3400,16266,0.259339
3400,16881,0.228644
3400,19158,0.098217
3400,22512,0.067403
3401,13730,0.226459
3402,14581,0.432623
3402,22622,0.058268
3403,16267,0.276789
3403,19053,0.207043
3403,14738,0.055738
3404,16268,0.083718
3404,16689,0.142797
3404,20502,0.253039
3404,21416,0.121273
3405,13428,0.383858
3406,16270,0.181727
3406,20631,0.068067
3407,13583,0.409083
3407,13176,0.286708
3408,13228,0.369449
3409,15916,0.287432
3410,14479,0.256456
3410,16272,0.068169
3410,17538,0.32272
3411,16273,0.057053
3411,13814,0.084871
3411,16861,0.302039
3411,14106,0.123145
3411,14817,0.0868
3412,16274,0.058977
3412,16826,0.073646
3412,17543,0.167946
3412,17953,0.098087
3412,14185,0.082189
3413,16275,0.166267
3413,13361,0.148154
3413,13474,0.080587
3413,15793,0.05957
3413,20308,0.053497
3414,15793,0.366107
3414,16276,0.17562
3414,21319,0.097945
3415,15910,0.076929
3415,17828,0.390723
3415,22185,0.10184
3416,16277,0.148846
3416,16278,0.080372
3416,18435,0.061459
3416,18502,0.148902
3417,13418,0.407803
3418,13228,0.114489
3419,14045,0.350891
3420,13370,0.115716
3420,14058,0.184099
3420,14654,0.069273
3421,14735,0.375242
3421,14837,0.064026
3421,13683,0.079444
3422,16279,0.482536
3423,16280,0.672571
3424,16282,0.084141
3424,13600,0.09217
3425,14799,0.453339
3426,16284,0.371463
3426,16391,0.24408
3427,13229,0.225084
3428,13583,0.253199
3429,13344,0.213498
3429,13583,0.316077
3430,13344,0.202712
3431,13217,0.370854
3432,13244,0.191881
3433,13175,0.330615
3434,13876,0.34109
3434,13662,0.062074
3435,16286,0.301836
3435,16357,0.072425
3435,16904,0.164105
3436,16287,0.285007
3436,20520,0.247622
3436,22736,0.076703
3437,16288,0.305477
3437,17901,0.422016
3438,13428,0.210365
3439,13418,0.405432
3439,13227,0.27395
3440,13227,0.145462
3440,13418,0.377169
3441,13176,0.350386
3442,16289,0.506153
3442,17802,0.233293
3443,16290,0.328536
3444,13175,0.440014
3445,14366,0.754992
3446,15411,0.412203
3446,14158,0.071468
3447,16291,0.120801
3447,20373,0.277132
3448,16292,0.332485
3448,17944,0.238504
3449,16293,0.057918
3449,13827,0.368292
3450,13457,0.206058
3450,14481,0.379591
3450,16923,0.145972
3451,16295,0.070078
3452,16296,0.49458
3453,16297,0.053205
3453,13971,0.312435
3453,21312,0.082985
3454,14137,0.658304
3455,13212,0.459259
3456,14861,0.365917
3456,16707,0.065004
3457,13230,0.062584
3458,16300,0.054626
3458,16301,0.162634
3458,16729,0.056851
3458,18356,0.077757
3458,15587,0.104094
3459,13658,0.415168
3459,14430,0.142951
3459,15183,0.054876
3460,16304,0.107482
3460,18773,0.253027
3460,17942,0.080043
3460,14349,0.088545
3461,13244,0.153419
3462,13245,0.425651
3463,13304,0.125543
3464,13505,0.457308
3465,13497,0.367571
3466,16305,0.358904
3466,15100,0.253919
3467,16306,0.151414
3467,15603,0.184658
3467,13643,0.081478
3468,16307,0.071404
3468,16308,0.088506
3468,17381,0.114001
3468,20213,0.090002
3469,13226,0.156256
3470,14861,0.349763
3471,16310,0.350558
3471,19684,0.135157
3472,16311,0.220279
3472,13247,0.211411
3473,16315,0.348325
3473,18884,0.353716
3474,16319,0.527202
3475,13316,0.234758
3476,13303,0.425578
3477,13305,0.255419
3477,13303,0.306818
3478,13204,0.238494
3478,13240,0.051174
3479,13278,0.063542
3479,19516,0.292734
3479,19515,0.089168
3479,16092,0.056083
3480,13226,0.503643
3481,13240,0.236819
3481,13239,0.273266
3482,13496,0.157437
3483,13517,0.396468
3484,13351,0.293526
3485,13742,0.16869
3486,13409,0.382393
3487,14396,0.791819
3488,14722,0.419973
3489,13742,0.36466
3490,13499,0.49235
3491,16322,0.090095
3491,15169,0.502406
3492,13316,0.378486
3493,13240,0.141108
3494,16323,0.29229
3494,13843,0.301372
3495,16325,0.573118
3496,13244,0.088226
3497,16093,0.064409
3497,16465,0.106884
3497,19805,0.056279
3498,16328,0.337166
3498,17917,0.145308
3499,16329,0.380741
3499,17722,0.057228
3499,18879,0.053271
3500,15617,0.131249
3500,15487,0.226301
3500,17695,0.127011
3500,19115,0.050843
3500,19915,0.050846
3501,15557,0.284162
3501,16140,0.088545
3501,14900,0.069024
3502,13226,0.06554
3503,16330,0.813923
3504,15981,0.079254
3504,15557,0.189566
3504,21386,0.110993
3504,14900,0.171696
3505,16332,0.158465
3505,20435,0.216469
3505,19147,0.120843
3506,16335,0.316029
3507,16201,0.105532
3508,16337,0.052388
3508,19170,0.223086
3508,13518,0.153993
3508,15392,0.056768
3509,16339,0.736073
3510,16341,0.166337
3510,16499,0.174975
3511,13226,0.259038
3512,13428,0.218705
3513,16343,0.692969
3514,14464,0.580035
3515,13582,0.26958
3515,17227,0.057765
3515,17504,0.104056
3516,13204,0.226287
3517,16345,0.553859
3518,16346,0.222682
3518,20540,0.222691
3518,20894,0.200829
3519,16347,0.157897
3519,16358,0.157893
3519,19058,0.196347
3520,16349,0.490877
3521,16350,0.213921
3521,19535,0.058315
3522,16351,0.566881
3522,22115,0.142552
3523,16354,0.344649
3523,20825,0.244099
3523,13368,0.084169
3523,17111,0.070473
3524,13220,0.680811
3525,16359,0.386283
3526,16360,0.159089
3526,18119,0.32369
3526,21408,0.201471
3527,13175,0.291866
3528,13244,0.366755
3529,13316,0.49197
3530,13754,0.338524
3531,13960,0.198473
3532,13972,0.08768
3532,16366,0.342101
3533,14186,0.155178
3533,13779,0.418215
3534,16362,0.160152
3534,17038,0.181792
3534,16366,0.258704
3535,15509,0.35313
3536,16364,0.321249
3536,16616,0.277765
3537,16367,0.21646
3537,13246,0.122102
3537,15052,0.111088
3538,16279,0.185649
3538,17411,0.112081
3538,17428,0.165119
3539,16368,0.647797
3540,14059,0.101588
3541,16370,0.086666
3541,19593,0.431707
3541,22008,0.06946
3542,16371,0.50072
3543,16372,0.27651
3543,14428,0.196563
3544,16374,0.085881
3544,16862,0.30509
3544,20389,0.181554
3545,16375,0.061958
3545,18313,0.076917
3545,20070,0.092812
3545,20858,0.05337
3545,21178,0.110344
3546,16376,0.134121
3546,17940,0.085745
3546,14912,0.07091
3546,18290,0.061496
3546,16629,0.061389
3546,23037,0.060353
3547,15340,0.620605
3548,13430,0.14638
3548,13497,0.052604
3549,14135,0.11083
3549,16378,0.091043
3549,13551,0.089942
3549,22307,0.126957
3550,14806,0.21708
3550,14135,0.147498
3550,16379,0.113961
3551,15240,0.411083
3551,21611,0.104591
3552,14142,0.503812
3553,13304,0.357089
3554,13428,0.203726
3555,16381,0.079025
3555,17506,0.208739
3555,15480,0.157995
3556,13517,0.463781
3557,13390,0.352019
3558,13424,0.320395
3559,13175,0.327074
3560,13229,0.198934
3561,16383,0.532789
3562,16385,0.241468
3562,17983,0.154683
3562,18013,0.074036
3562,19159,0.138661
3562,19731,0.067683
3563,15211,0.301541
3563,18259,0.230238
3563,17872,0.069581
3563,17388,0.121236
3564,16386,0.285838
3565,16388,0.10203
3565,17273,0.455972
3565,20223,0.155668
3566,16390,0.062437
3566,19881,0.13662
3566,20684,0.102155
3566,15827,0.097115
3567,13176,0.115246
3568,13586,0.357332
3569,16392,0.492475
3569,13244,0.16298
3570,16393,0.550736
3571,16247,0.420442
3572,14346,0.673828
3573,14806,0.227178
3573,18836,0.087985
3574,16394,0.079622
3574,16694,0.506001
3575,13414,0.145173
3575,13849,0.131949
3575,13850,0.099836
3576,16395,0.530814
3577,13290,0.169918
3578,16396,0.187059
3579,13305,0.05593
3580,13303,0.214064
3580,13305,0.060163
3581,15202,0.343496
3581,14634,0.195955
3582,16397,0.14492
3582,16398,0.361552
3582,22581,0.107652
3582,19775,0.123334
3583,16399,0.052762
3583,14670,0.080543
3583,17899,0.139145
3583,16379,0.075194
3583,20993,0.060764
3583,21551,0.058863
3583,13683,0.064497
3584,16403,0.344414
3584,20865,0.075808
3585,13583,0.207198
3585,13423,0.152488
3586,16404,0.746277
3587,16405,0.232064
3587,16406,0.172501
3588,16408,0.402881
3588,16365,0.189051
3589,16409,0.381277
3589,16410,0.322153
3590,16411,0.353801
3590,19782,0.173428
3591,16412,0.393923
3591,19567,0.070087
3592,16275,0.465081
3592,19264,0.190613
3593,16414,0.135157
3593,15859,0.288494
3593,22699,0.135269
3594,13379,0.272663
3594,13449,0.109809
3594,18813,0.07269
3594,14023,0.070704
3594,13443,0.054831
3595,13430,0.334821
3596,14514,0.517158
3597,13579,0.637708
3598,16418,0.15564
3598,19407,0.272641
3599,16420,0.239357
3599,13407,0.279336
3600,16421,0.525849
3601,16422,0.345173
3602,16423,0.657025
3603,16425,0.107772
3604,16426,0.434162
3604,18335,0.060023
3604,14880,0.056523
3605,14299,0.264255
3605,17096,0.140857
3605,19000,0.140598
3606,14289,0.488528
3607,13487,0.141781
3607,14316,0.071262
3607,18647,0.05474
3607,15176,0.210719
3607,14112,0.065835
3608,16430,0.552698
3609,14891,0.102977
3610,13646,0.491182
3610,14008,0.072057
3611,16431,0.257659
3611,16296,0.256794
3612,16432,0.75134
3613,13245,0.14585
3614,13496,0.103748
3615,16433,0.061461
3615,16436,0.347455
3615,19039,0.376922
3615,22482,0.061451
3616,16434,0.303884
3616,15184,0.169768
3616,13456,0.066272
3616,17546,0.069215
3616,17547,0.10625
3616,16539,0.076025
3617,14396,0.809363
3618,16436,0.166127
3619,15112,0.447901
3620,16437,0.635163
3621,13304,0.427262
3622,16438,0.237863
3622,14784,0.122112
3622,14118,0.19145
3622,15366,0.088695
3623,16439,0.39206
3623,19618,0.079159
3623,19472,0.141379
3624,16440,0.306021
3625,16441,0.513968
3626,16443,0.601566
3627,15389,0.308797
3627,14080,0.187112
3627,14670,0.140456
3628,13230,0.305551
3629,13478,0.317989
3629,14158,0.177398
3629,22623,0.099895
3630,16445,0.313637
3630,13659,0.129895
3631,15720,0.368484
3631,14542,0.055382
3631,20356,0.109745
3632,13344,0.764826
3633,13303,0.106552
3634,13240,0.158836
3635,15620,0.383566
3636,15588,0.376657
3636,16654,0.062929
3636,13280,0.216367
3637,15916,0.285869
3638,14401,0.201679
3639,13239,0.052652
3640,13428,0.109839
3641,13586,0.338213
3642,16449,0.676824
3643,16450,0.351263
3643,13521,0.110508
3644,16451,0.387538
3645,13288,0.792914
3646,13428,0.06317
3647,16452,0.202523
3647,22760,0.259902
3648,14987,0.352093
3648,20824,0.207385
3649,13339,0.450363
3650,15978,0.434215
3650,17398,0.197513
3651,16455,0.40155
3651,17149,0.117704
3651,13339,0.095516
3652,13330,0.423615
3653,13754,0.393899
3654,13428,0.244405
3655,13748,0.383443
3656,13194,0.382069
3657,16456,0.096067
3657,21349,0.209815
3658,16458,0.53794
3659,14051,0.128215
3659,18738,0.066808
3659,13753,0.097265
3660,16462,0.20736
3660,17390,0.424666
3660,20654,0.094411
3661,16463,0.179145
3661,17256,0.165932
3661,19728,0.330708
3662,15699,0.655276
3662,22609,0.196992
3663,13988,0.410447
3664,13741,0.6719
3665,16466,0.114348
3665,21210,0.165951
3665,21211,0.206602
3665,21478,0.056742
3665,13646,0.078599
3666,15417,0.134997
3666,17405,0.17574
3667,16467,0.378553
3667,16001,0.425299
3668,16001,0.590727
3669,16469,0.156218
3669,17359,0.101382
3669,18498,0.107778
3670,13517,0.320783
3671,16473,0.261628
3671,13326,0.062114
3672,16354,0.076139
3672,14120,0.235857
3672,13740,0.176863
3672,14515,0.166658
3673,16407,0.051789
3673,16474,0.358854
3673,18375,0.122307
3674,16475,0.234287
3674,17878,0.079408
3674,19509,0.07951
3674,19586,0.138109
3675,13329,0.523531
3676,14657,0.5555
3677,16476,0.215367
3677,20315,0.3925
3678,14809,0.070224
3678,17810,0.090697
3678,15038,0.059343
3679,13303,0.326068
3680,16477,0.589845
3681,13754,0.339344
3682,16478,0.251307
3682,19542,0.292685
3683,13428,0.251458
3684,15349,0.31918
3684,16033,0.258324
3685,13992,0.135505
3685,17198,0.186288
3685,22570,0.053546
3686,16480,0.207474
3686,15632,0.156921
3686,17136,0.355838
3687,16482,0.605586
3688,16484,0.617095
3689,15014,0.161102
3689,16707,0.257666
3690,16487,0.442331
3691,16488,0.330599
3691,16590,0.061601
3691,18865,0.133438
3691,20438,0.260373
3692,13260,0.786082
3693,13418,0.439466
3694,13175,0.129047
3695,13351,0.176704
3696,16490,0.437229
3696,20312,0.114898
3696,20814,0.146093
3697,13431,0.350354
3697,16491,0.331277
3697,14407,0.104168
3698,16492,0.28539
3698,18261,0.212598
3698,18507,0.057515
3699,16493,0.392374
3699,17837,0.056954
3699,15418,0.06342
3699,17297,0.080541
3700,13633,0.406252
3700,16494,0.077695
3700,17292,0.153753
3701,14503,0.205266
3702,13496,0.05124
3702,13175,0.057743
3703,16497,0.509101
3703,17955,0.185881
3703,15204,0.108802
3704,13451,0.157899
3704,13891,0.056912
3704,20826,0.067307
3704,14110,0.059126
3705,14136,0.419559
3705,19785,0.164883
3706,14978,0.192273
3706,18903,0.185693
3706,16860,0.100527
3707,15768,0.357969
3708,13245,0.419799
3709,16502,0.098474
3709,14136,0.274916
3710,13245,0.421306
3711,13792,0.488036
3711,20912,0.064755
3711,14055,0.177661
3712,15261,0.140216
3712,14832,0.08881
3712,20216,0.064384
3712,22567,0.089761
3713,16505,0.112271
3713,13248,0.111731
3713,14925,0.252024
3713,22711,0.05769
3714,13423,0.395061
3715,13311,0.138441
3715,13628,0.222228
3716,13198,0.22326
3717,13175,0.05935
3718,16507,0.218266
3718,13254,0.184337
3718,18590,0.054879
3719,16508,0.264181
3719,15534,0.272764
3719,21986,0.069642
3720,16509,0.188434
3720,18281,0.414329
3721,14526,0.316703
3721,18489,0.051715
3722,16510,0.211025
3722,13627,0.269434
3723,16511,0.48883
3724,16512,0.446987
3725,16513,0.607531
3726,14961,0.78314
3727,16229,0.265574
3727,19047,0.0528
3727,19505,0.055302
3727,19627,0.079418
3727,21122,0.074204
3728,13842,0.218918
3729,16515,0.315158
3730,13442,0.179272
3730,13204,0.087301
3731,16517,0.107214
3731,19893,0.243242
3732,16518,0.571795
3733,16520,0.363306
3733,17811,0.191515
3733,17054,0.095292
3734,16522,0.063321
3734,15988,0.285196
3735,16189,0.413351
3735,16523,0.409594
3735,14079,0.055343
3736,16525,0.520397
3737,16526,0.336132
3738,16527,0.103894
3738,17873,0.118334
3738,16694,0.158212
3738,21044,0.063168
3739,14611,0.123853
3739,14194,0.153831
3739,19555,0.122725
3740,14417,0.255307
3741,15493,0.776662
3742,16529,0.219898
3743,16530,0.25826
3744,13753,0.450151
3744,14051,0.112056
3745,13486,0.429843
3745,15054,0.312435
3745,13894,0.121158
3746,13425,0.776181
3747,14143,0.426733
3748,16531,0.133047
3748,19503,0.132613
3748,21263,0.132942
3748,22284,0.095378
3749,16532,0.537466
3750,16533,0.45954
3751,13679,0.758852
3752,13176,0.068885
3753,14722,0.23884
3754,13679,0.440566
3755,16535,0.535521
3756,16536,0.409307
3757,13742,0.413534
3758,13373,0.465538
3759,16537,0.358449
3760,16538,0.235701
3760,18399,0.22178
3760,21821,0.097512
3761,13863,0.521207
3761,16185,0.1449
3762,16542,0.521179
3763,13240,0.171202
3764,16545,0.056293
3764,15299,0.113337
3764,14199,0.089761
3764,17847,0.071753
3764,13572,0.076904
3764,21711,0.10024
3765,14603,0.090003
3765,16055,0.377318
3765,13503,0.101602
3765,15550,0.10143
3766,13234,0.356272
3766,16546,0.417806
3767,14223,0.052146
3768,16547,0.649422
3769,16548,0.644596
3770,13176,0.16468
3771,16549,0.706986
3772,13290,0.310454
3773,16550,0.18737
3773,18406,0.393171
3774,13316,0.152087
3775,15136,0.559186
3775,18960,0.116639
3776,16551,0.275513
3776,21718,0.197266
3777,13217,0.460121
3778,13304,0.446541
3779,16555,0.21958
3779,22408,0.136994
3780,16558,0.471455
3781,16559,0.231659
3782,16561,0.155385
3782,17248,0.435421
3782,19501,0.069955
3783,16562,0.569818
3784,16567,0.126243
3784,15942,0.200631
3784,19673,0.05538
3784,19155,0.059451
3784,21737,0.080747
3784,22896,0.105562
3785,15071,0.243609
3786,13252,0.181009
3786,17988,0.250029
3786,14252,0.125525
3787,15650,0.110822
3787,16779,0.412722
3787,15559,0.076287
3788,16568,0.153722
3788,16265,0.155129
3788,16571,0.140604
3789,16569,0.264493
3789,17172,0.287762
3789,20519,0.063786
3790,16570,0.230787
3790,13848,0.080067
3791,13430,0.062914
3792,13228,0.401055
3793,16572,0.211485
3793,16693,0.104762
3793,14821,0.083672
3793,18503,0.133001
3794,16573,0.233099
3794,22220,0.171062
3795,16574,0.394731
3795,20024,0.084707
3796,13228,0.30782
3797,16575,0.484859
3797,18991,0.072203
3797,21293,0.095519
3798,16577,0.557674
3799,15014,0.157459
3799,15104,0.1749
3800,16578,0.685712
3801,16579,0.4179
3801,18808,0.122455
3801,21130,0.095183
3802,13309,0.065964
3802,15520,0.195103
3802,13891,0.199994
3803,16584,0.236116
3803,13494,0.091993
3803,20592,0.058516
3803,22856,0.058747
3803,20672,0.056867
3803,22857,0.058747
3804,16585,0.091666
3805,13428,0.384876
3806,13430,0.432415
3807,16586,0.235125
3807,18195,0.301812
3808,16587,0.146843
3808,14542,0.25938
3808,19980,0.137552
3809,16588,0.322878
3810,16589,0.076745
3810,22344,0.052647
3810,18249,0.054478
3811,16591,0.218238
3811,13366,0.310224
3812,15336,0.256202
3812,14989,0.061645
3813,16593,0.245726
3813,16594,0.17952
3813,16476,0.110804
3813,18390,0.053769
3813,13825,0.075118
3814,16595,0.136626
3814,20306,0.076523
3814,13834,0.075047
3814,15021,0.135957
3814,22162,0.121045
3815,14215,0.067309
3815,17704,0.114303
3815,14407,0.113122
3815,19359,0.054439
3815,13406,0.063691
3816,16597,0.05268
3816,13348,0.198712
3816,19217,0.074375
3816,16220,0.061908
3816,21174,0.057579
3817,16598,0.326185
3817,15849,0.173056
3817,13394,0.114594
3818,16599,0.188654
3818,17997,0.170015
3818,14812,0.145349
3818,19467,0.119763
3819,13760,0.305706
3820,16193,0.480913
3820,16600,0.165958
3821,16601,0.370265
3821,15562,0.301047
3822,16602,0.067711
3822,19522,0.135477
3823,13499,0.380487
3824,14747,0.425846
3825,16603,0.179504
3826,16605,0.374918
3827,16606,0.527342
3828,13316,0.265134
3829,16607,0.537988
3830,14015,0.138195
3830,15898,0.261317
3830,14889,0.239834
3831,16608,0.091691
3831,17852,0.337875
3832,16609,0.274921
3832,16848,0.066284
3832,17354,0.066379
3832,15533,0.076515
3833,13245,0.067654
3834,16610,0.509643
3835,15272,0.419923
3835,18936,0.158813
3835,20785,0.112309
3836,16611,0.543567
3836,17919,0.132697
3837,16612,0.149097
3837,19706,0.487374
3838,16613,0.349966
3838,16618,0.173276
3838,19323,0.060983
3839,14630,0.1869
3839,17260,0.121033
3839,18682,0.176217
3839,19975,0.149212
3840,13245,0.275775
3841,15298,0.244806
3842,13305,0.331562
3843,16614,0.497657
3843,19078,0.157694
3844,13925,0.108139
3845,16063,0.705086
3846,16617,0.223503
3847,15149,0.605478
3848,16619,0.064451
3848,13609,0.496527
3849,14498,0.211377
3850,13305,0.28093
3851,15469,0.159011
3851,19620,0.073786
3851,20058,0.066563
3852,14057,0.625622
3853,14317,0.112143
3854,16620,0.073508
3854,16130,0.140302
3855,13303,0.172931
3856,13423,0.283759
3857,16621,0.830975
3858,16622,0.185723
3858,16636,0.336593
3858,17707,0.13133
3859,16623,0.322398
3859,14838,0.055094
3859,19333,0.058207
3859,20697,0.058707
3860,14880,0.724172
3861,13678,0.196601
3862,16627,0.608964
3863,16279,0.40195
3864,16375,0.110195
3864,17361,0.332728
3864,21366,0.085594
3864,22259,0.108353
3865,13526,0.620623
3866,16629,0.455461
3867,16630,0.417418
3867,14079,0.417292
3867,20482,0.057252
3868,13290,0.370529
3869,16631,0.230667
3869,21486,0.120708
3869,21671,0.089426
3870,13377,0.525521
3870,13493,0.231807
3871,15870,0.318692
3871,14393,0.09613
3872,13213,0.3634
3872,15296,0.087356
3872,13677,0.087444
3873,16632,0.188735
3873,19462,0.543173
3874,13227,0.299983
3875,16633,0.642996
3876,15132,0.612753
3877,13226,0.138799
3877,18040,0.093543
3878,14400,0.388222
3878,14271,0.115595
3879,14400,0.242217
3880,15024,0.525884
3880,22012,0.142341
3881,16635,0.087184
3881,14784,0.174718
3881,14118,0.291662
3882,13241,0.284802
3883,13598,0.169889
3883,16637,0.182828
3883,13442,0.175605
3884,16638,0.072122
3884,17244,0.094018
3884,13523,0.116207
3885,13407,0.236022
3885,16640,0.232792
3885,13626,0.052785
3885,16962,0.181386
3886,16641,0.282341
3887,16642,0.172779
3887,13807,0.299369
3888,16644,0.467813
3888,18336,0.051606
3888,20904,0.061263
3889,16647,0.108277
3889,18570,0.078761
3889,13469,0.053271
3889,19886,0.144912
3890,16648,0.671198
3891,16649,0.328907
3891,19152,0.388276
3892,16650,0.103631
3892,17421,0.064099
3892,21456,0.074223
3893,16651,0.467256
3893,19448,0.177643
3894,16652,0.543996
3894,13601,0.153674
3895,16653,0.083342
3895,15873,0.258298
3895,13640,0.064706
3895,15056,0.054176
3896,16656,0.143807
3897,16657,0.613923
3898,16658,0.218188
3898,16752,0.170129
3899,16659,0.105399
3899,17790,0.155411
3899,20284,0.060273
3899,20545,0.248215
3900,16660,0.453292
3901,13440,0.336869
3902,13970,0.555551
3903,16661,0.47971
3903,19865,0.10063
3903,22331,0.071637
3904,16662,0.408557
3905,16663,0.498012
3905,17122,0.065734
3906,14663,0.11362
3906,15694,0.268966
3906,15705,0.098225
3907,14090,0.216707
3907,13593,0.403895
3908,14577,0.075389
3908,13827,0.302332
3908,19315,0.077413
3908,22080,0.076411
3909,13586,0.347382
3909,13760,0.139162
3910,13176,0.248314
3911,14242,0.085228
3911,18345,0.350821
3911,14540,0.061276
3912,16664,0.260063
3912,13356,0.1969
3912,14984,0.069567
3912,16744,0.107491
3912,16448,0.108571
3913,16666,0.303034
3913,15597,0.390996
3914,16668,0.421808
3914,17223,0.224974
3915,13261,0.356789
3916,16670,0.411308
3916,22513,0.137273
3917,13430,0.176948
3917,13176,0.217232
3918,13176,0.166485
3919,16673,0.22133
3919,13497,0.152036
3920,13229,0.330622
3921,13586,0.080842
3922,16674,0.217015
3922,18631,0.142275
3922,13660,0.125322
3922,20975,0.075562
3923,14498,0.709218
3924,13239,0.281456
3925,13432,0.488419
3926,16675,0.251966
3926,14930,0.355511
3926,22848,0.064245
3927,16279,0.256046
3927,17428,0.201618
3927,13216,0.162646
3928,13734,0.104642
3929,13760,0.62509
3930,13418,0.302801
3931,13175,0.084256
3932,16677,0.375545
3932,17319,0.118726
3933,16679,0.385883
3934,16681,0.173906
3934,16969,0.082604
3935,16682,0.148049
3936,15016,0.354534
3936,13983,0.352403
3937,13761,0.524743
3938,13250,0.148386
3939,13225,0.45725
3940,16683,0.053877
3940,17028,0.237896
3940,18438,0.107818
3941,16684,0.088265
3941,17867,0.264157
3941,15570,0.166548
3942,13304,0.392634
3943,13991,0.416336
3943,13645,0.429608
3944,14804,0.193521
3944,16686,0.125536
3944,15776,0.342676
3945,14302,0.069944
3945,14434,0.051075
3946,15700,0.468777
3946,13799,0.05641
3947,13209,0.305349
3948,13330,0.285518
3949,16688,0.068535
3949,20049,0.12422
3950,16690,0.3877
3951,16691,0.82631
3952,16692,0.372164
3952,18317,0.159323
3952,21715,0.116154
3952,22207,0.056851
3953,13181,0.688232
3954,16695,0.555877
3955,16696,0.265184
3955,13407,0.275455
3955,15242,0.273807
3956,14761,0.092553
3956,16316,0.21236
3956,14561,0.050764
3957,16698,0.201165
3957,18477,0.417157
3958,16699,0.221738
3958,22585,0.502563
3959,13949,0.105931
3959,14990,0.060222
3959,21032,0.165927
3959,13293,0.136129
3960,13741,0.235143
3960,20918,0.37285
3961,13201,0.298564
3961,13202,0.298612
3961,15067,0.164544
3962,16702,0.845635
3963,16704,0.683743
3964,16705,0.61754
3964,16719,0.146831
3965,16706,0.128167
3966,13240,0.365032
3967,16708,0.186149
3967,16709,0.246913
3967,19348,0.145034
3968,16710,0.068805
3968,18608,0.17521
3969,16711,0.366319
3969,17371,0.176898
3969,18747,0.144794
3969,21855,0.081108
3970,16712,0.08048
3970,17683,0.128212
3970,19103,0.067287
3970,22212,0.050535
3971,13348,0.185305
3971,16792,0.065156
3971,14304,0.073544
3971,16324,0.086447
3972,15506,0.106297
3972,14249,0.109612
3973,15137,0.399031
3973,13372,0.052239
3973,18679,0.077238
3974,16715,0.173174
3974,19482,0.215887
3975,15995,0.167757
3975,19578,0.079939
3976,13290,0.122167
3977,14322,0.15187
3978,16716,0.189594
3979,14906,0.08319
3979,18249,0.065311
3979,13331,0.114392
3979,21012,0.083485
3980,16717,0.117245
3980,19057,0.062424
3980,15633,0.081399
3980,16621,0.144593
3981,16718,0.667192
3982,14307,0.110789
3983,16720,0.323353
3983,16743,0.320671
3984,16721,0.221043
3984,15832,0.220755
3984,19951,0.132879
3985,16722,0.643984
3986,16329,0.616398
3987,14966,0.345508
3988,16723,0.323945
3989,13982,0.729446
3990,15488,0.264234
3991,14558,0.304212
3991,15769,0.144242
3992,16727,0.143026
3992,14290,0.266988
3992,14731,0.067154
3993,16728,0.247066
3993,14290,0.069352
3993,16727,0.177929
3993,22015,0.120266
3994,13913,0.117244
3994,17511,0.189602
3994,15590,0.337963
3995,14927,0.191073
3996,13730,0.282864
3997,13344,0.502377
3998,13973,0.584711
3999,15076,0.18948
3999,19250,0.13929
3999,17969,0.109518
4000,16731,0.058238
4000,18700,0.103387
4000,20784,0.058227
4000,15374,0.057243
4000,22116,0.103075
4001,16732,0.126172
4001,17469,0.557099
4002,16733,0.845419
4003,13329,0.673041
4004,16736,0.126119
4004,15796,0.056264
4004,15776,0.333367
4004,20063,0.063357
4005,16738,0.198428
4005,16740,0.074026
4006,15859,0.487569
4006,21534,0.110323
4007,13598,0.115596
4007,17508,0.421013
4007,21680,0.087424
4007,15542,0.08935
4008,13958,0.058665
4009,16744,0.094582
4009,16195,0.195659
4009,19852,0.377376
4010,14828,0.647691
4011,16746,0.394948
4012,15273,0.474045
4013,13230,0.199656
4014,16747,0.277313
4014,19900,0.09635
4015,16748,0.653495
4016,16749,0.173904
4016,16910,0.102205
4016,17853,0.123272
4016,18450,0.15725
4017,16750,0.435554
4017,13849,0.165554
4018,13960,0.43678
4019,16752,0.359421
4019,16658,0.10663
4020,13376,0.096767
4020,13870,0.338328
4020,14773,0.055612
4020,15699,0.093448
4021,14845,0.281189
4021,18284,0.137581
4021,18873,0.080703
4022,15053,0.350344
4022,22978,0.106289
4023,13689,0.327486
4024,16754,0.171528
4024,15464,0.314161
4024,13987,0.174333
4025,16755,0.48272
4025,21013,0.137331
4026,16519,0.223534
4026,18734,0.087579
4026,14821,0.103557
4026,20815,0.071008
4026,23247,0.073396
4027,16756,0.326293
4027,15943,0.201733
4027,15016,0.085069
4027,15603,0.058102
4028,16757,0.28983
4028,21741,0.124838
4029,15898,0.426657
4030,16758,0.180927
4030,16759,0.228687
4031,14592,0.229462
4031,14723,0.219718
4031,22104,0.093595
4032,13317,0.087294
4033,13225,0.138931
4034,13175,0.061443
4034,13228,0.216715
4035,13330,0.376935
4036,16761,0.285293
4036,13581,0.118499
4036,13176,0.059896
4036,20333,0.088616
4037,16762,0.424804
4038,16763,0.395276
4038,22982,0.132865
4039,16764,0.487878
4040,13176,0.120166
4041,13760,0.111288
4042,13217,0.263532
4043,13835,0.701566
4044,16766,0.22602
4044,17521,0.090248
4044,17522,0.263419
4045,16767,0.476751
4046,16771,0.407095
4046,16856,0.194843
4047,16774,0.092189
4047,14157,0.389649
4048,16775,0.712526
4049,13412,0.390681
4049,17145,0.081655
4050,16778,0.356262
4050,19513,0.053563
4050,13259,0.090153
4050,19365,0.178601
4051,16780,0.357987
4052,16782,0.09016
4052,13363,0.28878
4052,20539,0.179725
4053,16080,0.061949
4053,13578,0.099599
4054,13225,0.444712
4055,13583,0.376273
4056,13583,0.793301
4057,14011,0.474711
4058,13176,0.15456
4059,13243,0.489346
4060,13423,0.073819
4061,16783,0.653718
4062,13316,0.43289
4063,16785,0.062363
4063,15469,0.066862
4064,16786,0.665416
4065,16788,0.512855
4066,16789,0.68379
4067,13304,0.327074
4068,13225,0.424114
4069,15917,0.096628
4069,14278,0.244058
4069,19823,0.119448
4070,16793,0.353784
4071,16794,0.099834
4071,13476,0.074842
4071,13191,0.178614
4072,16795,0.661277
4073,13679,0.335773
4074,13230,0.316912
4075,13505,0.223689
4076,13430,0.364773
4077,16797,0.279428
4077,19543,0.162045
4077,21381,0.099745
4078,13178,0.105723
4079,16623,0.362986
4079,13407,0.360159
4079,14103,0.080543
4080,16798,0.213271
4080,17922,0.138231
4080,18118,0.213323
4081,16800,0.235706
4081,16875,0.401896
4082,16623,0.380905
4082,13348,0.253128
4082,14304,0.13224
4083,16801,0.275246
4083,19794,0.093796
4083,22789,0.167792
4084,13581,0.422866
4085,13426,0.319343
4086,16036,0.32784
4086,16924,0.158752
4087,16807,0.570116
4088,16808,0.118692
4088,17665,0.260383
4088,20838,0.238812
4089,15524,0.361762
4089,17460,0.050457
4089,17297,0.056959
4090,16568,0.287058
4091,16810,0.527855
4092,13230,0.108759
4093,13175,0.067561
4094,13304,0.390409
4095,13424,0.828167
4096,13244,0.061072
4096,14464,0.15117
4097,14407,0.132936
4097,14939,0.096648
4097,15474,0.052354
4098,13493,0.364234
4099,14698,0.724622
4100,14931,0.230704
4100,16389,0.342614
4100,15632,0.074939
4101,16812,0.337706
4101,22995,0.125003
4102,16813,0.481912
4102,22775,0.056549
4103,13176,0.180234
4104,16815,0.128619
4105,13581,0.423749
4106,16817,0.580682
4107,16285,0.47826
4108,16819,0.109529
4108,13443,0.129251
4108,15554,0.099068
4109,16821,0.130223
4109,16892,0.458335
4110,14605,0.154724
4111,16823,0.189765
4111,20234,0.058293
4112,13516,0.131842
4112,13752,0.079599
4112,13231,0.118111
4112,13613,0.220923
4112,15737,0.063201
4113,16824,0.791197
4114,16342,0.153496
4114,13832,0.161707
4114,14613,0.201062
4114,16163,0.078524
4115,14081,0.107963
4115,14501,0.148989
4115,14193,0.061689
4115,13642,0.106158
4115,19019,0.076587
4115,13278,0.061789
4115,16184,0.064112
4116,14702,0.255823
4116,14767,0.063464
4116,14700,0.168966
4116,14951,0.14644
4117,15174,0.676354
4118,13176,0.333517
4119,14798,0.118862
4119,13613,0.077417
4120,16828,0.16418
4120,15988,0.191134
4120,14158,0.137802
4120,13212,0.206031
4121,16829,0.221509
4121,19696,0.123211
4121,22375,0.090388
4121,22498,0.057736
4122,13205,0.099834
4122,14781,0.213545
4122,14921,0.253022
4123,16830,0.502584
4123,17141,0.136883
4124,15203,0.589229
4125,15446,0.360736
4125,17131,0.117971
4125,17327,0.116963
4125,21268,0.063819
4126,16832,0.581658
4127,13231,0.136969
4127,16426,0.490819
4128,16836,0.349934
4128,16905,0.089374
4129,16839,0.160589
4129,22062,0.160638
4130,16840,0.632513
4131,13176,0.226924
4131,13583,0.135289
4132,13351,0.421506
4133,16841,0.075542
4133,17731,0.061341
4133,20021,0.143861
4133,22357,0.061712
4134,16842,0.581904
4135,16843,0.192737
4136,16844,0.180904
4136,14181,0.415669
4137,13579,0.292439
4138,16198,0.294953
4138,13732,0.097144
4139,16845,0.328092
4139,19625,0.135118
4139,21444,0.150201
4140,16846,0.568402
4141,16847,0.070566
4141,20708,0.146591
4141,14628,0.168658
4142,16849,0.289396
4143,16850,0.114858
4143,19804,0.117873
4143,14773,0.258337
4144,14842,0.096792
4144,19768,0.096734
4144,22044,0.096232
4145,16851,0.124586
4145,17177,0.074369
4146,14987,0.363735
4147,16853,0.182636
4147,20528,0.254211
4148,16854,0.389196
4149,13375,0.296274
4149,14799,0.228306
4149,19539,0.071111
4150,15216,0.159989
4150,17613,0.089425
4150,22554,0.195497
4150,14878,0.124407
4151,16431,0.300016
4151,16296,0.279501
4152,16858,0.375473
4152,14995,0.0588
4152,20926,0.129951
4153,16860,0.145429
4153,14978,0.338436
4154,16863,0.465506
4155,13496,0.11574
4155,14722,0.053196
4156,14143,0.259816
4156,19310,0.126369
4157,16636,0.478772
4158,13250,0.125337
4158,15036,0.102544
4159,13244,0.142929
4160,16865,0.39404
4160,18663,0.059079
4161,16866,0.542986
4161,13761,0.304078
4162,16867,0.253196
4162,13912,0.140421
4163,16835,0.235259
4163,15780,0.326466
4164,13330,0.463638
4165,16871,0.331307
4166,16873,0.675137
4167,13204,0.053252
4168,16876,0.308146
4168,19421,0.052198
4168,13555,0.137271
4168,16001,0.088676
4169,16878,0.671216
4170,13425,0.328178
4171,14550,0.056411
4171,14275,0.205712
4171,13604,0.104475
4172,13905,0.455307
4172,14402,0.338199
4173,16879,0.167477
4174,16880,0.249631
4174,17803,0.059392
4174,19400,0.054043
4175,16365,0.182938
4175,16666,0.152883
4175,16883,0.05999
4175,15597,0.050382
4175,15729,0.24786
4176,16884,0.441891
4177,16885,0.073987
4177,17920,0.297307
4177,19444,0.073999
4177,19602,0.069986
4177,15032,0.068876
4178,16886,0.838257
4179,13231,0.303914
4179,19808,0.10874
4180,16887,0.368104
4180,13333,0.11175
4181,13663,0.361848
4182,14901,0.331416
4183,15939,0.212324
4183,13210,0.346245
4184,14390,0.683497
4185,15485,0.241154
4185,13802,0.07304
4186,13194,0.106372
4187,16890,0.378694
4187,13549,0.363368
4188,15111,0.375855
4188,16942,0.175105
4189,16891,0.141576
4189,18494,0.160359
4189,17964,0.126499
4189,15197,0.066122
4189,16068,0.084989
4190,15203,0.155693
4191,16893,0.382863
4191,18256,0.158378
4192,15357,0.628762
4193,14307,0.060772
4194,16894,0.300764
4195,13175,0.208745
4196,16896,0.452818
4197,13390,0.109647
4198,16897,0.13309
4198,20621,0.216397
4198,15269,0.079324
4199,16898,0.127739
4199,17638,0.199036
4200,16899,0.421138
4200,20432,0.231673
4201,16900,0.225761
4201,17491,0.114515
4201,18516,0.301906
4201,18944,0.050044
4202,13581,0.17961
4203,13423,0.431117
4204,13346,0.391513
4205,16906,0.319653
4205,14987,0.136999
4206,13214,0.388317
4206,17540,0.198928
4207,14470,0.165478
4208,14571,0.382457
4208,13245,0.07798
4209,13425,0.053823
4209,13175,0.069433
4210,14681,0.13162
4210,16907,0.244967
4210,17333,0.327886
4210,14011,0.156226
4211,13969,0.308757
4211,13614,0.231129
4211,13174,0.056511
4212,16909,0.711476
4213,16912,0.096395
4213,21139,0.220603
4213,13379,0.066839
4213,21818,0.062216
4214,16913,0.513883
4214,16915,0.096747
4215,16914,0.11536
4215,18826,0.221924
4215,16060,0.102637
4216,16917,0.127117
4216,17063,0.050922
4216,15886,0.069615
4216,19491,0.090646
4217,16918,0.58946
4217,20630,0.123259
4218,14713,0.489917
4218,13438,0.176796
4219,16919,0.674634
4220,16920,0.326384
4220,15410,0.23764
4221,13756,0.140999
4221,17672,0.113819
4221,13834,0.055901
4222,15049,0.590557
4223,14175,0.234533
4223,16057,0.459615
4224,16922,0.821231
4225,13442,0.346054
4226,16923,0.054415
4226,15476,0.071672
4227,13960,0.138322
4228,13972,0.482625
4229,16925,0.316871
4229,17784,0.135893
4229,18932,0.24535
4230,13330,0.294549
4230,17876,0.267571
4231,13241,0.339847
4232,16929,0.159548
4232,17431,0.374809
4232,18069,0.078987
4233,16930,0.478879
4234,13225,0.057292
4235,13305,0.390013
4236,13305,0.223584
4236,13303,0.279478
4237,14103,0.050345
4237,19405,0.15135
4237,17913,0.179601
4238,14777,0.186727
4239,16931,0.349571
4239,20680,0.086599
4240,16008,0.058166
4240,20225,0.091615
4240,14888,0.050235
4241,14606,0.056575
4241,15383,0.059527
4241,14424,0.067574
4241,18104,0.078696
4241,18583,0.057953
4241,20684,0.117927
4242,15071,0.171129
4242,15032,0.087798
4242,13735,0.112078
4243,13487,0.401158
4244,16933,0.413145
4244,18305,0.209155
4244,19581,0.074358
4245,16935,0.293303
4245,16938,0.360404
4246,16936,0.179115
4246,19200,0.495904
4247,16937,0.734157
4248,14644,0.122032
4249,16239,0.504061
4250,16939,0.588289
4251,13175,0.17255
4252,16940,0.394199
4253,16941,0.635458
4254,13244,0.340503
4255,14236,0.101752
4255,18142,0.445753
4255,20202,0.095203
4256,16170,0.435708
4256,14444,0.188473
4257,16943,0.07266
4257,16965,0.052504
4257,20404,0.097588
4257,21164,0.053798
4257,21802,0.051803
4257,21803,0.057874
4258,13303,0.413251
4258,13217,0.36778
4259,14271,0.511469
4260,13225,0.111249
4260,13226,0.337736
4261,16944,0.647978
4262,16945,0.678309
4263,16948,0.20445
4264,15372,0.337696
4264,14162,0.184007
4264,17636,0.059505
4265,16951,0.493079
4266,16952,0.610424
4267,16953,0.373839
4267,16999,0.064183
4267,17321,0.089085
4268,16861,0.346082
4269,16954,0.585973
4270,13287,0.338771
4271,13425,0.147501
4272,13241,0.172295
4273,14988,0.070558
4273,17815,0.081253
4274,13228,0.113374
4274,13245,0.163734
4275,16955,0.145214
4275,18157,0.129175
4275,19796,0.268772
4276,14996,0.337773
4276,15186,0.280063
4276,15296,0.109558
4277,14224,0.767014
4278,13204,0.377213
4278,13390,0.389301
4279,13321,0.386508
4280,16958,0.264726
4281,16959,0.064318
4281,17773,0.218592
4281,18352,0.147842
4282,14750,0.398236
4283,16963,0.273061
4283,13240,0.078477
4284,13217,0.648653
4285,13175,0.143636
4285,13176,0.073945
4286,13889,0.56965
4287,13728,0.216945
4287,16964,0.395286
4287,17081,0.074375
4288,13929,0.208291
4288,19127,0.280851
4289,14606,0.054986
4289,16707,0.33199
4289,16634,0.060332
4289,14766,0.065118
4290,16027,0.582974
4291,13218,0.32897
4291,13583,0.056468
4292,16966,0.540709
4293,13317,0.310553
4294,13428,0.41363
4295,13418,0.158824
4295,13227,0.263203
4296,15051,0.139284
4296,17621,0.075138
4296,15104,0.139352
4296,21801,0.075291
4296,22388,0.062405
4297,15872,0.487407
4298,16968,0.347545
4298,21057,0.187831
4299,16969,0.202481
4299,15574,0.374425
4300,14142,0.6847
4301,14814,0.370093
4302,16585,0.289714
4302,14135,0.124252
4302,15296,0.096703
4302,15023,0.051055
4303,16971,0.135235
4304,13883,0.395174
4304,15283,0.16673
4304,16973,0.128339
4305,16972,0.480385
4306,13609,0.437972
4306,18276,0.116004
4307,14173,0.313445
4308,13176,0.114019
4309,13418,0.669082
4310,16974,0.474301
4311,14664,0.520251
4312,15048,0.111286
4312,14277,0.08832
4312,15466,0.422726
4313,16976,0.101279
4313,13693,0.449259
4313,18141,0.072399
4314,16977,0.460672
4315,16978,0.137016
4315,16979,0.056872
4315,14804,0.178646
4315,20295,0.113684
4316,13245,0.404887
4317,13744,0.061593
4318,16980,0.405915
4319,13583,0.266356
4319,18130,0.098897
4320,16982,0.196055
4320,21759,0.180636
4321,14053,0.275891
4321,16983,0.123074
4321,13550,0.131876
4322,13908,0.191473
4323,13874,0.410551
4323,13339,0.179048
4324,16984,0.26815
4324,18193,0.382912
4325,16985,0.443183
4326,14033,0.366415
4327,16987,0.1435
4327,20121,0.064727
4327,21461,0.057263
4327,21462,0.05724
4328,13292,0.548582
4329,16988,0.11347
4329,17003,0.086313
4329,13291,0.065611
4330,16989,0.443581
4331,16990,0.243792
4331,19774,0.31182
4331,19918,0.129304
4332,13304,0.196096
4333,13244,0.078466
4334,16993,0.18421
4334,22624,0.052283
4335,16994,0.167717
4336,13760,0.114655
4337,16995,0.358553
4338,15436,0.191088
4338,16493,0.068492
4338,15695,0.054321
4338,20587,0.054875
4339,16264,0.479853
4339,18610,0.091048
4339,16508,0.054411
4340,16996,0.524843
4341,16997,0.052188
4341,16519,0.447524
4341,13372,0.16456
4342,16998,0.090781
4342,17454,0.057386
4342,14078,0.273975
4343,17000,0.135829
4343,17088,0.183016
4343,13478,0.068192
4343,18350,0.061747
4344,13176,0.352016
4345,17001,0.234521
4345,20266,0.100002
4346,17004,0.40164
4346,20599,0.183221
4347,13213,0.454699
4347,14080,0.449098
4348,17005,0.599064
4349,13752,0.107165
4349,13682,0.08565
4349,14286,0.088554
4349,18466,0.063203
4350,13256,0.652888
4351,14877,0.077751
4351,13212,0.073199
4352,13226,0.32515
4353,17008,0.131672
4354,13260,0.711913
4355,16050,0.572685
4356,17011,0.145469
4357,17012,0.106615
4357,17010,0.16065
4357,15694,0.069512
4357,17490,0.07936
4357,15561,0.084624
4358,14015,0.179238
4358,17936,0.155331
4358,21400,0.071022
4358,18148,0.098482
4359,16750,0.460454
4359,21724,0.211502
4360,17016,0.581897
4361,17017,0.233069
4361,18488,0.199293
4361,19682,0.104444
4362,17019,0.500475
4363,17020,0.465784
4364,13754,0.152004
4364,15617,0.057889
4365,16668,0.625637
4366,13305,0.150351
4367,17021,0.157228
4367,17298,0.45761
4368,17022,0.527687
4368,16467,0.140233
4369,17023,0.254323
4369,17024,0.085392
4370,13165,0.383563
4371,17025,0.247769
4371,17775,0.215103
4371,13220,0.132241
4372,14136,0.469886
4372,13375,0.22022
4373,13231,0.476054
4373,13375,0.244992
4374,13714,0.066739
4374,18777,0.094153
4374,13821,0.247533
4375,16366,0.298358
4375,19876,0.416084
4376,13760,0.374791
4377,17026,0.300968
4377,22791,0.209626
4378,13424,0.222268
4379,13517,0.324471
4380,17030,0.46473
4380,14318,0.362156
4381,17031,0.307768
4382,17032,0.25179
4382,21406,0.250602
4383,14674,0.617889
4384,17034,0.075536
4384,13698,0.064327
4384,18072,0.272485
4384,13837,0.079276
4384,21490,0.075852
4385,14033,0.239798
4385,21775,0.217514
4386,17037,0.517125
4387,13176,0.120304
4388,13418,0.372098
4389,13317,0.201806
4390,17040,0.565239
4391,14984,0.405597
4391,13356,0.086263
4392,17041,0.101894
4392,17950,0.095902
4392,19759,0.070998
4392,19957,0.075988
4392,14067,0.130432
4393,15818,0.119166
4393,18574,0.073602
4393,13703,0.120011
4393,13727,0.076588
4394,14603,0.069965
4394,17818,0.110698
4394,16010,0.080848
4394,22019,0.08097
4395,17042,0.24918
4395,22641,0.092282
4396,13305,0.113156
4397,15749,0.569316
4398,17044,0.366469
4399,13303,0.32761
4400,13730,0.079366
4400,14245,0.125265
4401,17047,0.24304
4401,14236,0.444058
4402,17048,0.122118
4402,21419,0.128347
4403,13422,0.162256
4403,18880,0.051582
4403,19995,0.051216
4403,22203,0.065995
4404,13586,0.395026
4405,13326,0.334112
4405,19902,0.063836
4406,17051,0.064515
4406,14135,0.246291
4407,17052,0.078475
4407,14374,0.41182
4408,14620,0.192916
4408,18735,0.233363
4408,20990,0.137422
4408,22345,0.05376
4409,17053,0.363888
4410,13330,0.106427
4411,13344,0.112255
4412,14470,0.147915
4413,17055,0.181551
4413,13559,0.174652
4414,17056,0.25512
4414,15991,0.068923
4414,21841,0.214561
4415,17057,0.210856
4416,13418,0.208503
4416,13760,0.091378
4417,17058,0.394009
4417,17240,0.242101
4418,14106,0.559452
4418,16861,0.121248
4419,16816,0.400517
4419,19657,0.15257
4419,21976,0.054834
4420,14333,0.540064
4421,17060,0.392487
4422,17062,0.445964
4422,17919,0.058531
4423,17064,0.522553
4424,17066,0.10787
4424,17420,0.121499
4424,18152,0.323606
4425,13579,0.390067
4426,17068,0.462977
4426,19093,0.130305
4427,17069,0.266231
4427,20420,0.144072
4428,15168,0.462468
4428,15025,0.073464
4428,14332,0.238864
4429,17073,0.634152
4429,19029,0.202103
4430,17076,0.226342
4430,19550,0.069292
4430,18098,0.052737
4431,17077,0.401971
4432,14559,0.135886
4432,17999,0.083356
4432,13596,0.078866
4432,19521,0.1758
4432,14207,0.103993
4433,14840,0.111518
4433,20279,0.293946
4433,16073,0.207068
4433,20603,0.071333
4434,17080,0.140458
4435,13418,0.403578
4436,13505,0.287041
4437,17082,0.50389
4437,17539,0.185922
4438,13217,0.414143
4439,14470,0.274866
4440,17085,0.092958
4440,17356,0.384081
4441,13967,0.103335
4442,17087,0.129934
4442,18371,0.335186
4443,13960,0.379576
4444,16680,0.46174
4445,16264,0.549998
4446,17089,0.278035
4446,13572,0.27734
4447,17090,0.311085
4447,20552,0.219382
4448,17091,0.400364
4448,20441,0.208495
4449,14390,0.385108
4450,17093,0.13473
4450,19620,0.320722
4450,22949,0.052246
4451,13383,0.214143
4452,17094,0.402709
4452,23103,0.186885
4453,17095,0.245068
4454,15149,0.301182
4455,15870,0.548036
4456,17097,0.450138
4457,16117,0.20709
4457,17957,0.050279
4457,18683,0.116334
4457,18839,0.067088
4457,15539,0.076133
4457,19987,0.056504
4458,14143,0.106963
4458,13244,0.259944
4458,14464,0.147268
4459,13240,0.247133
4460,17099,0.603992
4461,13228,0.464633
4462,13351,0.448211
4463,13428,0.302401
4464,17100,0.414405
4464,17101,0.25901
4465,17102,0.206025
4465,20007,0.148223
4465,22595,0.148223
4466,13423,0.397802
4467,13330,0.292187
4468,13428,0.339915
4469,13854,0.351534
4469,16515,0.11315
4470,15935,0.487743
4470,13213,0.094827
4471,13217,0.491327
4472,14436,0.440094
4473,17104,0.613577
4474,16707,0.107154
4474,20289,0.269842
4474,22591,0.172222
4475,17106,0.123076
4475,18664,0.361386
4476,13514,0.083908
4476,17367,0.109346
4476,17649,0.098886
4476,17747,0.103521
4476,16594,0.08695
4477,17108,0.518889
4477,15646,0.153967
4478,13583,0.101447
4478,13241,0.160215
4479,13241,0.07653
4479,13581,0.060118
4480,13316,0.264845
4481,16596,0.171449
4481,14935,0.056347
4482,13337,0.343077
4482,15389,0.21753
4483,17112,0.572201
4484,17113,0.066541
4484,17980,0.067661
4484,14934,0.058388
4484,20508,0.220376
4485,13731,0.410907
4485,13175,0.080852
4486,13204,0.189104
4487,13303,0.543595
4488,17114,0.063469
4488,13457,0.354786
4488,22122,0.097114
4489,17115,0.393727
4489,19983,0.183733
4490,17116,0.335189
4490,19655,0.070466
4491,14712,0.061981
4491,13175,0.144603
4492,13225,0.386052
4492,13290,0.119794
4493,13240,0.248861
4494,13244,0.108121
4495,13663,0.416311
4496,17117,0.437074
4496,22918,0.068066
4497,13425,0.364015
4498,13305,0.296514
4499,17118,0.33135
4499,15770,0.189019
4500,13730,0.528497
4501,13317,0.520992
4502,13351,0.101863
4503,17119,0.293364
4504,17120,0.474007
4504,18224,0.152316
4505,17121,0.065279
4505,18372,0.415237
4505,22400,0.10825
4506,17123,0.058159
4506,13523,0.104903
4506,21261,0.065443
4507,17124,0.362925
4507,19096,0.163806
4508,17125,0.19275
4508,17126,0.064574
4508,13830,0.054526
4508,19132,0.255286
4508,20337,0.066948
4509,17127,0.593247
4510,17128,0.58727
4511,14332,0.348182
4511,17130,0.193471
4511,17928,0.170671
4512,13845,0.284614
4512,18213,0.201777
4513,17132,0.504578
4514,13517,0.270279
4515,17134,0.198992
4515,20853,0.199231
4515,22057,0.199209
4516,13567,0.069562
4516,19849,0.208499
4516,17221,0.291286
4517,17135,0.277659
4517,22280,0.306187
4518,13754,0.471536
4519,17138,0.588639
4520,17139,0.471084
4521,17140,0.739002
4522,13644,0.311876
4523,14106,0.608385
4524,17142,0.831933
4525,17143,0.31033
4525,17378,0.397153
4526,17144,0.564616
4527,17145,0.194197
4528,17146,0.094938
4528,19515,0.05574
4528,13826,0.118474
4528,20686,0.127338
4528,21968,0.0774
4529,13442,0.11197
4530,13610,0.64447
4531,17147,0.579058
4532,17148,0.517796
4533,13905,0.467898
4534,13304,0.335535
4535,13428,0.157181
4536,13428,0.171236
4537,17151,0.453735
4538,17152,0.675435
4539,16104,0.10987
4539,15104,0.092331
4540,17153,0.690767
4541,17155,0.606686
4542,17156,0.165787
4542,17331,0.165764
4542,19599,0.085549
4542,20341,0.055676
4542,20755,0.095556
4543,17157,0.732891
4544,17158,0.545516
4545,16679,0.256291
4546,13390,0.667656
4547,17159,0.251443
4547,18759,0.162888
4547,21644,0.08824
4548,15148,0.227221
4548,13787,0.23731
4549,17160,0.226656
4549,17754,0.076092
4549,14266,0.091306
4550,17162,0.091244
4550,19218,0.070598
4550,14391,0.092447
4550,17264,0.103899
4550,23191,0.074087
4551,15168,0.623521
4552,17163,0.441808
4553,17164,0.121955
4553,19213,0.071487
4553,15422,0.165564
4553,14368,0.05827
4554,17165,0.139002
4554,17166,0.067928
4554,17636,0.091082
4554,17637,0.073588
4555,17097,0.057814
4556,13239,0.354145
4557,17167,0.237253
4557,13209,0.338853
4558,17168,0.178724
4558,18005,0.146649
4558,17723,0.059649
4558,17089,0.185368
4559,14641,0.589953
4560,13583,0.403812
4561,13344,0.325504
4562,17169,0.129083
4563,17170,0.526278
4564,13176,0.262328
4565,17174,0.108372
4565,21195,0.203142
4566,17175,0.155143
4566,16667,0.078577
4566,13279,0.147559
4566,15324,0.180349
4566,14306,0.159864
4567,13175,0.088349
4568,13760,0.443534
4569,15137,0.218629
4569,21030,0.197986
4569,16464,0.148818
4570,17180,0.207582
4570,15668,0.332798
4571,14271,0.140646
4572,17183,0.534416
4572,19786,0.104879
4573,13754,0.146187
4574,13430,0.33529
4575,17185,0.147702
4575,17186,0.428861
4576,13329,0.196931
4577,14818,0.795962
4578,13583,0.421065
4579,17192,0.241067
4579,13900,0.066969
4580,17195,0.526079
4581,14391,0.410712
4582,13742,0.290986
4583,13583,0.132127
4583,13760,0.133657
4584,17199,0.165272
4584,15864,0.197924
4584,13640,0.054642
4584,15873,0.058055
4585,17200,0.203907
4585,20590,0.364886
4586,17202,0.06999
4586,20292,0.429764
4586,20570,0.150677
4587,13227,0.299674
4588,13240,0.246871
4589,13767,0.158019
4589,15413,0.377825
4590,17205,0.353419
4590,17751,0.167841
4590,13490,0.078037
4591,15105,0.267368
4591,15223,0.122535
4591,19583,0.067109
4592,17206,0.090947
4592,17343,0.076328
4592,14520,0.176201
4593,17207,0.105824
4593,19022,0.232083
4593,23056,0.085148
4594,14471,0.157437
4594,17208,0.112842
4595,17210,0.070519
4595,13883,0.328575
4596,16737,0.107973
4596,21543,0.078901
4596,21823,0.05106
4596,22206,0.096962
4597,16672,0.393331
4597,14246,0.17726
4597,14524,0.052735
4598,15898,0.650596
4599,17213,0.25655
4600,17214,0.313596
4600,19119,0.069505
4601,17215,0.416051
4602,13448,0.328447
4602,17401,0.057872
4603,17217,0.135456
4603,17762,0.053108
4603,13475,0.274125
4603,16224,0.078674
4604,15662,0.412814
4605,13231,0.494166
4606,17219,0.426792
4607,17220,0.061801
4607,16624,0.160601
4607,22615,0.086929
4607,23096,0.109546
4608,13730,0.215247
4609,16902,0.161134
4609,18029,0.161464
4609,19822,0.069384
4609,20788,0.054001
4609,19363,0.077682
4610,13390,0.056732
4610,15036,0.252067
4611,13960,0.424445
4612,13315,0.206062
4613,17222,0.423944
4614,14901,0.097288
4614,13230,0.340476
4615,16887,0.086395
4615,19818,0.226113
4616,14646,0.343197
4616,15857,0.238561
4617,14308,0.322533
4617,19816,0.108971
4618,17224,0.767838
4619,15071,0.302229
4619,15032,0.103082
4620,17225,0.223213
4620,18405,0.248516
4621,13217,0.469659
4622,17226,0.100823
4622,13937,0.052319
4622,13900,0.081685
4622,22018,0.053212
4623,13960,0.334931
4624,17227,0.077947
4625,17228,0.08073
4625,19929,0.050668
4626,17229,0.662601
4627,13499,0.352262
4628,17230,0.380556
4628,22927,0.071012
4628,15060,0.137656
4628,16080,0.067787
4629,13437,0.155147
4630,16045,0.090629
4630,16220,0.06688
4631,17231,0.600088
4632,17232,0.579871
4633,17233,0.406424
4633,14209,0.064743
4634,15023,0.247558
4634,15071,0.137587
4634,13538,0.123041
4635,15374,0.112686
4635,13972,0.119256
4636,13209,0.243958
4637,17234,0.389938
4638,13217,0.547627
4639,13250,0.093407
4640,14002,0.640487
4640,13401,0.258391
4641,16365,0.137323
4641,13277,0.169653
4641,13825,0.28924
4642,13330,0.087068
4643,17236,0.697866
4644,13281,0.320802
4645,17237,0.141012
4645,17365,0.191839
4645,16993,0.105856
4646,17238,0.286144
4646,19938,0.355728
4647,17241,0.391954
4647,19040,0.077679
4648,17242,0.29895
4648,15524,0.089233
4648,17297,0.22711
4649,17243,0.051137
4649,13909,0.131555
4649,21305,0.050884
4649,21435,0.312422
4650,15637,0.065334
4650,13737,0.313402
4651,16353,0.293488
4651,15033,0.290669
4652,16163,0.438698
4652,15624,0.43936
4653,17245,0.504446
4653,13261,0.135441
4654,17246,0.548083
4655,16155,0.23874
4655,13291,0.103948
4655,18205,0.05819
4655,22053,0.063239
4656,17247,0.524264
4657,13599,0.257986
4657,17472,0.113125
4658,15888,0.532809
4658,18768,0.089829
4658,18657,0.100678
4659,17250,0.543884
4659,17568,0.139581
4660,17251,0.401127
4660,18733,0.085722
4661,14455,0.444975
4661,17252,0.327922
4662,14393,0.422333
4663,17254,0.38217
4663,15139,0.364102
4664,16664,0.445676
4665,15411,0.580259
4666,14138,0.109589
4666,16016,0.13911
4666,14605,0.492536
4667,16808,0.462263
4668,13418,0.166622
4669,17255,0.496635
4670,13414,0.095845
4671,17257,0.442232
4671,20457,0.072839
4671,20701,0.072868
4672,17258,0.658842
4673,17259,0.267609
4673,13227,0.111606
4674,14764,0.446889
4675,13226,0.103094
4676,17262,0.409857
4676,19582,0.050146
4676,19936,0.064792
4677,17264,0.176905
4677,17162,0.208793
4677,21526,0.080974
4678,13646,0.649674
4679,17268,0.189369
4679,13193,0.098141
4679,20296,0.061071
4679,20581,0.083252
4679,22166,0.072241
4680,13175,0.37796
4681,17269,0.567339
4682,17270,0.600337
4683,13228,0.182022
4684,16945,0.415965
4685,17271,0.166767
4685,18758,0.314966
4685,22731,0.166583
4686,17272,0.219268
4686,18805,0.406736
4686,20777,0.072977
4687,13204,0.117978
4688,15137,0.107992
4688,18266,0.095373
4688,18709,0.144091
4688,21030,0.072551
4688,22881,0.06443
4689,17274,0.193113
4690,13245,0.291458
4691,15671,0.29604
4691,20827,0.161838
4692,17276,0.258399
4692,17891,0.274062
4693,13428,0.13813
4694,16316,0.143453
4695,14667,0.239982
4695,13381,0.169782
4696,13730,0.319151
4697,13583,0.211705
4698,13430,0.249711
4699,14722,0.087342
4699,13428,0.256186
4700,13245,0.428668
4701,17277,0.18423
4701,16853,0.184403
4702,15211,0.230381
4702,20359,0.129881
4703,17278,0.079605
4703,20852,0.395472
4703,23091,0.079843
4704,13496,0.101955
4705,13244,0.112719
4705,13744,0.056241
4705,13583,0.114938
4706,15720,0.124566
4706,17557,0.136208
4706,14542,0.175426
4707,17279,0.179037
4708,13505,0.123919
4709,13230,0.114647
4710,15797,0.217191
4710,13755,0.05605
4711,17283,0.777057
4712,13967,0.309035
4713,13428,0.356443
4714,13221,0.252451
4714,13926,0.152296
4715,17284,0.088333
4715,18098,0.252703
4715,19550,0.099654
4716,17285,0.152499
4716,20027,0.097402
4716,21521,0.179215
4716,21941,0.069869
4717,14546,0.47576
4718,17258,0.568456
4719,17287,0.748498
4720,14491,0.131953
4721,17288,0.29753
4721,22703,0.369766
4722,17289,0.140626
4722,17602,0.256545
4722,21545,0.058242
4723,17290,0.340653
4724,17291,0.780894
4725,14603,0.09993
4726,13716,0.273736
4727,17295,0.248103
4728,13754,0.071284
4729,17296,0.277335
4729,19148,0.372714
4730,17297,0.45388
4730,13551,0.092461
4730,17242,0.123894
4731,13586,0.365913
4732,13586,0.358287
4733,13586,0.345909
4734,13586,0.455946
4735,15292,0.207615
4735,18939,0.072493
4735,13661,0.19836
4735,15350,0.055587
4735,13849,0.075304
4736,17299,0.411821
4736,17954,0.10628
4737,14170,0.356426
4737,18649,0.26406
4737,16827,0.071308
4738,17301,0.171931
4738,16113,0.052576
4738,21356,0.142091
4738,21897,0.067474
4739,17302,0.083634
4739,15991,0.115805
4739,21170,0.073361
4739,21081,0.059458
4740,17303,0.113882
4740,20158,0.116371
4740,15417,0.080923
4741,17304,0.397971
4742,17307,0.371368
4743,17308,0.33582
4744,17309,0.109883
4744,17584,0.109896
4744,20115,0.061186
4744,13761,0.087937
4744,14418,0.063835
4745,13390,0.182113
4745,13808,0.057673
4746,17310,0.553622
4747,14332,0.457277
4747,16680,0.437164
4748,15745,0.511825
4749,17312,0.188324
4749,15165,0.156782
4749,20374,0.08965
4749,16967,0.054709
4750,17313,0.224193
4750,18494,0.092902
4750,15197,0.065266
4750,15907,0.133338
4750,20501,0.052646
4751,17314,0.113045
4751,17761,0.133483
4751,21275,0.133463
4751,21670,0.153985
4752,17316,0.098824
4752,14515,0.451272
4752,22571,0.081667
4753,14973,0.57558
4754,17317,0.229755
4754,18567,0.151696
4754,19842,0.078376
4754,16445,0.071221
4755,15440,0.322888
4755,17320,0.080753
4756,16350,0.052458
4756,16413,0.087274
4756,18696,0.05994
4757,14891,0.117328
4757,14255,0.351636
4758,13230,0.192413
4759,17322,0.108556
4759,18638,0.191568
4760,14502,0.092728
4760,14084,0.166383
4760,14460,0.179699
4760,14106,0.1759
4761,17324,0.125461
4761,17904,0.073874
4761,14001,0.062856
4761,18451,0.07919
4761,19568,0.065144
4762,15436,0.347799
4762,14579,0.250056
4763,17325,0.106698
4763,15336,0.27072
4763,18666,0.157866
4764,15065,0.227506
4764,15738,0.119432
4764,19166,0.097344
4765,15148,0.063627
4765,19801,0.076085
4766,13390,0.147255
4767,17328,0.154201
4767,21303,0.154074
4768,13329,0.235367
4768,14143,0.256833
4769,17329,0.114194
4769,18219,0.326645
4769,14336,0.074104
4770,17330,0.144041
4770,17963,0.309855
4771,13891,0.601757
4772,13228,0.350645
4773,13261,0.344387
4774,13175,0.140463
4775,15425,0.533896
4776,14925,0.138599
4776,14226,0.346969
4776,20375,0.090033
4776,23005,0.050861
4777,13782,0.267852
4777,22210,0.372869
4778,14464,0.443311
4779,13176,0.369349
4780,14636,0.112049
4780,13740,0.243018
4781,14970,0.282129
4781,17263,0.091224
4781,22708,0.057108
4781,23054,0.211485
4782,13513,0.455232
4782,14243,0.162186
4783,17338,0.607495
4784,17339,0.480042
4785,17098,0.259347
4786,17340,0.873929
4787,13345,0.415615
4788,16021,0.100149
4788,14828,0.52022
4789,14069,0.23793
4789,16436,0.209004
4789,19039,0.190895
4790,13244,0.307922
4790,13925,0.331974
4791,17341,0.497468
4792,14260,0.119103
4792,19368,0.171622
4792,14358,0.119126
4793,17342,0.635423
4794,17344,0.225062
4794,18355,0.058675
4794,19725,0.174565
4794,20458,0.059569
4795,17347,0.238833
4796,17348,0.590339
4797,13230,0.090585
4798,13303,0.381702
4799,13241,0.463972
4800,13240,0.413011
4800,13239,0.460083
4801,13230,0.225323
4802,13351,0.323314
4803,16906,0.229501
4803,17393,0.185259
4803,17394,0.077102
4803,19536,0.077387
4803,21582,0.06104
4803,22349,0.07758
4804,17352,0.333154
4804,16917,0.056367
4804,17063,0.076568
4805,17353,0.137778
4805,20925,0.099004
4806,15518,0.067883
4807,13204,0.18402
4808,17355,0.62291
4809,17357,0.806075
4810,13226,0.165864
4811,14166,0.177497
4811,17937,0.143721
4811,22674,0.066045
4812,14401,0.569018
4813,17363,0.664114
4814,13315,0.061724
4815,13426,0.268391
4816,14098,0.514952
4817,16709,0.146578
4817,22889,0.207393
4818,15104,0.222084
4818,20257,0.07455
4818,15014,0.071531
4819,17368,0.263672
4819,19666,0.112916
4820,14694,0.424335
4821,14160,0.269993
4821,19056,0.174675
4821,19689,0.106372
4821,15207,0.050843
4822,13646,0.387334
4822,18807,0.234695
4823,16046,0.499298
4823,13377,0.157585
4824,13754,0.272864
4825,13579,0.05622
4826,17373,0.164363
4826,17375,0.110937
4826,19287,0.111708
4826,20329,0.060848
4826,20658,0.160407
4827,17377,0.249514
4827,17167,0.125172
4828,17274,0.455277
4829,13499,0.293074
4830,13272,0.315868
4830,15070,0.283198
4831,15070,0.564151
4831,13272,0.240725
4832,14283,0.19582
4832,16554,0.064918
4833,14051,0.668832
4834,13390,0.236445
4834,13204,0.276908
4835,13584,0.440949
4836,13574,0.698381
4837,17382,0.493613
4838,17383,0.184418
4838,18686,0.237008
4838,21554,0.078409
4839,17384,0.12231
4840,13586,0.401634
4841,17227,0.27392
4842,13176,0.310199
4843,17385,0.396155
4843,19312,0.066369
4844,14327,0.191914
4844,18401,0.36577
4845,13760,0.09506
4846,15211,0.084691
4846,17388,0.282149
4846,17872,0.188373
4846,14106,0.155002
4846,18259,0.083568
4847,17387,0.130038
4847,13478,0.092904
4847,21188,0.124893
4848,13240,0.323182
4849,13240,0.136824
4850,13478,0.742918
4851,17391,0.393712
4852,13505,0.442835
4853,13165,0.460898
4854,14816,0.765501
4855,13175,0.256653
4856,17392,0.097004
4856,18669,0.080013
4857,17395,0.148548
4857,14643,0.190478
4858,13176,0.431708
4859,16570,0.250895
4860,17397,0.067555
4860,19408,0.296939
4860,14275,0.058058
4860,15076,0.089633
4860,13291,0.079583
4861,14158,0.189274
4861,13478,0.063943
4861,20878,0.109339
4861,18443,0.10798
4862,15415,0.330087
4862,19860,0.0665
4862,20594,0.120735
4863,13999,0.076703
4863,17479,0.086908
4863,15292,0.117335
4863,14828,0.051878
4863,14244,0.062364
4863,14437,0.162349
4864,14627,0.584434
4865,17399,0.245043
4865,13589,0.155596
4866,15414,0.438614
4867,17400,0.062598
4867,21860,0.062643
4868,17402,0.086099
4868,19079,0.136256
4868,19081,0.064191
4868,19622,0.063567
4868,17036,0.155292
4869,14681,0.229569
4869,14376,0.264869
4869,19230,0.079131
4869,14011,0.170715
4869,14022,0.053131
4870,15781,0.227285
4870,13178,0.088629
4871,17403,0.359511
4872,17404,0.102712
4872,20920,0.105661
4873,14164,0.069151
4873,13475,0.180077
4873,20909,0.062554
4874,17406,0.485573
4875,17407,0.103634
4875,17411,0.102848
4876,13303,0.33929
4876,13424,0.075792
4877,14349,0.415494
4878,13244,0.446909
4878,13245,0.397004
4879,15870,0.658871
4880,13244,0.202783
4881,13418,0.294063
4882,15255,0.215324
4883,13418,0.420111
4884,13345,0.331168
4885,17410,0.119076
4885,14059,0.091583
4886,17362,0.612721
4887,13291,0.085784
4887,20262,0.146858
4888,17411,0.369817
4888,17407,0.057801
4888,19243,0.123853
4889,17412,0.55758
4890,17413,0.228548
4890,17359,0.273353
4890,16469,0.076853
4891,15258,0.301146
4891,20655,0.171727
4891,16318,0.107277
4892,17417,0.189174
4892,20531,0.2647
4892,21661,0.062465
4893,17418,0.349581
4893,19144,0.178807
4894,16131,0.143464
4894,15651,0.115725
4894,20980,0.152531
4894,20981,0.068472
4895,17423,0.368171
4896,17424,0.741102
4897,13226,0.330705
4898,13430,0.375724
4899,17426,0.498323
4900,17427,0.240756
4900,19150,0.128145
4900,18756,0.050257
4901,17430,0.17591
4901,18613,0.472749
4901,22882,0.067807
4902,14161,0.266189
4902,14991,0.114344
4903,17432,0.302347
4903,18578,0.089807
4903,23035,0.125174
4904,13662,0.105704
4904,13178,0.169424
4904,20363,0.058298
4905,13960,0.27846
4906,15053,0.14824
4906,13850,0.18045
4906,22702,0.107669
4907,17436,0.698555
4908,17440,0.645048
4909,17441,0.331042
4909,17733,0.050819
4910,17442,0.189641
4910,21828,0.116139
4911,16102,0.343685
4912,17443,0.389878
4913,13305,0.255687
4914,13967,0.074687
4915,17444,0.709797
4916,13663,0.690931
4917,13226,0.212896
4918,17253,0.130348
4918,17445,0.436073
4919,16587,0.102159
4919,19980,0.050333
4919,21529,0.067086
4920,17447,0.414128
4921,16750,0.597408
4922,14226,0.394112
4922,22268,0.186968
4923,13505,0.412784
4924,13228,0.080726
4924,13303,0.083418
4924,13305,0.062285
4925,13496,0.096061
4925,13250,0.122539
4926,13428,0.256594
4927,17450,0.275621
4927,18042,0.34052
4928,15818,0.49716
4929,13536,0.795563
4930,17452,0.460876
4930,22113,0.179771
4931,16383,0.240297
4931,13244,0.118586
4932,17455,0.375296
4932,22590,0.217638
4933,17456,0.46278
4934,17457,0.252387
4934,14681,0.266735
4934,22497,0.075674
4935,17458,0.211739
4935,17459,0.087853
4935,14124,0.20599
4935,20692,0.05556
4936,14332,0.269399
4936,13916,0.389482
4937,14304,0.173531
4937,14229,0.110604
4937,15198,0.086903
4938,14138,0.135715
4939,13225,0.188483
4940,13760,0.504029
4941,13305,0.335387
4942,13442,0.357715
4943,13176,0.247687
4944,17462,0.104749
4944,14515,0.412374
4945,15203,0.565211
4946,17465,0.06381
4946,19758,0.060564
4946,20322,0.136174
4946,22712,0.063417
4946,23197,0.063731
4947,17466,0.566342
4948,13304,0.380307
4949,14491,0.244828
4949,14716,0.076244
4950,13549,0.200434
4950,16876,0.388477
4950,16001,0.122678
4951,13967,0.124312
4952,17471,0.390314
4953,17045,0.715123
4954,14112,0.13781
4954,18324,0.095695
4954,18465,0.10517
4954,21751,0.065383
4954,21927,0.065364
4955,15911,0.244148
4955,20041,0.245252
4956,13579,0.32176
4957,17472,0.175571
4957,13641,0.070471
4957,13927,0.192733
4958,17473,0.376461
4958,20396,0.083937
4958,20397,0.295366
4959,17474,0.513551
4960,17475,0.079147
4960,18236,0.14913
4960,13637,0.061505
4960,15470,0.05585
4960,13814,0.104382
4961,17476,0.266471
4961,17793,0.2951
4962,17478,0.128619
4962,21118,0.17929
4963,13217,0.50436
4963,13303,0.134562
4964,15599,0.585492
4965,16629,0.125375
4965,15524,0.074765
4966,13336,0.202598
4967,17480,0.60737
4968,13317,0.365156
4969,17145,0.233667
4970,17484,0.76796
4971,17485,0.052722
4971,17486,0.059241
4971,17487,0.339932
4971,17488,0.100151
4972,17489,0.123182
4972,15104,0.299219
4973,14317,0.327774
4973,17490,0.177134
4974,15637,0.310612
4974,14626,0.469168
4975,17494,0.422506
4976,13936,0.443817
4977,17495,0.371742
4978,17496,0.377974
4979,13541,0.286906
4979,19707,0.228824
4980,17497,0.121239
4980,17534,0.134394
4980,17564,0.147844
4981,13503,0.116135
4981,16055,0.21454
4981,17690,0.050192
4982,13583,0.139251
4983,17498,0.403238
4984,17499,0.798666
4985,17500,0.730469
4986,17501,0.287762
4986,18517,0.062439
4986,19210,0.148625
4986,19211,0.169731
4987,17502,0.121324
4987,15991,0.074562
4987,18364,0.084815
4988,13204,0.094731
4988,13730,0.126007
4989,17505,0.632554
4990,17510,0.350845
4990,15244,0.432298
4991,13581,0.13299
4992,15897,0.497517
4993,13345,0.061205
4993,13925,0.165324
4993,13244,0.059197
4994,13225,0.322201
4995,13442,0.102794
4996,17514,0.743047
4997,17516,0.279252
4997,18236,0.14444
4997,18646,0.053271
4997,18251,0.114097
4998,15756,0.152712
4998,13211,0.259946
4999,14989,0.16678
5000,13304,0.301906
5001,15576,0.080042
5001,14354,0.051407
5001,19355,0.057422
5001,15967,0.17004
5001,16599,0.058933
5001,13737,0.058584
5002,17518,0.087461
5002,18379,0.15494
5002,18393,0.106707
5002,13857,0.15442
5003,13261,0.137466
5004,17519,0.107049
5004,17520,0.389082
5004,14483,0.051809
5005,13225,0.310426
5006,17524,0.263759
5006,16373,0.292819
5006,14597,0.075142
5007,17526,0.418369
5008,13176,0.179052
5009,15569,0.405989
5009,16380,0.312557
5010,15991,0.058856
5010,17527,0.060442
5010,20001,0.102125
5010,20169,0.204765
5011,17528,0.456114
5012,17020,0.275106
5013,17529,0.09372
5013,17531,0.523864
5014,17532,0.412106
5014,18433,0.094019
5015,16599,0.257406
5015,13737,0.191933
5016,14990,0.164108
5016,14616,0.099684
5016,14492,0.347904
5017,17535,0.218393
5017,14138,0.397262
5018,15968,0.061376
5018,19511,0.06726
5018,20376,0.334205
5018,21079,0.051859
5019,14128,0.273895
5019,17536,0.238974
5019,15398,0.150312
5020,17537,0.123833
5020,13523,0.08075
5021,13499,0.338643
5022,13304,0.31703
5023,16665,0.086206
5023,14939,0.315761
5023,15488,0.101755
5023,13826,0.11286
5023,13827,0.065204
5024,14316,0.129263
5024,17539,0.336166
5024,15324,0.249564
5024,17082,0.106643
5025,13316,0.074002
5026,17541,0.474757
5026,13483,0.090708
5026,15476,0.14007
5026,13645,0.072486
5026,15471,0.053062
5027,17542,0.166349
5027,13210,0.05761
5028,13218,0.116011
5029,13795,0.11789
5029,14106,0.404594
5029,13591,0.262992
5030,13744,0.238008
5031,15154,0.133868
5032,17544,0.47996
5032,17545,0.18839
5033,17549,0.085224
5033,13980,0.103144
5033,21719,0.053079
5033,15744,0.084991
5034,14249,0.227579
5034,20525,0.190588
5035,17550,0.131139
5035,13885,0.056083
5035,13682,0.065183
5036,17551,0.596401
5037,17552,0.082063
5037,16834,0.25413
5037,15694,0.080503
5037,20216,0.086439
5038,17554,0.302674
5038,16851,0.088974
5038,20753,0.114181
5039,17555,0.333998
5039,18227,0.089644
5039,19925,0.128333
5040,17558,0.376144
5040,13622,0.196271
5041,17559,0.069578
5041,18949,0.082159
5042,17560,0.09599
5042,14828,0.487144
5042,19478,0.095991
5043,17561,0.08941
5043,14036,0.069628
5043,19098,0.148716
5044,13175,0.095261
5045,17563,0.236433
5045,20134,0.174925
5045,14781,0.174619
5046,17565,0.07563
5046,19541,0.477821
5047,17567,0.65195
5048,17286,0.206359
5048,13376,0.318218
5048,14730,0.055111
5049,15948,0.186376
5050,13854,0.524525
5050,15484,0.087259
5050,14914,0.122753
5051,15401,0.703079
5052,13491,0.198004
5052,14032,0.105148
5053,13407,0.367662
5053,15895,0.352188
5053,15347,0.078496
5054,13418,0.375621
5055,13217,0.584396
5056,17572,0.270969
5056,13315,0.235353
5057,17574,0.071144
5057,20806,0.248861
5058,17575,0.194143
5059,17577,0.738075
5060,17578,0.146438
5060,15564,0.404074
5061,17579,0.69675
5062,17580,0.525992
5062,21318,0.101013
5062,22558,0.101122
5063,13960,0.157173
5063,16323,0.219628
5064,13754,0.259978
5065,17581,0.152558
5066,17009,0.417505
5066,16310,0.412514
5067,17582,0.595473
5068,15524,0.234547
5068,15876,0.298135
5069,17585,0.304916
5070,17586,0.230017
5070,18007,0.237272
5070,18153,0.062394
5070,17259,0.066507
5071,17587,0.173014
5071,22842,0.079215
5072,17588,0.499775
5073,15542,0.385699
5073,15545,0.114221
5074,13224,0.544058
5075,17589,0.783314
5076,17590,0.819619
5077,14512,0.477135
5078,13910,0.25077
5079,13394,0.384116
5079,15849,0.082244
5080,17591,0.699
5081,17593,0.803704
5082,15071,0.527422
5083,13373,0.279873
5084,13217,0.05756
5085,13175,0.236261
5086,13754,0.574412
5087,17594,0.743048
5088,13244,0.314224
5089,14498,0.516357
5090,17594,0.209869
5091,14271,0.193154
5092,13329,0.062224
5092,13351,0.07072
5093,13330,0.219606
5094,13330,0.307635
5095,13279,0.664407
5096,13583,0.299114
5097,17596,0.111761
5097,17736,0.24407
5097,13982,0.092306
5097,14494,0.070972
5097,21705,0.117363
5098,17597,0.417926
5099,15351,0.105607
5099,18022,0.147237
5099,20598,0.105612
5100,17598,0.661214
5101,13245,0.254542
5102,17601,0.245014
5102,22419,0.156386
5103,13292,0.070827
5103,18404,0.244361
5103,18231,0.221704
5104,14909,0.314648
5104,22029,0.11366
5104,19851,0.088646
5104,22323,0.082705
5105,17602,0.352611
5105,17289,0.214208
5105,21691,0.082794
5106,16045,0.247489
5106,18494,0.080321
5106,22579,0.078795
5107,14251,0.503185
5108,13245,0.140598
5109,13426,0.271248
5110,14075,0.077902
5111,13241,0.485367
5112,17605,0.097553
5112,21546,0.168584
5113,17606,0.0844
5113,16712,0.119272
5113,21721,0.114872
5114,13418,0.328253
5115,13230,0.072142
5115,13225,0.12456
5116,13225,0.128304
5117,17607,0.058842
5118,17608,0.543008
5118,18203,0.136548
5118,18868,0.119701
5119,17609,0.354779
5119,14767,0.14203
5119,19245,0.109498
5119,14777,0.161825
5120,13254,0.203144
5120,14430,0.360541
5120,14132,0.059704
5121,13760,0.218321
5122,13230,0.208514
5123,16441,0.10083
5123,18942,0.123127
5123,16713,0.156678
5124,17612,0.077062
5124,17682,0.190044
5124,17952,0.066793
5125,15745,0.133352
5125,13559,0.074287
5125,14353,0.161626
5126,14136,0.086682
5127,17096,0.162274
5127,19000,0.111876
5127,14299,0.221496
5128,17614,0.285304
5128,19326,0.448823
5129,14142,0.088092
5129,13227,0.215768
5130,17616,0.531963
5131,15797,0.479544
5132,13390,0.239654
5133,17618,0.107695
5133,18806,0.056843
5133,19851,0.158228
5133,14404,0.05137
5133,14277,0.05539
5133,13521,0.082763
5133,13463,0.069951
5134,17619,0.147289
5134,20965,0.147152
5135,17620,0.634833
5136,17623,0.494086
5136,17863,0.078075
5136,17862,0.094348
5136,18651,0.076554
5137,16904,0.314629
5137,17971,0.300589
5138,17625,0.101782
5138,18400,0.217273
5138,18053,0.099925
5138,22940,0.101827
5139,17427,0.308328
5140,14223,0.131152
5140,18149,0.12131
5140,18881,0.062409
5141,13440,0.18068
5141,18809,0.063239
5142,17628,0.308008
5143,17629,0.762592
5144,17630,0.318393
5144,18391,0.39001
5145,17632,0.061576
5145,18160,0.241272
5146,17633,0.494551
5147,13347,0.269227
5148,13425,0.399927
5149,14143,0.3153
5150,13426,0.319059
5151,17634,0.804786
5152,14396,0.703398
5153,17635,0.166252
5153,19880,0.35406
5153,22884,0.05087
5154,17644,0.058831
5154,20068,0.054138
5154,14277,0.058222
5155,17646,0.502872
5155,17789,0.199564
5156,13426,0.283821
5157,17647,0.248458
5158,17648,0.253417
5158,21121,0.076897
5158,21689,0.253333
5159,15411,0.129104
5160,17650,0.31823
5160,18476,0.118856
5160,19125,0.076101
5161,17652,0.502862
5162,17653,0.286513
5162,20846,0.256343
5163,17274,0.257198
5164,14990,0.150735
5164,19379,0.150993
5165,17656,0.216388
5166,17657,0.320181
5166,21990,0.234786
5167,17503,0.059207
5167,13694,0.21576
5168,14832,0.073438
5168,14393,0.071137
5169,14739,0.300103
5169,17939,0.088118
5169,13431,0.347935
5170,17659,0.136695
5170,19576,0.258533
5171,17660,0.501098
5172,17661,0.105759
5172,14800,0.293326
5173,17662,0.489302
5174,17663,0.451916
5175,17664,0.866921
5176,17666,0.434625
5176,18210,0.146098
5176,18138,0.146022
5177,17667,0.129739
5177,18136,0.129581
5177,14390,0.180405
5178,13585,0.279171
5179,17673,0.319052
5180,13330,0.355145
5181,13730,0.202285
5182,13304,0.331565
5183,13583,0.282177
5184,17674,0.098892
5184,13646,0.542754
5184,13488,0.089035
5185,13853,0.528215
5186,17675,0.124009
5186,15137,0.052556
5186,15662,0.1279
5186,18942,0.097761
5187,15261,0.408255
5187,14438,0.405044
5188,13754,0.183831
5188,19095,0.104632
5188,22190,0.072708
5188,13166,0.223025
5189,14401,0.245416
5190,17677,0.400956
5190,17678,0.069792
5190,16231,0.26284
5191,13315,0.151259
5192,17679,0.625467
5193,14177,0.382295
5193,13466,0.238344
5194,13725,0.267063
5194,17680,0.080295
5194,21538,0.101485
5194,21634,0.148502
5195,17681,0.768126
5196,13584,0.271838
5197,17686,0.089274
5197,22556,0.230225
5198,16985,0.402655
5198,20317,0.072759
5198,20467,0.062181
5199,17687,0.169621
5199,21177,0.207115
5200,17688,0.372293
5200,21082,0.192254
5201,17689,0.092043
5201,21336,0.114444
5201,15176,0.126317
5202,17690,0.342056
5203,17691,0.322037
5204,17174,0.460576
5205,13226,0.321831
5206,17692,0.145137
5206,13476,0.1343
5207,15594,0.241108
5207,13900,0.063246
5208,13505,0.091269
5209,13620,0.244564
5209,16828,0.169245
5210,13499,0.462921
5211,13239,0.402816
5211,13240,0.380019
5212,13425,0.299668
5213,13305,0.290111
5213,13303,0.300193
5214,13581,0.420907
5215,13175,0.248866
5216,17696,0.250376
5216,23150,0.114576
5217,16045,0.055292
5217,17723,0.215827
5217,13274,0.084562
5217,19328,0.062569
5217,14289,0.176497
5218,17697,0.143233
5218,17889,0.199688
5218,21600,0.199674
5219,13186,0.375101
5220,17698,0.108007
5220,18825,0.349221
5221,17699,0.194118
5222,17700,0.680981
5223,17701,0.419854
5224,17702,0.833795
5225,13332,0.215466
5225,19273,0.341919
5225,14655,0.082882
5226,15542,0.433597
5226,19480,0.084157
5226,20535,0.078837
5227,13734,0.226695
5228,16396,0.058701
5229,13665,0.6157
5230,17708,0.107318
5230,19086,0.20443
5230,18764,0.140403
5230,20585,0.051599
5231,17710,0.188669
5231,17730,0.18002
5231,22132,0.109029
5232,13305,0.211261
5233,17712,0.339416
5234,13238,0.566044
5235,15662,0.240648
5235,19642,0.172155
5235,21442,0.067456
5236,13893,0.312816
5236,17540,0.122963
5236,19496,0.123223
5237,16024,0.54587
5238,15925,0.326172
5239,16943,0.51275
5240,13689,0.28765
5241,13760,0.206703
5242,17623,0.153994
5242,14592,0.228749
5242,13877,0.090931
5242,22937,0.10454
5243,15899,0.55767
5244,15941,0.138402
5244,20395,0.142193
5244,23089,0.198227
5245,13497,0.340902
5246,13433,0.635896
5247,14920,0.492187
5248,16143,0.427217
5248,18963,0.22038
5248,21102,0.069311
5249,13754,0.561612
5250,17720,0.125701
5250,14180,0.116197
5250,21393,0.176946
5250,14051,0.064926
5250,23079,0.069778
5251,16904,0.401425
5252,17721,0.445893
5252,19597,0.174914
5252,21681,0.14291
5253,14793,0.344469
5253,18292,0.158483
5254,17724,0.445849
5254,20005,0.101955
5254,20920,0.086211
5255,17725,0.627016
5256,16354,0.632584
5257,13194,0.450185
5258,14396,0.635521
5259,17227,0.199428
5260,17726,0.192779
5260,20922,0.3449
5261,13418,0.315442
5261,13227,0.281585
5262,13418,0.33203
5263,13305,0.204301
5264,13290,0.413003
5265,14797,0.43343
5266,17274,0.341434
5267,17727,0.167546
5267,18436,0.078496
5267,19640,0.078552
5267,19749,0.056351
5267,21693,0.056358
5268,15925,0.146044
5268,18884,0.424578
5269,17729,0.646845
5270,17732,0.227968
5270,16428,0.316697
5271,13217,0.382641
5272,13304,0.427138
5273,14509,0.489365
5274,16015,0.534685
5275,13303,0.469864
5276,17737,0.221494
5276,18479,0.074071
5276,18509,0.166743
5277,17738,0.72899
5278,17739,0.88671
5279,14699,0.353024
5279,13627,0.061424
5279,13795,0.187539
5279,14590,0.110696
5280,17741,0.200132
5281,17516,0.080017
5281,18469,0.113191
5281,18646,0.068197
5281,20295,0.11468
5282,17742,0.442463
5283,17743,0.771931
5284,13304,0.285484
5285,17745,0.193895
5285,18676,0.092556
5285,18677,0.161476
5285,21613,0.058297
5285,21688,0.058284
5286,15156,0.088017
5287,13330,0.350088
5288,17749,0.452634
5288,20536,0.108756
5289,13586,0.328759
5290,17471,0.30714
5290,22454,0.113208
5291,13175,0.187175
5292,13430,0.256294
5293,13175,0.29142
5294,13261,0.151529
5295,14138,0.158232
5295,14342,0.544672
5296,13742,0.079682
5297,13497,0.464882
5298,17752,0.353716
5298,16588,0.312122
5299,17753,0.312966
5300,14418,0.210216
5300,19168,0.220464
5301,16073,0.089701
5302,13482,0.271699
5302,13481,0.381421
5303,13732,0.381624
5304,13641,0.263967
5304,19397,0.068376
5304,15720,0.099695
5305,17250,0.477341
5305,17568,0.136315
5305,15531,0.080941
5306,17755,0.140566
5306,20642,0.451268
5307,17756,0.294634
5308,13428,0.688618
5309,16630,0.336556
5309,14079,0.3149
5309,14080,0.241845
5310,15941,0.256532
5310,20896,0.117556
5311,17757,0.106318
5311,18826,0.071609
5311,17932,0.131855
5312,17758,0.624223
5313,17295,0.166558
5314,13260,0.314548
5315,17026,0.05384
5315,21235,0.056864
5316,16198,0.073696
5317,13230,0.341066
5317,13584,0.096534
5318,17760,0.328352
5318,22011,0.235237
5319,17658,0.159175
5319,21369,0.103683
5320,17764,0.253191
5320,21420,0.452936
5321,13842,0.62371
5322,13428,0.07553
5323,13244,0.320325
5323,13925,0.299893
5324,15036,0.305169
5325,14498,0.207542
5325,13241,0.175585
5326,13241,0.325524
5327,13583,0.224217
5327,13241,0.092229
5328,17766,0.358126
5329,17767,0.50459
5330,16344,0.08614
5330,15211,0.11564
5330,22811,0.104812
5331,15036,0.264763
5332,13442,0.244148
5332,13585,0.300962
5333,16815,0.418844
5334,17768,0.82467
5335,17769,0.503468
5336,14591,0.195898
5336,19836,0.371312
5336,14724,0.09396
5337,15720,0.691561
5338,17771,0.344938
5338,18712,0.312085
5339,15745,0.418775
5340,17772,0.617283
5341,17773,0.607811
5342,17776,0.123562
5342,16285,0.071608
5342,22014,0.123543
5343,17777,0.462352
5343,17045,0.083157
5344,17778,0.464247
5344,22230,0.184422
5345,15398,0.450375
5345,14128,0.421458
5346,17779,0.835497
5347,17781,0.23313
5347,19311,0.170485
5347,18410,0.09697
5348,17782,0.133094
5348,18845,0.133188
5349,17783,0.404446
5350,17786,0.612716
5351,17787,0.729014
5352,13424,0.215051
5353,13245,0.213408
5354,13244,0.240444
5355,17792,0.263572
5356,13390,0.20715
5357,13496,0.163489
5358,13583,0.197286
5359,17793,0.290701
5359,17476,0.08523
5359,15887,0.077974
5360,13586,0.116076
5361,13175,0.115074
5362,13179,0.121427
5362,19458,0.058646
5362,19792,0.057553
5362,21171,0.097781
5363,17794,0.564915
5364,17795,0.283716
5364,15638,0.235711
5365,17797,0.358352
5366,17799,0.373411
5366,20335,0.064999
5366,21495,0.14194
5367,17800,0.156691
5367,18654,0.510809
5368,14534,0.227815
5369,13552,0.627984
5370,13303,0.239896
5371,17804,0.406764
5372,13409,0.601502
5373,13344,0.30089
5374,14470,0.176393
5375,17805,0.23802
5375,17807,0.425793
5376,15258,0.249185
5376,20039,0.075379
5376,20064,0.09657
5376,21567,0.075379
5377,16678,0.319758
5377,16083,0.301131
5378,17808,0.342025
5379,13240,0.217456
5380,17274,0.286456
5381,17274,0.407889
5382,17813,0.508168
5383,13583,0.326822
5384,17816,0.135223
5384,19545,0.117569
5385,14385,0.541352
5386,17817,0.76441
5387,17819,0.523168
5388,13741,0.258347
5388,22426,0.135069
5389,13176,0.061394
5389,13230,0.091557
5390,13919,0.410997
5390,13777,0.385877
5391,15425,0.643429
5392,17822,0.611204
5393,17542,0.444008
5394,17823,0.216334
5394,22077,0.120737
5395,17824,0.317236
5395,17825,0.300935
5396,13250,0.108123
5396,13175,0.060348
5397,17826,0.763516
5398,13194,0.376287
5399,17827,0.314331
5400,17829,0.641958
5401,13217,0.205747
5402,13217,0.265068
5403,13576,0.363891
5403,13767,0.226622
5403,18586,0.140016
5404,17832,0.662856
5405,17833,0.662175
5406,16858,0.46236
5406,14681,0.373949
5407,17836,0.414037
5407,18725,0.138552
5408,13332,0.258947
5408,20368,0.202179
5409,15625,0.413224
5410,13225,0.082136
5410,13230,0.081223
5411,15620,0.136501
5412,13332,0.552707
5412,19273,0.17029
5413,13581,0.7956
5414,13418,0.16124
5414,14470,0.117837
5415,14263,0.302722
5415,13475,0.113259
5416,17838,0.673295
5417,17839,0.454649
5417,21037,0.222687
5418,13347,0.211608
5419,17840,0.546302
5420,17843,0.227722
5420,16978,0.319496
5421,17844,0.14847
5421,18766,0.229182
5421,14090,0.174362
5422,13289,0.057917
5423,17848,0.173281
5424,15237,0.14663
5424,16225,0.320171
5424,15686,0.124214
5425,13545,0.150095
5425,14850,0.126652
5425,16111,0.058354
5426,16383,0.153133
5427,17849,0.078109
5427,13463,0.106575
5427,19435,0.078169
5427,13291,0.068519
5428,15805,0.44417
5429,13499,0.214619
5430,14544,0.151436
5430,13248,0.333511
5430,21448,0.147064
5431,17850,0.411803
5431,17851,0.220101
5432,13245,0.15801
5433,13304,0.089363
5434,14083,0.452377
5434,14172,0.136241
5435,15660,0.284444
5435,17854,0.092576
5435,20568,0.097208
5435,13237,0.052033
5436,17856,0.441071
5436,17857,0.31074
5437,17346,0.293814
5437,13891,0.18547
5437,23027,0.2218
5438,17861,0.176152
5438,17862,0.13496
5438,17863,0.149039
5438,18650,0.088664
5438,18651,0.077313
5439,13478,0.197004
5439,20878,0.057089
5439,14138,0.056217
5439,13905,0.063895
5439,22165,0.062255
5440,17864,0.577592
5441,17696,0.678864
5442,17865,0.350169
5442,15071,0.243171
5443,17158,0.075931
5444,17866,0.412307
5445,17868,0.246311
5445,13175,0.237153
5446,15877,0.634282
5447,13351,0.232936
5448,13244,0.226423
5449,17870,0.463302
5449,22547,0.123622
5450,14440,0.171674
5451,17191,0.333024
5451,17863,0.29137
5451,15929,0.075892
5451,18817,0.063375
5452,15806,0.152404
5453,13239,0.229546
5453,13240,0.205568
5453,13428,0.050791
5454,13579,0.330939
5455,16981,0.369093
5455,13348,0.087992
5455,14913,0.101618
5455,17349,0.120034
5456,17875,0.079439
5456,18902,0.204913
5456,16116,0.110056
5457,13330,0.361165
5457,17876,0.367754
5458,17877,0.215462
5458,15524,0.100233
5459,13428,0.315726
5460,13245,0.062969
5461,13418,0.495373
5462,17880,0.507925
5462,20298,0.092026
5463,13584,0.271618
5464,13960,0.150827
5465,14400,0.189588
5466,13650,0.338626
5466,20266,0.342203
5467,17881,0.196803
5467,16341,0.261236
5467,21033,0.052706
5468,17882,0.112128
5468,17982,0.193693
5468,18861,0.062369
5468,18862,0.070636
5469,17883,0.069688
5469,16205,0.148912
5469,19123,0.082087
5470,13442,0.106929
5470,15140,0.076529
5471,15602,0.617715
5472,17887,0.236223
5472,14138,0.305609
5473,16045,0.078232
5473,21203,0.06753
5474,17888,0.101408
5474,20123,0.141385
5475,15779,0.55964
5476,17890,0.137915
5476,21027,0.289598
5476,17659,0.287305
5477,15699,0.493018
5478,14529,0.436482
5479,17892,0.432606
5479,22182,0.15074
5480,15658,0.050272
5480,13334,0.066824
5480,18889,0.051837
5481,17894,0.703758
5482,13305,0.411887
5482,13303,0.373663
5483,17896,0.485022
5484,17897,0.091019
5484,19612,0.090636
5485,17898,0.426372
5485,17897,0.07558
5485,18314,0.256535
5486,14668,0.146845
5487,17900,0.155464
5487,14767,0.064572
5487,14777,0.123022
5487,19806,0.200604
5488,14143,0.252678
5489,13304,0.334453
5489,13316,0.381496
5490,13329,0.140054
5491,14400,0.101403
5492,13230,0.151094
5493,13491,0.276961
5493,13609,0.131357
5494,13315,0.183557
5495,13240,0.311384
5496,15620,0.103826
5496,13315,0.065607
5497,16974,0.38162
5497,20497,0.205726
5498,17208,0.631122
5499,13175,0.104631
5499,13430,0.062349
5500,13731,0.846481
5501,17905,0.343331
5502,13919,0.425848
5502,14035,0.433251
5503,17906,0.094161
5503,20636,0.056545
5504,17907,0.16853
5504,18728,0.068549
5504,14525,0.180812
5504,20203,0.056096
5505,15016,0.15055
5505,18352,0.080117
5505,15943,0.262824
5505,14435,0.059242
5506,15272,0.237295
5507,13355,0.119019
5507,19371,0.085543
5507,15637,0.055364
5508,14566,0.656044
5509,17909,0.555001
5510,17911,0.324782
5510,19698,0.22887
5510,22027,0.141066
5510,22552,0.055007
5511,13178,0.115438
5511,15781,0.136712
5512,17912,0.537668
5513,17913,0.397273
5513,21936,0.095445
5514,14497,0.614522
5515,15201,0.439332
5515,21917,0.095638
5516,14370,0.462163
5517,17914,0.378986
5517,22520,0.172186
5518,13505,0.428963
5519,13346,0.314305
5519,14041,0.239022
5520,17916,0.251966
5520,19656,0.11254
5521,15076,0.103345
5522,13560,0.449827
5523,13808,0.24238
5524,16396,0.362468
5525,13243,0.085482
5526,15286,0.463
5527,14162,0.308257
5527,13488,0.303926
5528,15942,0.300716
5529,17044,0.053446
5530,14722,0.368027
5531,13345,0.581585
5532,13586,0.309041
5533,17921,0.129721
5533,20867,0.197574
5533,19721,0.050662
5534,13291,0.162589
5534,13476,0.166543
5534,13649,0.147373
5535,17925,0.318386
5536,13330,0.179321
5537,17926,0.355205
5538,13249,0.130193
5538,16293,0.282991
5538,13827,0.063663
5539,17927,0.287073
5540,13418,0.09891
5541,14939,0.503714
5541,21871,0.088614
5542,17929,0.747904
5543,17930,0.394163
5544,17931,0.072582
5544,15197,0.142941
5544,15636,0.162115
5544,19883,0.112529
5545,16260,0.243772
5545,19702,0.305541
5546,13581,0.30483
5547,17933,0.618081
5548,17934,0.055488
5548,18087,0.166182
5548,19269,0.089549
5549,15394,0.223286
5549,14423,0.414493
5550,13244,0.305942
5550,16706,0.202117
5551,13499,0.389445
5552,13299,0.307405
5553,13226,0.39924
5554,15620,0.253452
5555,17938,0.339816
5556,13187,0.113983
5556,14359,0.265598
5556,13502,0.136441
5557,13663,0.396213
5558,13344,0.158305
5558,20511,0.141179
5558,22632,0.110015
5559,13217,0.352428
5560,13225,0.21908
5561,17941,0.373433
5561,18524,0.234172
5561,21794,0.063874
5562,17942,0.079156
5562,14277,0.05895
5562,21235,0.074493
5562,18635,0.075718
5563,17187,0.369131
5563,17611,0.068552
5564,13383,0.082562
5564,19018,0.182459
5564,20197,0.069895
5564,16257,0.057321
5564,15592,0.054619
5565,13305,0.421348
5566,13732,0.402209
5567,13350,0.575063
5568,13582,0.331924
5569,17946,0.091147
5569,13202,0.191262
5569,14806,0.066457
5569,16771,0.065033
5570,17947,0.266032
5570,20490,0.189185
5570,13406,0.051837
5570,19130,0.089229
5571,13326,0.068821
5572,16473,0.060094
5573,17948,0.206462
5573,16049,0.325931
5574,13583,0.255554
5575,13260,0.402961
5576,13244,0.177042
5577,13566,0.42454
5578,17951,0.238492
5578,20711,0.093202
5579,15649,0.124919
5580,14452,0.459237
5581,17955,0.176125
5582,17854,0.605952
5583,17956,0.218533
5583,14819,0.178059
5583,20372,0.056765
5584,13554,0.1135
5584,13625,0.057283
5584,20029,0.29723
5584,21073,0.098887
5585,14097,0.501557
5585,14141,0.194098
5586,17585,0.132992
5587,15620,0.430636
5588,13227,0.517619
5589,13347,0.697183
5590,13345,0.291242
5591,13748,0.213959
5592,13663,0.365383
5593,17958,0.562026
5594,13430,0.218423
5595,17959,0.332233
5595,18522,0.085142
5595,19519,0.118112
5595,21552,0.069735
5596,13230,0.2962
5597,16879,0.220173
5598,13579,0.367567
5599,17962,0.485416
5600,17964,0.215514
5600,19771,0.193656
5600,21276,0.077555
5600,14165,0.091448
5601,14165,0.175526
5601,13221,0.093339
5601,17709,0.066371
5601,17964,0.062691
5601,21744,0.079915
5601,16852,0.094076
5602,13505,0.305428
5603,17965,0.530842
5604,13260,0.650811
5605,13289,0.084785
5606,17966,0.580207
5606,16838,0.118998
5607,13646,0.27987
5607,20000,0.277598
5608,15345,0.250564
5608,16680,0.226394
5608,15343,0.266327
5609,15694,0.123691
5609,14421,0.381204
5609,21030,0.101057
5609,22613,0.141219
5610,17968,0.781442
5611,17969,0.125982
5611,15076,0.12578
5612,17970,0.458775
5613,17972,0.769577
5614,17973,0.243174
5614,19199,0.065787
5614,20493,0.121729
5615,13844,0.419187
5616,15542,0.069286
5616,14085,0.144167
5616,16241,0.068271
5616,16247,0.073821
5616,22599,0.132384
5617,17977,0.08146
5617,18032,0.094633
5617,20935,0.081163
5617,21702,0.051967
5617,15822,0.117598
5617,22243,0.050526
5617,17644,0.051903
5618,14149,0.241012
5618,18697,0.092281
5618,18602,0.145592
5619,16500,0.305581
5619,16604,0.104726
5619,15099,0.110069
5619,20251,0.069526
5619,22066,0.089221
5620,17978,0.282527
5620,22707,0.283
5621,17982,0.457121
5622,17984,0.859854
5623,13365,0.360033
5624,16042,0.281166
5624,19594,0.10634
5624,21430,0.059019
5625,17986,0.06265
5625,18637,0.337065
5625,20836,0.137627
5626,16262,0.203899
5626,18946,0.254282
5626,15537,0.160833
5627,17990,0.525259
5628,14166,0.501253
5629,17991,0.285849
5629,20095,0.37969
5630,15893,0.55361
5631,13742,0.3512
5632,17992,0.064958
5632,18254,0.188324
5632,20055,0.06182
5633,14828,0.897223
5634,17974,0.227342
5635,17993,0.239649
5636,14901,0.284381
5637,16379,0.410598
5637,17899,0.234465
5638,17996,0.694942
5639,13290,0.377505
5640,13228,0.372903
5641,13586,0.111964
5642,13796,0.235682
5642,13922,0.183526
5642,15417,0.137705
5643,14585,0.175173
5643,17476,0.087636
5644,14407,0.160781
5644,14990,0.068567
5645,18001,0.820694
5646,18003,0.34352
5646,19711,0.193099
5647,13457,0.197272
5648,13442,0.250329
5649,18006,0.371397
5649,20606,0.370943
5650,18008,0.541077
5651,18009,0.597424
5652,13730,0.713668
5653,18010,0.714087
5654,13176,0.058777
5655,18011,0.816072
5656,18012,0.618639
5657,13424,0.39812
5658,13497,0.418296
5659,13217,0.432376
5660,13935,0.178435
5660,15975,0.17859
5661,15909,0.100998
5662,16679,0.31553
5663,18016,0.421069
5663,18052,0.095585
5663,22319,0.088983
5664,14135,0.08416
5664,16571,0.073705
5664,19968,0.058731
5664,17898,0.07381
5664,16568,0.060734
5664,22812,0.058717
5665,13175,0.135335
5665,13744,0.092735
5666,17248,0.27187
5666,18756,0.271145
5666,19301,0.05286
5667,18017,0.111314
5667,18089,0.206575
5667,18971,0.174809
5668,18019,0.395204
5668,20352,0.181607
5669,18020,0.541152
5670,18021,0.535241
5671,18024,0.697962
5672,18025,0.448771
5673,18026,0.696963
5674,18028,0.415904
5674,19171,0.057528
5675,18030,0.500866
5676,18031,0.591221
5677,15036,0.495263
5678,18033,0.48738
5679,16495,0.902885
5680,18034,0.3625
5680,21178,0.084823
5680,20116,0.053864
5680,15805,0.050339
5681,13250,0.08449
5682,13227,0.227076
5683,17736,0.158832
5683,20173,0.091529
5683,15169,0.097564
5683,21309,0.058802
5683,21310,0.052779
5684,15718,0.390817
5684,20516,0.082223
5684,14182,0.119502
5685,13305,0.217926
5685,13303,0.240951
5686,18039,0.19991
5687,18040,0.057277
5687,13217,0.142793
5688,18041,0.080235
5688,19009,0.17527
5688,19838,0.189788
5688,20091,0.071862
5689,14512,0.274688
5690,13245,0.524665
5691,18043,0.741057
5692,18044,0.59658
5693,13430,0.368357
5694,18045,0.131286
5694,14385,0.334945
5695,14646,0.425085
5695,18049,0.293358
5695,22531,0.125233
5696,13499,0.105568
5697,13730,0.059664
5698,15968,0.487557
5698,20376,0.218244
5699,13744,0.918614
5700,13317,0.165446
5701,14103,0.490155
5702,18050,0.345111
5702,14430,0.082222
5702,23149,0.116001
5703,18051,0.72241
5704,18055,0.720737
5705,18056,0.357951
5706,16038,0.658857
5707,18057,0.478701
5708,14625,0.465862
5708,21796,0.087024
5709,18061,0.255994
5709,19297,0.376205
5710,13244,0.105568
5710,17077,0.229822
5710,13744,0.056334
5711,13423,0.257537
5712,13281,0.121855
5713,13230,0.369875
5714,16904,0.599923
5715,18063,0.084812
5715,18231,0.084836
5715,18539,0.141126
5715,20154,0.066012
5715,18404,0.066063
5716,16460,0.570129
5717,17098,0.325029
5718,13290,0.355998
5719,18064,0.778382
5720,13260,0.5895
5721,13330,0.314519
5722,13226,0.070164
5723,13176,0.237554
5724,13742,0.321596
5725,18065,0.391192
5726,13428,0.298197
5727,13240,0.225844
5728,18067,0.296399
5729,15670,0.370129
5729,21450,0.238924
5729,19223,0.053197
5730,13442,0.302287
5731,18070,0.224365
5731,21360,0.224392
5732,18071,0.263277
5732,19648,0.406085
5733,13883,0.678169
5734,18073,0.617486
5735,17356,0.449201
5736,18074,0.181293
5736,21019,0.101297
5736,16999,0.104849
5737,14132,0.249514
5738,13428,0.316548
5739,14393,0.774314
5740,13227,0.068286
5741,18075,0.204841
5741,18481,0.331174
5742,13175,0.097282
5743,18076,0.070582
5743,20567,0.293755
5743,20989,0.126231
5743,22999,0.058284
5743,23055,0.126264
5744,13229,0.074445
5745,18078,0.283135
5745,13590,0.106962
5746,15649,0.051467
5746,14275,0.095064
5746,22869,0.053092
5747,18080,0.643984
5748,13517,0.171981
5749,15420,0.067093
5750,13414,0.315023
5751,18081,0.251347
5751,19059,0.221826
5752,18082,0.412938
5753,18083,0.172251
5754,15818,0.218334
5754,13703,0.069796
5754,21070,0.087715
5754,16458,0.201449
5755,18084,0.659451
5756,18085,0.623807
5757,18086,0.528677
5758,13730,0.374229
5759,18090,0.201943
5759,19945,0.368058
5759,21853,0.07273
5760,18091,0.811446
5761,18092,0.21501
5762,17701,0.077951
5762,20155,0.190105
5762,19645,0.086122
5763,15185,0.596482
5764,14951,0.122153
5764,18093,0.096096
5764,13622,0.069966
5764,15226,0.185116
5764,15965,0.062153
5764,22742,0.051025
5765,18095,0.37
5766,18096,0.133251
5766,18762,0.133194
5767,18097,0.087898
5767,18188,0.099295
5767,17900,0.086867
5768,15397,0.190495
5769,18099,0.427137
5769,20046,0.131073
5770,14194,0.241992
5770,14277,0.150898
5771,18100,0.082309
5771,18536,0.082386
5771,21738,0.082386
5771,21790,0.082201
5771,22131,0.179917
5772,18101,0.206328
5772,13986,0.205233
5773,18102,0.535315
5774,18103,0.461423
5775,18105,0.250324
5775,22818,0.097213
5776,15543,0.141416
5776,15323,0.4674
5777,18106,0.384657
5777,20132,0.267485
5778,18107,0.27019
5778,16744,0.070739
5779,18108,0.706889
5780,18109,0.567919
5781,18110,0.560983
5781,20936,0.149033
5782,18111,0.453253
5782,17388,0.30365
5783,13204,0.097128
5784,18112,0.379744
5785,16673,0.254394
5785,16537,0.154684
5785,14401,0.062994
5786,18113,0.067519
5786,18655,0.141926
5786,18599,0.252754
5787,13583,0.282434
5788,18114,0.244341
5789,18116,0.202935
5789,19075,0.383699
5789,21389,0.109379
5790,18117,0.169548
5790,22810,0.121753
5791,13428,0.098942
5792,13428,0.176053
5792,14722,0.074022
5793,13175,0.089657
5794,13227,0.140184
5795,13428,0.291338
5796,13418,0.749776
5797,13414,0.334362
5797,15070,0.131246
5798,13330,0.530457
5799,13316,0.239476
5800,18120,0.131912
5800,21858,0.184197
5801,13260,0.502394
5802,18122,0.091499
5802,16275,0.23577
5802,19264,0.0914
5802,21690,0.12756
5803,18124,0.320905
5804,18125,0.307432
5805,13329,0.4779
5806,13177,0.294313
5807,14424,0.106317
5808,16643,0.350807
5808,14701,0.207796
5809,15036,0.396529
5810,18040,0.23585
5811,14200,0.494255
5812,13579,0.075556
5813,14370,0.166462
5813,13567,0.209551
5813,18209,0.2722
5813,15018,0.119306
5814,18136,0.365982
5814,19645,0.10121
5814,23083,0.091021
5815,18137,0.06118
5815,19214,0.109329
5815,13772,0.051666
5815,19634,0.109375
5815,22655,0.085292
5815,22923,0.071396
5816,18139,0.054498
5816,13460,0.220088
5816,14357,0.065215
5816,15003,0.098171
5816,13657,0.08494
5817,15494,0.535763
5817,17780,0.142085
5818,13548,0.088069
5818,14185,0.191396
5818,14897,0.088398
5818,15571,0.062714
5818,15841,0.073083
5819,18143,0.771524
5820,14326,0.430871
5820,17948,0.28776
5821,16211,0.782755
5822,16262,0.517406
5822,15520,0.190019
5823,16211,0.45664
5824,13894,0.349172
5824,13309,0.34397
5824,14533,0.065456
5824,23008,0.073327
5825,18146,0.294637
5825,20866,0.120697
5825,22833,0.080784
5826,18147,0.23051
5826,16510,0.362149
5826,19330,0.068949
5827,18148,0.501454
5827,21059,0.135576
5828,13942,0.456405
5829,18151,0.315767
5829,16010,0.315225
5830,13754,0.492388
5831,18156,0.786679
5832,16377,0.097425
5832,18840,0.050605
5832,13937,0.050594
5833,18158,0.1296
5833,18159,0.215531
5833,19302,0.129608
5833,22152,0.122058
5834,13347,0.707193
5835,13303,0.124259
5835,13305,0.111599
5836,13742,0.248153
5837,13285,0.444767
5838,13942,0.442808
5839,14566,0.30055
5839,18019,0.08863
5840,18161,0.127787
5840,18162,0.289063
5841,13581,0.416943
5842,13227,0.243938
5843,13428,0.376696
5844,14801,0.330648
5844,22275,0.075895
5845,13428,0.317588
5846,13900,0.526395
5847,13596,0.432406
5848,18163,0.58483
5849,18164,0.308294
5850,14839,0.17784
5851,16570,0.288082
5851,19976,0.138821
5851,21660,0.086646
5852,18166,0.182045
5852,19639,0.484184
5853,15033,0.081819
5853,18661,0.346366
5854,18167,0.150033
5855,13613,0.119125
5856,13218,0.332169
5857,13418,0.32262
5858,18169,0.241106
5858,20721,0.172952
5859,18170,0.742285
5860,18172,0.338981
5860,19882,0.169836
5861,13176,0.297016
5862,13217,0.274257
5863,17227,0.106571
5863,18797,0.085175
5863,20079,0.075398
5864,13496,0.235973
5865,13496,0.162597
5866,13789,0.315162
5866,13547,0.176483
5866,13447,0.063107
5867,16324,0.254654
5867,20623,0.129772
5868,13269,0.107581
5868,15989,0.146862
5869,18175,0.221082
5869,21712,0.308187
5870,13229,0.242106
5871,18177,0.490726
5872,18178,0.3053
5872,19198,0.070507
5873,15133,0.407497
5873,13930,0.212363
5874,13951,0.240496
5875,18180,0.662771
5876,13239,0.051014
5877,13826,0.06659
5877,18182,0.315448
5877,13827,0.118594
5877,19661,0.072301
5877,15398,0.09038
5878,18183,0.294714
5878,19085,0.430337
5879,13754,0.465613
5879,18309,0.061376
5880,18187,0.688604
5881,13541,0.072863
5881,15628,0.109842
5881,16923,0.219053
5881,19751,0.099911
5881,13457,0.073609
5882,15895,0.081759
5883,13428,0.114572
5884,18190,0.875865
5885,16120,0.423211
5886,13218,0.326081
5887,18191,0.346965
5887,19778,0.28408
5888,14480,0.165822
5888,18745,0.374964
5889,14994,0.067759
5889,18192,0.064581
5889,21892,0.064581
5890,18194,0.29968
5890,21575,0.27947
5891,18196,0.106244
5891,18752,0.274523
5892,14890,0.673576
5893,13585,0.37449
5894,15686,0.546098
5895,14790,0.108438
5895,15098,0.097014
5896,18197,0.1466
5896,13415,0.103824
5896,13966,0.069373
5896,18420,0.08913
5896,22665,0.064048
5897,18198,0.284068
5897,19709,0.189583
5897,19713,0.101491
5898,18199,0.440317
5899,13424,0.435932
5900,13225,0.075434
5901,13428,0.170594
5902,18201,0.147857
5902,22899,0.281208
5902,14114,0.145573
5902,22433,0.052321
5903,13581,0.43918
5904,18202,0.061166
5904,16476,0.243281
5904,21169,0.077777
5904,13309,0.109171
5904,13654,0.111127
5904,13929,0.059921
5904,13594,0.064083
5905,18204,0.595329
5906,18205,0.408753
5907,18207,0.226627
5907,14224,0.326786
5908,13742,0.258878
5909,18208,0.19039
5910,18209,0.129895
5911,18210,0.442674
5912,17694,0.376832
5912,17421,0.075142
5912,21886,0.096127
5913,13245,0.113181
5914,18212,0.356986
5914,14313,0.070561
5914,18147,0.068495
5914,14514,0.177198
5915,13429,0.483448
5916,18214,0.142867
5916,13256,0.427174
5917,13505,0.436856
5918,18215,0.246331
5919,13428,0.132122
5920,13228,0.220813
5921,18216,0.096439
5921,19553,0.133447
5921,20608,0.055279
5921,20984,0.053765
5921,13520,0.055164
5922,16987,0.159671
5922,20121,0.274561
5923,18217,0.164345
5923,22024,0.358664
5923,22489,0.14159
5924,18218,0.264623
5925,13227,0.20384
5926,14832,0.360959
5927,15897,0.489548
5928,14912,0.171703
5928,16629,0.421922
5928,17940,0.07781
5929,15682,0.103068
5929,21480,0.060575
5930,13218,0.231633
5931,14462,0.292494
5931,19163,0.061488
5931,14977,0.129486
5931,21001,0.102335
5932,13227,0.336789
5933,13742,0.138299
5934,14806,0.501644
5935,18223,0.083645
5935,19486,0.221065
5935,22778,0.053291
5936,18224,0.416151
5937,15916,0.433635
5938,13418,0.291233
5939,14782,0.526699
5940,18226,0.580939
5941,14106,0.337432
5941,14460,0.34928
5941,13878,0.089795
5941,14805,0.053906
5942,16993,0.139777
5942,17365,0.394732
5943,18228,0.371177
5944,18229,0.339507
5944,14919,0.235042
5945,18230,0.151992
5945,22530,0.486115
5946,18232,0.360498
5947,13988,0.299012
5947,15296,0.264134
5948,18234,0.374684
5948,13389,0.1092
5948,16193,0.122597
5949,13429,0.497501
5949,13177,0.206074
5950,18237,0.731525
5951,18239,0.434763
5952,18240,0.537385
5953,13378,0.069843
5953,17035,0.209481
5953,14731,0.195505
5954,18241,0.383889
5955,18242,0.370055
5956,18243,0.659462
5957,13517,0.545122
5958,18244,0.638931
5959,13583,0.078688
5960,13225,0.233155
5960,13226,0.318004
5961,16065,0.179301
5961,18483,0.11893
5961,21967,0.167427
5961,16448,0.066307
5962,18247,0.206596
5962,20607,0.252249
5963,18248,0.748083
5964,14398,0.162053
5964,21667,0.162045
5964,22455,0.162073
5965,15233,0.190333
5966,18251,0.210136
5966,18645,0.210132
5967,13175,0.122252
5968,18253,0.596742
5969,18255,0.118352
5969,20163,0.170485
5970,18256,0.066959
5970,13596,0.070975
5971,18257,0.576109
5972,16994,0.241144
5973,15129,0.308501
5973,19386,0.2456
5974,18260,0.139092
5974,14444,0.186949
5974,19752,0.165948
5974,20439,0.126272
5975,18262,0.125887
5975,13834,0.20287
5975,17723,0.057387
5975,22735,0.07441
5976,18263,0.274625
5976,20581,0.271267
5977,18266,0.06778
5977,13199,0.250061
5977,18709,0.355386
5978,18268,0.581059
5979,13428,0.077745
5980,15036,0.08825
5981,18269,0.051056
5982,15550,0.211502
5982,13395,0.192928
5983,13176,0.393425
5984,13227,0.231837
5984,13922,0.104386
5985,14028,0.621908
5986,18270,0.787535
5987,18271,0.105283
5987,14128,0.391447
5987,14821,0.07896
5987,22990,0.067111
5988,18272,0.334506
5988,22711,0.102391
5989,18273,0.355028
5989,20269,0.159349
5989,13794,0.0717
5990,13662,0.094274
5991,15102,0.114066
5992,18275,0.525978
5993,17082,0.060515
5993,20288,0.072164
5993,17539,0.252377
5993,20526,0.149705
5994,13228,0.380106
5995,13175,0.18466
5996,13226,0.257604
5997,15620,0.428341
5998,13428,0.26694
5999,14322,0.406279
6000,13424,0.15779
6001,13428,0.216049
6002,16869,0.057814
6003,13241,0.356294
6004,18277,0.15559
6004,19298,0.078872
6004,19903,0.120783
6005,18279,0.12559
6005,14511,0.214055
6006,13330,0.095394
6007,18280,0.830116
6008,18283,0.386039
6009,13343,0.228694
6010,13347,0.24817
6011,14106,0.662386
6012,13599,0.234885
6013,16853,0.581754
6014,18285,0.775859
6015,13305,0.215206
6015,13303,0.163531
6016,18286,0.635576
6017,18287,0.252718
6017,21621,0.186827
6018,16037,0.390057
6018,13326,0.131249
6019,16383,0.499988
6019,13244,0.120313
6020,13430,0.285684
6021,18288,0.271952
6021,14681,0.325078
6022,18289,0.209266
6023,13418,0.411296
6023,13227,0.088354
6024,18291,0.692121
6025,18292,0.407657
6026,13516,0.234153
6026,13797,0.184508
6027,13344,0.315199
6028,13244,0.271037
6028,13925,0.126708
6029,13579,0.357203
6030,13760,0.152103
6031,13583,0.354471
6032,15739,0.164381
6032,17623,0.348454
6032,18295,0.211033
6032,14379,0.093293
6033,13245,0.056597
6034,13418,0.48528
6034,13227,0.089356
6035,18296,0.416807
6035,14767,0.118837
6035,15340,0.123712
6036,18297,0.479848
6037,18298,0.320793
6038,18300,0.611887
6039,13217,0.355756
6040,18301,0.885026
6041,18302,0.711779
6042,16566,0.170527
6042,14509,0.102256
6042,20041,0.125202
6043,14804,0.529959
6044,14805,0.671367
6045,13430,0.245355
6046,18304,0.326286
6046,15821,0.325898
6047,15104,0.286127
6047,13657,0.236833
6048,17526,0.285967
6049,16000,0.251641
6049,13913,0.208437
6050,14246,0.505766
6051,18306,0.056148
6051,18307,0.431012
6052,16008,0.236043
6052,15114,0.057413
6052,18465,0.088568
6053,15175,0.939943
6054,14498,0.358019
6055,18308,0.218657
6055,14575,0.366605
6055,14744,0.158337
6056,18309,0.6323
6057,16080,0.238299
6057,14421,0.071744
6057,15124,0.051375
6058,18311,0.14964
6058,14988,0.127383
6058,14277,0.165468
6059,18312,0.323797
6059,21345,0.148246
6060,13744,0.072138
6060,13244,0.118329
6061,13428,0.142172
6062,13911,0.244068
6062,13754,0.357911
6063,18315,0.819308
6064,18316,0.585326
6065,15089,0.450992
6065,18834,0.199038
6066,18318,0.481671
6067,18319,0.705055
6068,18320,0.540514
6069,18321,0.489721
6070,13317,0.100862
6071,13304,0.173051
6072,18322,0.615195
6073,13422,0.093951
6073,20681,0.067636
6073,17221,0.067581
6073,14370,0.117212
6074,18323,0.057277
6075,17937,0.189204
6075,19920,0.143802
6075,14166,0.09025
6076,17438,0.350046
6077,13226,0.377966
6078,15319,0.199078
6078,18326,0.228185
6078,18327,0.112576
6078,16744,0.227149
6078,19570,0.106072
6079,13497,0.226292
6080,18328,0.243395
6080,15538,0.297482
6081,18330,0.565468
6082,18331,0.309697
6082,18452,0.139735
6082,19431,0.051633
6083,18332,0.401487
6083,22030,0.105625
6083,22402,0.086961
6084,15651,0.384572
6084,15559,0.30906
6085,13842,0.32804
6086,18333,0.364897
6087,18334,0.486962
6087,19007,0.097769
6088,15806,0.412425
6089,18337,0.206776
6089,19644,0.108517
6089,20635,0.187143
6089,20792,0.167462
6089,21065,0.069271
6090,15014,0.235179
6090,15104,0.078544
6091,18341,0.393794
6091,21331,0.07954
6092,15398,0.528605
6093,13304,0.422284
6094,13499,0.280391
6095,16515,0.166
6095,14838,0.119092
6096,13326,0.312394
6097,13230,0.430565
6098,18344,0.120415
6098,22867,0.112528
6099,16045,0.097923
6100,13990,0.451093
6101,16875,0.360516
6101,13705,0.105944
6101,18937,0.066685
6102,18014,0.1794
6103,13261,0.234488
6104,18346,0.504175
6105,18347,0.271927
6106,18350,0.094878
6106,14262,0.157836
6106,18918,0.11598
6106,13698,0.115909
6107,18351,0.309035
6108,18353,0.742541
6109,15866,0.132808
6109,17313,0.180616
6110,14393,0.19168
6111,18354,0.23334
6111,18878,0.126139
6111,22500,0.089936
6112,18357,0.264464
6112,18690,0.39541
6113,16662,0.467788
6113,17061,0.070294
6114,18358,0.135624
6114,19375,0.095022
6114,20712,0.284375
6114,20809,0.06065
6115,14722,0.270975
6116,16266,0.101054
6116,19158,0.111457
6116,14405,0.054493
6117,16473,0.210351
6117,21051,0.056218
6117,21829,0.296191
6118,13742,0.212123
6119,18361,0.242739
6120,13409,0.4192
6121,13346,0.394332
6122,18362,0.616697
6123,18363,0.983852
6124,16679,0.191457
6125,14278,0.463833
6125,18938,0.059974
6126,16790,0.127601
6126,18716,0.424373
6127,17795,0.393669
6128,15432,0.46144
6128,18364,0.084117
6129,18365,0.360364
6130,18366,0.335981
6131,13227,0.327038
6132,18161,0.532977
6133,18367,0.613445
6134,15533,0.149708
6134,18388,0.127232
6135,18368,0.596364
6136,18369,0.05803
6136,20008,0.333337
6136,21231,0.264483
6137,13239,0.379549
6137,13240,0.111335
6138,13823,0.103698
6138,17895,0.387976
6138,22805,0.102789
6139,14045,0.306542
6140,18374,0.412246
6140,22682,0.109461
6141,18376,0.263263
6141,20136,0.123264
6141,20625,0.148899
6141,14723,0.079467
6142,16102,0.371956
6142,14004,0.156061
6143,18377,0.385013
6144,18378,0.220363
6144,20037,0.171766
6145,18380,0.057961
6145,19676,0.131326
6145,20133,0.06362
6145,21018,0.078967
6145,21368,0.089419
6145,19683,0.056843
6146,18383,0.423309
6147,18384,0.510831
6148,18385,0.070729
6148,19223,0.129356
6148,20529,0.070862
6148,20752,0.133553
6148,20314,0.101045
6149,18386,0.52511
6150,18387,0.086973
6150,20433,0.25546
6150,13486,0.292331
6151,14514,0.705367
6152,18387,0.266127
6152,19301,0.269453
6153,13960,0.399761
6154,17999,0.204275
6154,21055,0.173333
6154,19521,0.123623
6155,13418,0.343225
6156,18389,0.632819
6157,13229,0.271593
6158,13583,0.279685
6159,15940,0.245176
6159,18639,0.332615
6159,18980,0.062126
6160,18390,0.521571
6161,17504,0.053485
6161,18558,0.166132
6161,13478,0.092623
6162,13586,0.226559
6162,13240,0.162063
6163,13245,0.1175
6163,13240,0.067764
6164,13303,0.12159
6165,13754,0.291627
6166,13744,0.072134
6166,13351,0.088936
6167,18392,0.33468
6167,13599,0.156423
6167,18629,0.146557
6168,13305,0.20652
6168,13303,0.210706
6169,13586,0.142776
6169,13760,0.104226
6170,15797,0.277904
6171,16089,0.093025
6171,18200,0.180248
6171,19745,0.153281
6172,13428,0.291618
6173,14635,0.134856
6173,20417,0.222662
6173,13741,0.257079
6174,13169,0.412038
6174,16024,0.175049
6175,13307,0.248307
6175,16671,0.230942
6175,14804,0.074542
6176,17121,0.332
6177,18398,0.70557
6178,13315,0.398136
6179,18402,0.624899
6180,18406,0.775259
6181,15858,0.2921
6181,13787,0.077762
6181,15148,0.121584
6182,18407,0.245981
6182,14403,0.465383
6183,18408,0.065351
6183,20553,0.285867
6183,20720,0.157733
6183,22645,0.060465
6184,18409,0.146671
6184,21905,0.262396
6185,18410,0.464022
6185,20036,0.21758
6186,13245,0.453547
6187,18411,0.354021
6188,13175,0.108613
6189,14839,0.394027
6189,20277,0.051901
6190,18412,0.46177
6190,14460,0.187724
6190,13878,0.099697
6190,22604,0.060061
6191,14797,0.394164
6192,13232,0.240499
6192,21434,0.173965
6193,17928,0.126089
6193,17130,0.381397
6194,13852,0.80367
6195,17974,0.310715
6195,14048,0.081969
6196,18416,0.43979
6197,13583,0.327699
6198,13583,0.381865
6199,13198,0.053081
6199,16273,0.348687
6199,22067,0.050114
6200,18418,0.204708
6200,18940,0.204708
6201,17877,0.10621
6201,14172,0.24764
6201,19391,0.214617
6201,22295,0.086245
6202,13734,0.160781
6203,13586,0.292056
6204,18420,0.176316
6204,18557,0.126062
6204,15908,0.098346
6204,22976,0.0985
6205,18421,0.206619
6205,16366,0.148042
6206,18422,0.802618
6207,13228,0.803659
6208,13228,0.085662
6209,18423,0.606966
6210,18424,0.426738
6210,18715,0.102536
6210,19418,0.102508
6211,15389,0.207837
6211,19291,0.098804
6211,13337,0.099014
6212,18425,0.198467
6212,15053,0.090485
6212,21452,0.198362
6212,15161,0.053623
6213,18350,0.306959
6214,13542,0.363222
6214,15898,0.161678
6215,18427,0.272243
6215,21323,0.195671
6216,18054,0.603307
6217,18428,0.689257
6218,18429,0.102388
6218,20057,0.083086
6218,21056,0.343503
6219,15321,0.388126
6220,18430,0.527372
6220,20090,0.093542
6221,13244,0.202821
6222,18432,0.215945
6222,18934,0.126735
6222,13179,0.122903
6222,19356,0.067238
6222,22130,0.067276
6223,17078,0.34352
6223,14801,0.062431
6224,13739,0.509975
6225,18433,0.747182
6226,13244,0.417387
6226,13925,0.269235
6227,13425,0.205438
6228,15207,0.581856
6229,18438,0.461984
6229,20126,0.075951
6230,18439,0.545237
6230,20914,0.090426
6230,14509,0.133737
6231,18440,0.496277
6232,17355,0.651607
6233,14453,0.201048
6234,16232,0.233664
6235,18441,0.119316
6235,19347,0.20445
6235,21234,0.069317
6235,13254,0.05787
6236,18442,0.451861
6237,15926,0.402128
6238,17221,0.382368
6239,15582,0.413756
6239,18443,0.413523
6240,14204,0.417095
6240,20683,0.10965
6241,14254,0.315777
6241,18958,0.097788
6241,21487,0.086376
6242,13176,0.082046
6242,14400,0.078632
6243,18445,0.05484
6243,19240,0.050749
6243,15111,0.069224
6243,19611,0.089138
6244,18446,0.484144
6245,16285,0.217946
6245,21249,0.061667
6245,13196,0.10093
6245,18185,0.092268
6246,18447,0.312453
6247,16747,0.143093
6247,19900,0.083545
6247,20747,0.062047
6248,18449,0.777344
6249,18453,0.096072
6249,18737,0.31949
6249,17680,0.161919
6249,21965,0.069281
6250,18454,0.759022
6251,15797,0.078236
6251,16290,0.115367
6252,18455,0.410268
6252,14067,0.158438
6253,18456,0.486699
6254,18457,0.803668
6255,18458,0.170149
6256,18459,0.142445
6256,13358,0.121221
6257,14448,0.361013
6258,13245,0.419226
6259,18460,0.255368
6259,19013,0.125003
6259,19015,0.074668
6259,21093,0.094532
6260,18461,0.466394
6260,19446,0.156782
6261,18462,0.520039
6262,18464,0.229909
6262,15358,0.159272
6262,14246,0.186958
6262,13263,0.070968
6263,13418,0.142018
6263,13430,0.109294
6264,18467,0.553474
6265,14748,0.579279
6265,17349,0.125278
6266,18468,0.360956
6266,13917,0.144242
6266,15529,0.079163
6267,14716,0.107504
6267,19867,0.188467
6268,15685,0.417378
6268,18929,0.101809
6269,18470,0.096403
6269,19493,0.112938
6269,20532,0.063052
6269,14040,0.130998
6270,14067,0.563883
6270,13625,0.110115
6271,15505,0.566946
6272,18471,0.391191
6273,18473,0.79066
6274,13240,0.062077
6275,13326,0.150467
6275,20882,0.22598
6276,14722,0.19907
6276,13225,0.125265
6277,18474,0.414392
6278,18475,0.052088
6278,19296,0.087963
6278,18367,0.050781
6279,14164,0.206784
6279,13716,0.360227
6280,16434,0.29693
6280,13383,0.062095
6280,14312,0.140784
6280,17547,0.090981
6281,18480,0.432101
6282,18482,0.210409
6282,19600,0.097595
6282,21840,0.069852
6282,22179,0.073202
6283,18485,0.811543
6284,18486,0.182866
6284,20274,0.255345
6285,13347,0.154896
6285,13226,0.066821
6286,18487,0.66474
6287,17973,0.13796
6288,14641,0.058409
6288,19123,0.051205
6289,14138,0.138856
6289,17535,0.26785
6289,21515,0.21013
6290,18490,0.53209
6290,15136,0.116799
6291,18491,0.736073
6292,13582,0.318555
6292,13583,0.499917
6293,14883,0.33948
6294,18492,0.416544
6294,21429,0.161571
6295,18412,0.061906
6295,19352,0.484949
6296,13517,0.351899
6297,17585,0.405339
6298,17975,0.129133
6298,18495,0.284051
6298,22483,0.092625
6299,17434,0.453725
6299,13443,0.063073
6299,16189,0.08664
6300,13960,0.276955
6301,18425,0.284441
6302,18499,0.151155
6303,13675,0.300553
6303,16778,0.30171
6304,18504,0.533085
6304,21121,0.148366
6305,13290,0.269445
6306,18505,0.83003
6307,18506,0.228299
6307,22594,0.177506
6308,18507,0.654472
6309,17371,0.150063
6309,17302,0.21546
6309,13698,0.051725
6309,16711,0.113069
6310,18508,0.385181
6310,18368,0.062138
6310,20082,0.12007
6311,18510,0.432102
6312,13361,0.161335
6312,13474,0.255427
6312,15862,0.062035
6312,20695,0.062273
6313,18511,0.720651
6314,14538,0.308057
6314,21918,0.050831
6315,13178,0.053374
6316,17210,0.310001
6316,14106,0.111813
6316,14731,0.085755
6317,15969,0.291609
6317,13856,0.443375
6318,18512,0.068133
6318,18822,0.137522
6318,14329,0.136683
6318,19224,0.116177
6318,21075,0.137394
6319,13581,0.292658
6320,13347,0.118931
6321,18513,0.331267
6321,20722,0.211475
6322,18514,0.052322
6322,13176,0.204483
6323,13423,0.607442
6324,18515,0.102835
6324,15882,0.061813
6324,21521,0.061577
6325,13204,0.188059
6326,14875,0.423102
6327,13679,0.688169
6328,14112,0.241837
6328,16889,0.070837
6328,15176,0.205229
6328,13420,0.095086
6329,17076,0.056117
6329,15077,0.098974
6330,13351,0.074961
6331,18518,0.422973
6331,22695,0.29872
6332,13329,0.230252
6333,16636,0.196328
6334,18519,0.511465
6334,17622,0.120696
6334,20832,0.083717
6335,15569,0.236613
6335,16380,0.258805
6336,18520,0.344876
6337,18521,0.452232
6337,18699,0.306907
6338,15425,0.33723
6338,13852,0.133828
6339,18523,0.827706
6340,13669,0.355276
6341,13211,0.375195
6342,13176,0.133647
6343,18524,0.513003
6343,17941,0.167321
6344,18525,0.697988
6345,18526,0.669232
6346,18527,0.659533
6347,18528,0.655462
6348,18529,0.676173
6349,18530,0.739398
6350,18531,0.473954
6350,20884,0.14498
6351,16267,0.305035
6352,18532,0.859502
6353,16344,0.1527
6353,13288,0.3549
6354,15620,0.313593
6355,13754,0.322746
6356,18534,0.301526
6356,15584,0.079791
6356,13222,0.088088
6357,18535,0.167299
6357,18552,0.314604
6357,22529,0.163836
6358,13218,0.417751
6359,13316,0.279632
6360,13176,0.101707
6361,18537,0.449947
6361,16036,0.314906
6362,18538,0.335907
6362,19891,0.260725
6363,18540,0.173387
6363,19067,0.447173
6364,13330,0.067267
6365,16415,0.211705
6365,20220,0.195442
6365,15270,0.085247
6366,18542,0.615001
6367,14643,0.121963
6367,14379,0.093291
6367,14434,0.108195
6367,14302,0.132028
6367,14254,0.056283
6368,18543,0.239599
6368,15877,0.076831
6369,13418,0.417067
6370,13169,0.263543
6371,17215,0.054108
6371,19734,0.054383
6372,18544,0.164626
6372,21473,0.077527
6373,18545,0.090109
6373,21706,0.09008
6373,22106,0.090109
6374,18546,0.129086
6374,16036,0.434642
6375,18547,0.627438
6376,13245,0.187749
6377,18554,0.35355
6378,18555,0.255422
6378,21163,0.059968
6378,16391,0.0669
6379,15574,0.413588
6379,15271,0.117715
6379,13651,0.069073
6380,18556,0.836546
6381,14400,0.409049
6381,14271,0.079485
6382,13176,0.292986
6383,13194,0.404826
6384,13808,0.224029
6384,13303,0.066122
6385,16284,0.185092
6385,14275,0.054309
6385,16391,0.058443
6385,22924,0.062804
6385,23018,0.0898
6386,14232,0.218367
6386,22411,0.202635
6387,18561,0.15049
6387,20646,0.115646
6387,15718,0.114426
6387,18562,0.158
6388,18562,0.418233
6388,13844,0.073561
6389,17274,0.349466
6390,13176,0.241386
6390,13178,0.105392
6391,18563,0.616649
6392,18564,0.581384
6393,13226,0.327237
6394,13305,0.197659
6395,18565,0.424461
6396,18566,0.455212
6397,17165,0.568408
6398,18568,0.621327
6399,14725,0.37828
6399,15811,0.148558
6400,18571,0.436553
6401,15768,0.283073
6402,13241,0.190968
6403,18572,0.282115
6404,17441,0.113881
6404,20168,0.215045
6405,18576,0.179967
6405,19316,0.330622
6406,13245,0.440545
6407,18577,0.816667
6408,18579,0.186577
6408,19332,0.209029
6408,21383,0.135742
6409,15255,0.413417
6409,13204,0.060364
6410,13176,0.135335
6410,13175,0.050888
6411,17734,0.263277
6411,13995,0.0777
6411,20405,0.116466
6411,13309,0.199357
6412,18581,0.20881
6412,19442,0.092975
6413,18582,0.096358
6413,15710,0.324951
6414,18584,0.604412
6415,18585,0.307033
6415,17652,0.220614
6416,13752,0.574199
6417,17857,0.172933
6417,13482,0.269944
6417,18433,0.206553
6418,18587,0.612672
6419,18588,0.297031
6419,20601,0.414083
6420,16705,0.641279
6421,13859,0.709903
6422,13409,0.766595
6423,13344,0.525174
6424,13746,0.357983
6425,13583,0.343098
6425,13582,0.297462
6426,13329,0.075055
6427,18589,0.700459
6428,18590,0.737112
6429,18592,0.650046
6430,18593,0.444601
6431,14464,0.253498
6432,18596,0.348534
6433,14217,0.376523
6434,16679,0.30365
6435,13583,0.205833
6435,13241,0.200954
6436,13290,0.30307
6437,13579,0.381284
6438,13177,0.299923
6439,13426,0.337909
6440,14814,0.396382
6441,13583,0.069952
6441,13744,0.132488
6441,13244,0.063712
6442,18599,0.618788
6443,15324,0.716618
6444,13244,0.110926
6445,17028,0.648404
6446,13768,0.614296
6447,15529,0.237509
6447,18468,0.235002
6447,17179,0.111765
6448,13228,0.182404
6449,18600,0.201888
6450,13315,0.146984
6451,18601,0.053718
6451,18474,0.144468
6452,18603,0.670497
6453,15372,0.361089
6453,14162,0.262404
6454,13460,0.611626
6455,13382,0.403013
6456,14075,0.292951
6456,14722,0.073128
6457,13428,0.414408
6458,18606,0.272903
6458,22475,0.170296
6459,14717,0.304608
6460,18388,0.331711
6461,13418,0.45253
6461,13227,0.442248
6462,13304,0.36399
6463,14322,0.282476
6464,18611,0.399579
6465,18612,0.079647
6465,20945,0.102205
6465,21207,0.057133
6465,21776,0.079647
6465,22406,0.102205
6466,18331,0.414115
6467,13278,0.079451
6467,15239,0.215624
6467,14545,0.075108
6468,14393,0.293039
6469,18614,0.529771
6470,13317,0.112374
6471,18615,0.284586
6471,18744,0.184758
6471,18774,0.119523
6471,18775,0.137072
6472,18616,0.451959
6473,18619,0.441063
6474,17810,0.352861
6475,13305,0.30216
6475,13303,0.371263
6476,13428,0.301511
6477,13808,0.262189
6477,13428,0.240602
6478,13586,0.340531
6479,13244,0.092883
6480,18333,0.380316
6481,18620,0.288085
6482,13745,0.411041
6483,18621,0.376257
6483,18622,0.178884
6484,18624,0.116299
6484,19558,0.121324
6484,19559,0.281076
6485,18625,0.160775
6485,18458,0.149071
6486,18626,0.474235
6487,18627,0.673603
6488,15418,0.337885
6488,13551,0.21817
6489,13741,0.271189
6490,18628,0.069012
6490,19934,0.258531
6490,21807,0.190318
6491,18629,0.679395
6492,18632,0.296239
6493,18633,0.237108
6493,18634,0.330556
6494,13586,0.282787
6495,13586,0.206788
6496,18635,0.328947
6496,21663,0.113821
6496,16421,0.257873
6497,13273,0.072007
6497,13430,0.130584
6498,13305,0.301095
6499,13261,0.094706
6500,14895,0.251911
6501,15770,0.66003
6502,18640,0.460636
6503,18641,0.230935
6503,19708,0.179897
6504,14636,0.492872
6505,18642,0.462643
6506,13241,0.218854
6506,13734,0.086427
6507,13239,0.086163
6508,13204,0.158789
6509,18643,0.26488
6509,14006,0.059718
6509,13530,0.109628
6509,14245,0.106851
6510,18644,0.296138
6511,14514,0.401535
6511,19216,0.188228
6512,18648,0.076918
6513,15660,0.306947
6513,13309,0.190548
6513,14056,0.103828
6513,16143,0.123698
6514,14140,0.557649
6515,14901,0.583907
6516,18652,0.18525
6516,22010,0.071753
6516,18541,0.067748
6517,13281,0.411659
6518,18653,0.285392
6519,18654,0.425963
6520,18656,0.552714
6521,15967,0.685369
6522,16084,0.182974
6522,18794,0.406214
6523,13225,0.355187
6524,13175,0.059321
6525,13442,0.223005
6526,15266,0.600496
6527,13241,0.282395
6528,13760,0.497637
6529,18657,0.301068
6529,16378,0.239321
6530,14759,0.102332
6530,14763,0.107517
6531,18658,0.191027
6532,18659,0.172586
6532,17970,0.56871
6533,18660,0.182371
6534,16245,0.284287
6534,17268,0.115801
6534,22666,0.065883
6535,18662,0.083897
6535,19651,0.194911
6535,13478,0.058655
6535,20274,0.065439
6535,20895,0.09143
6535,16553,0.065292
6535,23025,0.091248
6536,14497,0.388178
6537,18663,0.185028
6537,16865,0.289917
6538,18305,0.625296
6539,16932,0.276565
6540,15965,0.510489
6541,18665,0.244068
6541,19251,0.200056
6542,14803,0.371681
6543,13663,0.446289
6544,13304,0.314519
6545,18668,0.08435
6545,18674,0.085163
6545,15160,0.152275
6545,19076,0.084816
6546,13244,0.394834
6547,18671,0.224884
6547,19828,0.074277
6548,16880,0.466377
6549,18672,0.214782
6549,20612,0.452181
6550,13291,0.078836
6550,14888,0.054671
6550,19662,0.054756
6551,17836,0.493602
6552,18675,0.562744
6553,13430,0.323366
6554,18333,0.41852
6555,13418,0.390088
6556,13175,0.275982
6557,13304,0.242329
6558,13260,0.61034
6559,18680,0.488206
6560,14748,0.248578
6560,14332,0.177826
6561,13305,0.218583
6562,18681,0.170377
6562,21250,0.075729
6562,14135,0.057868
6563,14123,0.431455
6564,13755,0.369716
6565,18684,0.130572
6565,20639,0.5951
6566,13304,0.446719
6567,18685,0.426601
6567,13549,0.424039
6568,13204,0.320709
6569,14883,0.354169
6570,18687,0.374898
6571,13176,0.050629
6572,13922,0.648217
6573,13305,0.23262
6574,15611,0.3691
6575,15984,0.270888
6575,19791,0.342909
6576,18688,0.530703
6577,13241,0.286181
6578,13305,0.390788
6579,18693,0.64262
6580,13684,0.407441
6581,18694,0.359173
6582,16852,0.304066
6582,17103,0.156315
6583,14322,0.355955
6584,18698,0.685778
6585,18367,0.150345
6585,19114,0.105189
6585,13983,0.092321
6586,17080,0.588978
6587,18701,0.302534
6587,20025,0.357028
6588,17021,0.777071
6589,18702,0.46542
6589,17826,0.431713
6590,18703,0.336237
6590,19393,0.431467
6591,14823,0.323832
6591,13918,0.160032
6591,14794,0.192359
6592,13428,0.229988
6593,13176,0.312929
6594,18704,0.817578
6595,17631,0.147935
6596,18705,0.591596
6597,13344,0.050723
6598,18710,0.194684
6599,18711,0.538851
6600,13542,0.523938
6601,14175,0.756772
6602,18716,0.92129
6603,18298,0.659782
6604,14819,0.138002
6605,13295,0.139919
6605,15098,0.260561
6605,14543,0.140904
6605,14952,0.096709
6606,13201,0.241029
6607,18719,0.487579
6608,18720,0.424224
6609,15643,0.347987
6609,18722,0.050306
6609,19420,0.229198
6610,16323,0.342816
6611,13218,0.243341
6612,18723,0.289031
6613,16562,0.302429
6614,18726,0.894246
6615,13304,0.253224
6616,18729,0.666925
6617,13428,0.152191
6618,13723,0.385729
6619,13481,0.183421
6619,13485,0.101288
6620,16889,0.154284
6621,13636,0.660301
6622,14706,0.068873
6622,20307,0.095822
6622,21947,0.123208
6623,18732,0.217693
6624,18734,0.490741
6625,18205,0.276855
6626,13344,0.462271
6627,13423,0.058926
6627,13260,0.085997
6628,13260,0.742324
6629,13583,0.169292
6630,14900,0.154313
6631,18739,0.751335
6632,13432,0.404262
6633,13583,0.488474
6634,18742,0.266447
6635,13742,0.281554
6636,13175,0.108653
6637,18743,0.21504
6637,19921,0.164652
6637,18669,0.086977
6638,15609,0.481658
6639,18746,0.564475
6640,18748,0.92703
6641,18749,0.576835
6642,18753,0.594441
6643,18754,0.474577
6643,20346,0.064191
6644,18755,0.354488
6644,18756,0.208435
6644,17996,0.064179
6645,14497,0.809356
6646,13504,0.534954
6647,13304,0.19224
6648,18761,0.382519
6648,21819,0.097706
6649,13244,0.60379
6650,18763,0.746917
6651,18764,0.381739
6652,14646,0.117367
6652,17810,0.219264
6652,16276,0.057695
6652,19330,0.078167
6652,13591,0.070634
6652,13721,0.15006
6653,16392,0.521153
6654,18767,0.473341
6655,13239,0.295012
6656,18769,0.225332
6657,15637,0.315121
6657,13523,0.184507
6658,13428,0.183873
6659,18770,0.064216
6659,19044,0.072469
6659,19052,0.115952
6659,19249,0.435528
6660,18771,0.153476
6660,20003,0.085886
6661,18772,0.145453
6661,18982,0.113953
6661,21080,0.146201
6662,18402,0.607527
6663,13344,0.377249
6664,13217,0.418865
6665,13304,0.295588
6666,13315,0.285247
6667,13347,0.126234
6668,13228,0.222698
6668,13175,0.078829
6669,16090,0.294443
6670,13226,0.19953
6671,13217,0.382247
6672,14070,0.260516
6672,14864,0.142736
6672,16359,0.065193
6673,18778,0.134081
6673,19258,0.131816
6673,21664,0.281881
6673,22418,0.104494
6674,18779,0.775977
6675,18780,0.122902
6676,18781,0.207729
6676,19329,0.073786
6676,22223,0.135617
6677,13430,0.388148
6678,18782,0.349759
6678,14849,0.396335
6678,22490,0.108583
6679,13225,0.098835
6680,13325,0.478781
6680,15251,0.124532
6681,18784,0.590431
6682,18785,0.239448
6683,13343,0.400682
6684,13754,0.307897
6685,18788,0.135037
6686,13436,0.657769
6687,18790,0.124013
6687,18880,0.270774
6688,15166,0.223045
6688,15850,0.240124
6689,18793,0.436411
6689,22041,0.126957
6689,22051,0.070761
6690,13226,0.071942
6691,16396,0.335608
6692,18796,0.063124
6692,13291,0.054608
6692,18479,0.109494
6693,13730,0.131612
6694,13730,0.086421
6695,15757,0.381971
6695,20182,0.24386
6696,18798,0.213461
6697,14585,0.520953
6697,17476,0.180007
6697,17793,0.101435
6698,15494,0.25413
6699,18799,0.43172
6700,13479,0.489183
6701,18802,0.241852
6701,17670,0.177886
6701,22987,0.073984
6702,18803,0.251224
6702,13353,0.050676
6702,20177,0.25079
6702,15244,0.200843
6703,18804,0.212709
6703,19839,0.272911
6704,15255,0.36837
6705,15477,0.076203
6705,15643,0.160168
6705,15962,0.148705
6706,13330,0.396434
6707,13552,0.428216
6707,15872,0.320915
6708,14872,0.501069
6709,13581,0.254343
6709,13579,0.077015
6710,13526,0.572794
6711,16494,0.297313
6711,21960,0.141255
6711,21245,0.142105
6712,14773,0.397664
6713,14375,0.201933
6713,20826,0.317223
6714,18534,0.647608
6715,18807,0.746535
6716,13227,0.341127
6717,18809,0.092393
6717,16953,0.13952
6718,13244,0.233503
6719,18810,0.193325
6719,22326,0.090833
6719,19814,0.126586
6720,15493,0.284532
6721,18811,0.170657
6721,20463,0.321146
6721,22374,0.095398
6722,13204,0.248792
6723,18814,0.060821
6723,15987,0.435857
6724,13579,0.232262
6725,15983,0.055648
6725,18371,0.055786
6725,19336,0.059241
6726,14849,0.414008
6727,13430,0.119144
6728,13218,0.093886
6729,18816,0.232722
6729,21471,0.103954
6729,21472,0.275825
6729,17014,0.089486
6730,18818,0.585357
6731,15494,0.160008
6731,18873,0.061696
6731,21668,0.05411
6732,13214,0.418689
6733,18819,0.094506
6733,16810,0.394847
6733,19973,0.094775
6734,18820,0.55912
6735,18821,0.28281
6735,20574,0.202256
6736,18823,0.639136
6737,18824,0.061356
6737,17917,0.094009
6737,22293,0.115276
6737,22633,0.054294
6738,18827,0.534002
6739,13496,0.881363
6740,14229,0.135357
6740,14187,0.381353
6740,15371,0.117217
6741,18829,0.792919
6742,14748,0.367512
6742,13554,0.428679
6743,18830,0.404868
6744,18831,0.68074
6745,16550,0.494067
6746,18832,0.26358
6746,18992,0.246348
6747,18833,0.127264
6747,22079,0.523128
6748,18837,0.438804
6749,13226,0.224343
6750,18838,0.415885
6751,16267,0.084419
6752,13615,0.427118
6753,18841,0.113805
6753,19436,0.266652
6753,19772,0.114441
6754,18842,0.723721
6755,18843,0.485373
6756,18844,0.41508
6757,18847,0.385026
6758,13209,0.121565
6758,14110,0.283376
6758,20982,0.127808
6759,15985,0.459862
6760,18849,0.098602
6760,13392,0.403153
6760,21388,0.067697
6761,14349,0.153194
6761,15186,0.424645
6761,15296,0.263627
6762,18850,0.741479
6763,18851,0.150631
6763,20327,0.269335
6764,13344,0.274353
6765,13344,0.451437
6766,13278,0.576437
6767,14589,0.660809
6768,13586,0.299252
6769,18852,0.577053
6770,14901,0.610926
6771,18853,0.096298
6771,16999,0.090515
6771,16607,0.086629
6771,14668,0.110117
6771,22283,0.116106
6772,15552,0.456049
6773,18854,0.21731
6774,13442,0.225641
6774,19712,0.228591
6775,16804,0.071799
6775,19146,0.213596
6775,19343,0.128366
6776,13586,0.164992
6777,15235,0.335059
6778,18855,0.078828
6778,15968,0.093664
6778,20277,0.050466
6779,16373,0.336469
6779,17524,0.33656
6780,18857,0.166668
6780,14828,0.159601
6780,13999,0.167418
6781,17550,0.496586
6782,18859,0.424188
6782,21579,0.064437
6783,13181,0.325413
6784,15186,0.200735
6784,14996,0.376977
6785,18860,0.188816
6785,20495,0.257036
6785,22421,0.086484
6785,22769,0.15471
6786,17658,0.187424
6787,15707,0.142278
6787,13404,0.0875
6788,18864,0.246661
6788,14475,0.134432
6788,21932,0.209023
6789,13239,0.317084
6790,18867,0.843252
6791,18869,0.669437
6792,15239,0.088561
6792,14545,0.186117
6792,15377,0.189974
6792,14025,0.061039
6793,18870,0.149591
6793,19931,0.058469
6794,18871,0.410503
6795,18872,0.568492
6796,18874,0.610015
6797,18875,0.615476
6798,16565,0.486933
6799,18882,0.676492
6800,18885,0.503729
6801,18886,0.261009
6801,13238,0.261051
6802,18887,0.747128
6803,15984,0.406802
6804,17978,0.579365
6805,18888,0.693893
6806,13240,0.205253
6807,18890,0.695107
6808,14917,0.471506
6809,16221,0.110716
6809,21561,0.241622
6810,18892,0.452939
6811,13177,0.228561
6812,18893,0.283099
6812,19002,0.138271
6812,19625,0.160825
6813,18894,0.174865
6813,22748,0.243821
6814,18799,0.634428
6815,18895,0.865253
6816,13579,0.401562
6817,13178,0.39372
6818,14373,0.732307
6819,18897,0.412177
6819,19318,0.412571
6820,17757,0.255383
6820,16502,0.153424
6821,18898,0.130495
6822,17188,0.541181
6823,14112,0.40593
6823,15176,0.158814
6824,18900,0.664217
6825,18901,0.298549
6826,18904,0.052766
6826,16249,0.071336
6826,15565,0.065867
6827,18905,0.081975
6827,14566,0.32253
6827,13538,0.055882
6828,13441,0.072815
6828,18907,0.062456
6828,19227,0.239867
6828,22040,0.063669
6828,22305,0.063689
6829,18906,0.47868
6830,13344,0.461996
6831,14143,0.339053
6832,18908,0.5058
6833,13799,0.176007
6833,16918,0.502541
6834,18909,0.084859
6834,19408,0.073535
6835,15148,0.110567
6835,16053,0.063763
6835,14047,0.052051
6835,21864,0.093066
6836,13856,0.831871
6837,18911,0.486062
6838,15922,0.25134
6839,13227,0.1884
6840,18914,0.268431
6841,18915,0.123718
6841,20675,0.320062
6841,23211,0.123273
6842,13244,0.264263
6843,13347,0.07986
6844,13175,0.34306
6844,13228,0.289964
6845,18916,0.224063
6845,20964,0.312347
6846,18917,0.114842
6847,14491,0.371082
6847,15207,0.267296
6848,14033,0.394157
6848,19954,0.155652
6848,21335,0.058913
6848,22642,0.107892
6849,18401,0.098334
6850,14342,0.545492
6851,13742,0.428164
6852,13583,0.057475
6853,13581,0.372315
6854,18921,0.149018
6854,21924,0.280798
6855,18922,0.525313
6856,13424,0.280882
6857,13225,0.257556
6858,13960,0.144977
6859,14598,0.440652
6860,17490,0.23817
6861,18923,0.490021
6861,17938,0.106647
6861,14543,0.070606
6861,22908,0.14048
6862,18924,0.610199
6863,14393,0.258118
6864,13241,0.325862
6865,14791,0.421396
6865,13954,0.206923
6866,18925,0.826
6867,13279,0.122485
6868,17552,0.188837
6868,16834,0.252176
6869,13423,0.195132
6869,13227,0.156766
6870,13228,0.310159
6871,18927,0.321451
6871,18792,0.170369
6871,21959,0.087056
6872,13428,0.327182
6873,14069,0.20477
6874,18929,0.119492
6874,13772,0.407498
6875,18931,0.071952
6875,21173,0.05784
6875,16179,0.121544
6876,17026,0.115889
6876,19028,0.141287
6876,19855,0.117072
6877,14359,0.248506
6877,16902,0.117906
6877,14574,0.169458
6878,15235,0.404128
6878,17995,0.216399
6879,18935,0.40914
6879,13413,0.39951
6880,13175,0.419386
6881,14190,0.561254
6882,16640,0.161794
6882,19456,0.205983
6883,13960,0.151609
6883,13305,0.134187
6884,13583,0.272728
6885,13240,0.483319
6885,13239,0.099318
6886,18941,0.287906
6887,16189,0.235536
6887,19256,0.152532
6888,13241,0.102139
6889,18943,0.131614
6889,13201,0.131714
6889,22565,0.168891
6890,18944,0.647965
6891,13244,0.34565
6892,13583,0.303055
6893,14106,0.592237
6894,17461,0.123782
6894,16369,0.304977
6894,13464,0.071886
6895,13245,0.326574
6896,14187,0.074031
6896,16240,0.148405
6896,20653,0.05495
6897,18756,0.403229
6897,15068,0.242435
6898,18946,0.321522
6898,15520,0.187271
6898,15537,0.135064
6899,18947,0.065525
6899,21587,0.165094
6899,22684,0.063569
6900,18948,0.069078
6900,16923,0.085426
6900,20561,0.076102
6900,21086,0.108269
6900,16071,0.06746
6901,18950,0.31375
6901,15334,0.227736
6901,22713,0.123643
6901,22714,0.094715
6902,18951,0.558656
6902,20105,0.141795
6903,13583,0.093979
6904,17274,0.390879
6905,18952,0.259492
6905,19877,0.225296
6905,21822,0.16161
6906,14401,0.27358
6907,15526,0.498614
6907,15354,0.19972
6908,13290,0.183748
6909,18638,0.28829
6909,14712,0.097492
6909,21963,0.119415
6910,16680,0.125622
6910,14169,0.126939
6910,16607,0.067586
6910,21638,0.068556
6910,19730,0.068544
6911,13517,0.112803
6911,13177,0.118039
6912,18954,0.274422
6913,18955,0.663945
6914,14498,0.369403
6915,13226,0.166397
6916,18956,0.350386
6917,15961,0.311963
6917,18957,0.288717
6918,18959,0.299252
6919,13418,0.386392
6920,18961,0.132331
6920,19935,0.184876
6920,22705,0.130947
6921,15236,0.088766
6921,13568,0.369431
6922,18962,0.091501
6922,16332,0.458942
6923,14322,0.231948
6924,13583,0.474221
6925,13586,0.246454
6926,18963,0.451878
6926,23087,0.175817
6927,16745,0.469326
6927,21291,0.169986
6928,18964,0.775925
6929,18965,0.494561
6930,18966,0.748888
6931,18968,0.126068
6931,22964,0.175733
6931,23040,0.126068
6932,18970,0.720581
6933,14099,0.328437
6933,20159,0.066652
6933,13817,0.119219
6933,23043,0.092566
6934,18972,0.780174
6935,18973,0.166795
6936,13315,0.638236
6937,18974,0.576821
6938,13166,0.421704
6939,14401,0.321638
6940,18975,0.397746
6940,14193,0.059233
6941,18065,0.425824
6942,18976,0.33534
6942,22386,0.153548
6943,13176,0.089036
6943,13347,0.064963
6944,13245,0.185459
6945,18977,0.291196
6945,21233,0.162779
6946,18978,0.390067
6947,13351,0.052578
6948,18979,0.320209
6949,16286,0.191868
6949,15324,0.153608
6949,19762,0.357318
6950,18981,0.125292
6951,18983,0.573242
6952,18984,0.762247
6953,18985,0.459581
6954,18986,0.556316
6955,18987,0.148101
6955,21501,0.196725
6955,21698,0.176263
6956,18988,0.055298
6956,22546,0.173337
6957,18989,0.399853
6958,13305,0.198606
6959,18993,0.179714
6959,15781,0.098616
6959,22929,0.081318
6960,18994,0.13037
6960,20970,0.369905
6961,18995,0.595911
6962,13256,0.150167
6962,13539,0.085555
6963,15102,0.361964
6964,17940,0.125188
6964,14273,0.143349
6965,18996,0.448117
6966,13967,0.203571
6966,13499,0.056776
6967,18997,0.249946
6967,15698,0.224596
6967,21254,0.118743
6968,16599,0.221926
6968,21381,0.309536
6969,18999,0.280891
6969,20342,0.280731
6970,19001,0.082108
6971,19004,0.777014
6972,19005,0.309301
6973,19006,0.143441
6973,22981,0.16116
6974,13245,0.585236
6975,13217,0.35283
6975,13344,0.09913
6976,13344,0.094973
6977,16090,0.602591
6978,13244,0.139143
6979,13175,0.093395
6980,13730,0.140874
6981,19010,0.349459
6981,18289,0.137061
6982,19012,0.474269
6983,13813,0.357689
6984,13178,0.569374
6985,13663,0.447343
6986,19014,0.380356
6986,15054,0.229562
6986,13894,0.215872
6987,13376,0.565576
6988,19017,0.189712
6989,13430,0.161781
6989,13418,0.161108
6990,13842,0.058443
6991,14542,0.125877
6991,15720,0.264665
6991,20438,0.061938
6992,15672,0.330163
6993,14850,0.87616
6994,19003,0.227108
6994,16594,0.180135
6994,20362,0.068573
6994,16112,0.07854
6995,15083,0.242288
6995,15084,0.118894
6995,16639,0.176347
6996,13243,0.464036
6997,19022,0.190523
6997,19832,0.073745
6997,14592,0.126669
6997,17207,0.135105
6998,19023,0.863133
6999,13428,0.309784
7000,19024,0.322127
7001,19026,0.62397
7002,13499,0.051137
7003,13376,0.449437
7003,13276,0.080378
7004,13622,0.33726
7004,22133,0.194849
7005,13245,0.344969
7006,13240,0.327529
7007,17897,0.146654
7008,13351,0.207113
7009,13244,0.186708
7010,13269,0.603962
7011,13244,0.394756
7012,19030,0.428943
7013,13689,0.393051
7014,15328,0.380559
7015,19033,0.305035
7016,13423,0.176716
7017,13430,0.419867
7018,19034,0.091364
7018,19741,0.298528
7018,17064,0.058982
7018,21423,0.091516
7019,19035,0.690341
7020,15286,0.217939
7021,19036,0.393332
7022,19037,0.705794
7023,19038,0.431427
7024,13373,0.405403
7025,19041,0.275188
7025,17369,0.21038
7026,14538,0.300439
7026,21403,0.116593
7027,15325,0.315256
7027,18598,0.142605
7027,16249,0.053049
7028,19042,0.390207
7028,20662,0.06966
7029,19043,0.769121
7030,13281,0.138545
7031,19045,0.341718
7031,22340,0.057549
7032,13744,0.638041
7033,19046,0.339742
7033,20791,0.133954
7034,19048,0.225738
7034,22267,0.147829
7035,16296,0.490239
7036,14849,0.108804
7036,16771,0.424658
7036,13619,0.094181
7037,16276,0.087523
7038,19050,0.263893
7039,19051,0.693392
7040,13347,0.109268
7041,13754,0.330929
7042,15822,0.26978
7042,20560,0.062664
7042,17977,0.079347
7042,21549,0.06267
7042,20935,0.133718
7043,19057,0.072258
7043,17572,0.487118
7043,16621,0.215559
7044,13217,0.189289
7045,17343,0.130534
7045,17282,0.083376
7045,14602,0.083351
7045,20301,0.058598
7045,14520,0.106766
7045,17281,0.059661
7046,15768,0.162371
7047,18726,0.467237
7047,21837,0.289879
7048,19061,0.448288
7048,15398,0.225889
7049,18686,0.207956
7050,16119,0.191588
7051,19062,0.442618
7052,19063,0.492062
7053,13894,0.319206
7053,13202,0.138874
7053,22273,0.203816
7054,16637,0.380663
7055,16679,0.138767
7056,19064,0.160114
7057,19065,0.189981
7058,19066,0.280857
7059,14271,0.118773
7060,14271,0.092087
7061,13965,0.056985
7061,13645,0.413907
7061,19254,0.055078
7062,15036,0.059198
7063,14509,0.680351
7064,17495,0.550226
7065,19069,0.66811
7066,13344,0.430708
7067,13230,0.219953
7068,13657,0.12396
7069,19070,0.206749
7069,16085,0.257321
7070,19071,0.329615
7070,19514,0.149816
7070,22892,0.21688
7071,19073,0.492949
7071,13611,0.071232
7072,19076,0.30174
7072,20907,0.081556
7072,21041,0.059264
7072,21838,0.069869
7073,19077,0.417503
7074,19080,0.247081
7074,19763,0.283711
7075,19082,0.490442
7076,19083,0.135124
7076,14274,0.189228
7076,22434,0.062006
7076,22435,0.05376
7076,23032,0.110923
7077,19084,0.298767
7077,20678,0.298797
7078,16636,0.268684
7079,19087,0.492368
7080,19088,0.760071
7081,19089,0.151258
7081,17695,0.446779
7082,19090,0.502977
7082,23033,0.070229
7083,19092,0.972423
7084,17763,0.215242
7084,21088,0.063785
7085,13304,0.340643
7086,16396,0.505516
7087,13583,0.444838
7088,16607,0.198426
7088,19730,0.38409
7088,21638,0.128462
7089,13330,0.459562
7090,13217,0.083628
7091,13496,0.08437
7091,13250,0.065205
7092,13728,0.555555
7093,15843,0.390929
7094,17188,0.837225
7095,19099,0.515446
7096,13383,0.115145
7096,14603,0.211164
7096,21341,0.065038
7097,19100,0.201402
7097,19941,0.583255
7098,13303,0.324513
7098,13217,0.432136
7099,13423,0.370966
7100,19101,0.48597
7100,20229,0.217013
7101,13175,0.153817
7102,13240,0.20488
7103,13581,0.224098
7104,17725,0.058984
7105,13222,0.168037
7106,13428,0.148811
7106,14512,0.249619
7107,13760,0.106416
7108,19104,0.577088
7109,16996,0.084181
7109,21240,0.117348
7109,23272,0.084203
7110,19027,0.173534
7111,16100,0.352974
7112,19105,0.331496
7113,19106,0.3758
7114,19108,0.579316
7115,19110,0.756156
7116,13315,0.37642
7117,17347,0.644868
7118,13347,0.185482
7119,13344,0.457031
7120,13228,0.452284
7121,13499,0.434568
7122,19112,0.398073
7123,19114,0.060458
7123,20225,0.059943
7123,15374,0.050924
7124,14393,0.810059
7125,13217,0.231782
7126,19116,0.335907
7126,22376,0.175736
7127,13990,0.412104
7128,19118,0.450369
7129,13909,0.149846
7129,22553,0.159062
7130,13583,0.635294
7131,13304,0.267552
7132,13228,0.169818
7133,19120,0.22847
7133,21774,0.104487
7134,19121,0.27078
7134,19248,0.270782
7135,19122,0.602637
7136,18854,0.286281
7137,19124,0.592488
7138,13581,0.214362
7139,13426,0.562962
7140,13245,0.445898
7141,15877,0.146485
7142,19126,0.386097
7142,14479,0.212694
7143,16231,0.536501
7144,16667,0.171346
7145,13303,0.415469
7146,13217,0.173922
7147,13217,0.071546
7148,19129,0.117784
7148,21272,0.116616
7148,22533,0.075145
7149,13852,0.222611
7150,16460,0.225404
7151,13425,0.205161
7152,13176,0.263548
7153,19132,0.242246
7154,19133,0.551265
7155,19134,0.563116
7156,13245,0.566234
7157,13735,0.192955
7157,15071,0.152474
7157,15032,0.088722
7158,17190,0.145829
7159,13291,0.208116
7159,14368,0.074521
7159,22616,0.055628
7160,18445,0.288157
7160,18824,0.157352
7161,19136,0.616397
7162,13226,0.166527
7163,13346,0.415728
7164,13442,0.189643
7165,16325,0.298791
7165,14216,0.364726
7166,17077,0.569965
7167,19138,0.574455
7168,15870,0.31286
7169,13486,0.442645
7169,14229,0.355511
7170,13343,0.26874
7171,15607,0.183884
7172,19139,0.508197
7173,19140,0.066273
7173,20507,0.05929
7174,19141,0.082016
7174,19187,0.336415
7175,17128,0.577214
7176,19142,0.639178
7177,19143,0.451708
7177,14844,0.115721
7178,13378,0.09172
7178,19491,0.229021
7178,15886,0.127482
7179,19145,0.558722
7179,14832,0.166
7180,19147,0.243509
7180,13472,0.176016
7181,19149,0.211701
7182,15366,0.400328
7183,13422,0.47475
7183,13493,0.056424
7183,22997,0.057589
7184,14048,0.248272
7184,19902,0.084367
7184,13212,0.109781
7185,19151,0.28156
7186,13586,0.380559
7187,13304,0.391323
7188,14025,0.162469
7188,13463,0.333381
7189,13484,0.718838
7190,13176,0.105511
7191,14777,0.336391
7191,16092,0.074218
7192,13204,0.13721
7193,18269,0.057662
7194,16879,0.703452
7195,18014,0.366286
7195,16033,0.366154
7196,14241,0.419996
7197,13244,0.21667
7198,13517,0.132977
7199,13175,0.222462
7199,13755,0.262632
7200,13261,0.443025
7201,19155,0.092603
7201,19324,0.092192
7201,19299,0.067787
7201,15942,0.125338
7201,21581,0.067953
7201,16567,0.092591
7202,19157,0.620004
7203,13505,0.309738
7204,13583,0.38928
7205,19161,0.345978
7205,19668,0.072307
7205,21767,0.052014
7205,22249,0.073402
7206,17293,0.531752
7207,19164,0.619676
7208,13730,0.07749
7209,19165,0.238008
7209,22737,0.170744
7210,17508,0.264964
7210,13598,0.39574
7210,18504,0.081925
7210,13600,0.057824
7211,19167,0.430107
7212,19169,0.379515
7212,20911,0.312088
7213,17036,0.155074
7214,19172,0.498578
7215,13430,0.152171
7216,19173,0.807233
7217,17643,0.350793
7217,14593,0.190038
7218,18239,0.362649
7219,19176,0.822892
7220,19177,0.538003
7221,14024,0.231619
7221,19178,0.235169
7222,19179,0.338646
7222,19230,0.07846
7222,19231,0.214991
7222,14681,0.102079
7223,13241,0.195661
7224,15620,0.131965
7225,19180,0.347188
7225,21571,0.245915
7226,13240,0.268311
7227,13304,0.088181
7228,19182,0.079552
7228,15457,0.225028
7228,22851,0.079591
7229,14460,0.291088
7229,13609,0.239867
7230,13609,0.367956
7230,14951,0.298932
7231,17221,0.299575
7232,19183,0.474867
7233,13638,0.249811
7233,14793,0.097012
7233,19981,0.094535
7234,13304,0.092249
7235,19185,0.308251
7235,19887,0.172363
7236,13243,0.404194
7237,17274,0.283436
7238,13304,0.091186
7239,19186,0.052398
7239,22337,0.079446
7239,15321,0.104669
7239,13172,0.100163
7240,19188,0.277843
7241,19189,0.525399
7242,13304,0.420314
7242,13316,0.422213
7243,19190,0.688467
7244,13505,0.344456
7245,13581,0.055645
7246,19191,0.579979
7247,19192,0.574
7248,19193,0.37122
7248,15655,0.360245
7249,13217,0.052363
7250,19194,0.184863
7250,17996,0.084677
7250,21748,0.173035
7250,22783,0.151455
7251,19195,0.488292
7252,19196,0.327162
7253,19197,0.623808
7254,14135,0.421214
7255,19198,0.062567
7256,18639,0.195468
7256,20823,0.311801
7257,13428,0.161537
7258,17616,0.273772
7258,20859,0.152842
7259,19201,0.518884
7260,19202,0.170592
7260,14436,0.368157
7261,19203,0.125322
7261,17981,0.209595
7262,16189,0.633965
7263,15270,0.501636
7264,15112,0.1469
7265,19205,0.538847
7266,13245,0.369183
7267,19206,0.785967
7268,13345,0.359134
7269,13227,0.405229
7270,13288,0.341933
7271,13476,0.13145
7271,15993,0.139631
7272,19208,0.318733
7273,19209,0.54666
7274,13245,0.454838
7275,16012,0.24593
7275,16340,0.156682
7276,13679,0.404136
7276,13414,0.356308
7277,19215,0.260482
7278,13658,0.373398
7278,15171,0.208012
7279,17585,0.394251
7280,19217,0.348729
7281,15455,0.328841
7281,13710,0.369805
7281,13918,0.108116
7282,19218,0.188896
7282,16667,0.221527
7283,19219,0.5238
7284,19220,0.088511
7285,19221,0.205965
7286,13304,0.187907
7287,13272,0.424758
7288,19225,0.101788
7289,19226,0.674919
7290,15768,0.119131
7291,13245,0.688266
7292,15146,0.308516
7292,16007,0.200316
7292,22788,0.053726
7293,13740,0.119499
7293,20918,0.553631
7294,19229,0.551692
7295,13988,0.150125
7296,19232,0.514991
7297,17140,0.631946
7298,19235,0.254186
7299,19237,0.601502
7300,18210,0.170296
7300,15750,0.169948
7300,14643,0.170147
7301,19239,0.094462
7301,20524,0.097224
7302,13220,0.522591
7303,13244,0.219722
7303,13960,0.070443
7304,16981,0.47883
7304,20924,0.084057
7305,16830,0.384376
7305,19242,0.16104
7305,14601,0.206031
7306,19244,0.544482
7307,15384,0.201771
7307,17370,0.258601
7308,13240,0.258562
7309,15366,0.178027
7309,13287,0.112118
7310,14058,0.473105
7310,18433,0.238518
7310,14654,0.102284
7311,15620,0.17396
7312,13842,0.310976
7313,14434,0.80154
7314,14143,0.235862
7315,13240,0.257829
7316,19247,0.567279
7317,13240,0.13432
7318,14401,0.395991
7319,13346,0.708857
7320,13869,0.613076
7321,17145,0.466915
7322,18637,0.310839
7323,19252,0.661927
7324,19253,0.170067
7325,13731,0.503591
7326,13302,0.41473
7327,13349,0.469527
7327,22911,0.107345
7328,19027,0.81405
7329,19259,0.625354
7330,13754,0.20048
7331,18792,0.340044
7332,13942,0.385294
7333,19260,0.059043
7333,19470,0.146853
7333,19563,0.074486
7333,21322,0.175354
7334,19261,0.465372
7335,19262,0.088215
7335,20180,0.341574
7336,19263,0.514416
7337,17601,0.560423
7338,13977,0.397296
7338,13366,0.39742
7339,19265,0.584209
7340,19266,0.370047
7341,13241,0.289081
7342,13228,0.112809
7342,13428,0.182817
7343,16353,0.10835
7343,14901,0.246318
7344,18105,0.159486
7344,22256,0.348516
7345,14400,0.591881
7346,13424,0.437327
7347,18377,0.38155
7348,13218,0.689819
7349,13315,0.395795
7350,19267,0.260209
7351,18331,0.416987
7352,19268,0.717186
7353,19270,0.469142
7354,13428,0.167216
7355,13842,0.18621
7356,19271,0.115244
7356,19814,0.388685
7357,19272,0.209433
7357,15708,0.117019
7358,17008,0.554551
7359,13960,0.574811
7360,13520,0.128611
7361,19274,0.557289
7362,19275,0.100211
7362,22654,0.258471
7362,13366,0.086544
7363,14739,0.780165
7364,13579,0.193891
7365,19276,0.622065
7366,14036,0.214903
7366,19277,0.261733
7366,14236,0.208445
7367,13260,0.78038
7368,19278,0.658026
7369,13576,0.461294
7370,19279,0.580986
7371,19280,0.057872
7371,20176,0.446433
7372,19281,0.553508
7373,13428,0.050583
7374,19282,0.35982
7374,19283,0.506614
7375,19284,0.236355
7375,21151,0.453508
7376,19124,0.475417
7377,19288,0.325289
7378,13418,0.285804
7379,16802,0.431392
7380,19289,0.572396
7381,19294,0.336385
7382,13218,0.26816
7383,15102,0.263564
7384,13217,0.18967
7385,14368,0.178576
7385,19958,0.097914
7385,14857,0.209494
7386,13440,0.502052
7387,19299,0.246888
7387,19557,0.056137
7387,15942,0.084233
7388,13430,0.186831
7388,13418,0.130462
7389,19300,0.774288
7390,18798,0.294178
7391,13316,0.261647
7392,18387,0.059981
7392,14740,0.364543
7392,17884,0.077022
7392,20433,0.05515
7393,19303,0.456299
7394,19304,0.119132
7394,21186,0.101342
7394,16589,0.115621
7395,19305,0.318049
7396,19306,0.190607
7397,19307,0.195579
7397,22793,0.152412
7397,23105,0.140701
7398,19308,0.33464
7399,15533,0.442196
7400,14136,0.156323
7400,14668,0.106468
7400,14872,0.303528
7401,19309,0.733457
7402,19310,0.673399
7403,19311,0.170115
7403,17781,0.130241
7403,18410,0.167039
7404,13430,0.096651
7405,19313,0.32113
7405,21424,0.17945
7406,13176,0.148655
7406,13742,0.059859
7407,19314,0.382697
7407,19054,0.31343
7408,19317,0.167346
7408,16702,0.243239
7409,13645,0.801309
7410,13894,0.161878
7410,15054,0.219123
7410,13202,0.281594
7410,14063,0.155422
7411,15708,0.402064
7412,13316,0.206582
7413,19320,0.470978
7413,15991,0.177113
7414,15249,0.158497
7414,13856,0.15721
7414,23071,0.132742
7415,19321,0.179416
7415,20394,0.13478
7416,19322,0.116213
7416,22846,0.106962
7417,15820,0.388515
7418,13344,0.478973
7419,14341,0.240674
7420,13663,0.509693
7421,13373,0.108749
7422,13878,0.242159
7423,19325,0.185315
7423,14849,0.330295
7424,14543,0.308729
7424,13627,0.108334
7424,22900,0.087702
7425,17008,0.510052
7426,15330,0.605751
7427,19327,0.318998
7428,19328,0.121968
7428,13542,0.199974
7428,15496,0.247313
7429,13752,0.058619
7429,19331,0.068135
7429,14158,0.145179
7429,16595,0.067825
7429,13834,0.095372
7430,15681,0.622065
7431,13305,0.173113
7431,13303,0.13232
7432,19335,0.19342
7432,21370,0.195042
7433,16498,0.625382
7434,19337,0.348098
7434,22605,0.117176
7435,15016,0.719709
7436,17360,0.110061
7436,17483,0.099411
7436,20812,0.235492
7436,21425,0.172193
7437,18820,0.384109
7438,17286,0.051455
7438,13376,0.174827
7438,22263,0.061092
7439,15797,0.115046
7440,13428,0.339083
7441,13542,0.320024
7442,19347,0.364594
7443,19349,0.451385
7444,19350,0.410703
7445,13428,0.29226
7446,14163,0.235369
7446,19561,0.230815
7447,15255,0.117047
7448,19353,0.400362
7448,19643,0.110842
7449,13312,0.32451
7449,15929,0.233452
7450,13304,0.232594
7451,16493,0.652
7452,14375,0.43722
7452,19525,0.212314
7453,13861,0.620567
7454,13175,0.420635
7455,19354,0.481061
7455,21117,0.186404
7456,13290,0.34488
7457,14509,0.230882
7457,14703,0.23869
7457,13673,0.230859
7457,13781,0.103587
7458,18616,0.419575
7459,19357,0.17762
7459,19703,0.17762
7459,20689,0.127411
7460,18462,0.458429
7460,16606,0.404614
7461,19358,0.087574
7461,23064,0.083037
7461,23269,0.087577
7462,19361,0.511781
7462,18387,0.093853
7462,19301,0.143355
7463,14106,0.340364
7464,19362,0.603941
7465,19363,0.268958
7465,13437,0.082883
7466,13579,0.075124
7467,13842,0.091027
7468,19364,0.866891
7469,13230,0.089455
7470,13344,0.301839
7471,17274,0.258368
7472,17241,0.530625
7473,13517,0.264986
7474,14393,0.768332
7475,13623,0.501179
7476,15064,0.371576
7476,15930,0.144092
7477,19367,0.417081
7477,20406,0.134265
7478,19370,0.290379
7478,21708,0.208896
7479,13326,0.302262
7480,19372,0.511631
7480,21639,0.160674
7481,17693,0.085927
7481,19475,0.182607
7481,13325,0.306518
7482,14963,0.425094
7483,13583,0.084403
7484,19374,0.204763
7484,21876,0.060758
7484,22472,0.132702
7485,16083,0.055082
7486,18734,0.552993
7486,20815,0.253759
7487,13344,0.246893
7488,19376,0.144725
7488,16569,0.122074
7488,21011,0.206672
7488,22240,0.056319
7489,13165,0.484074
7490,19377,0.241098
7490,21155,0.240776
7491,17080,0.304916
7492,19378,0.184961
7492,20125,0.355198
7492,22925,0.099971
7493,13245,0.102488
7494,13583,0.183513
7495,13960,0.194902
7496,13230,0.399894
7497,18826,0.240018
7497,19571,0.108646
7497,21659,0.08262
7497,22729,0.199704
7498,13330,0.175387
7499,19380,0.32212
7500,13754,0.305325
7500,19897,0.236748
7501,19381,0.41227
7502,16508,0.485051
7502,22231,0.158906
7503,14383,0.382297
7504,16767,0.467149
7505,19382,0.570749
7506,13539,0.362174
7507,15110,0.302671
7508,17468,0.342542
7508,21651,0.342446
7509,19383,0.179856
7509,14078,0.280108
7510,19384,0.377956
7510,22777,0.349242
7511,19385,0.057056
7511,19779,0.083823
7511,13512,0.055781
7511,16145,0.134516
7511,22564,0.054673
7512,16914,0.488493
7513,13316,0.235197
7514,19387,0.185767
7515,19388,0.118945
7515,19466,0.144403
7515,21636,0.11891
7515,22365,0.06651
7516,19389,0.52889
7517,19390,0.307823
7517,14706,0.148919
7517,20307,0.125932
7517,21947,0.126016
7518,13303,0.521155
7519,19391,0.206288
7519,17877,0.151589
7519,13215,0.083336
7520,19392,0.763758
7521,14740,0.699784
7522,19394,0.190012
7522,20713,0.119163
7523,13425,0.210504
7524,13244,0.105191
7525,13176,0.089654
7526,13583,0.353409
7527,19395,0.774562
7528,19396,0.310684
7529,16741,0.532436
7530,15460,0.381419
7530,19399,0.174673
7530,16138,0.174423
7531,15776,0.474845
7531,21538,0.315894
7532,13244,0.386152
7532,13245,0.281135
7533,19401,0.373418
7534,18768,0.566626
7535,14772,0.793582
7536,19403,0.286453
7536,16701,0.272287
7536,14868,0.217089
7537,13225,0.731967
7538,17878,0.132576
7538,19586,0.101586
7538,22678,0.101612
7539,13760,0.379635
7540,19404,0.096351
7541,18430,0.373679
7541,13954,0.247655
7542,14373,0.381658
7543,13760,0.061053
7544,19406,0.212206
7544,13673,0.252903
7544,14703,0.115491
7545,19407,0.733619
7546,15649,0.083603
7546,20813,0.116477
7546,14241,0.138795
7547,16328,0.123049
7547,21373,0.085434
7548,19409,0.25762
7548,20024,0.092537
7548,13291,0.074618
7549,16116,0.623086
7550,19411,0.291706
7550,19473,0.371829
7551,18213,0.117688
7551,13845,0.171648
7551,22694,0.123193
7552,17122,0.205414
7552,19944,0.324039
7552,19443,0.095449
7553,19413,0.462963
7554,15453,0.421182
7554,19415,0.088483
7555,19416,0.182932
7555,16144,0.209964
7555,22938,0.070972
7556,19417,0.145807
7556,13581,0.148702
7557,13281,0.416954
7558,19422,0.092175
7559,19423,0.524794
7559,19848,0.195388
7560,14069,0.266042
7561,19425,0.578761
7562,16328,0.303325
7563,19426,0.270425
7563,20080,0.199155
7564,16675,0.413185
7564,20151,0.131756
7564,14930,0.119508
7565,15298,0.548521
7566,17390,0.63746
7567,15036,0.282321
7568,15273,0.560149
7568,13244,0.198091
7569,13240,0.43068
7570,15637,0.137331
7571,14888,0.21443
7571,17737,0.303586
7571,13287,0.090508
7572,19429,0.335199
7572,20002,0.274007
7573,14400,0.125443
7573,14085,0.094798
7574,13732,0.273359
7575,19432,0.531283
7576,19433,0.45817
7577,19434,0.686495
7578,13356,0.436857
7578,15181,0.378992
7579,19437,0.508835
7580,19438,0.42342
7581,14740,0.215952
7582,14994,0.362968
7582,16365,0.071157
7583,16803,0.454613
7583,13506,0.170906
7584,19440,0.304513
7585,19441,0.183506
7586,13345,0.371705
7587,16326,0.336691
7588,19442,0.414155
7588,18581,0.108874
7588,22111,0.163455
7589,15286,0.600516
7590,13204,0.116325
7591,15340,0.10212
7592,17333,0.303222
7592,19907,0.325172
7593,19443,0.221866
7594,13320,0.617035
7595,15940,0.340054
7596,13217,0.267496
7597,13484,0.129442
7597,14670,0.187561
7597,19447,0.160245
7597,20616,0.08815
7597,22879,0.063373
7598,13217,0.276435
7599,15870,0.078333
7600,13425,0.354155
7601,17585,0.408402
7602,13428,0.323188
7603,13315,0.061836
7604,18460,0.229769
7604,13632,0.228818
7605,19453,0.597342
7606,19454,0.115967
7606,15725,0.066496
7606,17349,0.346518
7607,14789,0.763446
7608,17274,0.396018
7609,13496,0.112268
7610,19457,0.195052
7610,22336,0.416236
7611,19458,0.468174
7612,19460,0.373508
7613,18344,0.294207
7614,13730,0.320113
7615,19463,0.534834
7616,13973,0.281315
7617,19206,0.470227
7617,14995,0.264078
7618,19464,0.06189
7618,19916,0.146257
7618,15617,0.108531
7619,19465,0.684718
7620,15118,0.726573
7621,13583,0.404728
7622,13418,0.265853
7623,19468,0.204993
7623,20265,0.285767
7624,13742,0.18682
7625,19469,0.222687
7625,21996,0.159767
7626,13829,0.102008
7626,13523,0.172336
7627,17192,0.246114
7627,14742,0.408752
7628,19472,0.303635
7628,17116,0.210483
7628,18107,0.182784
7629,13754,0.195025
7630,13754,0.422432
7631,17441,0.184064
7632,13220,0.699423
7633,13369,0.455647
7634,16828,0.057863
7634,17065,0.086777
7634,17033,0.07861
7635,19476,0.568787
7635,23006,0.124799
7636,19477,0.230658
7636,21415,0.321412
7637,13428,0.059752
7638,13325,0.441076
7639,19479,0.203604
7640,13176,0.122547
7641,13240,0.150107
7642,13305,0.297682
7643,14698,0.257424
7644,14400,0.325563
7644,13175,0.236076
7645,19483,0.606575
7646,13226,0.360876
7647,13245,0.389895
7648,13754,0.270104
7649,13746,0.202392
7649,16373,0.077927
7650,13499,0.382324
7651,19485,0.705502
7652,19487,0.664175
7653,19488,0.478282
7654,13206,0.666661
7655,19489,0.645288
7656,14804,0.376806
7656,15540,0.252577
7657,13499,0.272646
7658,15217,0.305627
7658,20446,0.12211
7658,21484,0.055909
7659,14698,0.447255
7660,15321,0.428165
7661,13583,0.051044
7662,13209,0.128117
7662,15699,0.405643
7663,13230,0.243543
7663,13240,0.189454
7664,13239,0.398793
7664,13240,0.364416
7665,16336,0.365997
7666,19492,0.221656
7667,16532,0.470284
7667,20550,0.223438
7668,13377,0.255299
7668,14849,0.34638
7668,17820,0.10572
7669,14701,0.649128
7670,19495,0.098181
7670,23173,0.211166
7671,13226,0.286213
7672,19497,0.371418
7673,14372,0.545669
7673,13567,0.351235
7674,19499,0.691863
7675,19409,0.189321
7675,20024,0.178567
7675,13533,0.11596
7675,13493,0.090593
7676,15466,0.492461
7676,21950,0.156539
7677,15148,0.230651
7677,19628,0.14981
7677,21189,0.149768
7678,14422,0.227752
7679,13567,0.278065
7679,21562,0.152926
7680,14779,0.625905
7681,19506,0.253597
7681,22734,0.141732
7682,19507,0.134864
7682,19943,0.086085
7682,20187,0.110385
7682,20369,0.061751
7683,14420,0.293787
7683,20154,0.115303
7684,13304,0.447566
7685,19508,0.550779
7686,19510,0.717853
7687,19511,0.052533
7687,18885,0.281785
7687,21223,0.132372
7688,19512,0.478042
7689,13760,0.133721
7690,15148,0.160698
7690,14646,0.079729
7690,13209,0.173487
7690,19801,0.100675
7691,19518,0.283731
7691,19558,0.243458
7692,13244,0.160074
7693,14314,0.30723
7694,19520,0.67477
7695,16420,0.112606
7695,15617,0.127075
7696,13178,0.087529
7697,19524,0.166477
7697,17747,0.450782
7697,17186,0.132832
7698,13960,0.168782
7699,19526,0.78419
7700,19527,0.148604
7700,19906,0.214306
7700,13474,0.051855
7701,13329,0.764217
7702,19528,0.506429
7703,19529,0.146601
7703,20297,0.503804
7703,13980,0.072842
7704,13261,0.441825
7705,19531,0.432222
7705,14668,0.209666
7706,15868,0.438292
7706,14805,0.325573
7707,19533,0.306095
7707,22470,0.085319
7708,13175,0.267253
7709,18342,0.207683
7709,20618,0.186745
7710,13579,0.325791
7711,19534,0.841325
7712,19537,0.590735
7713,19538,0.406895
7713,19946,0.152195
7714,19540,0.546306
7715,18152,0.403585
7716,16011,0.074575
7716,21573,0.079073
7717,19542,0.508463
7718,16403,0.06131
7718,13478,0.361584
7719,19544,0.156581
7719,20821,0.223514
7719,21380,0.087557
7720,19547,0.771281
7721,13344,0.406297
7722,16893,0.377151
7722,18256,0.106841
7723,19549,0.527478
7724,13583,0.276634
7725,14798,0.594895
7725,14058,0.175077
7726,19551,0.087777
7726,19250,0.262097
7726,21392,0.067239
7726,15076,0.06827
7727,19552,0.637594
7728,13965,0.654225
7729,13496,0.131936
7730,19560,0.14741
7730,20241,0.523713
7731,13424,0.437
7732,14142,0.394583
7733,13418,0.463789
7734,13330,0.098222
7735,19318,0.624226
7736,17848,0.47978
7737,13499,0.285884
7738,13230,0.083562
7738,13225,0.101494
7739,19564,0.595875
7740,19565,0.648341
7741,15520,0.350772
7741,18946,0.10898
7742,13225,0.166635
7743,13227,0.227563
7744,16377,0.400267
7744,13231,0.092671
7745,15887,0.345809
7745,22524,0.161623
7746,17072,0.171279
7747,19569,0.072485
7747,18154,0.205122
7747,19595,0.183216
7748,13428,0.065279
7749,15106,0.303089
7749,22762,0.103524
7749,22803,0.089832
7750,14804,0.256122
7750,13366,0.135318
7750,16591,0.11915
7751,14805,0.163224
7751,20816,0.134348
7751,15199,0.190586
7752,19571,0.347226
7752,21329,0.161624
7752,21640,0.09517
7753,19572,0.625235
7754,19574,0.526239
7755,16656,0.370354
7755,14782,0.370381
7756,14349,0.140865
7756,18773,0.423669
7757,16159,0.669879
7758,15721,0.467305
7758,13697,0.351221
7759,13351,0.451129
7760,14828,0.158902
7760,19799,0.102868
7760,17661,0.083958
7761,19577,0.156639
7761,21251,0.112361
7761,20929,0.111699
7762,13176,0.196973
7763,19579,0.177409
7763,17445,0.177382
7763,21245,0.277907
7764,19581,0.337686
7765,15157,0.220167
7765,15615,0.41397
7765,14791,0.201812
7766,19585,0.282717
7766,19967,0.286327
7767,19587,0.281754
7767,18034,0.239237
7768,13428,0.383162
7769,19589,0.875782
7770,13229,0.102913
7771,13316,0.120392
7772,13430,0.319068
7773,19590,0.658506
7774,19591,0.370178
7775,13760,0.060063
7776,19592,0.54762
7777,13344,0.27672
7778,19596,0.555473
7779,14901,0.147399
7780,13316,0.421735
7781,16637,0.373475
7782,13967,0.066273
7782,15611,0.092554
7783,19598,0.366089
7784,15410,0.123806
7784,16116,0.122748
7784,20923,0.053208
7785,15140,0.364481
7786,19603,0.410314
7787,19604,0.117193
7787,15493,0.132961
7787,13160,0.205436
7787,22047,0.081231
7788,19605,0.647005
7789,19606,0.474997
7789,21257,0.242154
7790,17868,0.400942
7791,19609,0.678252
7792,18240,0.642816
7793,19610,0.206811
7794,13876,0.107738
7795,13848,0.334915
7796,19615,0.7609
7797,14127,0.296956
7797,16495,0.247103
7798,19617,0.28979
7798,19966,0.105768
7798,16441,0.172164
7799,16448,0.484232
7800,13418,0.338971
7801,18328,0.314869
7801,15538,0.144241
7802,19621,0.63751
7803,19623,0.166713
7804,16957,0.271691
7805,14725,0.322604
7806,15311,0.531289
7807,13760,0.171644
7808,13731,0.400688
7808,13175,0.447507
7809,15695,0.140556
7809,18379,0.332229
7810,13244,0.123016
7810,17585,0.111004
7811,19627,0.604673
7812,17227,0.435874
7813,14434,0.177127
7813,14067,0.087096
7813,20389,0.220283
7813,16862,0.099774
7814,13228,0.309283
7815,16396,0.497638
7816,14132,0.493695
7817,19630,0.364037
7818,19631,0.163263
7818,20303,0.055005
7818,20445,0.141848
7819,14995,0.547831
7819,22076,0.260813
7820,15471,0.159037
7820,17541,0.198099
7820,13483,0.272788
7821,14606,0.167114
7821,15942,0.253467
7822,19632,0.345999
7822,20030,0.201574
7823,18224,0.172838
7823,15149,0.069386
7823,16009,0.092389
7824,15699,0.337895
7825,13177,0.332888
7825,13429,0.416523
7826,19633,0.78824
7827,15984,0.292928
7827,16138,0.333981
7827,17281,0.188613
7828,19634,0.201147
7828,20754,0.281459
7829,19635,0.228166
7830,15076,0.239053
7831,19637,0.270541
7831,19638,0.295691
7831,22303,0.080481
7832,13428,0.273288
7833,16492,0.217765
7833,18507,0.200578
7834,13478,0.279403
7834,14991,0.077492
7835,16198,0.391188
7836,13244,0.079163
7837,16223,0.347083
7838,19645,0.361461
7839,13423,0.530646
7840,19646,0.476254
7840,19679,0.312816
7841,17503,0.399929
7842,17750,0.171283
7842,16159,0.377778
7843,16451,0.427674
7844,19649,0.528879
7845,19650,0.266884
7845,21578,0.103464
7845,22003,0.225925
7846,17539,0.646904
7847,19652,0.141987
7847,15698,0.160629
7848,19653,0.236367
7848,18838,0.236346
7849,14335,0.273627
7850,19654,0.106757
7851,13825,0.281999
7851,14994,0.136481
7851,13829,0.223195
7852,13583,0.129367
7853,19659,0.356087
7854,15699,0.070755
7854,15750,0.169045
7854,16769,0.184761
7855,13227,0.383581
7856,16525,0.373625
7857,13245,0.228857
7858,13245,0.770767
7859,13760,0.081652
7860,13428,0.160455
7861,16313,0.46869
7862,13240,0.086445
7863,13244,0.383361
7864,19663,0.769361
7865,19198,0.123067
7865,20052,0.184582
7866,19664,0.103493
7866,21652,0.100163
7867,15817,0.174054
7867,18801,0.429809
7867,23058,0.171351
7868,19665,0.053678
7868,19825,0.177863
7868,16883,0.050267
7868,21658,0.068116
7868,21805,0.057111
7868,16275,0.152265
7869,14162,0.266271
7869,16030,0.0597
7869,16667,0.15406
7869,22491,0.129973
7869,22834,0.056689
7870,13662,0.125834
7871,19667,0.704446
7872,13754,0.814465
7873,13290,0.33454
7874,17646,0.356148
7875,16745,0.544589
7876,19669,0.278848
7876,21396,0.114769
7877,13204,0.214345
7878,19670,0.680536
7879,13245,0.377167
7880,19671,0.325774
7880,19672,0.202712
7880,17478,0.069494
7881,19673,0.330886
7882,13241,0.255572
7883,19675,0.293626
7884,15342,0.09379
7884,15810,0.065344
7884,20254,0.130577
7884,21041,0.061905
7885,13505,0.29431
7886,13822,0.269408
7886,16459,0.177641
7886,15203,0.206952
7887,19677,0.68431
7888,15737,0.326361
7888,21178,0.06353
7888,21973,0.081973
7888,21854,0.053821
7889,13423,0.386772
7890,13260,0.322053
7891,16607,0.391224
7891,20987,0.138174
7892,15512,0.39723
7893,14860,0.44578
7894,16377,0.285233
7895,18492,0.285119
7896,17616,0.098933
7896,20859,0.125496
7896,21235,0.072164
7897,14532,0.494072
7897,14053,0.085136
7898,13296,0.419481
7898,14187,0.356793
7899,13730,0.066269
7900,18496,0.574616
7901,19685,0.681167
7902,19687,0.699957
7903,19688,0.797602
7904,19690,0.264287
7905,13442,0.313546
7906,19691,0.20276
7906,16267,0.202671
7907,13176,0.331698
7908,19692,0.068633
7908,19638,0.176665
7908,13554,0.340017
7908,21583,0.056291
7909,19693,0.839283
7910,19695,0.585209
7911,17707,0.260717
7911,20958,0.063377
7911,16636,0.116512
7912,15438,0.259749
7913,19697,0.398936
7914,19371,0.52664
7914,15540,0.30242
7915,16239,0.560905
7916,15242,0.181427
7916,21609,0.232906
7917,17227,0.094056
7918,19700,0.253901
7919,15139,0.214454
7920,13499,0.303765
7921,19701,0.895424
7922,19704,0.059651
7922,15149,0.069574
7922,20042,0.083585
7923,13412,0.42313
7923,13472,0.061617
7924,13260,0.534067
7925,13517,0.406255
7926,13754,0.180014
7927,14194,0.319359
7927,20300,0.327234
7928,17516,0.142597
7929,13424,0.421478
7930,18065,0.357901
7931,18969,0.169175
7932,19714,0.465483
7933,15298,0.412515
7934,13226,0.416372
7935,13234,0.448043
7936,14798,0.115421
7937,13426,0.180593
7937,13304,0.082648
7938,19716,0.175457
7938,14966,0.133906
7939,15620,0.403305
7940,19717,0.350046
7941,19718,0.506941
7942,18326,0.244953
7942,22514,0.132483
7942,13843,0.070762
7943,19719,0.548873
7944,19720,0.432288
7945,19722,0.634867
7946,19723,0.805635
7947,13650,0.427233
7948,13304,0.203685
7949,14901,0.09996
7950,13808,0.408662
7951,19726,0.660897
7952,19727,0.760081
7953,13584,0.070227
7954,19729,0.774198
7955,13773,0.081617
7955,13476,0.099353
7956,19732,0.310091
7957,13754,0.344087
7958,19733,0.371776
7958,23224,0.223217
7959,19735,0.10767
7959,14628,0.181143
7960,17350,0.560394
7961,15768,0.360469
7962,13835,0.284888
7963,19200,0.402743
7963,22093,0.184413
7964,19736,0.075489
7964,16279,0.088986
7965,13204,0.289323
7966,19737,0.718589
7967,17336,0.271004
7967,14828,0.234221
7967,19128,0.091189
7968,19738,0.592478
7969,13499,0.41304
7970,19739,0.52707
7971,19740,0.3532
7972,19742,0.444388
7972,20353,0.24694
7973,19743,0.318667
7974,19744,0.476572
7975,13304,0.163885
7976,13194,0.381898
7977,13304,0.051868
7978,13925,0.220279
7978,13244,0.374446
7979,13418,0.105742
7979,13227,0.087613
7980,19746,0.705711
7981,19747,0.535065
7982,19748,0.763151
7983,13578,0.37383
7984,13826,0.145739
7984,16680,0.268158
7984,20686,0.329058
7985,15317,0.734286
7986,13244,0.202602
7987,19750,0.580483
7988,19755,0.752578
7989,19756,0.223769
7989,20494,0.208505
7990,13583,0.393144
7991,13626,0.442405
7991,14372,0.373557
7992,13880,0.13918
7993,13227,0.134364
7994,19760,0.71496
7995,19761,0.811743
7996,18406,0.592862
7997,19021,0.259819
7997,14259,0.307156
7998,14814,0.395706
7999,15350,0.127152
8000,14512,0.331725
8001,13226,0.132598
8002,13586,0.354726
8003,19765,0.259207
8003,20808,0.20352
8004,19766,0.146501
8004,17039,0.206008
8004,20845,0.241142
8005,19767,0.809357
8006,14497,0.348447
8007,19769,0.643215
8008,19770,0.45008
8009,19773,0.133138
8010,13245,0.218727
8011,19776,0.580148
8012,14175,0.250259
8012,13640,0.313699
8012,13827,0.278043
8013,19777,0.330989
8014,15245,0.119915
8014,14481,0.405866
8014,13256,0.178633
8015,13654,0.619155
8016,13218,0.072402
8017,17662,0.500938
8018,19780,0.557267
8019,19781,0.274814
8019,22758,0.17808
8020,13305,0.285564
8020,13303,0.28339
8021,13967,0.426719
8022,13428,0.111532
8023,13428,0.174277
8024,13808,0.171158
8025,16569,0.688169
8026,14636,0.491031
8027,13175,0.329622
8028,19787,0.155589
8028,21903,0.166747
8029,19788,0.486231
8030,13176,0.538867
8031,19789,0.188743
8031,13752,0.099105
8031,18820,0.222947
8031,15557,0.086391
8032,13239,0.238485
8032,13175,0.140272
8033,19790,0.705676
8034,17222,0.709235
8035,13175,0.231935
8036,13244,0.125502
8037,19792,0.308048
8038,13244,0.200192
8039,13424,0.159596
8040,19793,0.701186
8041,19795,0.887605
8042,13760,0.364955
8043,13550,0.231974
8043,14657,0.390414
8044,14006,0.161053
8045,13418,0.212167
8046,14811,0.474961
8047,19797,0.21888
8047,21270,0.417061
8048,16138,0.556333
8049,13303,0.183163
8050,13730,0.182033
8051,13315,0.297146
8052,19798,0.273364
8053,13407,0.472272
8053,15324,0.359087
8054,19802,0.588134
8055,19803,0.211454
8055,20632,0.087778
8055,19804,0.082085
8055,21784,0.100947
8055,13594,0.054403
8055,13929,0.09832
8056,14797,0.384187
8057,19807,0.22803
8057,14085,0.353013
8058,17233,0.66109
8059,18073,0.742581
8060,13428,0.219159
8061,19810,0.558989
8062,17940,0.120685
8062,15524,0.105748
8062,14912,0.193558
8062,16629,0.11994
8063,13428,0.233037
8064,13244,0.205652
8065,19811,0.500938
8066,19812,0.056016
8066,19813,0.262464
8067,19814,0.431591
8068,19815,0.647517
8069,19817,0.602758
8070,19819,0.538211
8071,13435,0.369621
8072,15245,0.396566
8073,13245,0.386063
8074,13330,0.542458
8075,19821,0.350761
8075,21492,0.304127
8076,19215,0.535427
8077,14038,0.092221
8077,16159,0.142736
8077,15211,0.074064
8078,13586,0.203699
8079,14014,0.552493
8080,19824,0.663181
8081,14693,0.372582
8081,18660,0.07692
8081,15886,0.187764
8082,19826,0.348851
8083,13869,0.426259
8084,19827,0.271664
8085,19829,0.223778
8085,14224,0.22351
8086,16499,0.328818
8087,14930,0.18062
8088,15483,0.126522
8089,19831,0.15816
8089,20167,0.220722
8090,19834,0.574735
8091,19835,0.451687
8092,13960,0.238416
8093,13260,0.678157
8094,13457,0.259277
8094,13773,0.150083
8094,17575,0.067243
8095,13240,0.352907
8096,19837,0.821963
8097,14798,0.067109
8098,13584,0.389955
8099,13329,0.28277
8100,15817,0.505971
8100,20910,0.082864
8100,21615,0.070155
8101,19840,0.189698
8102,13517,0.422371
8103,13755,0.383564
8104,13476,0.109159
8105,19841,0.147258
8105,19911,0.315489
8106,19843,0.43364
8107,19844,0.63987
8108,19845,0.682395
8109,13166,0.628111
8110,19846,0.617855
8111,19847,0.267456
8111,21053,0.086478
8111,20262,0.073886
8111,19401,0.105387
8111,17853,0.076094
8112,19850,0.270958
8113,16758,0.210325
8114,13598,0.096443
8114,16637,0.165545
8114,13442,0.160029
8115,19853,0.279523
8116,15258,0.250329
8117,19854,0.404328
8117,19855,0.218526
8118,19856,0.454094
8119,17510,0.290998
8120,17252,0.232531
8121,13925,0.238996
8122,13505,0.16559
8123,13305,0.310572
8124,19857,0.336944
8125,19858,0.356279
8126,19859,0.577277
8127,17896,0.206974
8127,18079,0.194114
8128,13303,0.227412
8129,13424,0.22244
8130,19861,0.434822
8130,15565,0.202293
8131,19862,0.075328
8132,19863,0.247002
8132,19899,0.071177
8132,20512,0.119752
8133,19866,0.762086
8134,19868,0.345961
8134,21167,0.181645
8135,19869,0.461102
8135,20613,0.244745
8136,19870,0.21741
8136,19871,0.395154
8137,16827,0.148658
8138,19872,0.186393
8138,13797,0.060342
8139,19873,0.739946
8140,19874,0.786514
8141,17494,0.649235
8142,19878,0.670121
8143,19879,0.062438
8144,13347,0.102093
8145,13245,0.334841
8146,14607,0.337355
8147,14817,0.300613
8147,18656,0.122659
8148,14273,0.096415
8148,20065,0.062489
8148,17940,0.065877
8149,19884,0.682745
8150,18406,0.764778
8151,19885,0.820981
8152,17682,0.119556
8152,14735,0.192052
8153,14883,0.068913
8154,19887,0.085977
8154,20977,0.070209
8154,19185,0.209884
8155,19888,0.071105
8155,18145,0.063615
8155,19894,0.08812
8155,16091,0.064662
8155,20802,0.054922
8155,21798,0.100334
8155,23225,0.055743
8156,19889,0.198031
8156,22297,0.162199
8157,13448,0.171026
8157,22568,0.173612
8158,19890,0.27731
8159,13542,0.44621
8160,15680,0.312313
8161,19895,0.206373
8162,18620,0.425792
8163,19896,0.53649
8164,14566,0.424433
8165,19645,0.541568
8166,13583,0.544444
8167,16815,0.224473
8168,19897,0.503161
8169,13975,0.594361
8170,13478,0.147081
8170,18127,0.370038
8170,22090,0.065335
8171,16537,0.323871
8172,14722,0.245593
8173,15417,0.103759
8173,17405,0.062701
8174,19901,0.635594
8175,19117,0.410866
8176,14023,0.300803
8176,15872,0.224397
8176,13294,0.093267
8177,13209,0.26506
8177,13626,0.305041
8178,14817,0.115059
8179,17571,0.327702
8180,19902,0.344469
8181,13974,0.471331
8182,13754,0.38532
8183,19168,0.133063
8183,23119,0.092803
8184,19905,0.568139
8185,13226,0.107338
8186,14767,0.22492
8186,14777,0.290277
8186,21154,0.077474
8187,19908,0.586822
8188,13217,0.300016
8189,19912,0.49936
8190,13217,0.48166
8191,13228,0.157822
8192,19918,0.061706
8192,16979,0.150071
8192,14113,0.088558
8192,20992,0.147703
8192,13683,0.104347
8192,14579,0.074737
8193,15436,0.713133
8194,13517,0.114176
8195,19919,0.835497
8196,13428,0.06371
8197,13226,0.149817
8198,13581,0.319822
8199,14393,0.560818
8200,14628,0.414137
8201,17594,0.576965
8202,14349,0.616121
8203,19923,0.621409
8204,19924,0.280458
8205,19003,0.609625
8206,19928,0.57128
8207,19929,0.065457
8208,13260,0.470451
8209,16819,0.470695
8210,19930,0.235812
8211,19932,0.275331
8211,21736,0.102501
8212,19933,0.615982
8213,13428,0.148292
8214,15910,0.243108
8215,13745,0.259302
8216,14479,0.180378
8216,16439,0.176893
8217,13796,0.051928
8218,13225,0.058514
8219,13344,0.126633
8220,14774,0.548596
8221,19937,0.628786
8222,16225,0.337561
8223,13499,0.332366
8224,19942,0.612487
8225,13499,0.45709
8226,13579,0.226765
8226,13303,0.084518
8227,19947,0.69239
8228,17274,0.140434
8229,19949,0.561027
8230,16676,0.345093
8231,19952,0.573377
8232,14155,0.364521
8233,19044,0.34419
8233,19052,0.16651
8234,13227,0.123074
8235,13754,0.233669
8236,19956,0.220204
8237,13304,0.132601
8238,19959,0.154912
8238,16042,0.080549
8238,17903,0.05207
8239,19960,0.237552
8240,19961,0.401432
8241,19962,0.730217
8242,13290,0.310848
8243,19963,0.129521
8244,18769,0.071823
8245,19964,0.772463
8246,13290,0.053581
8247,13407,0.369308
8247,20407,0.206573
8248,19965,0.85467
8249,13539,0.369975
8249,19467,0.360238
8250,15118,0.447159
8251,13204,0.068627
8252,16135,0.341755
8252,14089,0.508641
8253,13760,0.116222
8254,13245,0.699263
8255,13579,0.281228
8256,19970,0.053386
8256,15898,0.058146
8257,13970,0.607468
8258,13497,0.137016
8259,19971,0.355024
8259,20235,0.295732
8260,14351,0.718309
8261,19974,0.534233
8262,19977,0.27432
8262,14331,0.1919
8263,13315,0.22393
8264,13316,0.346764
8265,13218,0.127538
8265,13746,0.246762
8266,19979,0.385677
8267,19982,0.446344
8268,17228,0.138792
8269,19985,0.529374
8270,19775,0.196837
8270,13646,0.11482
8270,15643,0.187571
8271,19986,0.467617
8272,13240,0.327601
8273,13431,0.104968
8273,13354,0.115408
8273,14739,0.262919
8273,13235,0.223716
8274,15637,0.108959
8274,13180,0.540082
8275,18468,0.399463
8276,14023,0.349061
8277,19988,0.056522
8277,14694,0.26759
8277,22095,0.192179
8278,13175,0.362066
8278,13731,0.181985
8279,19989,0.530324
8280,19990,0.374889
8280,23193,0.176037
8281,19991,0.752491
8282,14498,0.387116
8283,14959,0.058847
8283,17658,0.127236
8283,15366,0.080001
8283,20343,0.131084
8284,16198,0.425954
8285,14498,0.317464
8286,16436,0.419524
8287,19992,0.283065
8288,15482,0.475757
8289,17914,0.136891
8289,13593,0.148707
8289,15009,0.07765
8290,13622,0.289503
8291,13175,0.25568
8292,13789,0.145099
8292,20227,0.130891
8292,21482,0.096083
8293,18240,0.392969
8294,13305,0.257278
8294,13303,0.2787
8295,17278,0.234552
8295,20852,0.500295
8296,19996,0.662467
8297,19997,0.625925
8298,19999,0.354783
8299,13732,0.31144
8300,13428,0.377706
8301,13240,0.377024
8302,13960,0.253919
8303,16381,0.31092
8304,20004,0.199626
8304,21701,0.27831
8305,13886,0.275769
8306,19376,0.208844
8306,20006,0.218253
8307,15038,0.310023
8307,13372,0.477013
8308,15345,0.424321
8308,15343,0.286961
8309,16207,0.110324
8310,14128,0.309057
8310,14011,0.207827
8310,14681,0.270033
8311,14715,0.168017
8311,18599,0.263603
8312,14033,0.189482
8312,20009,0.222593
8312,19954,0.184477
8313,20010,0.625722
8314,13218,0.221421
8315,13852,0.267269
8316,13578,0.124672
8316,14784,0.188223
8316,14118,0.294799
8317,14900,0.792845
8318,20012,0.793284
8319,15103,0.553592
8320,20013,0.407947
8321,19481,0.626906
8322,20014,0.352001
8322,20737,0.298123
8323,14549,0.434117
8324,13194,0.282482
8325,13261,0.113808
8326,18111,0.394604
8326,17388,0.18665
8327,14875,0.413881
8328,20015,0.57711
8329,13734,0.363862
8330,14088,0.441435
8331,20017,0.153413
8331,15164,0.210134
8332,20018,0.301583
8333,15048,0.341943
8333,17476,0.16288
8334,14295,0.56014
8335,13946,0.149197
8335,17549,0.148359
8335,21888,0.107006
8336,20022,0.384313
8337,20023,0.120367
8337,22954,0.167584
8338,18288,0.119414
8338,14938,0.199404
8338,14230,0.182578
8339,17447,0.448591
8339,22970,0.13111
8340,13425,0.086598
8340,13176,0.085288
8341,15861,0.378649
8342,13730,0.264179
8343,20026,0.125184
8343,14895,0.1279
8343,22440,0.097554
8344,20028,0.547635
8345,19128,0.152691
8346,13303,0.182165
8346,13305,0.221368
8347,15317,0.431114
8348,20031,0.051142
8349,20032,0.693246
8350,20033,0.798495
8351,20034,0.476953
8352,20035,0.5318
8353,18231,0.247239
8353,21580,0.178826
8354,13447,0.300671
8354,13782,0.12336
8355,18232,0.254743
8356,16403,0.376476
8357,13574,0.616996
8358,18685,0.111791
8358,21206,0.106252
8358,18524,0.100974
8358,22439,0.111795
8359,20040,0.250441
8359,20437,0.183862
8359,22662,0.084182
8360,20041,0.520211
8361,18917,0.088951
8361,20420,0.212465
8361,21699,0.113874
8362,20043,0.651942
8363,19117,0.884694
8364,13244,0.507705
8365,13842,0.080531
8366,13330,0.336375
8367,13239,0.214242
8368,13240,0.434815
8369,13241,0.48508
8370,20047,0.611555
8371,20048,0.12807
8371,17902,0.144836
8371,19625,0.129173
8372,20050,0.571686
8373,20051,0.227763
8373,20782,0.227767
8374,20052,0.510913
8375,20056,0.32463
8376,15703,0.275921
8376,20439,0.097232
8376,14444,0.096008
8377,13240,0.238265
8378,13662,0.196416
8379,13260,0.353922
8380,13731,0.117221
8381,13228,0.256787
8382,13228,0.266103
8383,15140,0.149624
8384,13430,0.224428
8385,15089,0.356668
8385,18834,0.279481
8386,20059,0.733088
8387,19249,0.180696
8388,20060,0.384871
8389,20061,0.588198
8390,20062,0.338514
8390,20063,0.3369
8391,15349,0.407672
8392,20066,0.538324
8393,13217,0.299602
8393,20067,0.131936
8394,20069,0.129306
8394,13871,0.129077
8394,22948,0.07837
8395,17413,0.198932
8395,17359,0.338467
8396,13244,0.06377
8397,13317,0.280702
8398,14858,0.242007
8399,20071,0.058037
8399,17474,0.105683
8400,20072,0.168182
8400,20392,0.131048
8400,14819,0.202712
8401,20074,0.617469
8402,13317,0.219259
8403,20075,0.365087
8404,20076,0.145353
8404,16312,0.134883
8405,17585,0.186969
8406,13244,0.485757
8407,16225,0.412245
8407,15394,0.17153
8408,20081,0.258495
8409,20083,0.515854
8410,20084,0.26845
8410,20085,0.374251
8411,20086,0.325283
8411,20204,0.32528
8412,20088,0.601583
8413,20014,0.186115
8413,13333,0.102004
8414,18975,0.55847
8415,14434,0.333838
8415,14254,0.205691
8415,14302,0.173883
8416,20092,0.228098
8416,22757,0.317509
8417,13442,0.307328
8418,20093,0.051019
8418,16981,0.052065
8419,20094,0.197723
8419,22424,0.150752
8420,16938,0.654933
8421,20096,0.702241
8422,13240,0.328115
8423,20097,0.244945
8424,13428,0.211722
8425,13305,0.440398
8426,14634,0.087718
8426,14333,0.194174
8427,20098,0.253452
8427,23084,0.190388
8428,17024,0.096271
8429,15372,0.542602
8430,20099,0.393634
8431,13429,0.107054
8431,20101,0.10703
8431,13244,0.077373
8432,13305,0.357793
8433,14193,0.292582
8433,20489,0.109325
8434,15111,0.43618
8435,15877,0.428191
8436,20102,0.658836
8437,20103,0.301104
8438,20104,0.257357
8439,14877,0.522291
8440,20107,0.415479
8441,20108,0.57635
8442,17082,0.301336
8443,14457,0.309447
8444,13178,0.135444
8445,18574,0.071287
8445,20245,0.085562
8445,21765,0.254921
8446,20109,0.422739
8446,13295,0.379517
8447,17747,0.59846
8448,20110,0.185318
8449,13425,0.462023
8450,15480,0.27746
8451,20113,0.171468
8452,13240,0.353098
8453,20114,0.550713
8454,13442,0.181585
8455,17616,0.598257
8456,16815,0.483893
8457,13730,0.14914
8458,18201,0.322856
8459,14051,0.171041
8459,20116,0.303996
8460,20117,0.400519
8461,20118,0.342152
8461,23218,0.090943
8462,20120,0.169135
8463,20122,0.600774
8464,15311,0.423231
8464,22763,0.127251
8465,13236,0.897331
8466,13760,0.051582
8467,19512,0.537243
8468,13204,0.183693
8469,20129,0.826751
8470,15032,0.056886
8471,20130,0.849463
8472,20131,0.240802
8473,13992,0.301583
8473,18718,0.402467
8474,15296,0.118215
8474,13250,0.223861
8475,15105,0.221547
8476,20132,0.356932
8477,20135,0.771055
8478,13691,0.183293
8478,13609,0.158465
8479,19954,0.599231
8480,20137,0.848614
8481,18635,0.359777
8482,20140,0.180895
8482,21980,0.102714
8482,22453,0.133581
8483,13175,0.21335
8484,20141,0.482342
8485,20142,0.157209
8485,18083,0.15961
8486,20143,0.350148
8486,18374,0.335739
8487,20144,0.376189
8488,20145,0.544574
8489,20149,0.55732
8489,21039,0.100714
8490,13499,0.401543
8491,20150,0.280865
8492,13599,0.216237
8493,15292,0.450564
8494,16279,0.147467
8494,17391,0.216915
8495,19076,0.373128
8495,21961,0.191065
8495,22427,0.092066
8496,20151,0.25632
8497,20153,0.73662
8498,20156,0.743039
8499,17014,0.506535
8499,17645,0.206557
8500,16168,0.724847
8501,13176,0.074093
8502,20161,0.352805
8503,13526,0.313226
8504,14307,0.262362
8505,13430,0.301185
8506,13230,0.233907
8507,20164,0.140677
8507,15594,0.498023
8508,20166,0.55484
8509,15745,0.33696
8510,20167,0.333547
8511,14307,0.246545
8511,22174,0.071638
8512,13244,0.65464
8513,18900,0.371137
8513,22589,0.266908
8514,19982,0.505426
8515,17932,0.432886
8516,20170,0.186396
8516,15042,0.228877
8517,20171,0.170013
8517,13383,0.061213
8518,20172,0.162569
8518,17021,0.292831
8518,14636,0.283121
8519,18176,0.273444
8519,14366,0.272963
8520,15915,0.633076
8521,13244,0.245566
8521,22364,0.10382
8522,13176,0.443878
8523,20175,0.299345
8524,14869,0.062882
8525,13240,0.421778
8526,20178,0.125718
8526,20281,0.12655
8526,23075,0.090902
8527,16296,0.626646
8528,13260,0.223684
8529,13303,0.18587
8530,20181,0.185524
8531,16916,0.492231
8531,20950,0.061677
8532,20183,0.063645
8532,20595,0.091748
8532,16045,0.098138
8533,20184,0.064351
8533,20188,0.257126
8534,20185,0.166211
8534,20186,0.142463
8535,20189,0.380187
8535,13295,0.279694
8535,13193,0.172289
8536,13217,0.363673
8537,14491,0.369771
8537,15400,0.305431
8538,13316,0.324075
8538,20191,0.274435
8539,13316,0.185987
8540,20195,0.155064
8540,13784,0.105448
8541,14365,0.699693
8542,15964,0.330946
8543,20198,0.686157
8544,20199,0.437902
8545,14143,0.416056
8546,14322,0.12308
8547,14503,0.231133
8548,14322,0.487096
8549,13304,0.058769
8550,20200,0.160378
8551,20201,0.056113
8551,17259,0.189488
8551,20931,0.072879
8551,22075,0.063507
8552,19549,0.210445
8553,17274,0.728554
8554,20205,0.880468
8555,20206,0.473005
8556,20208,0.6889
8557,13244,0.605782
8558,13250,0.103042
8558,13744,0.07279
8559,20209,0.395577
8559,21616,0.15336
8560,15296,0.200314
8561,20210,0.457641
8562,20211,0.321239
8563,20212,0.128669
8563,22474,0.08748
8564,13742,0.172469
8565,16927,0.836298
8566,18620,0.149769
8567,20214,0.063404
8567,20215,0.133654
8567,20694,0.224137
8567,18737,0.070519
8568,16872,0.055724
8569,14722,0.239695
8570,20218,0.183416
8571,13418,0.411125
8572,13241,0.160088
8573,13175,0.310355
8574,14712,0.400744
8575,19174,0.071183
8575,20624,0.24907
8575,14341,0.078832
8575,22384,0.073837
8575,18914,0.073871
8576,15298,0.293984
8577,18917,0.400454
8578,18065,0.382197
8578,23021,0.141739
8579,13742,0.294531
8580,16101,0.270217
8580,17203,0.07361
8580,13668,0.149712
8581,20219,0.632595
8582,13755,0.185274
8583,20221,0.632859
8584,20222,0.462526
8585,14401,0.197036
8586,20224,0.349714
8586,20313,0.150912
8586,13257,0.105434
8587,20226,0.305893
8587,23080,0.196283
8588,20230,0.523257
8589,20231,0.333958
8590,13754,0.529662
8591,13326,0.057502
8592,18308,0.119429
8593,14023,0.475819
8594,20232,0.270577
8594,20233,0.410432
8595,20236,0.454981
8596,13583,0.41752
8597,20237,0.434004
8598,20238,0.523317
8599,13217,0.656808
8600,13552,0.432518
8600,14657,0.429258
8601,13302,0.235746
8602,14307,0.059797
8603,20239,0.36084
8604,20240,0.268144
8605,20242,0.65901
8606,20243,0.187854
8606,16109,0.323227
8607,13583,0.575885
8608,20244,0.659417
8609,17830,0.168923
8610,20247,0.468883
8611,20248,0.65688
8612,13330,0.318081
8613,13925,0.616747
8614,17336,0.076377
8614,15576,0.06053
8614,16100,0.122421
8614,22578,0.116974
8615,19864,0.45651
8616,13744,0.253156
8616,13250,0.094071
8617,18286,0.34613
8618,20250,0.582978
8619,13501,0.373613
8620,20252,0.7983
8621,20255,0.310165
8621,21072,0.293376
8621,21105,0.094119
8622,14901,0.223702
8623,14109,0.202706
8623,13645,0.372703
8624,13583,0.06495
8625,20256,0.53961
8626,20258,0.518231
8627,20260,0.289532
8628,13663,0.136474
8629,13240,0.200817
8630,20261,0.194972
8631,16078,0.428496
8632,17168,0.247172
8633,20264,0.16337
8633,17527,0.209653
8634,14885,0.180147
8634,15311,0.17952
8634,13525,0.113446
8635,13731,0.810288
8636,13428,0.095728
8637,13228,0.203981
8638,20265,0.303243
8639,20267,0.23313
8639,15461,0.106514
8640,17790,0.276032
8641,20268,0.197468
8641,13294,0.130146
8642,20270,0.126559
8642,16074,0.144789
8642,20569,0.072672
8642,19710,0.081173
8643,13308,0.276534
8643,21979,0.210155
8644,20272,0.476304
8645,20273,0.269505
8645,21365,0.090268
8646,13730,0.524922
8647,18909,0.197677
8648,20275,0.676444
8649,13175,0.179287
8650,14627,0.117227
8650,22956,0.117293
8650,13600,0.125187
8650,23180,0.116213
8651,20276,0.488248
8652,20280,0.269098
8653,20283,0.656535
8654,13499,0.057404
8655,20285,0.060679
8656,13423,0.473744
8657,13244,0.054903
8657,13925,0.061101
8658,20286,0.545833
8659,20287,0.407303
8660,13824,0.084664
8660,14945,0.077364
8660,14889,0.09113
8660,13691,0.052768
8661,18209,0.335166
8661,22241,0.172838
8662,20290,0.218909
8662,14226,0.283118
8663,13175,0.274358
8664,20293,0.139136
8664,17822,0.385197
8664,21843,0.23133
8665,20294,0.372043
8665,20631,0.233957
8666,20297,0.4742
8666,15820,0.30392
8667,14671,0.244441
8667,17037,0.160982
8668,13227,0.168524
8668,14142,0.217493
8669,20299,0.621032
8670,13430,0.193099
8671,14041,0.398747
8672,13228,0.285807
8673,13175,0.221682
8674,19460,0.393608
8675,20304,0.65628
8676,13346,0.587338
8677,15398,0.474432
8677,14549,0.306677
8678,17682,0.385667
8678,16532,0.091001
8679,19620,0.138434
8680,20309,0.052274
8680,20671,0.058634
8680,15131,0.337929
8681,20310,0.24406
8682,20311,0.53384
8683,13240,0.055414
8684,13304,0.223651
8685,20314,0.661443
8686,13522,0.477759
8687,13217,0.555936
8687,20067,0.190533
8688,13428,0.43593
8689,13260,0.449546
8690,14373,0.238828
8691,20316,0.073765
8691,18544,0.219437
8692,20318,0.168382
8692,14972,0.213767
8693,13425,0.259271
8694,13745,0.399998
8695,13347,0.159845
8696,14174,0.336725
8697,13228,0.4147
8698,15103,0.435008
8699,13429,0.157243
8700,13204,0.122278
8701,20323,0.16037
8701,15405,0.381253
8701,21154,0.16305
8702,20324,0.063065
8703,20325,0.250885
8704,20326,0.640142
8705,20328,0.32224
8705,20767,0.32223
8706,16471,0.212486
8706,13824,0.174942
8706,14806,0.120636
8707,20330,0.726344
8708,20331,0.687555
8709,20332,0.438993
8710,14410,0.317795
8710,22218,0.09441
8711,13583,0.446023
8712,18025,0.272099
8712,13733,0.216603
8713,14025,0.417677
8714,13177,0.113983
8715,13484,0.189352
8715,14945,0.117232
8716,13256,0.179111
8716,16090,0.294181
8716,15245,0.093268
8717,13497,0.231175
8718,13583,0.214868
8719,20336,0.473013
8720,14883,0.292085
8721,20338,0.568345
8722,13657,0.226842
8723,20339,0.791426
8724,20340,0.710891
8725,19190,0.488252
8726,13689,0.551864
8727,13302,0.252332
8727,15249,0.100997
8727,18534,0.107166
8727,14020,0.067882
8727,13856,0.051392
8727,16344,0.068105
8728,15870,0.870466
8729,19625,0.474974
8729,16845,0.186411
8730,14143,0.412527
8731,20343,0.380274
8731,15366,0.36644
8732,20344,0.158149
8733,20345,0.42299
8733,22385,0.236445
8734,13755,0.341612
8735,13244,0.275304
8736,13424,0.563131
8737,13586,0.137053
8738,13317,0.311954
8739,13744,0.23048
8740,20347,0.607577
8741,20348,0.329141
8742,20349,0.490469
8743,20350,0.455457
8744,20351,0.499557
8745,13304,0.434561
8746,15861,0.309218
8747,20354,0.473036
8748,13734,0.355756
8749,13744,0.311891
8749,13329,0.058776
8750,13430,0.250391
8751,20355,0.282234
8751,21772,0.252254
8752,14045,0.296778
8753,15140,0.086227
8753,16187,0.0642
8754,13418,0.27821
8755,20357,0.540626
8756,20358,0.183991
8756,21071,0.344773
8757,16392,0.218524
8758,16392,0.267793
8759,13497,0.279831
8760,13767,0.072843
8760,17434,0.423014
8761,14143,0.24574
8762,20216,0.304352
8763,20360,0.540276
8764,20361,0.243441
8764,16998,0.18941
8765,13226,0.223313
8766,16896,0.40218
8767,13842,0.323751
8768,18409,0.307685
8769,20363,0.501047
8770,13239,0.244495
8771,20364,0.378992
8772,19601,0.246117
8772,17409,0.161518
8773,20365,0.370046
8774,20366,0.373022
8775,16403,0.239594
8775,21001,0.206286
8776,20371,0.133259
8776,20887,0.290939
8776,14481,0.181404
8777,13428,0.364088
8778,18215,0.537293
8779,20377,0.682933
8780,19979,0.197205
8780,22324,0.087774
8781,20379,0.616819
8782,20380,0.293024
8782,17232,0.283526
8783,20382,0.170532
8783,16883,0.101762
8783,20893,0.076267
8783,20094,0.192102
8784,20383,0.476753
8785,20384,0.426101
8786,13225,0.351151
8787,13377,0.584466
8788,20386,0.534032
8789,14935,0.254952
8790,20387,0.453877
8791,13911,0.072123
8792,20388,0.53959
8793,13523,0.184928
8793,21847,0.160873
8793,14398,0.127781
8794,13344,0.405299
8795,13442,0.265338
8795,13227,0.265596
8796,13425,0.09615
8797,20391,0.266053
8797,21882,0.400751
8798,13303,0.357078
8799,13230,0.156325
8800,15518,0.354932
8800,13581,0.075685
8801,15518,0.231942
8802,16021,0.614713
8803,14073,0.416927
8803,13889,0.404063
8804,13347,0.316919
8805,13842,0.385198
8806,17816,0.332462
8807,20399,0.541187
8808,20400,0.146345
8809,13517,0.21633
8809,15286,0.175477
8810,16868,0.824203
8811,20402,0.357965
8811,17856,0.274509
8812,15049,0.409167
8812,16057,0.278817
8813,14875,0.318453
8814,13584,0.322604
8815,20403,0.793775
8816,16341,0.310699
8817,13230,0.190443
8817,13304,0.285515
8818,14544,0.137349
8818,21448,0.19159
8819,20408,0.500553
8820,20409,0.620275
8821,20410,0.608627
8822,20271,0.371585
8822,15183,0.314337
8823,20411,0.399443
8824,18142,0.621419
8825,20412,0.356504
8826,13214,0.26771
8826,17540,0.098257
8827,16702,0.214666
8828,13586,0.291493
8829,20414,0.442854
8830,20415,0.358445
8831,20418,0.069955
8831,20419,0.06738
8831,13291,0.059309
8831,22902,0.069958
8832,20421,0.132503
8832,22544,0.160467
8832,23049,0.110751
8833,20422,0.860298
8834,13176,0.333621
8835,13579,0.436946
8836,20423,0.59444
8837,13732,0.402536
8838,20424,0.784958
8839,20425,0.386176
8840,17658,0.261498
8841,13244,0.141608
8842,20426,0.19545
8842,18967,0.50285
8843,13581,0.359641
8844,13344,0.18879
8845,13316,0.357432
8846,16073,0.477848
8846,20603,0.183572
8847,15222,0.257429
8847,15074,0.192862
8848,15032,0.196481
8849,14368,0.192806
8850,20428,0.352886
8851,13748,0.33929
8852,20430,0.333995
8853,13304,0.393801
8854,13317,0.359407
8855,20431,0.582306
8856,13228,0.25242
8857,15357,0.119047
8857,17090,0.359066
8857,21394,0.085625
8858,13244,0.120452
8859,14644,0.288284
8860,13243,0.289208
8861,20434,0.235141
8862,13347,0.774617
8863,19955,0.417813
8864,20436,0.066975
8864,21773,0.079432
8865,13230,0.812149
8866,14236,0.349798
8867,18687,0.412535
8867,15272,0.106213
8868,19549,0.051704
8869,20440,0.768093
8870,13418,0.589792
8871,13290,0.137316
8872,13218,0.107208
8873,13734,0.064638
8874,18201,0.317483
8875,20442,0.795722
8876,13744,0.221392
8876,13925,0.212926
8876,13250,0.246533
8877,20443,0.355383
8877,15476,0.433892
8878,20444,0.122066
8878,14807,0.166695
8879,13175,0.133959
8880,13245,0.420622
8881,13244,0.342991
8882,13239,0.339867
8883,17359,0.406983
8883,18358,0.374645
8884,20447,0.308868
8884,21046,0.237571
8885,20448,0.235433
8886,20449,0.082912
8886,21440,0.142967
8886,17371,0.070713
8887,13260,0.686646
8888,13732,0.255432
8889,20450,0.738233
8890,19156,0.26516
8891,13496,0.242807
8891,13175,0.057598
8892,20452,0.684826
8893,20453,0.461774
8894,13428,0.062201
8895,15948,0.625648
8896,18502,0.584784
8897,13581,0.532247
8898,20455,0.716027
8899,20456,0.455532
8900,20459,0.682432
8901,13426,0.164409
8902,14498,0.413458
8903,20460,0.43845
8904,20461,0.595547
8905,20462,0.266122
8906,20464,0.374297
8907,13230,0.291773
8907,13240,0.210586
8908,20465,0.636888
8909,20466,0.540451
8909,20610,0.129884
8910,20468,0.120781
8910,15321,0.165135
8910,21743,0.07309
8910,22885,0.056964
8911,13175,0.101282
8912,20469,0.665383
8913,18034,0.118894
8913,13777,0.453495
8914,20470,0.678485
8915,13305,0.282423
8916,15339,0.807807
8917,20471,0.161951
8917,14109,0.174502
8918,20472,0.188833
8919,13305,0.445392
8920,16396,0.092986
8921,20476,0.450435
8922,13496,0.071106
8923,18474,0.628038
8924,13499,0.084436
8925,20477,0.215051
8926,20478,0.453531
8927,20479,0.56512
8928,20481,0.442061
8929,14407,0.28138
8930,13230,0.139788
8931,13260,0.210885
8932,13418,0.099644
8933,13226,0.144796
8933,13225,0.182548
8934,20483,0.719654
8935,20484,0.676937
8936,20485,0.115406
8936,22308,0.078395
8936,21580,0.064784
8937,20486,0.292331
8938,20487,0.416932
8939,20488,0.680481
8940,13261,0.370298
8941,13245,0.117667
8942,13302,0.679706
8943,20491,0.343623
8943,22626,0.26778
8944,13552,0.470874
8944,14035,0.192342
8945,13418,0.364376
8946,13241,0.164267
8947,14716,0.413021
8947,17878,0.189153
8948,17594,0.305755
8949,14307,0.120622
8950,20494,0.245989
8951,14984,0.285082
8952,18331,0.577677
8953,14181,0.392493
8954,13418,0.397902
8955,13423,0.403456
8956,13244,0.389392
8957,15615,0.463938
8957,15927,0.316757
8958,19637,0.318205
8959,20498,0.525919
8960,13315,0.116786
8961,14566,0.451758
8961,14332,0.337949
8962,20499,0.080949
8962,23015,0.095738
8963,20500,0.104996
8963,20906,0.161502
8963,22574,0.176709
8964,16611,0.060968
8965,20503,0.527962
8966,20169,0.123031
8966,20800,0.31162
8967,13218,0.258337
8968,20504,0.378787
8968,15398,0.104834
8968,22360,0.100709
8969,17225,0.270187
8969,17739,0.270141
8970,20505,0.584537
8971,20316,0.288953
8972,20506,0.458891
8973,17895,0.403616
8974,13244,0.334369
8974,13925,0.29179
8975,19205,0.22463
8976,20017,0.443336
8977,13633,0.376135
8978,20510,0.262131
8978,21296,0.296909
8979,20513,0.325778
8979,13440,0.135193
8980,20514,0.090895
8981,14816,0.291551
8982,13430,0.358771
8983,20517,0.395358
8984,20518,0.3418
8985,20521,0.443185
8986,20522,0.715071
8987,20523,0.181529
8987,22073,0.1788
8988,13806,0.176909
8989,13491,0.154395
8989,15843,0.441331
8990,14738,0.261114
8990,21957,0.18746
8991,20527,0.744698
8992,14277,0.192181
8992,17936,0.222802
8993,15198,0.400235
8993,13431,0.241349
8993,14739,0.137846
8994,15046,0.06585
8995,13442,0.184166
8996,17585,0.394834
8997,18232,0.448961
8997,20530,0.414727
8998,13424,0.51238
8999,15564,0.345383
9000,13230,0.076603
9001,20533,0.462929
9002,13218,0.417061
9003,13217,0.650891
9004,13430,0.16945
9005,20537,0.864834
9006,20538,0.690627
9007,13347,0.204692
9008,20541,0.059402
9008,20765,0.060368
9008,16446,0.055242
9009,20542,0.568323
9010,20543,0.400661
9010,23169,0.315017
9011,17793,0.266284
9011,19074,0.076142
9011,21385,0.19757
9012,20545,0.142005
9012,16659,0.201703
9013,14880,0.414675
9014,20546,0.45401
9014,22359,0.099913
9014,22909,0.099913
9015,20547,0.320693
9016,20548,0.286493
9017,20549,0.482077
9018,19003,0.114422
9018,18773,0.391363
9019,20551,0.437556
9019,13856,0.136493
9020,15186,0.383755
9021,16702,0.068125
9021,19179,0.135867
9021,21860,0.105234
9022,14143,0.247365
9023,20554,0.35223
9023,21511,0.091173
9023,13479,0.072672
9024,20555,0.647447
9025,16455,0.426509
9026,13646,0.437752
9026,14050,0.232315
9027,13418,0.214746
9028,20557,0.314406
9028,18426,0.255759
9028,21654,0.070699
9029,16181,0.198285
9029,13306,0.12196
9030,20349,0.507637
9031,14248,0.171734
9031,19351,0.336647
9032,20562,0.344463
9033,20564,0.297363
9034,13754,0.593258
9035,13440,0.053225
9036,20565,0.682793
9037,20566,0.633543
9038,13442,0.065859
9038,13347,0.077549
9039,17267,0.256674
9040,13439,0.644746
9041,18989,0.606773
9042,14322,0.269718
9043,13287,0.445452
9044,20572,0.060793
9044,21953,0.226722
9044,21232,0.095285
9044,22725,0.122273
9045,20573,0.376218
9046,20575,0.238628
9047,17585,0.193053
9047,13244,0.089452
9048,20576,0.163329
9049,13240,0.358119
9050,13217,0.632442
9051,14142,0.680263
9052,20577,0.488413
9052,15113,0.173555
9053,20578,0.536577
9054,15122,0.34247
9055,13330,0.241533
9056,14104,0.303866
9056,13257,0.287478
9057,13497,0.283223
9058,13910,0.068747
9059,13878,0.605621
9060,18256,0.312578
9061,20579,0.77904
9062,19379,0.334162
9063,13227,0.24929
9064,13663,0.62564
9065,20580,0.432045
9066,17471,0.154579
9067,15354,0.365134
9067,13905,0.288728
9068,15518,0.483765
9069,20582,0.634249
9070,20583,0.833794
9071,20584,0.470054
9072,20586,0.531465
9073,14665,0.287256
9074,13305,0.238924
9075,14401,0.214019
9076,13305,0.238819
9077,20588,0.610797
9078,19352,0.354935
9078,19899,0.160595
9079,17439,0.680739
9080,20591,0.585997
9081,20592,0.285344
9081,14683,0.091112
9081,13368,0.18862
9082,13244,0.246429
9083,13582,0.357093
9084,13261,0.065698
9085,15844,0.236883
9085,15366,0.085826
9086,13499,0.304663
9087,20597,0.297718
9088,20600,0.389074
9088,21710,0.1544
9089,20602,0.251222
9089,22726,0.215187
9090,20603,0.162589
9090,16073,0.225418
9090,23132,0.162589
9091,15345,0.265009
9092,13289,0.083973
9093,20604,0.451799
9094,20605,0.06404
9095,13366,0.130413
9096,17128,0.499592
9097,13418,0.366722
9098,20609,0.493244
9099,13395,0.410357
9100,20611,0.693992
9101,16896,0.417121
9102,13730,0.290527
9103,13586,0.259147
9104,17589,0.582258
9105,13505,0.333381
9106,20614,0.148674
9107,20617,0.383911
9108,13277,0.365547
9109,17256,0.607269
9110,13754,0.470857
9111,13662,0.096057
9112,13645,0.668474
9113,13330,0.263904
9114,14729,0.313966
9115,20619,0.117737
9115,21685,0.151087
9115,17187,0.28466
9116,20620,0.185469
9117,20622,0.632027
9118,20625,0.248054
9118,21184,0.07647
9118,16052,0.098895
9118,17841,0.076468
9119,20626,0.598658
9120,13330,0.495997
9121,13245,0.224922
9122,20628,0.23875
9123,13760,0.130159
9124,13240,0.26097
9125,13418,0.404277
9126,14393,0.23028
9126,20634,0.261343
9127,20637,0.702995
9128,20638,0.190242
9128,16929,0.159719
9128,15500,0.0534
9128,23072,0.068761
9129,13347,0.363084
9130,13240,0.092861
9131,20640,0.835738
9132,20641,0.202917
9132,13646,0.185844
9133,13303,0.295821
9134,20643,0.500551
9135,13344,0.181829
9136,20644,0.328056
9137,13663,0.284871
9138,16290,0.18786
9139,20645,0.418743
9140,20647,0.340109
9140,21952,0.154707
9141,20648,0.403477
9141,13211,0.079203
9142,20649,0.221056
9142,22245,0.221262
9143,20650,0.684786
9144,13414,0.787977
9145,14424,0.635918
9146,20652,0.789589
9147,14275,0.102556
9147,14930,0.343757
9148,13581,0.275051
9149,13226,0.311162
9150,18652,0.604514
9151,13430,0.27806
9152,15825,0.12143
9152,13493,0.283904
9153,13304,0.18843
9154,20132,0.218539
9155,13330,0.27208
9156,13245,0.225932
9157,14408,0.800499
9158,20656,0.508479
9159,20657,0.314249
9160,18651,0.350092
9160,21624,0.156893
9161,20146,0.590124
9162,20659,0.655864
9163,13233,0.544319
9164,18859,0.12626
9164,14460,0.154615
9164,21923,0.213109
9165,18859,0.214802
9165,21923,0.142298
9166,15286,0.372964
9167,13428,0.127307
9168,14636,0.564995
9169,20663,0.057633
9169,20664,0.059426
9170,14503,0.19546
9171,20665,0.558462
9172,13379,0.541031
9172,13231,0.139545
9173,20666,0.246464
9174,20667,0.452137
9175,13176,0.105446
9176,14393,0.271235
9177,20668,0.743177
9178,19230,0.309273
9178,20669,0.21
9179,19627,0.302447
9179,16753,0.090658
9180,20670,0.253146
9180,20741,0.067138
9180,21518,0.067217
9180,22541,0.173435
9181,13239,0.075319
9182,15776,0.495078
9183,14232,0.459503
9183,14756,0.277188
9184,19067,0.576766
9185,20673,0.646471
9186,20674,0.21593
9187,13230,0.21518
9188,15154,0.081056
9189,20505,0.216384
9190,13583,0.171329
9191,14078,0.138899
9192,13360,0.462307
9193,20676,0.185706
9194,16902,0.24576
9195,20363,0.801527
9196,14275,0.074873
9196,20037,0.187509
9196,18378,0.173399
9197,20679,0.598842
9198,18738,0.226409
9199,15477,0.307565
9199,22193,0.231175
9200,15338,0.345902
9200,17610,0.051527
9200,15308,0.081255
9201,13423,0.574269
9202,13581,0.134689
9203,16729,0.558849
9204,20682,0.340204
9205,13517,0.68475
9206,13889,0.120689
9206,15951,0.342333
9207,20685,0.80621
9208,15699,0.302072
9208,15844,0.098249
9209,13175,0.067352
9210,17848,0.357475
9211,13176,0.237723
9212,13432,0.553447
9213,13228,0.189892
9214,20690,0.385014
9215,20691,0.546683
9216,15738,0.491198
9217,20694,0.388838
9217,17945,0.430465
9218,20696,0.205864
9219,13188,0.789947
9220,16377,0.141766
9221,13579,0.330301
9222,13517,0.564781
9223,20698,0.467652
9224,14745,0.215133
9224,19428,0.296562
9225,20699,0.500167
9226,20700,0.616843
9227,20702,0.662916
9228,20703,0.72641
9229,20704,0.122329
9229,20790,0.177242
9229,22931,0.087767
9230,20705,0.64885
9231,13305,0.236603
9232,13499,0.12637
9233,20706,0.623028
9234,20707,0.60849
9235,13244,0.266991
9235,13925,0.224707
9236,20709,0.744745
9237,20710,0.496484
9238,13888,0.152624
9239,15082,0.061986
9240,16354,0.467435
9240,14239,0.082646
9240,14805,0.110443
9241,18147,0.400116
9241,16510,0.205403
9242,13373,0.103154
9243,20714,0.488813
9244,20715,0.747903
9245,20716,0.384198
9246,20717,0.566471
9247,20718,0.393305
9247,15378,0.393903
9248,13675,0.376309
9248,15821,0.394935
9249,13368,0.529403
9250,14143,0.337939
9251,19721,0.348774
9252,20719,0.576835
9253,15637,0.298156
9254,13226,0.210576
9255,14814,0.076754
9256,15868,0.411199
9257,20723,0.662183
9258,18238,0.434448
9259,20725,0.263306
9260,20726,0.282736
9261,16985,0.516676
9262,13373,0.251372
9263,13774,0.307642
9263,20106,0.106129
9264,20728,0.391836
9265,17803,0.312172
9266,16657,0.446906
9267,14129,0.261351
9267,16163,0.367821
9268,13217,0.288768
9269,14268,0.461005
9270,13228,0.06104
9270,13303,0.078395
9271,20730,0.652567
9272,19445,0.636343
9273,20731,0.614615
9274,13730,0.29895
9275,20734,0.175326
9275,18425,0.162739
9276,13230,0.2951
9277,13344,0.107872
9278,19372,0.728111
9279,20736,0.41726
9280,14143,0.253237
9281,14089,0.251086
9281,14615,0.493632
9282,13351,0.073912
9283,20738,0.691069
9284,20739,0.142913
9284,20815,0.095467
9284,21247,0.304632
9284,22451,0.056826
9284,23163,0.146419
9285,19669,0.304986
9285,21396,0.201818
9286,13422,0.237478
9286,15391,0.307432
9287,20740,0.519318
9288,13766,0.101854
9288,14987,0.22196
9289,20742,0.77757
9290,20743,0.114479
9290,20745,0.1603
9290,21762,0.1603
9291,20744,0.374986
9292,20746,0.2313
9293,20747,0.131778
9293,14803,0.081648
9294,14603,0.240119
9295,13972,0.225413
9295,16705,0.41203
9296,20748,0.450214
9297,19989,0.411845
9297,22988,0.152055
9298,20749,0.63067
9299,14138,0.7011
9300,20750,0.360797
9301,20751,0.071418
9302,13731,0.586041
9303,13428,0.557679
9304,13418,0.14485
9305,15518,0.418466
9306,13499,0.380251
9307,14327,0.535824
9308,13390,0.452075
9309,13442,0.092552
9310,20756,0.455522
9310,22636,0.065725
9311,13240,0.262709
9312,20757,0.620133
9313,20758,0.644354
9314,20759,0.391358
9315,13245,0.542118
9316,16302,0.74387
9317,20760,0.328316
9317,15588,0.183207
9318,20762,0.143713
9319,15110,0.09841
9319,15321,0.080776
9320,20763,0.7126
9321,13230,0.184175
9322,20766,0.656079
9323,15036,0.458267
9324,20768,0.066907
9325,20769,0.050981
9325,21991,0.05616
9326,20770,0.660109
9327,13303,0.310407
9328,13229,0.234784
9329,14204,0.264588
9329,20771,0.341397
9330,20772,0.414505
9331,18734,0.577008
9331,13220,0.145947
9332,15916,0.073286
9333,13504,0.337814
9334,20773,0.253171
9334,22423,0.116017
9335,20774,0.433108
9336,20775,0.448709
9337,19039,0.408717
9338,20776,0.362954
9339,13330,0.403506
9340,20778,0.174706
9340,20974,0.0973
9340,21530,0.207333
9341,20295,0.297259
9342,13315,0.447004
9343,13663,0.401962
9344,13746,0.312357
9345,20779,0.751344
9346,14322,0.151429
9347,16849,0.275588
9348,13176,0.238389
9349,13330,0.428066
9350,14075,0.279783
9351,13316,0.202497
9352,13217,0.292436
9353,13351,0.263556
9354,20787,0.323001
9355,13230,0.815953
9356,19147,0.533735
9357,13742,0.183434
9358,13239,0.050066
9359,20789,0.263253
9359,21893,0.147162
9360,13418,0.068156
9361,13244,0.515337
9362,19718,0.499037
9363,15046,0.53482
9364,20794,0.280327
9365,20795,0.736172
9366,20796,0.76081
9367,20797,0.423466
9368,20798,0.319816
9369,15073,0.212999
9370,20799,0.414817
9371,13428,0.207511
9372,16956,0.207898
9372,14694,0.055917
9372,19988,0.051164
9373,13176,0.400345
9374,13218,0.210964
9375,14901,0.349473
9376,14722,0.092067
9377,13418,0.301559
9378,13803,0.238018
9378,18137,0.33193
9379,17902,0.523526
9380,13900,0.531575
9381,20803,0.406334
9382,20804,0.389802
9383,15428,0.514326
9384,13581,0.088529
9384,21728,0.516373
9385,19502,0.403926
9386,20810,0.441306
9387,13835,0.300418
9388,20811,0.527787
9389,13499,0.220369
9390,13330,0.059297
9391,16807,0.768245
9392,14307,0.291627
9393,20817,0.850099
9394,20819,0.211631
9394,23217,0.214409
9395,14470,0.284253
9396,13583,0.186734
9397,13496,0.254524
9398,20820,0.421351
9398,20821,0.42053
9399,20822,0.75215
9400,14761,0.561142
9401,13760,0.134511
9402,13424,0.240258
9403,13430,0.16026
9404,20828,0.182985
9404,19000,0.288477
9404,22658,0.18566
9405,13424,0.099137
9405,13497,0.201034
9406,20830,0.383389
9407,20831,0.543217
9408,13663,0.163829
9409,13752,0.276581
9410,16083,0.069506
9410,21141,0.326296
9410,23238,0.06748
9411,20833,0.585782
9412,20834,0.211158
9412,22689,0.275949
9413,20835,0.697566
9414,13754,0.237685
9415,13250,0.392661
9416,16263,0.57952
9417,13487,0.812313
9418,20839,0.292728
9419,20840,0.852335
9420,20841,0.069551
9420,18927,0.079985
9420,22367,0.237954
9420,15882,0.083115
9421,20842,0.569504
9422,20843,0.426394
9423,20844,0.422537
9424,14038,0.072702
9424,17021,0.30537
9424,13927,0.123571
9425,16705,0.315215
9426,15286,0.514612
9427,13499,0.416976
9428,20847,0.278213
9428,21946,0.205108
9429,20848,0.451991
9429,21964,0.151033
9430,13409,0.482498
9431,20849,0.582749
9432,13356,0.475396
9433,20851,0.559596
9434,14389,0.484339
9435,20854,0.204246
9436,16998,0.260592
9436,14078,0.145666
9437,20855,0.519453
9437,21469,0.174003
9438,20856,0.434634
9439,15688,0.132405
9439,20857,0.285849
9439,15568,0.095012
9440,20860,0.607076
9441,20861,0.460021
9442,13582,0.335837
9443,15036,0.312632
9444,13428,0.31245
9445,20862,0.260251
9445,16049,0.164046
9446,20863,0.19454
9447,20659,0.552462
9448,20864,0.625939
9449,17603,0.073332
9450,13218,0.287696
9451,13874,0.463092
9452,20868,0.144362
9453,13910,0.11663
9454,20869,0.742449
9455,13178,0.24141
9456,13583,0.325413
9457,13730,0.327565
9458,20870,0.412623
9459,20871,0.292477
9460,19351,0.236842
9460,20872,0.366711
9461,20873,0.604503
9462,14460,0.433628
9463,15494,0.24073
9464,17055,0.452042
9465,13423,0.451165
9466,13742,0.388206
9467,13969,0.327719
9467,14098,0.45936
9468,20874,0.11015
9469,14354,0.176266
9469,15228,0.240122
9470,14742,0.110864
9470,13900,0.315622
9471,20876,0.877434
9472,13176,0.120996
9473,18445,0.512779
9474,20877,0.384373
9474,19003,0.240932
9475,15745,0.229565
9476,14444,0.442878
9477,13424,0.326286
9478,20879,0.255434
9479,20880,0.435717
9480,19790,0.660647
9481,13230,0.364459
9482,13429,0.768913
9483,13478,0.339215
9483,13574,0.173633
9484,20881,0.76057
9485,20881,0.369989
9486,20883,0.306168
9487,17658,0.328483
9487,21228,0.189759
9488,20885,0.08326
9489,20886,0.248496
9489,16577,0.350281
9490,17077,0.430374
9491,20888,0.209985
9492,20889,0.37122
9493,13245,0.613974
9494,20890,0.631081
9495,17274,0.462094
9496,20891,0.811446
9497,20892,0.816671
9498,13175,0.077194
9499,15102,0.422931
9500,13226,0.377232
9501,14896,0.512931
9502,18345,0.589339
9503,15056,0.8402
9504,13428,0.106824
9505,20897,0.748185
9506,20898,0.748074
9507,13418,0.731072
9508,15149,0.223597
9509,14543,0.088634
9509,15819,0.371137
9509,16356,0.086646
9510,13734,0.156131
9511,13241,0.558738
9512,20546,0.743912
9513,20899,0.696232
9514,20900,0.583988
9515,20901,0.213041
9515,22686,0.213035
9516,20902,0.187254
9517,20903,0.495519
9518,18402,0.626789
9519,13760,0.085393
9520,16996,0.289474
9521,20908,0.366634
9522,14787,0.498381
9523,13967,0.061626
9524,13592,0.401264
9525,13801,0.563105
9526,17656,0.389683
9527,20915,0.663697
9528,20916,0.30556
9529,20917,0.164483
9530,13210,0.587968
9531,13244,0.164075
9532,20919,0.819125
9533,16427,0.64653
9534,14069,0.438983
9535,13305,0.391092
9536,15827,0.324192
9536,16500,0.324218
9537,18688,0.850423
9538,13583,0.283785
9539,13584,0.214332
9540,20921,0.402399
9541,14917,0.257141
9541,21873,0.17308
9542,19134,0.185035
9542,21288,0.441889
9543,20923,0.387384
9543,16116,0.277493
9544,16603,0.482181
9545,13579,0.13642
9546,14142,0.389198
9547,14497,0.260503
9548,14234,0.381614
9549,13303,0.112033
9550,13303,0.171937
9551,13640,0.235407
9552,17810,0.414587
9553,13989,0.32045
9554,20927,0.735946
9555,13305,0.275921
9555,13303,0.322878
9556,20928,0.503032
9557,14112,0.214557
9558,20767,0.260693
9559,13231,0.089791
9559,14342,0.104083
9560,14138,0.428508
9560,14605,0.10633
9561,14360,0.06428
9561,20886,0.104189
9562,15286,0.362965
9563,17192,0.409952
9564,14418,0.229682
9565,20020,0.115763
9565,21181,0.115958
9565,20592,0.118027
9565,21911,0.054815
9566,13744,0.164354
9567,20929,0.376945
9568,13424,0.195308
9569,20932,0.441191
9570,13905,0.250414
9571,19153,0.27162
9571,19320,0.110254
9572,20934,0.545656
9573,13315,0.156215
9574,13244,0.22869
9575,13303,0.161485
9576,13351,0.258231
9577,20937,0.123784
9577,21132,0.197833
9578,20939,0.306175
9579,13742,0.117667
9580,13226,0.131269
9580,13225,0.061894
9581,13290,0.135669
9582,20940,0.35126
9582,20941,0.08437
9582,21467,0.180454
9582,23268,0.084291
9583,17502,0.285087
9584,13742,0.114224
9585,14106,0.381001
9585,14731,0.223282
9585,17745,0.104227
9586,13967,0.109427
9587,20943,0.357125
9588,14995,0.531385
9589,14308,0.530222
9590,13241,0.072246
9591,16257,0.457582
9592,19032,0.134231
9593,20948,0.171445
9594,13505,0.387288
9595,13305,0.422253
9596,13176,0.122147
9597,14045,0.312169
9598,20951,0.065976
9598,21258,0.180745
9598,22823,0.091713
9599,15366,0.135905
9600,20952,0.630049
9601,15897,0.396094
9602,13995,0.291773
9602,14538,0.118956
9603,20955,0.22085
9603,19768,0.346006
9604,20956,0.503952
9605,15105,0.127677
9605,21565,0.09468
9606,20957,0.145813
9606,17505,0.322414
9607,20959,0.81667
9608,20960,0.731329
9609,13272,0.430945
9610,20961,0.741444
9611,20963,0.360253
9612,20966,0.170462
9612,21143,0.479299
9613,20967,0.120911
9613,14255,0.166492
9613,13668,0.168374
9614,13583,0.133817
9615,13239,0.078703
9615,13240,0.111996
9616,15368,0.070676
9617,14444,0.435192
9618,19140,0.481198
9619,20968,0.491723
9620,18752,0.630034
9621,13228,0.254071
9622,13826,0.491446
9622,19086,0.220495
9623,20969,0.272439
9624,16150,0.820506
9625,13442,0.059805
9626,13273,0.686622
9627,20971,0.54178
9628,20972,0.402723
9629,20973,0.585385
9630,13731,0.505311
9630,13175,0.273408
9631,13330,0.367604
9632,14722,0.31823
9633,14157,0.232476
9634,16167,0.48577
9635,14722,0.6862
9636,13430,0.287915
9637,20976,0.803733
9638,20978,0.593819
9639,14774,0.568045
9640,20979,0.40634
9640,15405,0.225285
9641,19791,0.366616
9642,14226,0.080295
9643,13662,0.260537
9644,15507,0.077816
9645,20986,0.230492
9646,13212,0.150389
9647,15036,0.351818
9648,13428,0.197847
9649,13647,0.34439
9650,14635,0.128344
9650,13958,0.131254
9651,13290,0.413396
9652,13261,0.410021
9653,13329,0.069702
9654,20991,0.336095
9654,21771,0.0867
9654,14984,0.098005
9655,14322,0.325345
9656,14861,0.319202
9656,21076,0.147196
9656,22060,0.147195
9657,19840,0.323133
9657,21750,0.095994
9658,20994,0.429749
9658,22493,0.240227
9659,20995,0.3446
9659,21020,0.238988
9660,20996,0.188962
9661,20997,0.518197
9662,13940,0.405711
9663,19049,0.480691
9664,14322,0.304288
9665,13730,0.235715
9666,15071,0.491715
9666,17865,0.206534
9667,13245,0.203105
9668,15273,0.181858
9669,14901,0.381868
9670,20998,0.743383
9671,20999,0.389468
9672,21000,0.107428
9672,22618,0.365116
9673,18658,0.246232
9674,13827,0.391965
9674,14305,0.302531
9675,17709,0.252052
9676,13808,0.050664
9677,21002,0.131973
9678,21003,0.508808
9679,21005,0.707749
9680,21006,0.361487
9681,21007,0.409112
9682,21008,0.149365
9683,21010,0.346782
9684,19096,0.16777
9685,21012,0.132719
9686,16227,0.052284
9687,21014,0.798208
9688,21015,0.643913
9689,18873,0.15309
9689,14346,0.062186
9689,14877,0.149772
9690,21017,0.479434
9691,13414,0.257934
9692,14143,0.4289
9693,13217,0.738029
9694,15806,0.189509
9695,19184,0.299869
9695,14379,0.234413
9696,15586,0.359687
9697,18762,0.249534
9697,14730,0.151935
9698,14543,0.090182
9698,15829,0.17295
9698,17788,0.090126
9698,15775,0.091772
9699,21021,0.190265
9700,18316,0.259824
9701,13175,0.120701
9702,21022,0.673467
9703,21023,0.411421
9704,14031,0.278087
9705,13225,0.07256
9706,13261,0.363415
9707,21024,0.457815
9708,13225,0.329259
9709,21025,0.524112
9710,13330,0.113302
9711,21026,0.312947
9712,13415,0.433484
9713,14566,0.32501
9714,19839,0.631486
9715,21028,0.218804
9715,21191,0.393628
9716,13347,0.566626
9717,17868,0.370962
9718,14231,0.282742
9718,13558,0.281003
9719,13730,0.328588
9720,14836,0.126901
9721,13315,0.251247
9722,21029,0.525903
9723,13586,0.138508
9724,14183,0.826553
9725,13424,0.514709
9726,13228,0.104673
9727,13175,0.070191
9728,13229,0.301095
9729,14045,0.292193
9730,13478,0.541683
9731,14880,0.468804
9732,17594,0.258316
9733,13960,0.134057
9734,16332,0.317103
9734,19153,0.076698
9734,20985,0.057735
9735,13245,0.290841
9736,21034,0.722868
9737,21035,0.578152
9738,13330,0.062031
9739,14836,0.37521
9739,13806,0.37629
9740,21036,0.497146
9740,19036,0.067861
9741,15852,0.369651
9741,13211,0.107725
9742,13760,0.328115
9743,13344,0.360411
9744,13290,0.336566
9745,21038,0.156462
9745,20474,0.12106
9746,21040,0.138246
9746,21795,0.135597
9746,22143,0.142619
9746,15187,0.15764
9747,13581,0.156804
9748,21042,0.5789
9749,14480,0.426303
9749,18936,0.328838
9750,13583,0.16747
9751,14314,0.231092
9751,14845,0.171806
9752,15140,0.353798
9753,13228,0.125343
9754,21043,0.154383
9754,22098,0.15434
9755,21045,0.371911
9756,13175,0.079001
9757,13731,0.51578
9757,13175,0.258399
9758,13312,0.433687
9759,21048,0.572682
9760,16302,0.361845
9761,20683,0.158956
9761,13797,0.333164
9761,14068,0.32011
9762,21052,0.642858
9763,16030,0.288621
9763,21898,0.568386
9764,14603,0.228859
9765,13241,0.116264
9766,21058,0.072325
9767,13373,0.234918
9768,20586,0.559514
9769,16895,0.564533
9770,19022,0.190213
9770,16443,0.240602
9770,21354,0.070238
9770,22157,0.072203
9771,21061,0.242336
9771,14863,0.127184
9772,13347,0.082149
9773,21062,0.108143
9773,22252,0.431756
9774,21063,0.24788
9774,21064,0.357428
9774,15016,0.138369
9775,13377,0.521156
9776,13872,0.121662
9776,17536,0.163965
9777,14387,0.253845
9778,21066,0.621018
9779,21067,0.760804
9780,13227,0.363117
9781,21068,0.805984
9782,20539,0.343177
9783,21069,0.349081
9783,17127,0.264795
9784,13329,0.09156
9785,13230,0.385168
9786,15620,0.318985
9787,15036,0.093646
9788,16382,0.056505
9789,21073,0.12824
9789,16703,0.201816
9789,14259,0.107448
9789,15960,0.092238
9790,13418,0.197725
9791,21074,0.332765
9792,14390,0.607504
9793,15473,0.101112
9793,21316,0.256179
9794,13230,0.097413
9795,19205,0.483384
9796,14275,0.143192
9797,21077,0.337959
9798,20474,0.117611
9798,22188,0.220055
9798,16902,0.118963
9799,13223,0.230838
9800,13240,0.26108
9801,18378,0.473978
9802,19049,0.263253
9803,13217,0.383127
9804,21078,0.343681
9805,13430,0.283966
9806,21081,0.247145
9806,21225,0.181043
9807,21083,0.550698
9808,15089,0.36753
9808,16225,0.252115
9809,21084,0.41751
9810,21085,0.11053
9811,19671,0.290791
9812,21089,0.097205
9812,22467,0.310839
9813,13946,0.248864
9814,21090,0.721845
9815,21091,0.466315
9816,16967,0.482812
9817,21092,0.061514
9817,15392,0.237587
9817,19125,0.113879
9817,22294,0.128647
9817,17650,0.062521
9818,13228,0.385266
9819,17919,0.239359
9819,17062,0.195853
9820,15082,0.172289
9821,13344,0.387594
9822,19310,0.591325
9823,20751,0.205007
9823,13261,0.190655
9824,21094,0.101247
9825,13245,0.326404
9826,21096,0.308662
9827,21097,0.862587
9828,13244,0.456853
9829,21098,0.60294
9830,21099,0.409526
9831,21100,0.732295
9832,21101,0.412153
9833,13967,0.134166
9834,19203,0.506075
9835,21103,0.145481
9836,13288,0.440525
9837,16350,0.224707
9838,21106,0.360123
9838,14438,0.306542
9838,22476,0.101525
9839,13925,0.157972
9840,17594,0.105856
9841,13583,0.387697
9842,21108,0.606733
9843,21109,0.65432
9844,16198,0.395964
9845,13351,0.587821
9846,21110,0.760973
9847,13196,0.332818
9847,16285,0.086582
9848,21111,0.708588
9849,13305,0.167064
9850,21112,0.565958
9851,21113,0.562725
9852,17188,0.222357
9852,17189,0.225907
9853,13260,0.784273
9854,18154,0.375899
9855,13269,0.234937
9856,13730,0.102467
9857,21115,0.207532
9858,17274,0.666491
9859,21119,0.346269
9859,21697,0.346248
9860,16451,0.186002
9861,13305,0.43225
9861,13303,0.393707
9862,21124,0.704748
9863,21125,0.214578
9864,21126,0.714941
9865,21127,0.380373
9865,21662,0.180604
9866,13217,0.279127
9867,21128,0.3968
9868,21129,0.492189
9869,14118,0.096248
9870,15142,0.091342
9871,15058,0.598811
9872,17649,0.601175
9873,21131,0.656363
9874,18333,0.356714
9875,16161,0.145073
9875,15460,0.249063
9875,18215,0.163435
9875,22836,0.227927
9876,21133,0.641642
9877,21134,0.417489
9878,17471,0.18599
9879,13442,0.408258
9880,21136,0.194087
9881,13730,0.301014
9882,21140,0.538285
9883,20052,0.342762
9883,13973,0.102617
9884,13583,0.156718
9885,21142,0.471977
9886,14390,0.41517
9887,13226,0.18148
9888,14175,0.334142
9888,14379,0.326734
9889,21144,0.114019
9889,22195,0.124354
9890,21146,0.430522
9891,20368,0.485878
9891,22097,0.144159
9892,21147,0.051549
9892,13689,0.117612
9893,13175,0.187128
9894,13925,0.220828
9895,13303,0.089644
9896,21148,0.295171
9896,22192,0.188401
9897,21150,0.776659
9898,21152,0.364846
9899,15991,0.241127
9900,13220,0.355742
9900,16852,0.051101
9900,15872,0.271229
9900,14038,0.113234
9901,13228,0.195773
9902,15071,0.173527
9902,14333,0.213485
9903,13499,0.296274
9904,14470,0.147827
9905,21156,0.129287
9905,21761,0.214679
9906,21157,0.460581
9907,13344,0.24758
9908,14995,0.312563
9908,16732,0.165116
9909,19638,0.51267
9910,17804,0.203928
9911,13517,0.150731
9912,21158,0.382839
9913,17506,0.428546
9914,13578,0.214944
9915,13204,0.17552
9916,15977,0.550994
9917,13244,0.0569
9918,15615,0.460514
9918,16521,0.282756
9919,21057,0.490028
9919,13887,0.312157
9920,13418,0.792787
9921,16445,0.566999
9922,21165,0.226317
9922,19714,0.297992
9923,13826,0.557741
9924,13663,0.433887
9925,13244,0.326596
9926,21168,0.299947
9926,23128,0.078864
9927,13289,0.081773
9928,15609,0.350989
9929,13583,0.139842
9930,14500,0.581798
9931,21172,0.449765
9932,21174,0.237668
9933,21175,0.227312
9934,17890,0.594934
9935,13808,0.404296
9936,16905,0.41629
9937,21176,0.735071
9938,13226,0.342457
9939,18261,0.193239
9939,16422,0.402832
9939,15371,0.073725
9940,17089,0.396789
9941,13428,0.118389
9942,13505,0.428617
9943,21180,0.443992
9943,23004,0.185165
9944,14143,0.32424
9945,20980,0.62212
9946,21182,0.321188
9946,21183,0.448597
9947,17008,0.413177
9948,13228,0.323955
9949,14470,0.19821
9950,21185,0.401365
9950,22089,0.200699
9951,13549,0.752202
9952,21187,0.179586
9952,14939,0.320725
9953,14453,0.14438
9954,13581,0.209809
9955,13418,0.406607
9956,21190,0.809881
9957,21192,0.552342
9958,13305,0.399487
9959,21193,0.690332
9960,21194,0.158465
9961,16333,0.659672
9962,21196,0.600773
9963,15986,0.068793
9964,17143,0.387974
9965,21197,0.356843
9965,21198,0.310733
9966,14628,0.273799
9967,14417,0.526687
9968,21199,0.317636
9968,20220,0.244894
9969,21200,0.300112
9970,21201,0.338324
9970,23227,0.203437
9971,14393,0.534352
9972,16981,0.456537
9973,21202,0.414188
9974,16515,0.567352
9975,18524,0.357543
9976,21204,0.085091
9977,13329,0.064618
9978,14393,0.197024
9979,21205,0.773454
9980,21208,0.380129
9981,21209,0.756105
9982,21211,0.382246
9982,22960,0.337399
9983,21212,0.257635
9984,13317,0.137952
9985,21213,0.456388
9986,21214,0.631379
9987,21215,0.392374
9987,15700,0.45477
9988,13746,0.244774
9989,16667,0.446059
9990,21216,0.58674
9991,21217,0.274864
9991,21328,0.337503
9992,20327,0.189683
9992,22236,0.155511
9993,21218,0.294611
9994,19955,0.311561
9995,13290,0.242843
9996,16283,0.08618
9997,16929,0.149491
9998,13428,0.313574
9999,15165,0.40701
10000,21219,0.721989
10001,21220,0.628843
10002,21221,0.601304
10003,13228,0.193842
10004,13505,0.450112
10005,21224,0.364529
10006,21226,0.619367
10007,13244,0.154187
10007,13175,0.051268
10008,16428,0.08304
10008,13703,0.150326
10008,13977,0.146416
10009,18738,0.188626
10010,21227,0.738214
10011,15317,0.45676
10012,21229,0.282983
10013,13304,0.054764
10014,16571,0.254909
10015,21232,0.236367
10016,21234,0.4258
10017,13245,0.364766
10018,16784,0.122185
10018,21713,0.113534
10018,22650,0.165453
10018,23092,0.100016
10019,21235,0.421978
10020,13834,0.441552
10021,13549,0.323389
10021,14255,0.177552
10021,15019,0.177178
10022,16923,0.256028
10023,21238,0.832669
10024,21239,0.92703
10025,13496,0.129635
10026,17441,0.516704
10027,14056,0.293946
10028,13808,0.123314
10029,14328,0.457668
10030,21241,0.689479
10031,13228,0.264414
10032,15817,0.501692
10033,20310,0.155874
10033,14449,0.262428
10033,17277,0.30314
10033,17864,0.1821
10034,21242,0.232211
10034,21746,0.232201
10034,22250,0.166573
10035,21243,0.266327
10036,21244,0.490816
10037,16859,0.361476
10037,17200,0.185706
10038,21248,0.773716
10039,13351,0.200843
10040,21252,0.07199
10040,21286,0.071957
10040,18088,0.185198
10041,17023,0.494283
10042,20073,0.906867
10043,17585,0.385721
10044,21255,0.34657
10044,22837,0.404288
10045,21256,0.805969
10046,21259,0.67442
10047,16078,0.347803
10048,17242,0.190729
10048,17297,0.41601
10049,21260,0.30615
10049,21989,0.238776
10050,21262,0.472389
10051,13225,0.498235
10052,13423,0.318692
10053,16336,0.275461
10054,13734,0.300295
10055,15036,0.14963
10056,13754,0.555649
10057,21265,0.582999
10058,21266,0.644525
10059,21267,0.192608
10059,16377,0.191616
10060,18769,0.149456
10061,16198,0.216077
10062,19249,0.364139
10063,14212,0.143219
10063,13649,0.124277
10064,16643,0.664033
10065,17274,0.439554
10066,13428,0.178073
10067,14229,0.279671
10067,13881,0.304084
10067,14187,0.186665
10068,21271,0.770047
10069,19932,0.562855
10070,21273,0.695665
10071,21274,0.1035
10071,14514,0.193618
10072,16747,0.243018
10072,22627,0.128242
10073,13583,0.186061
10073,21398,0.155839
10074,15460,0.357489
10074,15064,0.341899
10075,15032,0.328513
10076,16275,0.311106
10077,21277,0.719361
10078,13663,0.229058
10079,13429,0.2317
10079,13177,0.216155
10080,13227,0.453913
10081,15941,0.393357
10082,13668,0.488602
10083,21279,0.098639
10083,16451,0.303086
10083,14055,0.130737
10084,16601,0.270025
10085,21280,0.727242
10086,21281,0.445211
10087,21282,0.744896
10088,17506,0.084673
10089,13239,0.145542
10090,13175,0.230646
10091,21284,0.719526
10092,13330,0.056193
10093,18575,0.501389
10094,13424,0.183678
10095,16104,0.362772
10096,21287,0.355891
10097,13245,0.363226
10098,21289,0.261964
10099,21290,0.679792
10100,21292,0.476217
10101,14876,0.338291
10102,13218,0.523442
10103,21196,0.724232
10104,19798,0.555738
10105,14816,0.430537
10106,13228,0.447558
10107,13250,0.495249
10108,15477,0.352227
10108,21793,0.098975
10108,13878,0.084203
10109,13418,0.407618
10109,13227,0.146567
10110,21294,0.402418
10111,15165,0.241487
10111,16967,0.319266
10112,21295,0.436158
10113,15354,0.493023
10114,15660,0.443534
10114,15188,0.388309
10115,13931,0.7138
10116,15961,0.684084
10117,21297,0.188952
10118,13648,0.305823
10118,21298,0.190787
10119,21299,0.272213
10119,13648,0.207576
10120,13734,0.316611
10121,13277,0.781912
10122,21300,0.418428
10122,21301,0.1403
10123,17878,0.337682
10124,21302,0.54656
10125,21304,0.18777
10125,22958,0.18777
10126,14088,0.437785
10127,13240,0.122421
10128,13204,0.062384
10128,13344,0.200448
10129,13244,0.128333
10129,13925,0.150159
10130,19418,0.520382
10131,20575,0.175387
10132,21306,0.136339
10132,19022,0.191937
10133,21307,0.557782
10134,21308,0.379961
10134,14792,0.178514
10135,18911,0.409635
10136,13428,0.269071
10137,21311,0.376869
10138,13305,0.162125
10139,21313,0.545608
10140,21314,0.788531
10141,15911,0.323971
10142,13241,0.272922
10143,19967,0.330206
10143,21590,0.329559
10144,17672,0.088488
10144,15096,0.124669
10144,23085,0.078302
10145,16475,0.206022
10145,21317,0.287555
10146,13662,0.189066
10147,13316,0.168422
10148,13175,0.110611
10149,13175,0.430919
10150,13346,0.259375
10151,21320,0.882725
10152,13505,0.089101
10153,21321,0.633617
10154,13243,0.229955
10155,13244,0.591533
10156,21324,0.205282
10157,17813,0.22925
10158,17243,0.133248
10158,17866,0.087238
10159,21325,0.364259
10160,13326,0.074137
10161,13315,0.09416
10162,21330,0.671865
10163,13842,0.052536
10164,21332,0.202214
10165,15937,0.535131
10166,21333,0.496585
10167,15858,0.727055
10168,17630,0.400391
10169,13744,0.154972
10170,13217,0.354545
10171,13424,0.148782
10172,13304,0.345522
10173,17089,0.236544
10174,14559,0.254031
10174,17557,0.068004
10175,21337,0.501435
10176,21338,0.496564
10177,13760,0.252655
10178,17585,0.184985
10178,13760,0.132746
10179,13760,0.852763
10180,21339,0.140264
10180,22078,0.195513
10180,18666,0.137464
10181,21340,0.652139
10182,21342,0.324393
10182,13309,0.180187
10183,14470,0.254949
10184,15916,0.055924
10185,15822,0.208958
10185,19702,0.318909
10186,13214,0.377125
10186,17540,0.219982
10187,13245,0.34789
10188,13583,0.707544
10189,21343,0.139157
10189,20713,0.110246
10189,22635,0.255652
10190,21344,0.830406
10191,21346,0.281684
10192,21347,0.429077
10192,22369,0.117538
10193,21348,0.401211
10194,21351,0.560799
10195,20434,0.486525
10196,13730,0.843559
10197,21352,0.509781
10198,15112,0.635829
10199,21353,0.432753
10200,13712,0.351843
10201,15316,0.237675
10201,22279,0.237675
10202,14883,0.092791
10203,14499,0.614638
10204,21355,0.124994
10205,14142,0.691074
10206,13240,0.087442
10207,21358,0.343743
10208,21361,0.127994
10208,22215,0.453051
10209,21362,0.290588
10209,16216,0.423157
10210,21363,0.455738
10211,21364,0.096618
10212,13808,0.154715
10213,13373,0.306564
10214,15694,0.481094
10215,21367,0.337068
10215,13608,0.082421
10215,23168,0.188426
10216,14514,0.492527
10217,13176,0.292231
10218,13175,0.265806
10219,14508,0.14218
10219,13308,0.338324
10220,15797,0.434143
10221,13175,0.228889
10222,19651,0.149669
10222,22315,0.115889
10223,13239,0.213579
10224,21371,0.638384
10225,17300,0.265848
10226,13801,0.260154
10226,15801,0.232608
10227,21373,0.265402
10228,17062,0.379076
10229,21374,0.555923
10230,21375,0.215266
10231,21376,0.507422
10232,17607,0.922343
10233,21378,0.377313
10234,13229,0.358216
10235,13662,0.066432
10236,21379,0.764199
10237,15071,0.762322
10238,21382,0.331294
10238,23077,0.462849
10239,21384,0.567097
10240,18579,0.489411
10241,16118,0.172992
10241,14530,0.243191
10241,15967,0.186968
10242,13428,0.123568
10243,14646,0.344728
10243,21597,0.138479
10244,21387,0.306545
10245,21390,0.536374
10246,13428,0.28613
10247,21024,0.709358
10248,17865,0.322875
10249,13244,0.480515
10249,13496,0.384443
10250,21395,0.424796
10251,21397,0.644354
10252,13344,0.247838
10253,13290,0.338985
10254,21398,0.862162
10255,14628,0.502953
10256,21399,0.531888
10257,14920,0.210163
10258,13755,0.348081
10259,14390,0.28255
10260,13517,0.240561
10261,13260,0.365895
10262,13586,0.244517
10263,14349,0.764889
10264,21401,0.377265
10264,22903,0.377257
10265,21402,0.524927
10266,19317,0.372415
10267,14552,0.305875
10268,15194,0.543314
10268,14715,0.19846
10269,19033,0.152512
10270,13522,0.783807
10271,21404,0.63264
10272,14585,0.35107
10273,13732,0.186659
10274,14933,0.524836
10275,20805,0.362917
10276,13586,0.373765
10277,15711,0.660413
10278,15397,0.175003
10278,17631,0.328891
10279,14444,0.499979
10280,21407,0.12694
10280,17164,0.163327
10281,13347,0.453464
10282,21409,0.595797
10283,21410,0.085872
10283,21650,0.073993
10284,13244,0.309363
10285,13344,0.434908
10286,21411,0.866219
10287,21413,0.206584
10288,21414,0.477196
10288,13301,0.282067
10289,21417,0.353144
10290,21418,0.220059
10290,23146,0.219275
10291,13442,0.427317
10292,21421,0.262966
10292,20226,0.188522
10293,21422,0.300433
10294,13505,0.415288
10295,13730,0.283716
10296,14901,0.152711
10296,17673,0.320562
10297,14660,0.251568
10297,19102,0.260889
10297,22516,0.260889
10298,17741,0.091224
10299,13808,0.758863
10300,13423,0.425641
10301,21427,0.797787
10302,13305,0.157986
10303,14278,0.067604
10304,16392,0.579862
10305,13241,0.582198
10306,18079,0.471248
10307,13304,0.463105
10308,20592,0.565831
10309,21431,0.099205
10310,13204,0.13218
10311,13517,0.35561
10312,14681,0.41547
10312,14854,0.452185
10313,21432,0.753577
10314,21433,0.201012
10314,22034,0.144153
10315,21436,0.522757
10316,13430,0.324263
10317,21437,0.692121
10318,16883,0.320277
10318,21438,0.404766
10319,16876,0.168374
10320,21439,0.647335
10321,16876,0.833948
10322,14816,0.362326
10323,21441,0.667258
10324,21443,0.160391
10325,13584,0.436381
10326,13430,0.17871
10327,13744,0.19374
10327,13244,0.116459
10328,21445,0.186367
10328,21500,0.18682
10328,22055,0.186839
10329,13478,0.281315
10330,21446,0.473715
10331,13244,0.151243
10332,18474,0.06646
10333,13227,0.356183
10334,14143,0.156798
10335,21447,0.370788
10336,14694,0.183227
10336,14424,0.187877
10336,15382,0.182561
10337,13884,0.606889
10338,13317,0.395904
10339,13760,0.260344
10340,13430,0.261367
10341,13922,0.741227
10342,13808,0.378218
10343,18232,0.417969
10344,13347,0.466784
10345,13317,0.441885
10346,18286,0.697046
10347,13226,0.099298
10348,21453,0.535819
10349,16153,0.613173
10350,17077,0.368821
10351,21454,0.759307
10352,21455,0.269677
10352,14370,0.081907
10353,13245,0.166084
10354,13428,0.345176
10355,13316,0.280604
10356,21457,0.12891
10356,21458,0.205459
10357,19220,0.311552
10358,13303,0.060132
10359,21459,0.467414
10360,18219,0.283932
10361,13442,0.123698
10362,21460,0.544027
10363,13662,0.190501
10364,21463,0.406135
10365,13330,0.237262
10366,15494,0.240949
10367,18130,0.453039
10368,21465,0.425506
10368,21466,0.425506
10369,16141,0.060889
10370,18216,0.305041
10371,13583,0.267732
10372,14900,0.193335
10372,22025,0.270033
10373,13229,0.205198
10374,21468,0.372829
10375,21470,0.783015
10376,20815,0.355731
10377,16211,0.163001
10377,15398,0.114366
10378,13296,0.547487
10379,21474,0.241762
10380,13240,0.236225
10381,21475,0.451385
10381,18575,0.365131
10382,21476,0.781446
10383,21477,0.148891
10384,21479,0.345774
10385,16296,0.195481
10386,13304,0.29241
10387,21483,0.552277
10387,22172,0.146626
10388,21488,0.48857
10389,21489,0.347747
10390,21491,0.394873
10391,21492,0.624712
10392,21493,0.524877
10392,22915,0.204794
10393,20500,0.17465
10393,16241,0.196055
10394,16353,0.350351
10394,15033,0.384786
10395,13523,0.122206
10395,22187,0.051508
10396,14908,0.357443
10397,21494,0.494503
10398,13407,0.371811
10398,16640,0.334911
10399,13227,0.099192
10400,13244,0.183535
10401,14780,0.517503
10402,15405,0.385608
10403,21497,0.116988
10403,13967,0.061324
10404,21499,0.642719
10405,20654,0.482642
10405,22056,0.185393
10406,18548,0.159346
10406,14522,0.124185
10406,23275,0.083778
10407,13305,0.669808
10408,13658,0.595362
10409,21502,0.404993
10410,13508,0.337412
10411,13245,0.448113
10412,21504,0.386892
10412,20730,0.093626
10412,22208,0.093979
10413,13176,0.121193
10414,21505,0.413339
10415,14782,0.113245
10416,15637,0.140867
10416,14294,0.37011
10417,21506,0.601543
10418,13424,0.713486
10419,13351,0.342255
10419,15191,0.297043
10420,13730,0.083745
10421,21507,0.67971
10422,21508,0.422814
10423,21509,0.253993
10423,21607,0.250983
10424,21510,0.610327
10425,17936,0.231663
10426,13426,0.363673
10427,18317,0.232436
10427,18240,0.325771
10428,13227,0.316814
10429,13922,0.436266
10430,13730,0.191764
10431,16772,0.581751
10431,14130,0.231884
10432,13346,0.401356
10433,21512,0.173018
10433,21791,0.173018
10433,19230,0.135838
10434,21513,0.588911
10435,16551,0.300088
10436,14575,0.332918
10436,21438,0.265702
10437,21514,0.230775
10437,22329,0.083981
10438,13424,0.428896
10439,21516,0.812594
10440,20100,0.453097
10441,13261,0.281952
10442,13960,0.356964
10443,21517,0.674104
10444,17295,0.316463
10445,14312,0.500614
10446,21519,0.558471
10447,13663,0.694777
10448,21520,0.337291
10449,14187,0.334185
10449,14748,0.281428
10449,15529,0.249252
10450,21522,0.751461
10451,21523,0.277163
10451,21524,0.259624
10452,17742,0.30193
10452,22750,0.101042
10453,14403,0.631495
10454,21525,0.256961
10455,21527,0.728421
10456,14512,0.396552
10457,14400,0.313646
10458,21528,0.794671
10459,13905,0.51647
10460,13849,0.087191
10461,13336,0.225348
10462,21531,0.751344
10463,14149,0.114869
10463,21532,0.203083
10463,14879,0.115161
10463,22466,0.115234
10464,21533,0.169265
10465,13428,0.420621
10466,15872,0.404282
10467,15005,0.923742
10468,13204,0.265492
10469,13499,0.111539
10469,13842,0.095117
10470,13808,0.284122
10471,17646,0.547051
10472,13579,0.157097
10473,21443,0.295171
10474,15985,0.546819
10475,15435,0.222288
10475,22372,0.097173
10476,13379,0.173442
10476,13578,0.144573
10477,17982,0.234413
10477,16303,0.243025
10477,22261,0.199048
10478,18818,0.095335
10479,13746,0.392728
10480,13176,0.225089
10481,21539,0.490279
10482,21540,0.262197
10482,21988,0.262223
10483,21541,0.213084
10484,21542,0.515772
10485,13229,0.06589
10486,19623,0.576943
10487,15273,0.77665
10488,14628,0.265598
10489,17937,0.273843
10489,20277,0.182777
10490,19192,0.543225
10491,16910,0.577667
10492,14616,0.351488
10492,15412,0.266378
10493,13175,0.287403
10494,13505,0.671009
10495,13754,0.112934
10496,14157,0.365218
10496,15398,0.445725
10497,21548,0.354556
10497,22017,0.202896
10498,14995,0.518596
10499,18616,0.385343
10500,17143,0.365251
10501,21550,0.469758
10502,13178,0.372109
10503,19625,0.349913
10504,13423,0.574702
10505,15036,0.168471
10506,13484,0.37299
10506,14226,0.166999
10507,21555,0.082949
10507,15015,0.148389
10507,21047,0.168153
10507,22986,0.115637
10508,19982,0.223101
10508,15647,0.272619
10509,13260,0.531188
10510,21556,0.742451
10511,21557,0.090046
10512,17008,0.466418
10513,21558,0.628811
10514,15745,0.304815
10515,21559,0.234662
10516,21560,0.168372
10516,21673,0.065273
10516,13602,0.199406
10516,16467,0.168146
10516,20374,0.103755
10516,23061,0.063195
10516,23068,0.065273
10517,15051,0.065604
10518,15195,0.283552
10519,14625,0.309595
10520,13418,0.183038
10520,13430,0.200144
10521,14470,0.535918
10522,21563,0.758236
10523,14075,0.375317
10524,21564,0.714726
10525,13475,0.618642
10526,20444,0.628368
10527,20339,0.218336
10528,17351,0.289784
10528,13427,0.333648
10529,13217,0.166031
10529,23241,0.053336
10529,23274,0.081515
10530,13505,0.410496
10531,13240,0.12041
10532,14131,0.40746
10532,16857,0.325111
10533,13418,0.346639
10534,19966,0.513233
10534,22378,0.207041
10535,18067,0.34384
10536,16396,0.301873
10537,13260,0.25212
10538,15971,0.392409
10538,19784,0.134858
10539,21569,0.504827
10540,15597,0.489974
10541,21570,0.37285
10541,22081,0.174802
10542,13304,0.562246
10543,13542,0.293758
10543,14471,0.294646
10543,13831,0.221642
10544,21572,0.617735
10545,13579,0.409163
10546,13199,0.205375
10546,15953,0.174635
10547,13260,0.65337
10548,15334,0.742241
10549,13876,0.199746
10550,13269,0.284552
10551,13272,0.415869
10552,17520,0.238358
10553,15533,0.58058
10554,21576,0.824803
10555,16830,0.877129
10556,13579,0.307568
10557,13583,0.329325
10558,13663,0.064039
10559,13217,0.19206
10560,13217,0.700686
10561,17264,0.356493
10562,13303,0.295647
10563,17927,0.254549
10563,17450,0.263827
10564,13347,0.296248
10565,21583,0.103678
10565,21779,0.07524
10565,23117,0.164154
10566,14628,0.397942
10567,21584,0.478645
10568,21585,0.540996
10569,21586,0.346127
10570,13735,0.290123
10571,21589,0.204101
10572,16758,0.361115
10572,16759,0.259266
10573,13245,0.236831
10574,21591,0.41282
10575,21592,0.082581
10576,13730,0.171065
10577,13755,0.42256
10578,17008,0.7601
10579,21593,0.388577
10580,15826,0.12682
10580,20161,0.382545
10581,14941,0.442213
10582,17153,0.64287
10583,13344,0.311901
10584,21594,0.330708
10584,22996,0.29245
10585,21596,0.267841
10586,21355,0.057147
10587,13623,0.308384
10587,13309,0.333784
10588,13426,0.085639
10589,17274,0.433249
10590,20972,0.211815
10591,13315,0.079969
10592,21599,0.281093
10592,14130,0.266834
10593,21601,0.546923
10594,21602,0.207188
10595,21603,0.212543
10595,22392,0.212626
10596,21604,0.668918
10597,13442,0.216958
10598,21605,0.644856
10599,21606,0.654778
10600,14157,0.257708
10600,15398,0.265822
10600,14128,0.314271
10601,13497,0.406558
10602,21607,0.224576
10602,19000,0.18786
10603,19894,0.482229
10603,14102,0.215159
10604,19894,0.157338
10605,13755,0.076334
10606,21610,0.483068
10607,13330,0.062937
10608,21612,0.417469
10609,21614,0.318354
10610,13217,0.313057
10610,13423,0.414135
10611,21617,0.515002
10612,13217,0.419572
10613,13305,0.22847
10614,13428,0.763032
10615,13428,0.480256
10616,21618,0.668985
10617,13390,0.197875
10618,13344,0.377326
10619,21620,0.679389
10620,13305,0.085868
10621,21623,0.714572
10622,13230,0.324253
10623,21625,0.137731
10623,14693,0.261754
10623,14826,0.126811
10623,22373,0.100924
10623,22935,0.06962
10624,13240,0.172624
10625,19405,0.370207
10625,17557,0.369893
10626,21627,0.192092
10627,21628,0.206956
10627,18756,0.21344
10627,21629,0.213551
10627,21630,0.21351
10628,21631,0.832822
10629,13217,0.217232
10630,21632,0.3544
10630,21633,0.34638
10631,19387,0.09211
10632,13244,0.677154
10633,20702,0.30034
10633,21678,0.301101
10634,19493,0.371137
10635,19369,0.158935
10635,22226,0.122138
10636,13424,0.129162
10637,13275,0.406165
10638,13336,0.086666
10639,16057,0.377781
10639,20315,0.297471
10640,14432,0.387912
10640,21889,0.093232
10641,13376,0.433989
10642,21214,0.504568
10643,20861,0.305817
10644,21641,0.62623
10645,21642,0.058238
10646,21643,0.167893
10647,14471,0.681617
10648,21645,0.615635
10649,15609,0.70407
10650,21646,0.314642
10651,13245,0.281149
10652,21096,0.708185
10653,21647,0.760231
10654,21648,0.31709
10655,13226,0.335236
10656,14722,0.200611
10656,14393,0.357965
10657,13499,0.246656
10658,21649,0.568469
10659,17896,0.242957
10660,15372,0.386338
10661,14684,0.371379
10662,14628,0.079335
10662,14448,0.186525
10663,21655,0.293133
10664,13230,0.469029
10665,17581,0.103422
10666,13256,0.361024
10667,13204,0.156253
10668,13390,0.069487
10669,21656,0.328234
10670,21657,0.724871
10671,18641,0.512568
10672,15615,0.372326
10672,16528,0.336089
10673,21665,0.519079
10674,16494,0.812092
10675,21666,0.886569
10676,13499,0.671917
10677,15844,0.082534
10678,21669,0.456179
10679,13860,0.552482
10680,13835,0.767214
10681,13418,0.230736
10682,21672,0.493519
10683,13424,0.200038
10684,13316,0.230949
10685,15020,0.277218
10685,13440,0.168589
10686,13176,0.354722
10687,18104,0.15201
10687,15325,0.104402
10688,21674,0.377209
10689,21675,0.678867
10690,13662,0.209674
10691,21676,0.413567
10692,16421,0.086155
10693,14136,0.365745
10694,21677,0.183989
10694,14217,0.22823
10694,13819,0.143281
10694,23170,0.18386
10695,14430,0.092684
10695,17902,0.078878
10695,22299,0.131157
10695,22749,0.092901
10696,13225,0.304855
10697,17525,0.548853
10698,13597,0.429437
10698,13560,0.366085
10699,18580,0.496136
10700,13960,0.151057
10701,13226,0.178291
10702,21679,0.60268
10703,13418,0.760825
10704,14402,0.246967
10705,13176,0.26815
10706,17222,0.801189
10707,14817,0.447571
10707,21682,0.129523
10708,13589,0.265466
10708,18773,0.281994
10709,21683,0.230377
10710,14176,0.391589
10710,13220,0.272031
10711,13487,0.414333
10711,16591,0.304264
10712,15533,0.161439
10712,13508,0.114286
10713,14322,0.351375
10714,13218,0.402326
10715,21686,0.78984
10716,21687,0.735801
10717,13742,0.288829
10718,16374,0.305688
10719,13878,0.605056
10720,17865,0.351375
10721,18786,0.33749
10722,15620,0.270785
10723,17080,0.372227
10724,21692,0.586351
10725,14816,0.564082
10726,21695,0.809985
10727,14861,0.076622
10727,21812,0.356475
10728,13344,0.721646
10729,14271,0.423472
10730,15285,0.412485
10731,13240,0.050212
10732,21036,0.559353
10733,20047,0.587645
10734,21700,0.180126
10735,13281,0.322859
10736,21704,0.210757
10737,16896,0.132421
10738,15456,0.49513
10739,21707,0.809509
10740,17572,0.456287
10740,16621,0.159433
10741,16705,0.462532
10742,21709,0.634318
10743,13581,0.328884
10744,17530,0.421297
10745,16117,0.243592
10746,21714,0.604474
10747,17688,0.15815
10748,19152,0.506101
10749,13244,0.196481
10750,21717,0.365423
10750,13883,0.515087
10751,13240,0.305997
10752,21720,0.457523
10753,21722,0.422189
10754,21723,0.710546
10755,13351,0.59684
10756,14402,0.391917
10757,21725,0.686245
10758,17161,0.211583
10759,13230,0.329724
10760,21726,0.433554
10761,15102,0.317471
10762,21727,0.384955
10763,21729,0.449136
10764,13217,0.068516
10765,13428,0.448728
10766,13304,0.187494
10767,21730,0.245051
10767,22068,0.134941
10768,21731,0.620566
10769,21732,0.542796
10770,21733,0.14294
10770,16744,0.184302
10771,13426,0.372771
10772,13245,0.902874
10773,21734,0.478655
10774,13732,0.197756
10775,15537,0.838797
10776,13554,0.153
10776,21735,0.155718
10777,17885,0.842608
10778,19376,0.690542
10779,18789,0.293015
10780,13796,0.426656
10780,14204,0.429422
10781,20843,0.807966
10782,13738,0.388872
10783,13279,0.700964
10784,21739,0.279174
10785,13244,0.422883
10786,21740,0.143476
10786,19812,0.264419
10787,21742,0.375266
10788,13260,0.676803
10789,13230,0.299932
10790,21745,0.672352
10791,21747,0.336526
10792,21749,0.111357
10792,19205,0.21108
10793,21338,0.919959
10794,19365,0.156603
10795,14901,0.320928
10796,21047,0.225542
10797,13663,0.623157
10798,13227,0.339918
10799,16487,0.351435
10799,20057,0.103735
10800,21752,0.466729
10801,16073,0.235682
10802,21753,0.487389
10802,18723,0.129222
10803,21754,0.118063
10803,14472,0.159413
10804,14246,0.548321
10805,21755,0.473166
10806,21756,0.294637
10806,21757,0.500301
10807,14401,0.07721
10808,21758,0.055461
10809,16130,0.27654
10809,15722,0.294099
10810,13428,0.057571
10811,14400,0.405378
10812,13744,0.361834
10813,13426,0.742956
10814,15620,0.226425
10814,13583,0.112332
10815,14143,0.402968
10816,21760,0.664842
10817,13662,0.293297
10818,13428,0.420343
10819,21764,0.635641
10820,13305,0.329272
10820,13303,0.300535
10821,21766,0.461006
10822,21768,0.523181
10823,21769,0.927002
10824,15941,0.614237
10825,21770,0.462171
10826,13240,0.262814
10827,13418,0.248933
10828,21775,0.090579
10829,14805,0.465598
10830,13314,0.348259
10831,13517,0.293634
10832,13517,0.332731
10833,13244,0.172574
10834,14045,0.330543
10835,21777,0.660549
10836,15626,0.251823
10837,21780,0.385364
10837,22200,0.299818
10838,21781,0.508553
10839,16606,0.674406
10840,21782,0.444217
10840,21783,0.325875
10841,13424,0.354882
10842,13497,0.384509
10843,13418,0.430215
10844,13245,0.385712
10845,13217,0.190701
10846,21785,0.394704
10847,21786,0.354729
10848,21787,0.55432
10849,17191,0.29944
10849,17863,0.140904
10849,19866,0.078583
10850,21788,0.558148
10850,22274,0.135488
10851,15201,0.507554
10852,21789,0.38107
10853,13351,0.149934
10854,20308,0.313113
10855,17585,0.271865
10856,15745,0.392904
10857,14684,0.181027
10858,13245,0.166041
10859,13217,0.332193
10860,13754,0.516454
10861,21797,0.761644
10862,21799,0.344945
10863,21800,0.908411
10864,15154,0.335857
10865,21804,0.832676
10866,15557,0.621146
10867,13689,0.249634
10868,19203,0.463601
10869,21806,0.67691
10870,19635,0.316763
10870,20343,0.117386
10870,14668,0.058696
10871,13430,0.091809
10872,21808,0.599821
10873,15244,0.187477
10874,17259,0.084766
10875,21143,0.322356
10876,13663,0.221275
10877,17894,0.216369
10878,21810,0.580805
10879,21811,0.185118
10880,13730,0.175484
10881,13418,0.29014
10882,21735,0.136635
10883,13281,0.09323
10884,15245,0.130894
10885,13260,0.818296
10886,21813,0.317855
10887,16529,0.100433
10888,13428,0.328007
10889,21814,0.468164
10890,21815,0.637791
10891,18837,0.482858
10892,21816,0.507347
10893,13551,0.417336
10894,13194,0.143139
10895,21458,0.242583
10895,22510,0.338179
10896,21817,0.689253
10897,13415,0.444445
10897,13878,0.187394
10898,21825,0.466489
10899,13329,0.242714
10900,21826,0.414188
10901,13424,0.311555
10902,21827,0.069378
10903,21830,0.349906
10903,22140,0.139608
10904,21831,0.694977
10905,13748,0.275084
10906,14033,0.347556
10907,13760,0.074285
10908,13325,0.633334
10909,13245,0.248128
10910,13497,0.587324
10911,21352,0.225102
10912,21836,0.658262
10913,13239,0.420316
10914,13732,0.219945
10915,19264,0.421656
10915,14649,0.084711
10916,13418,0.161833
10916,13428,0.198825
10917,16668,0.321377
10918,13176,0.21843
10919,13830,0.42288
10919,19254,0.190234
10919,17126,0.187698
10920,21839,0.709047
10921,15589,0.343479
10922,13175,0.553262
10923,19347,0.199578
10923,23255,0.082224
10924,21842,0.236691
10925,21749,0.104489
10926,13244,0.227622
10927,13244,0.318718
10928,21843,0.355642
10929,21844,0.611479
10930,21845,0.648348
10931,21846,0.276678
10932,21848,0.220217
10932,22150,0.118802
10933,13303,0.441303
10934,13505,0.05556
10935,13517,0.421199
10936,21849,0.210044
10937,18679,0.344728
10937,15520,0.259733
10938,15588,0.368671
10939,13808,0.344673
10940,13344,0.321834
10941,13663,0.070112
10942,13344,0.259036
10943,21850,0.139095
10944,13305,0.279512
10945,13424,0.61471
10946,21851,0.52334
10947,21852,0.370055
10948,13430,0.321753
10949,16948,0.179279
10950,13228,0.38279
10951,19586,0.216395
10951,21954,0.083807
10952,13240,0.212626
10953,13344,0.462011
10954,17701,0.279048
10955,21856,0.387219
10955,21857,0.265235
10956,21859,0.481307
10957,13226,0.050428
10958,21861,0.789567
10959,15285,0.550134
10960,20201,0.519669
10961,21862,0.571346
10962,18166,0.782564
10963,21863,0.578372
10964,18269,0.104683
10965,13316,0.097029
10966,21865,0.314227
10967,14236,0.322781
10968,21866,0.248637
10969,21867,0.385165
10970,13754,0.331072
10971,20566,0.393177
10972,21869,0.555594
10973,21870,0.731001
10974,15737,0.465279
10975,13442,0.381651
10976,21872,0.345646
10977,21874,0.552124
10978,21875,0.498385
10979,19471,0.128944
10980,21877,0.317868
10981,15425,0.329523
10981,13852,0.227262
10982,21878,0.452817
10983,21879,0.647552
10984,13428,0.467217
10985,21880,0.5386
10986,16131,0.160823
10986,14137,0.292246
10987,21881,0.580525
10988,21729,0.74518
10989,13584,0.117098
10990,21883,0.282652
10991,13329,0.412977
10992,14792,0.322568
10993,13176,0.195434
10994,17251,0.328591
10995,21884,0.45965
10996,20597,0.344459
10997,21403,0.711111
10998,14995,0.418244
10998,15149,0.26109
10999,15620,0.453931
11000,13442,0.297001
11001,21885,0.314818
11001,19600,0.2949
11002,21887,0.183057
11003,15900,0.425152
11004,16351,0.2444
11005,19426,0.368723
11006,17274,0.054965
11007,13303,0.323043
11008,21893,0.182848
11009,21894,0.56965
11010,21895,0.302344
11010,23098,0.130346
11011,21896,0.714576
11012,15620,0.44655
11013,19033,0.321001
11014,13261,0.237927
11015,13244,0.36889
11016,21897,0.286717
11017,21899,0.088437
11018,21900,0.66613
11019,21902,0.245173
11020,15685,0.33216
11021,13344,0.355479
11022,13586,0.211183
11023,21906,0.964508
11024,21907,0.783609
11025,20751,0.476709
11026,21908,0.581001
11027,21909,0.643673
11028,13583,0.067559
11029,13428,0.342241
11030,21910,0.476073
11031,18196,0.217621
11032,21913,0.11953
11033,13808,0.176317
11034,13383,0.268912
11035,15493,0.394953
11036,19855,0.268918
11036,22102,0.388742
11037,21914,0.514851
11038,21915,0.704888
11039,13476,0.127004
11039,21916,0.231173
11039,15075,0.163107
11040,13429,0.473453
11041,13241,0.251626
11042,21919,0.276537
11043,15480,0.409866
11044,21920,0.550153
11045,21921,0.650013
11046,13583,0.078348
11047,13250,0.191457
11047,20756,0.081176
11048,21922,0.393201
11049,21926,0.726701
11050,21928,0.414297
11051,21929,0.445418
11051,13641,0.143532
11052,13967,0.391111
11053,13173,0.283195
11053,22916,0.159858
11054,21930,0.409672
11055,14514,0.422572
11055,17997,0.333614
11056,20972,0.201121
11057,18065,0.300124
11057,14657,0.166938
11058,14142,0.100548
11059,17914,0.47881
11060,19249,0.251566
11061,17505,0.482967
11062,13305,0.081512
11063,21931,0.631759
11064,13969,0.529066
11065,13429,0.172624
11066,20568,0.515137
11067,13571,0.403329
11068,14626,0.692553
11069,21933,0.546418
11070,21934,0.356618
11071,21756,0.905872
11072,21935,0.392908
11073,16945,0.374063
11074,21938,0.639685
11075,21939,0.636672
11076,20528,0.565057
11077,14109,0.420116
11078,17585,0.351984
11079,19770,0.840559
11080,14693,0.679863
11081,16275,0.230997
11082,13418,0.187321
11083,13226,0.070999
11084,15070,0.718233
11085,14393,0.629479
11086,21749,0.21696
11087,21940,0.435599
11088,21942,0.285484
11089,13586,0.159416
11090,18362,0.630171
11091,21943,0.416742
11092,13351,0.352995
11093,14142,0.341537
11094,15797,0.058554
11094,22409,0.056946
11095,17585,0.0563
11096,21187,0.76726
11097,21944,0.327407
11097,21945,0.223086
11098,18049,0.436471
11098,15360,0.296511
11099,13442,0.623109
11100,13305,0.177728
11100,13303,0.164888
11101,21948,0.502111
11102,21949,0.755023
11103,13176,0.208093
11104,21951,0.286872
11105,13579,0.277318
11106,13245,0.735523
11107,15367,0.425834
11108,13960,0.107952
11109,21955,0.811543
11110,21956,0.311138
11111,14106,0.344955
11112,13178,0.45953
11113,13204,0.060679
11114,15797,0.115269
11115,13347,0.115347
11115,14271,0.210487
11116,13347,0.155515
11117,13229,0.162339
11118,13626,0.242443
11118,13996,0.244068
11119,14079,0.401779
11119,15460,0.324493
11120,13217,0.512388
11121,14239,0.499199
11122,15164,0.290091
11123,13290,0.31957
11124,21966,0.707315
11125,13428,0.27675
11126,15328,0.557586
11127,13176,0.051368
11128,13424,0.277121
11128,13244,0.284412
11129,15137,0.295032
11130,13430,0.053951
11131,21971,0.309351
11132,21972,0.331728
11133,16669,0.180587
11134,13176,0.332219
11134,13329,0.063354
11135,17220,0.665699
11136,16571,0.197986
11137,21974,0.50706
11138,14496,0.243994
11139,21975,0.302692
11140,13428,0.441848
11141,14224,0.557379
11142,21977,0.451183
11143,21978,0.633668
11144,21981,0.297986
11145,13428,0.155676
11146,14106,0.278519
11147,21982,0.279638
11148,13260,0.115838
11149,21984,0.618475
11150,21985,0.239889
11151,21987,0.10938
11151,22403,0.321406
11152,13329,0.2597
11153,13244,0.28611
11154,13344,0.35623
11155,13705,0.288552
11155,13589,0.088406
11155,15364,0.194464
11155,23102,0.194479
11156,13496,0.099326
11157,21992,0.434825
11158,13245,0.108141
11159,14875,0.246454
11160,21993,0.503573
11161,21994,0.212535
11162,16696,0.339789
11163,19976,0.244239
11164,13423,0.744241
11165,18910,0.522634
11166,20657,0.489295
11167,13428,0.21571
11168,14629,0.244703
11168,13224,0.254259
11169,21995,0.285025
11169,13346,0.130289
11169,13194,0.132056
11170,13539,0.438645
11171,14987,0.123646
11172,17077,0.734735
11173,21998,0.717412
11174,18232,0.337004
11175,13345,0.62829
11176,22000,0.737419
11177,13284,0.60985
11178,15494,0.39027
11179,13256,0.14313
11180,22001,0.122042
11181,14642,0.119836
11182,22002,0.863941
11183,19196,0.76464
11184,22004,0.203522
11185,13418,0.314516
11186,13316,0.310873
11187,13663,0.189399
11188,13391,0.898263
11189,18537,0.222348
11190,19735,0.057653
11190,14391,0.091885
11190,13900,0.316267
11190,14603,0.128649
11191,22005,0.124656
11192,14748,0.305297
11192,21538,0.239685
11192,15776,0.211646
11193,21385,0.40115
11194,13818,0.452925
11195,21979,0.252332
11196,22006,0.582239
11197,13702,0.30049
11198,15283,0.16361
11199,22007,0.591112
11200,22009,0.542629
11201,13304,0.263211
11202,13505,0.23398
11203,13754,0.777244
11204,13204,0.249574
11205,18594,0.429758
11206,20657,0.247665
11207,13418,0.616539
11208,22013,0.361212
11209,14497,0.309784
11210,13586,0.139633
11211,22016,0.482588
11212,13363,0.105784
11212,13737,0.388033
11213,14402,0.570745
11214,13430,0.133127
11215,13373,0.403996
11216,16138,0.294022
11217,14236,0.520093
11218,19073,0.590226
11219,13423,0.33888
11220,22021,0.696659
11221,22022,0.444577
11221,22023,0.257069
11222,22026,0.198341
11223,13178,0.249876
11224,22028,0.89438
11225,21534,0.419432
11226,14400,0.3012
11227,13633,0.341311
11228,20861,0.403322
11229,15618,0.296864
11230,22031,0.135265
11230,21799,0.096971
11231,14901,0.124313
11232,15637,0.633536
11233,22032,0.140943
11233,18504,0.136054
11233,22366,0.14128
11234,13430,0.301254
11235,15870,0.118759
11236,13870,0.154769
11237,22035,0.403773
11237,13213,0.272627
11238,13752,0.300463
11239,14896,0.067978
11240,13195,0.384066
11241,20751,0.776314
11242,13347,0.073287
11242,13584,0.081036
11243,22036,0.225661
11243,16869,0.283702
11244,22037,0.515214
11245,13442,0.077484
11246,22038,0.602752
11247,22039,0.179156
11248,22042,0.71313
11249,14034,0.529127
11250,14805,0.44382
11251,22043,0.271669
11252,22045,0.233802
11253,13455,0.718715
11254,21242,0.439484
11254,23243,0.405384
11255,16864,0.365518
11256,22048,0.21969
11257,22050,0.231399
11257,19823,0.231272
11257,14483,0.174584
11258,22051,0.298478
11259,13663,0.079395
11260,19672,0.340269
11261,22052,0.565243
11262,22054,0.760357
11263,17901,0.580568
11264,13304,0.39124
11265,14401,0.333314
11266,14598,0.788125
11267,13730,0.821305
11268,22058,0.16543
11268,21261,0.425762
11269,22059,0.270247
11269,22169,0.151042
11270,19958,0.821707
11271,14888,0.218369
11271,22061,0.370838
11272,14681,0.347771
11273,18215,0.346636
11274,17188,0.67924
11275,13240,0.305502
11276,17673,0.050841
11277,17706,0.083449
11278,13734,0.249287
11279,13549,0.428432
11280,22063,0.345563
11281,22064,0.70642
11282,13760,0.762158
11283,17544,0.74632
11284,13428,0.219376
11285,15887,0.418403
11286,22070,0.818316
11287,18430,0.852668
11288,22071,0.521348
11289,22072,0.525721
11290,22074,0.225797
11291,13739,0.594439
11292,15075,0.775577
11293,20886,0.302671
11294,21979,0.117216
11295,15869,0.154424
11296,15550,0.373502
11297,15340,0.49118
11297,18379,0.375086
11298,18694,0.697096
11299,13741,0.142381
11299,19102,0.389561
11299,22550,0.0936
11300,13245,0.418681
11301,19924,0.682007
11302,13239,0.774996
11303,13967,0.286662
11304,17813,0.47152
11305,14271,0.215781
11306,14142,0.408885
11307,13304,0.275574
11308,22082,0.699506
11309,22083,0.121529
11309,15110,0.170088
11309,14603,0.080963
11310,22084,0.552123
11311,16275,0.363139
11312,21292,0.808223
11313,22085,0.245957
11314,22086,0.483045
11315,14393,0.371767
11316,13413,0.327384
11317,13730,0.299033
11318,14436,0.320575
11318,15746,0.318689
11319,17274,0.181375
11320,13218,0.754543
11321,13218,0.675326
11322,14373,0.398373
11323,15770,0.64271
11324,22087,0.26669
11325,22088,0.283575
11326,13475,0.261579
11327,13240,0.420321
11328,22045,0.455251
11329,22027,0.132929
11329,23095,0.117402
11330,17048,0.531036
11331,13579,0.276175
11331,13245,0.138646
11332,15791,0.243108
11332,14402,0.286998
11333,15770,0.536473
11334,17347,0.185767
11334,15009,0.149945
11335,22092,0.399723
11336,17321,0.420447
11337,13390,0.239144
11338,13204,0.074604
11339,18102,0.219501
11340,16621,0.254099
11340,15834,0.395699
11341,22096,0.54589
11342,13776,0.517391
11342,15637,0.269324
11343,22100,0.639662
11344,22101,0.712185
11345,22103,0.398778
11346,22105,0.887573
11347,22107,0.404254
11348,13583,0.097701
11349,17766,0.209396
11350,14123,0.205644
11350,16859,0.132821
11351,16419,0.701703
11352,22108,0.730498
11353,13754,0.54138
11354,13281,0.42279
11355,22109,0.442972
11356,18262,0.295537
11357,22110,0.242227
11358,13475,0.360786
11359,13760,0.935788
11360,13330,0.156131
11361,21443,0.451052
11362,22112,0.759891
11363,14337,0.577351
11364,13230,0.081578
11365,15628,0.52135
11366,14543,0.699723
11367,22114,0.16876
11368,22117,0.607238
11369,18361,0.368467
11369,14138,0.13271
11370,22118,0.508905
11371,14393,0.081643
11372,22119,0.247096
11373,13373,0.217578
11374,22121,0.715301
11375,13245,0.210412
11376,14390,0.557546
11377,13176,0.061364
11378,22123,0.446239
11378,22799,0.107238
11379,15112,0.343417
11380,22125,0.584998
11381,14164,0.260675
11381,14284,0.207177
11381,22859,0.183901
11382,13584,0.779726
11383,20126,0.806495
11384,13583,0.265816
11385,22127,0.459236
11386,13230,0.711232
11387,16510,0.321699
11388,16237,0.568791
11389,22128,0.484153
11390,22129,0.794347
11391,13279,0.549277
11392,19645,0.610817
11393,17295,0.517275
11394,16473,0.085068
11395,16278,0.357571
11395,16277,0.084936
11396,17636,0.549144
11397,22134,0.62088
11398,14235,0.789436
11399,22135,0.827323
11400,22136,0.265184
11401,18495,0.529604
11402,14271,0.359159
11403,22137,0.260746
11404,17812,0.221089
11405,22138,0.155355
11406,22139,0.267852
11407,13176,0.102516
11408,22141,0.552833
11409,13244,0.278859
11410,22142,0.704578
11411,14810,0.229134
11412,22144,0.146827
11413,21085,0.059051
11414,15543,0.571207
11415,13303,0.060931
11416,15557,0.085983
11417,13217,0.191473
11418,22145,0.468887
11419,13428,0.094831
11420,17194,0.335337
11421,13731,0.812855
11422,13305,0.473512
11423,17462,0.56248
11424,13244,0.289271
11425,13344,0.267194
11426,13744,0.197176
11427,13428,0.138065
11428,22146,0.588561
11429,13440,0.242288
11430,18438,0.396582
11431,13586,0.251641
11432,13675,0.170874
11432,22147,0.200054
11433,22148,0.700534
11434,13390,0.123784
11435,13176,0.410073
11436,13245,0.345771
11437,16642,0.51504
11438,22153,0.273731
11438,22499,0.196355
11438,13289,0.108507
11439,22154,0.426829
11440,22155,0.536404
11441,13586,0.373345
11442,18459,0.502754
11443,22158,0.130409
11443,22816,0.334255
11444,22159,0.500842
11445,22160,0.423727
11446,22161,0.474374
11447,22163,0.676476
11448,16221,0.245826
11449,22164,0.247776
11450,13730,0.552657
11451,19770,0.27961
11452,18144,0.339195
11452,15398,0.36233
11453,22167,0.601502
11454,15898,0.535365
11455,22168,0.176067
11455,22389,0.108012
11456,21729,0.64503
11457,22170,0.359651
11458,13226,0.180322
11459,22171,0.798672
11460,17613,0.430396
11460,16507,0.41553
11461,13245,0.149352
11462,15028,0.394525
11462,21538,0.283509
11463,15089,0.70059
11464,22175,0.190234
11465,22176,0.369399
11466,22177,0.663592
11467,13305,0.513496
11468,22178,0.553959
11469,22180,0.447379
11470,22181,0.548065
11471,14803,0.162446
11471,13947,0.159346
11472,13330,0.059759
11473,14747,0.333204
11474,14400,0.729521
11475,22183,0.778864
11476,13760,0.312863
11477,13230,0.068381
11478,22184,0.15548
11478,23145,0.155442
11479,13442,0.185632
11480,22186,0.561839
11481,21167,0.637852
11482,14464,0.107004
11483,17030,0.545589
11484,13240,0.395019
11484,13239,0.286556
11485,17044,0.156408
11486,14155,0.519413
11487,22191,0.163143
11488,22194,0.652751
11489,13228,0.381681
11490,19993,0.225537
11491,14271,0.736355
11492,22196,0.674872
11493,19992,0.266362
11494,14271,0.252787
11495,19238,0.081115
11496,22197,0.131546
11497,22198,0.643215
11498,19033,0.447693
11499,22199,0.383486
11500,20936,0.408563
11501,13442,0.283444
11502,19888,0.559273
11503,22201,0.173262
11503,23086,0.124286
11504,22202,0.103236
11505,13230,0.089411
11506,22204,0.220747
11507,14542,0.216215
11508,15113,0.451367
11509,13344,0.367519
11509,13583,0.168527
11510,22205,0.615246
11511,13175,0.051232
11511,13744,0.223874
11512,13679,0.795177
11513,21950,0.062574
11513,14277,0.067541
11514,13684,0.306401
11514,15615,0.306613
11515,13390,0.41754
11516,13176,0.110405
11517,22209,0.290341
11518,13346,0.401123
11519,15620,0.140888
11520,22211,0.271898
11521,18119,0.626721
11522,22213,0.426493
11522,22214,0.305933
11523,22216,0.562311
11524,22217,0.504907
11525,14271,0.058138
11526,22219,0.501828
11527,19214,0.252075
11528,22221,0.780508
11529,22222,0.60205
11530,13429,0.297822
11531,13217,0.398479
11531,13303,0.472776
11532,22224,0.149012
11533,22225,0.215829
11533,22235,0.21585
11534,22227,0.109477
11535,22228,0.45865
11536,22229,0.177536
11537,13581,0.289462
11538,14373,0.409903
11539,13347,0.272791
11540,19869,0.350519
11540,20613,0.188805
11541,17417,0.091544
11542,17516,0.069221
11543,14116,0.242266
11544,22232,0.790637
11545,13193,0.276012
11546,17572,0.258777
11547,13243,0.589227
11548,22237,0.163525
11549,22238,0.380553
11549,14833,0.308378
11550,13744,0.483926
11551,22239,0.930267
11552,13230,0.384268
11553,22242,0.696709
11554,13305,0.208433
11554,13303,0.136557
11555,22244,0.320411
11555,23210,0.230222
11556,13316,0.169033
11557,16080,0.181841
11558,15797,0.283983
11559,14103,0.181538
11560,22246,0.403158
11561,20616,0.418011
11562,13579,0.090487
11563,22247,0.284452
11564,13713,0.102037
11565,22248,0.705462
11566,13244,0.155084
11567,13228,0.386671
11568,17900,0.308637
11568,19806,0.155881
11569,13226,0.083824
11570,22251,0.514163
11571,20900,0.237049
11572,22253,0.753577
11573,22254,0.63308
11574,22255,0.160528
11575,22257,0.247504
11576,22258,0.176467
11576,19913,0.134632
11577,13240,0.218373
11578,22260,0.376177
11579,13430,0.270298
11580,22262,0.403302
11581,13330,0.395932
11582,14271,0.410413
11583,20865,0.572753
11584,22264,0.795843
11585,22265,0.428799
11585,14287,0.310507
11586,17680,0.918115
11587,22266,0.331552
11587,14603,0.332805
11588,13244,0.277432
11589,13808,0.198616
11590,22270,0.428125
11591,16325,0.280975
11591,14670,0.243113
11592,14901,0.458686
11593,22271,0.357132
11594,22272,0.296618
11595,19124,0.40002
11596,20363,0.312838
11596,13178,0.31024
11597,22276,0.536124
11598,22277,0.289535
11598,16357,0.207686
11599,22278,0.786291
11600,13428,0.359231
11601,13732,0.482543
11602,22281,0.353649
11602,22282,0.269674
11603,13218,0.227765
11604,13175,0.092857
11605,15039,0.390892
11605,15111,0.435633
11606,13996,0.512658
11607,17077,0.203045
11608,13228,0.225098
11609,22286,0.681089
11610,22287,0.386876
11611,13730,0.744835
11612,22288,0.594817
11613,14464,0.510088
11614,14681,0.455182
11615,13579,0.273528
11616,13754,0.316064
11617,13428,0.111951
11618,15810,0.342282
11619,22290,0.217998
11619,22796,0.225925
11620,22291,0.089684
11620,23222,0.12762
11621,22292,0.541795
11622,17733,0.227804
11623,16702,0.328835
11624,16773,0.554066
11625,22296,0.89147
11626,17884,0.418331
11627,22298,0.447105
11628,22300,0.542394
11629,22301,0.572711
11630,15140,0.088448
11631,13217,0.106634
11632,13425,0.247264
11633,15227,0.43173
11634,22302,0.383871
11635,20272,0.543401
11636,13203,0.385376
11636,22262,0.376123
11637,22304,0.863077
11638,13428,0.073953
11639,17555,0.496258
11640,13585,0.085321
11640,16082,0.057784
11641,13226,0.077039
11642,22306,0.381046
11643,16078,0.577714
11644,13662,0.230584
11645,13245,0.518119
11646,13922,0.363248
11647,22004,0.599148
11648,18090,0.557737
11649,21497,0.438372
11650,22310,0.508427
11651,22311,0.675162
11652,17085,0.412255
11653,22312,0.509072
11654,22313,0.622501
11655,21200,0.278602
11656,21534,0.30355
11656,18158,0.303501
11657,21394,0.107881
11658,15324,0.79417
11659,22314,0.661014
11660,15103,0.52195
11661,22316,0.384726
11662,22318,0.38577
11663,13240,0.240918
11664,13429,0.333444
11665,13303,0.498853
11666,22320,0.642579
11667,22322,0.727622
11668,22325,0.601515
11669,19010,0.050951
11670,22327,0.25835
11671,13245,0.221534
11672,13372,0.251579
11672,14616,0.152265
11673,13304,0.389285
11674,14689,0.355202
11675,22328,0.714204
11676,14330,0.697577
11677,13428,0.14313
11678,22330,0.162063
11679,16680,0.719101
11680,17349,0.582019
11681,13413,0.376728
11682,22332,0.616578
11683,22333,0.422509
11684,15916,0.325774
11685,22335,0.419169
11686,13305,0.349207
11686,13303,0.279607
11687,16057,0.448914
11688,13230,0.164198
11689,13517,0.367468
11690,15200,0.442558
11691,22338,0.093386
11691,13497,0.265731
11692,22339,0.830641
11693,13496,0.267694
11694,13423,0.390122
11695,22341,0.66829
11696,19190,0.238673
11697,18704,0.276164
11698,22342,0.776194
11699,16486,0.253934
11699,16227,0.178714
11700,19317,0.613652
11701,22343,0.356112
11702,13204,0.319017
11703,22346,0.134575
11704,18040,0.189085
11705,22347,0.356059
11706,22348,0.441088
11707,17594,0.161645
11708,13330,0.257576
11709,22353,0.472598
11710,13245,0.287371
11711,22354,0.143792
11711,22355,0.186394
11712,22356,0.096338
11713,19387,0.216939
11714,13823,0.483611
11715,13499,0.524909
11716,22358,0.682629
11717,13505,0.436157
11718,14260,0.198597
11719,14169,0.336876
11720,22361,0.117417
11720,22808,0.066048
11721,13176,0.131119
11722,14667,0.291522
11722,13231,0.157829
11723,22362,0.429224
11724,22363,0.669331
11725,16773,0.319522
11726,13499,0.40608
11727,18770,0.529724
11728,16493,0.317753
11729,22371,0.574166
11730,13425,0.15671
11731,18234,0.533103
11732,22377,0.293224
11733,20067,0.148698
11734,22379,0.648928
11735,22380,0.336401
11736,22381,0.820981
11737,22382,0.244407
11737,22765,0.461349
11738,22383,0.328996
11739,13586,0.290204
11740,17270,0.264909
11741,22390,0.193507
11741,22391,0.308073
11742,13732,0.475408
11743,13428,0.288215
11744,22393,0.684381
11745,22394,0.148644
11745,22820,0.147011
11746,13582,0.311951
11747,13418,0.422563
11748,22396,0.302235
11749,13347,0.282412
11750,22397,0.614642
11751,13967,0.190974
11752,13413,0.773294
11753,22398,0.629145
11754,22399,0.5046
11755,15919,0.268673
11756,19403,0.291423
11756,14868,0.290963
11756,15394,0.291149
11757,14117,0.251835
11758,16673,0.227617
11758,13497,0.13922
11759,13496,0.162104
11760,14668,0.468427
11760,16038,0.111042
11761,13209,0.474538
11762,22401,0.327948
11763,15299,0.208735
11764,15461,0.601783
11764,16907,0.231311
11765,13424,0.292737
11766,22404,0.564322
11767,19516,0.152124
11768,22405,0.373894
11769,16525,0.455433
11770,13508,0.818491
11771,22407,0.576215
11772,13241,0.430584
11773,13496,0.153754
11774,13244,0.159237
11774,16383,0.401181
11775,16691,0.723139
11776,22410,0.208714
11776,21885,0.150191
11777,15531,0.21985
11778,15620,0.313929
11779,14758,0.435612
11780,22412,0.789084
11781,22413,0.470344
11782,22414,0.123407
11783,17629,0.425432
11784,22415,0.67591
11785,13394,0.437902
11786,22416,0.201233
11787,22417,0.70461
11788,19311,0.284865
11789,22420,0.483034
11790,13218,0.42294
11791,14498,0.22714
11791,13241,0.225328
11792,17020,0.578873
11793,13731,0.452116
11794,22422,0.390118
11795,18723,0.69971
11796,13442,0.383585
11797,13841,0.368745
11798,14360,0.163237
11798,16880,0.243692
11799,22428,0.576614
11800,13583,0.377258
11801,22429,0.858099
11802,22430,0.68877
11803,22431,0.743177
11804,13226,0.055874
11805,22432,0.395607
11806,22433,0.419308
11807,14130,0.380769
11807,15324,0.371893
11808,13316,0.248844
11809,19183,0.239017
11809,23256,0.15203
11809,23257,0.146977
11809,23258,0.106246
11810,19982,0.438745
11811,13260,0.472359
11812,13373,0.232822
11813,13304,0.182982
11814,22437,0.35823
11814,16621,0.177442
11814,22438,0.193682
11815,21505,0.455854
11816,13217,0.366231
11817,17391,0.296396
11818,13217,0.526247
11819,13330,0.314777
11820,22441,0.318549
11821,19549,0.371423
11822,13241,0.437107
11823,18693,0.324059
11824,13240,0.27091
11825,13973,0.46972
11826,21810,0.71026
11827,22442,0.480587
11828,22443,0.571085
11829,22444,0.69758
11830,22445,0.741925
11831,17439,0.230812
11832,16543,0.177097
11833,20232,0.432462
11833,22446,0.439694
11834,22447,0.487424
11835,13344,0.264414
11836,14575,0.292126
11836,16630,0.419896
11837,22450,0.337865
11838,13226,0.12198
11839,13361,0.158432
11840,13423,0.1815
11841,22452,0.635195
11842,13345,0.403961
11843,13227,0.476111
11844,15602,0.854765
11845,22453,0.157122
11846,15946,0.192723
11846,17042,0.087703
11847,16508,0.511039
11848,22456,0.703181
11849,13808,0.2423
11850,21026,0.221505
11851,22457,0.589278
11852,15204,0.237642
11853,13281,0.239587
11854,14464,0.194388
11855,13428,0.236348
11856,13734,0.227749
11857,13583,0.107944
11858,17165,0.524638
11859,15872,0.205804
11859,22460,0.205897
11859,16092,0.147693
11859,15136,0.20518
11860,17945,0.401578
11860,17029,0.204011
11861,17503,0.123507
11862,13583,0.239649
11863,22462,0.550273
11864,22463,0.576963
11865,22464,0.245083
11865,15159,0.170817
11866,22465,0.836827
11867,18115,0.20629
11867,17699,0.206313
11868,22468,0.781359
11869,22471,0.124845
11870,13250,0.474627
11871,17255,0.356247
11872,13662,0.132328
11873,13418,0.24294
11874,13424,0.467737
11875,13230,0.44828
11876,22477,0.647204
11877,16673,0.405702
11878,22478,0.398693
11879,22479,0.50612
11880,15317,0.319867
11881,19183,0.475784
11882,22480,0.727612
11883,22481,0.298812
11884,18702,0.539927
11885,13239,0.386749
11885,23019,0.227444
11886,15564,0.353631
11887,13315,0.130234
11888,13583,0.133969
11888,13581,0.199124
11889,16623,0.245502
11889,19194,0.26368
11890,15562,0.320459
11891,13741,0.64022
11892,22486,0.284051
11893,13303,0.399475
11894,22487,0.228333
11895,13579,0.139047
11896,13761,0.350828
11897,22488,0.327764
11898,16884,0.306395
11899,13520,0.403522
11900,21987,0.566176
11901,13681,0.14656
11902,14646,0.377421
11903,15897,0.349141
11904,17248,0.619166
11905,22492,0.508245
11906,16471,0.164822
11907,19626,0.217795
11908,15975,0.490334
11909,22494,0.465891
11910,18401,0.371042
11910,22495,0.295552
11911,22496,0.256876
11912,15647,0.397404
11913,13230,0.765668
11914,18107,0.419745
11915,13499,0.15761
11916,13499,0.066065
11917,19049,0.459871
11918,15120,0.373889
11919,16529,0.231446
11920,18136,0.418859
11921,22501,0.640036
11922,22502,0.85827
11923,13418,0.229434
11924,19584,0.177185
11925,14251,0.295366
11926,13240,0.416434
11927,22503,0.774275
11928,22504,0.732183
11929,22505,0.628562
11930,19066,0.403905
11930,14295,0.392033
11931,22506,0.055276
11932,22507,0.451594
11933,13418,0.810998
11934,22508,0.628081
11935,22509,0.640599
11936,13261,0.321056
11937,18351,0.389474
11938,22515,0.437136
11939,14075,0.066235
11940,22517,0.451634
11941,16296,0.51397
11942,22518,0.714158
11943,16815,0.707859
11944,22519,0.546018
11945,22521,0.175756
11946,22522,0.695546
11947,13888,0.606431
11948,13204,0.258089
11949,22523,0.730266
11950,22525,0.180501
11951,13586,0.395047
11952,22526,0.765151
11953,22527,0.509066
11954,22528,0.412017
11955,17798,0.617393
11956,14349,0.294584
11957,13432,0.51031
11958,22532,0.885985
11959,22534,0.803859
11960,22535,0.671691
11961,22536,0.301864
11962,22537,0.821963
11963,22538,0.19608
11963,13767,0.11832
11964,22540,0.639695
11965,13175,0.22653
11966,22542,0.278012
11967,13583,0.175831
11968,13240,0.35856
11969,22543,0.093762
11970,13579,0.284358
11971,19179,0.288275
11972,22545,0.510812
11973,18333,0.50535
11974,13373,0.073634
11975,15250,0.422665
11975,17763,0.422652
11976,22548,0.146676
11976,16080,0.26737
11977,16428,0.749316
11978,21500,0.259002
11979,13754,0.25308
11980,13583,0.192563
11981,13227,0.385608
11982,15797,0.387899
11983,13344,0.292567
11984,22549,0.433915
11985,16963,0.429613
11986,13344,0.244735
11987,14880,0.347497
11988,22551,0.729716
11989,13204,0.102861
11990,13970,0.503152
11991,21105,0.552281
11992,22555,0.772152
11993,16421,0.141279
11994,13244,0.284242
11995,13744,0.249437
11996,22557,0.626933
11997,17154,0.141331
11998,22560,0.721405
11999,22561,0.741789
12000,13742,0.054622
12001,22562,0.550778
12002,22563,0.595212
12003,22566,0.714571
12004,14777,0.169104
12005,22569,0.604515
12006,18039,0.085934
12007,13229,0.096528
12008,13418,0.238356
12009,22575,0.260295
12010,22576,0.255544
12011,22577,0.555783
12012,13418,0.749214
12013,14084,0.269375
12014,14229,0.339568
12014,13891,0.285321
12015,13583,0.284948
12016,13576,0.110321
12017,13583,0.090213
12018,13586,0.305734
12019,22582,0.138459
12019,13583,0.175942
12020,13730,0.54126
12021,22583,0.783861
12022,22584,0.692314
12023,14393,0.17257
12024,22586,0.845053
12025,22587,0.063058
12026,22588,0.666704
12027,17439,0.600923
12028,13178,0.183079
12029,13272,0.688783
12030,21646,0.46928
12031,14950,0.502162
12032,13499,0.328549
12033,16070,0.258683
12034,17848,0.229781
12035,13421,0.386173
12036,17673,0.191609
12037,13303,0.076872
12038,22592,0.489845
12039,22593,0.131502
12040,19189,0.563771
12041,13329,0.177322
12041,14143,0.297956
12042,21758,0.284378
12043,22596,0.193645
12044,15463,0.558212
12045,19353,0.280327
12046,15004,0.704184
12047,22597,0.496623
12048,13633,0.470549
12049,22598,0.574533
12049,14332,0.240162
12050,21147,0.111328
12051,16961,0.320334
12052,22600,0.744734
12053,22601,0.781446
12054,13373,0.122756
12055,21277,0.450867
12056,13239,0.30688
12057,13442,0.225397
12058,17703,0.67431
12059,18616,0.178558
12060,22606,0.370389
12061,22018,0.302407
12062,14470,0.280798
12063,13848,0.144033
12063,15886,0.15806
12064,13424,0.27033
12064,13244,0.291143
12065,13582,0.401422
12066,16594,0.89306
12067,22607,0.671729
12068,22608,0.637874
12069,22610,0.410746
12070,13330,0.51694
12071,17848,0.166767
12072,22611,0.576371
12073,13330,0.27257
12074,13579,0.312669
12075,13240,0.378607
12076,22612,0.134162
12077,19380,0.27372
12078,13523,0.926647
12079,15098,0.460197
12080,19775,0.188396
12081,14297,0.323466
12082,22614,0.840531
12083,15399,0.304097
12084,13344,0.342871
12085,17274,0.351871
12086,22617,0.591548
12087,14401,0.428709
12088,13244,0.445395
12089,22619,0.668148
12090,14861,0.427613
12090,23136,0.245306
12091,17936,0.397089
12092,14271,0.180065
12093,22620,0.776813
12094,13390,0.176347
12095,21287,0.45414
12096,13744,0.224345
12097,13351,0.398274
12098,13418,0.325455
12099,14329,0.077516
12099,15414,0.10037
12099,13849,0.074197
12100,13583,0.201421
12101,16614,0.298699
12101,22634,0.167487
12102,22628,0.300911
12103,13610,0.441991
12104,20674,0.708117
12105,13972,0.345788
12105,13878,0.313596
12105,15278,0.186178
12106,22629,0.401322
12107,22630,0.354584
12108,22631,0.512487
12109,17983,0.657742
12110,13572,0.430117
12111,22637,0.534256
12112,22638,0.16434
12113,15694,0.625446
12114,14348,0.398878
12115,22639,0.226983
12116,20103,0.367966
12117,18967,0.296716
12118,13742,0.351555
12119,22640,0.345263
12120,13339,0.111568
12121,13418,0.460265
12122,13345,0.34331
12123,14456,0.37658
12124,20830,0.321647
12125,13745,0.231316
12126,21474,0.368562
12127,22643,0.595322
12128,13425,0.284529
12129,22644,0.69583
12130,22646,0.523112
12131,22647,0.290814
12131,17502,0.196841
12132,22648,0.599216
12133,14393,0.196825
12134,22649,0.649309
12135,13579,0.352202
12136,13217,0.197895
12137,18534,0.497408
12138,22651,0.256799
12139,14878,0.397507
12140,22652,0.519956
12141,22653,0.465013
12142,13581,0.433032
12143,13244,0.095625
12144,13422,0.280618
12144,22643,0.15066
12145,18433,0.810066
12146,22656,0.718275
12147,22657,0.34271
12147,22804,0.243186
12148,13178,0.057962
12149,14322,0.235982
12150,13663,0.329444
12151,13975,0.730255
12152,13401,0.28185
12152,14079,0.349707
12153,22659,0.619637
12154,13240,0.503189
12155,18254,0.752156
12156,22660,0.933847
12157,22661,0.398345
12158,17890,0.749121
12159,18475,0.368901
12160,22663,0.608007
12161,14571,0.489238
12162,22664,0.593021
12163,13287,0.271626
12164,13226,0.182133
12165,13276,0.435741
12166,22667,0.793075
12167,22668,0.085068
12168,13305,0.167997
12168,13303,0.102673
12169,22669,0.658499
12170,13204,0.437731
12171,14722,0.388515
12172,16604,0.586157
12173,18406,0.69675
12174,15351,0.786987
12175,15508,0.292907
12176,22671,0.25745
12177,22672,0.622809
12178,15015,0.841682
12179,22673,0.1516
12180,13424,0.213018
12181,22675,0.620441
12182,13755,0.36749
12183,22676,0.766155
12184,22677,0.745262
12185,13402,0.202491
12186,13581,0.307472
12187,22679,0.222457
12188,13244,0.242552
12189,22680,0.548079
12190,22681,0.661752
12191,19396,0.212454
12192,17585,0.23875
12193,22683,0.364645
12194,16623,0.398155
12194,22685,0.4246
12195,13250,0.149963
12196,13413,0.798237
12197,15317,0.674873
12198,14734,0.387222
12199,19888,0.467091
12200,13377,0.431041
12201,22690,0.568954
12202,13175,0.068608
12203,21930,0.322949
12204,22691,0.331761
12205,22692,0.533233
12206,22693,0.320414
12206,23090,0.292217
12207,15261,0.294252
12208,13373,0.08373
12209,13935,0.481288
12210,14498,0.377198
12211,13754,0.807843
12212,13175,0.404457
12213,22696,0.664642
12214,22697,0.616506
12215,22698,0.260876
12216,16392,0.611594
12217,22700,0.339497
12218,22701,0.798686
12219,22704,0.370878
12220,14213,0.288809
12221,19823,0.165182
12222,13583,0.248714
12223,15457,0.247801
12224,17447,0.47232
12225,13428,0.458629
12226,17211,0.140574
12227,22709,0.21256
12228,22710,0.328795
12229,13196,0.067996
12230,13175,0.141944
12231,16938,0.303098
12231,17165,0.151605
12232,13423,0.066997
12233,13496,0.222807
12234,22715,0.224871
12235,16316,0.216843
12236,20716,0.256227
12237,13428,0.304974
12238,22717,0.353045
12238,18946,0.325384
12239,22718,0.755856
12240,13579,0.231703
12241,22720,0.278887
12242,22721,0.764094
12243,15711,0.575368
12244,22722,0.381671
12245,22723,0.75716
12246,22724,0.831792
12247,14814,0.103295
12248,13344,0.414538
12249,17156,0.242012
12250,22727,0.681446
12251,15880,0.477328
12251,14736,0.236544
12252,14681,0.879218
12253,13242,0.397868
12254,22730,0.438169
12255,13217,0.280978
12256,22732,0.482799
12257,19925,0.314114
12257,18227,0.314117
12258,22733,0.640325
12259,13424,0.845988
12260,13305,0.20503
12261,21622,0.162228
12261,22738,0.215128
12262,13425,0.309741
12263,22739,0.431993
12264,13414,0.401121
12265,13304,0.299084
12266,13241,0.18049
12267,22741,0.500321
12268,13441,0.495902
12269,13505,0.065379
12270,13175,0.304654
12271,22743,0.632804
12272,22744,0.267373
12273,19592,0.267734
12274,13250,0.530268
12275,22746,0.270414
12276,22747,0.419199
12277,13760,0.088629
12278,22751,0.765324
12279,13418,0.163053
12280,13244,0.114779
12281,22752,0.507177
12282,13228,0.124333
12283,13499,0.409183
12284,14223,0.625487
12285,15943,0.649215
12286,22753,0.868659
12287,22754,0.382976
12288,13499,0.353897
12289,13768,0.793491
12290,13303,0.294069
12291,13801,0.24086
12292,13746,0.273884
12293,22402,0.229175
12293,22755,0.302129
12293,22756,0.323356
12294,21489,0.391783
12294,17078,0.249636
12295,13241,0.497435
12296,13244,0.10207
12297,13175,0.22266
12297,13260,0.22759
12298,22759,0.779286
12299,22761,0.668529
12300,17571,0.197484
12300,22764,0.526715
12301,13584,0.60945
12302,22766,0.774268
12303,13584,0.463329
12304,22767,0.334082
12304,16599,0.134647
12305,22768,0.75356
12306,13900,0.415258
12307,15036,0.08532
12308,14143,0.375617
12309,13344,0.103963
12310,20357,0.483524
12311,22770,0.106836
12311,14702,0.381035
12311,14982,0.245802
12312,13347,0.327863
12313,21784,0.183814
12313,13594,0.262113
12313,13929,0.165932
12314,13344,0.423391
12315,13304,0.408928
12316,13195,0.449065
12317,22771,0.568563
12318,16820,0.188873
12318,13622,0.097495
12318,18179,0.147264
12318,13349,0.1222
12319,18474,0.442533
12320,22772,0.515614
12321,22773,0.520556
12322,13960,0.24859
12323,13437,0.405578
12324,22774,0.305875
12325,15916,0.37877
12326,13880,0.253437
12327,13315,0.31911
12328,18441,0.133311
12329,13581,0.2072
12330,13925,0.615577
12331,15374,0.211917
12332,17222,0.478257
12333,17658,0.091429
12333,14761,0.056013
12334,22779,0.734019
12335,15979,0.102876
12335,22780,0.186255
12335,22781,0.186286
12336,13428,0.295514
12337,13212,0.400394
12338,22784,0.309564
12339,13646,0.508931
12340,22785,0.252587
12341,22786,0.34034
12342,22787,0.570153
12343,13344,0.822454
12344,13178,0.337257
12345,13304,0.231386
12346,22792,0.689223
12347,13583,0.260298
12348,13245,0.100668
12349,22794,0.506918
12350,13682,0.313088
12350,21698,0.186309
12351,22795,0.447836
12352,13244,0.126017
12352,16706,0.206641
12353,15776,0.580091
12354,20651,0.402083
12355,13229,0.077925
12356,22797,0.499209
12357,13584,0.312085
12358,13260,0.303929
12359,14143,0.388813
12360,20885,0.398867
12361,22800,0.240331
12362,13517,0.436753
12363,16702,0.429165
12363,14050,0.429031
12364,13218,0.1998
12365,22801,0.193674
12366,22802,0.652027
12367,13317,0.265314
12368,16057,0.299003
12369,13228,0.445834
12370,15857,0.601036
12371,13329,0.273345
12372,15186,0.107172
12373,22679,0.485932
12374,22806,0.313386
12375,22807,0.457033
12376,22809,0.713458
12377,15575,0.187016
12378,20871,0.201235
12379,17074,0.60254
12380,22814,0.590284
12381,14585,0.07287
12382,22815,0.32554
12383,13744,0.657087
12384,13226,0.224534
12385,16529,0.510333
12386,22817,0.762671
12387,22819,0.356896
12388,22821,0.661168
12389,22822,0.951401
12390,16362,0.492306
12391,22824,0.154352
12391,20385,0.153579
12391,19016,0.200552
12392,16673,0.233302
12392,13497,0.322075
12393,22825,0.066756
12394,13583,0.189304
12395,13228,0.575258
12396,22826,0.638281
12397,13808,0.307977
12398,13245,0.188029
12399,13175,0.184562
12400,13754,0.061074
12401,22827,0.973196
12402,13517,0.585331
12403,22828,0.300433
12403,16379,0.323631
12404,22830,0.147926
12405,13255,0.271181
12405,15239,0.329309
12406,22831,0.719793
12407,22832,0.735726
12408,13586,0.476895
12409,22835,0.381918
12410,13499,0.314664
12411,13860,0.065827
12412,22838,0.057336
12413,22839,0.603953
12414,22840,0.327057
12415,13228,0.209437
12416,13583,0.379972
12417,22841,0.903355
12418,13305,0.260001
12419,22262,0.217445
12419,13776,0.381799
12419,13889,0.174907
12420,15806,0.46425
12421,13175,0.278402
12422,13370,0.281644
12423,14845,0.422807
12424,16426,0.414343
12425,22843,0.298463
12426,22844,0.263611
12427,22845,0.196794
12428,13744,0.138071
12429,13583,0.815904
12430,21156,0.325993
12431,22847,0.818989
12432,13244,0.242811
12433,13579,0.318995
12434,13204,0.31708
12435,22849,0.25635
12436,22850,0.380896
12437,22852,0.610701
12438,20984,0.130129
12439,13425,0.26992
12440,22853,0.266935
12441,22854,0.476056
12442,13228,0.20497
12443,13344,0.158824
12444,22860,0.778893
12445,14722,0.493086
12446,22861,0.280498
12447,15103,0.69535
12448,22862,0.846579
12449,13305,0.132118
12450,13583,0.354102
12451,22863,0.290666
12452,22864,0.698075
12453,13663,0.45686
12454,13250,0.420606
12455,14393,0.357958
12456,22865,0.74384
12457,13442,0.315988
12458,16078,0.789229
12459,15298,0.422869
12460,13281,0.43501
12461,13305,0.275849
12462,19758,0.481598
12463,22868,0.811446
12464,13240,0.113472
12465,14393,0.113524
12466,22870,0.241171
12467,15611,0.05983
12468,22871,0.376764
12469,22872,0.127369
12470,13330,0.513743
12471,14814,0.396569
12472,22873,0.813413
12473,22874,0.439549
12474,13583,0.201072
12475,21811,0.150336
12476,22875,0.515197
12477,18651,0.325934
12478,22876,0.29212
12479,22877,0.650963
12480,22880,0.284723
12481,13679,0.395545
12482,13602,0.320389
12482,15689,0.447678
12483,13583,0.255164
12484,13303,0.405102
12485,17302,0.112685
12485,17725,0.088746
12486,13207,0.61575
12487,14455,0.670553
12488,13583,0.423049
12489,13225,0.130539
12490,22883,0.742183
12491,15699,0.726259
12492,18333,0.14148
12493,13496,0.268233
12494,17017,0.244725
12495,13428,0.292214
12496,13217,0.230614
12497,22886,0.612707
12498,22887,0.360555
12499,22888,0.320857
12500,15240,0.313819
12501,13303,0.447711
12502,22889,0.705104
12503,22890,0.685015
12504,22891,0.659835
12505,22893,0.205161
12506,13240,0.206041
12506,13745,0.213632
12507,22895,0.594967
12508,14939,0.330252
12508,17310,0.342549
12509,22897,0.686225
12510,13930,0.474957
12511,14509,0.412454
12511,13673,0.347566
12512,13424,0.20434
12513,15534,0.26819
12513,22898,0.55109
12514,15298,0.427839
12515,13305,0.382904
12515,13303,0.237666
12516,14521,0.486724
12517,22901,0.637913
12518,22904,0.315376
12519,19493,0.180696
12520,13760,0.206163
12521,17073,0.786272
12522,22905,0.777855
12523,13344,0.099266
12524,22906,0.067705
12524,23144,0.053755
12525,13345,0.330301
12526,13754,0.27323
12527,13250,0.303872
12528,16050,0.548176
12529,20760,0.419801
12530,22907,0.303474
12531,16119,0.223063
12532,13766,0.628312
12533,13373,0.237457
12534,13231,0.333824
12534,17870,0.334928
12535,13760,0.680649
12536,15620,0.41738
12537,22530,0.245706
12538,16815,0.21316
12539,22910,0.683871
12540,13842,0.177373
12541,22912,0.629797
12542,22913,0.559225
12543,22914,0.542387
12544,13745,0.133732
12545,22917,0.301005
12546,22919,0.134493
12546,14236,0.145934
12546,23220,0.096475
12547,22920,0.370079
12548,19852,0.215096
12549,14390,0.650927
12550,22921,0.218913
12551,13244,0.435596
12552,17830,0.191927
12553,22922,0.645674
12554,17189,0.53758
12555,13217,0.222471
12556,17020,0.324124
12557,22928,0.512576
12558,18136,0.552698
12559,19117,0.598826
12560,22932,0.493359
12561,22933,0.869064
12562,13261,0.329262
12563,14307,0.501093
12564,13967,0.428574
12565,13344,0.377424
12566,22934,0.38153
12567,22936,0.567972
12568,16323,0.493515
12569,22939,0.647881
12570,13244,0.061772
12571,16807,0.49771
12572,16137,0.577559
12573,13304,0.39122
12574,13754,0.426946
12575,14470,0.187381
12576,13351,0.416875
12577,22941,0.593733
12578,22942,0.533995
12579,22944,0.635509
12580,13245,0.277954
12581,14307,0.126485
12581,22946,0.198674
12581,13247,0.125282
12582,13226,0.328693
12583,13315,0.08181
12584,18666,0.165468
12585,22947,0.884379
12586,17078,0.34604
12587,14542,0.311539
12588,14722,0.092693
12589,13583,0.373922
12590,13315,0.401943
12591,21141,0.064722
12591,22950,0.441262
12592,22951,0.499431
12593,14657,0.64554
12594,22427,0.427088
12595,14440,0.368385
12596,22952,0.847806
12597,13496,0.101296
12598,21105,0.493511
12599,13217,0.361393
12600,20751,0.607938
12601,18690,0.820754
12602,13586,0.281034
12603,22955,0.495573
12604,17359,0.089062
12605,22957,0.496803
12606,13244,0.482693
12607,15984,0.41059
12607,16138,0.417199
12608,22959,0.305059
12608,16441,0.28497
12609,21338,0.224972
12610,22961,0.661158
12611,15273,0.432572
12612,16096,0.414346
12613,22962,0.282273
12614,16534,0.284387
12614,13466,0.233505
12615,13418,0.372203
12616,21748,0.871662
12617,22963,0.570337
12618,15806,0.438798
12619,13244,0.271381
12620,22170,0.603825
12621,22965,0.384335
12622,22966,0.438902
12623,22967,0.637427
12624,22969,0.70412
12625,13347,0.69239
12626,16810,0.252163
12626,21642,0.147139
12627,17083,0.703949
12628,20342,0.448506
12629,22971,0.520688
12630,14471,0.070733
12631,22973,0.654249
12632,22974,0.306184
12633,22975,0.610734
12634,17312,0.386523
12635,13217,0.425944
12636,13303,0.301845
12637,13330,0.616894
12638,22977,0.248889
12639,14415,0.228342
12640,13517,0.254384
12641,16673,0.244248
12642,22979,0.705347
12643,22980,0.44192
12644,15540,0.509511
12645,13428,0.403927
12646,15298,0.171302
12647,13305,0.32675
12648,22983,0.263825
12649,22984,0.616494
12650,22985,0.678822
12651,13228,0.067365
12652,13742,0.194143
12653,17895,0.634654
12654,21443,0.10556
12655,14153,0.266756
12656,13303,0.169711
12657,13217,0.208176
12658,13425,0.477569
12659,20245,0.354471
12660,22991,0.210498
12661,13226,0.073403
12662,14400,0.399947
12663,22994,0.744068
12664,13796,0.360768
12665,18788,0.059984
12665,21226,0.05876
12666,13960,0.407616
12667,16890,0.751133
12668,14530,0.617335
12669,18305,0.649496
12670,13423,0.294461
12671,22998,0.664642
12672,13226,0.184107
12673,13228,0.290538
12674,13574,0.565004
12675,20613,0.205827
12676,13303,0.382761
12677,23000,0.641827
12678,23001,0.753029
12679,14460,0.352999
12680,13290,0.139184
12681,18200,0.364959
12682,16838,0.10072
12683,16571,0.417916
12683,14135,0.348293
12684,15036,0.191591
12685,21996,0.314324
12686,13218,0.204768
12687,13418,0.448688
12688,17077,0.835692
12689,14055,0.2762
12689,13792,0.353663
12690,15446,0.288867
12691,23007,0.771625
12692,15603,0.455948
12693,13305,0.350737
12693,13303,0.344428
12694,23009,0.138183
12695,23010,0.558284
12696,14373,0.574642
12697,13230,0.151759
12698,23011,0.393549
12699,23012,0.707315
12700,14004,0.326681
12701,16515,0.222402
12702,23013,0.172791
12703,13586,0.362424
12704,13344,0.691054
12705,23014,0.675271
12706,23016,0.272821
12707,23017,0.241383
12707,15568,0.155127
12708,18625,0.402443
12709,16673,0.182517
12710,21385,0.345629
12711,23020,0.277082
12712,13244,0.496567
12713,13428,0.246493
12714,14628,0.186637
12715,23022,0.774026
12716,17880,0.486298
12717,23023,0.693761
12718,13754,0.583866
12719,13589,0.225283
12720,13305,0.107771
12721,23024,0.704094
12722,23026,0.54296
12723,13705,0.915999
12724,19615,0.280119
12725,14779,0.273545
12725,19963,0.125279
12726,15047,0.222827
12727,23028,0.063373
12728,23029,0.853959
12729,13939,0.246102
12729,23030,0.147514
12729,15292,0.167527
12729,13619,0.156914
12730,23031,0.680164
12731,15050,0.494921
12732,15404,0.61352
12733,13228,0.194777
12734,13835,0.7092
12735,13583,0.289659
12736,23034,0.398439
12737,14960,0.860519
12738,13228,0.367604
12739,23038,0.696607
12740,13305,0.377467
12741,22785,0.276916
12742,23039,0.54666
12743,13737,0.189223
12744,16537,0.748699
12745,13290,0.266572
12746,13418,0.178914
12747,23042,0.221516
12748,13345,0.324562
12749,17349,0.458505
12750,14883,0.31932
12750,23044,0.320312
12751,23045,0.39492
12752,15054,0.492609
12752,15948,0.321811
12753,23046,0.664704
12754,13290,0.274443
12755,20151,0.122357
12756,14867,0.699151
12757,23047,0.746917
12758,13429,0.267665
12759,23050,0.196461
12760,13737,0.81648
12761,16745,0.454432
12762,17165,0.940946
12763,13347,0.853959
12764,23052,0.239488
12765,21529,0.407973
12766,16682,0.306695
12767,23053,0.554117
12768,13497,0.494042
12769,13593,0.244124
12769,14771,0.237528
12770,13517,0.731302
12771,13585,0.216308
12772,23057,0.538532
12773,14791,0.334192
12774,23059,0.670873
12775,23060,0.491277
12776,14142,0.592759
12777,23062,0.25612
12778,23063,0.40878
12779,13304,0.293488
12780,17478,0.554102
12781,14581,0.207922
12782,13854,0.097591
12783,13731,0.690143
12784,23066,0.219657
12785,22308,0.566774
12786,13290,0.239671
12787,22718,0.367707
12788,21849,0.129363
12789,13499,0.167842
12790,23069,0.535939
12791,13305,0.214709
12792,23070,0.452114
12793,13602,0.36979
12793,18106,0.259025
12794,18058,0.309806
12795,19116,0.351614
12796,23073,0.362109
12797,17747,0.190968
12797,14185,0.279319
12798,23074,0.786291
12799,20159,0.639852
12800,13424,0.461281
12801,13303,0.429483
12802,23076,0.383589
12803,13304,0.351337
12804,19317,0.381843
12805,19775,0.409
12806,23081,0.435095
12807,23082,0.693266
12808,20484,0.626821
12809,15494,0.1374
12810,13453,0.2982
12811,13373,0.241787
12812,13878,0.43196
12812,13830,0.432066
12813,16809,0.435851
12814,13305,0.154581
12815,13175,0.891651
12816,18818,0.301505
12817,23088,0.052317
12818,13734,0.167748
12819,13579,0.213891
12820,13226,0.538001
12821,17077,0.892727
12822,23094,0.430576
12823,13600,0.370565
12824,14033,0.436314
12825,15386,0.186482
12825,18051,0.220844
12826,13230,0.705127
12827,13428,0.660719
12828,20486,0.292737
12828,15420,0.297831
12829,23097,0.456896
12830,17623,0.443527
12831,13474,0.721457
12832,19815,0.497795
12833,23099,0.665958
12834,13225,0.711919
12835,13663,0.644439
12836,13317,0.406272
12837,23101,0.427026
12838,20088,0.62164
12839,16319,0.230333
12840,17474,0.143714
12841,13430,0.349452
12842,13744,0.099577
12843,14740,0.416584
12844,23104,0.372538
12845,13225,0.167283
12846,23106,0.221405
12847,21968,0.36283
12848,15298,0.325732
12849,13586,0.18414
12850,13754,0.88264
12851,23107,0.846647
12852,13808,0.172002
12853,23108,0.415517
12853,23109,0.389844
12854,20756,0.340241
12855,23110,0.249849
12856,13754,0.242811
12857,23111,0.215294
12858,23112,0.377808
12859,23113,0.844554
12860,13579,0.277554
12861,23114,0.267159
12862,22449,0.332602
12863,23115,0.696488
12864,15543,0.35283
12865,18221,0.757708
12866,23116,0.625717
12867,23118,0.331628
12867,14385,0.313261
12868,20194,0.16499
12869,13481,0.280251
12869,16889,0.264676
12870,18404,0.110435
12871,23121,0.408991
12871,23122,0.408991
12872,23123,0.793674
12873,23124,0.284649
12874,23126,0.645274
12875,17222,0.364496
12876,23127,0.513507
12877,14710,0.353211
12878,13423,0.77473
12879,13423,0.856629
12880,23129,0.795616
12881,17813,0.611615
12882,16268,0.806203
12883,13424,0.786774
12884,23131,0.70631
12885,13260,0.247199
12886,23133,0.305474
12886,23134,0.441646
12887,17420,0.533006
12888,23135,0.783208
12889,13746,0.261867
12890,23137,0.586326
12891,13539,0.353593
12891,17964,0.410927
12892,13229,0.205379
12893,13373,0.483459
12894,13217,0.500079
12895,23139,0.248041
12896,23140,0.341332
12897,23141,0.5594
12898,13583,0.608478
12899,23142,0.787653
12900,23143,0.567294
12901,17708,0.536058
12902,16493,0.341615
12903,15460,0.243933
12904,13517,0.349553
12905,23147,0.529943
12906,23148,0.626606
12907,20319,0.39886
12908,13240,0.132962
12909,13305,0.185463
12909,13303,0.185528
12910,13583,0.070585
12911,13214,0.340316
12912,23151,0.556731
12913,23152,0.561059
12914,18039,0.150752
12915,23153,0.275293
12915,23154,0.275293
12915,23155,0.197472
12916,23156,0.50581
12917,23157,0.269241
12918,23158,0.799335
12919,23159,0.728095
12920,23160,0.833784
12921,14669,0.253447
12922,18085,0.515505
12923,16706,0.267055
12924,14302,0.42663
12925,23161,0.672318
12926,17270,0.829952
12927,23162,0.714308
12928,13517,0.910101
12929,13730,0.075797
12930,14328,0.05202
12931,13204,0.295499
12932,23164,0.886991
12933,22758,0.349983
12934,23165,0.333024
12935,14814,0.348004
12936,23166,0.334677
12937,23167,0.986046
12938,14349,0.31301
12939,23171,0.080596
12940,23172,0.47152
12941,13217,0.274468
12942,13754,0.196811
12943,13245,0.322472
12944,19592,0.723438
12945,18720,0.803225
12946,13744,0.312026
12947,23174,0.634667
12948,23175,0.466308
12949,13228,0.895638
12950,13305,0.639624
12951,23176,0.514702
12952,14681,0.377581
12953,16717,0.896907
12954,23177,0.737675
12955,23178,0.245421
12955,23179,0.535964
12956,13734,0.504691
12957,15681,0.516685
12958,23181,0.338971
12959,13289,0.495073
12960,13278,0.17091
12961,23182,0.888122
12962,23183,0.461804
12963,20546,0.701782
12964,13347,0.727593
12965,13920,0.375855
12965,13919,0.375716
12966,23185,0.346837
12967,23186,0.533087
12968,13304,0.193889
12969,23187,0.543401
12970,21510,0.43161
12971,23188,0.656036
12972,13244,0.385697
12973,13423,0.343235
12974,13907,0.136571
12975,17725,0.459778
12976,21908,0.417115
12977,13878,0.574658
12978,23189,0.717716
12979,23190,0.490756
12980,14429,0.411108
12981,15425,0.302834
12982,19380,0.14262
12983,23192,0.211194
12984,18040,0.364616
12985,17242,0.545463
12986,13316,0.260258
12987,13244,0.455886
12988,13792,0.298615
12989,18524,0.624564
12990,23194,0.506284
12991,16668,0.432977
12992,22343,0.726344
12993,23195,0.732081
12994,13227,0.413497
12995,23196,0.569278
12996,18487,0.475797
12997,19663,0.498262
12998,23198,0.435614
12999,23199,0.411654
13000,23200,0.728707
13001,23201,0.682566
13002,13245,0.148061
13003,23202,0.83457
13004,17168,0.460182
13005,13496,0.426591
13006,13796,0.116367
13006,14864,0.162021
13007,23203,0.81405
13008,20220,0.309041
13009,13175,0.245551
13010,23204,0.617795
13011,23205,0.71319
13012,14839,0.186452
13013,13244,0.258652
13014,13423,0.15989
13015,23206,0.167174
13015,19401,0.120355
13015,23207,0.149757
13015,23208,0.07176
13015,23209,0.100627
13016,16237,0.737376
13017,13175,0.324406
13017,13731,0.49546
13018,13808,0.643084
13019,21147,0.535323
13020,23212,0.258249
13020,21600,0.202418
13021,14825,0.324961
13022,13217,0.36105
13023,17369,0.521214
13024,23213,0.481609
13025,16239,0.427659
13026,15271,0.108523
13027,15898,0.878934
13028,13245,0.413341
13029,16441,0.445952
13030,23214,0.390117
13030,23283,0.382792
13031,23215,0.814019
13032,23216,0.249412
13033,13418,0.289691
13034,13911,0.805507
13035,23219,0.261194
13036,13230,0.43206
13037,22358,0.292205
13037,18869,0.220895
13038,23221,0.873236
13039,13198,0.407006
13039,16869,0.412602
13040,14628,0.293505
13041,16118,0.457261
13042,23223,0.859357
13043,19894,0.414597
13043,16707,0.065309
13044,15498,0.190817
13045,23226,0.50402
13046,15518,0.101806
13047,14270,0.36049
13047,23228,0.360638
13048,19953,0.077765
13049,23229,0.36018
13050,23229,0.382536
13051,23230,0.317375
13052,13428,0.257522
13053,14988,0.544469
13054,23231,0.439337
13055,19751,0.54425
13056,19942,0.537578
13057,14788,0.291875
13057,23232,0.328986
13058,23233,0.46874
13059,23234,0.105289
13060,20730,0.385373
13061,13496,0.60572
13062,14045,0.174673
13063,13375,0.305737
13064,14880,0.4156
13065,23235,0.919715
13066,23236,0.641092
13067,23237,0.732378
13068,13315,0.453151
13069,21599,0.225695
13070,17123,0.945194
13071,14089,0.689197
13072,23239,0.139585
13072,15025,0.231256
13072,17349,0.228228
13072,15529,0.230496
13073,13744,0.262814
13074,23240,0.237975
13075,13579,0.334908
13076,13347,0.705148
13077,15340,0.20244
13078,15550,0.442692
13079,13423,0.275012
13080,23242,0.888929
13081,13330,0.397481
13082,13373,0.4704
13083,13754,0.064486
13084,23244,0.102238
13085,13496,0.212352
13086,17301,0.889591
13087,13583,0.312222
13088,13496,0.442967
13089,13304,0.354474
13090,13663,0.215118
13091,13517,0.315881
13092,13329,0.384399
13093,13315,0.420721
13094,23246,0.781446
13095,17228,0.112982
13096,23248,0.686752
13097,13849,0.35593
13098,23249,0.590997
13099,15047,0.269917
13100,13583,0.283733
13101,23250,0.253538
13102,13303,0.093336
13103,23251,0.378995
13104,23252,0.577428
13105,23253,0.847611
13106,23254,0.596036
13107,13744,0.050381
13108,19313,0.539356
13109,23260,0.317515
13110,23261,0.456818
13111,18222,0.345415
13112,23262,0.319429
13113,21121,0.648448
13114,13225,0.340756
13115,15870,0.338859
13116,18406,0.868158
13117,23263,0.281475
13118,23264,0.118857
13119,20089,0.861877
13120,23265,0.738833
13121,23266,0.435886
13122,22515,0.501019
13123,13584,0.647667
13124,23267,0.577115
13125,13347,0.365723
13125,13217,0.122605
13125,13423,0.15827
13126,14643,0.241564
13127,14632,0.236895
13128,23270,0.332143
13129,14777,0.301855
13129,14216,0.283223
13130,23271,0.822133
13131,13429,0.17989
13132,23273,0.369312
13132,14460,0.256776
13133,14547,0.427759
13134,23276,0.723455
13135,13424,0.36071
13136,20052,0.31245
13137,14969,0.372008
13138,17230,0.543913
13139,23277,0.367994
13140,23278,0.502284
13141,23279,0.567887
13142,23280,0.740059
13143,23281,0.43182
13144,16857,0.522266
13145,17240,0.411094
13146,23282,0.461151
13147,13663,0.082954
13148,13204,0.196499
13149,14306,0.31167
13149,19945,0.152729
13150,16815,0.15532
13151,23284,0.300812
13152,15400,0.632161
13153,23285,0.872853
13154,23286,0.873739
13155,17222,0.508022
13156,23288,0.873262
13157,21926,0.189562
13158,15016,0.874824
13159,23289,0.301155
13159,23290,0.216055
13161,23292,1.0
13163,23295,0.483333
13167,23299,0.882979
13171,23304,0.967742
13181,23315,1.0
13183,23317,1.0
13189,23323,1.0
13190,23324,1.0
13191,23325,1.0
13192,23326,1.0
13193,23327,1.0
13197,23331,0.925373
13200,23335,0.958333
13205,23341,1.0
13206,23342,1.0
13208,23342,1.0
13216,23351,0.882979
13221,23357,1.0
13222,23358,0.731343
13237,23373,1.0
13251,23387,0.962264
13253,23390,1.0
13254,23391,1.0
13263,23400,0.393939
13265,23403,1.0
13266,23404,0.878205
13267,23406,1.0
13268,23407,0.972222
13270,23410,1.0
13275,23415,1.0
13277,23417,1.0
13283,23423,0.979381
13294,23435,1.0
13309,23450,1.0
13319,23460,1.0
13326,23467,1.0
13335,23476,1.0
13338,23442,0.888889
13340,23481,0.974359
13341,23484,0.3
13349,23492,1.0
13354,23371,1.0
13356,23498,1.0
13359,23501,0.958333
13359,23502,0.041667
13376,23416,0.771104
13378,23521,1.0
13380,23523,1.0
13385,23528,1.0
13387,23530,0.888889
13388,23532,0.913462
13393,23539,0.5
13394,23540,1.0
13395,23541,1.0
13398,23544,0.993651
13399,23546,0.818182
13400,23548,1.0
13403,23551,0.942529
13406,23555,1.0
13410,23559,1.0
13411,23560,1.0
13417,23565,1.0
13421,23569,1.0
13434,23581,1.0
13437,23584,1.0
13438,23585,1.0
13452,23598,1.0
13462,23607,1.0
13465,23610,1.0
13466,23611,1.0
13469,23614,1.0
13473,23447,0.975369
13474,23504,1.0
13483,23626,1.0
13489,23632,1.0
13490,23633,1.0
13494,23637,1.0
13502,23645,1.0
13503,23647,0.833333
13506,23650,1.0
13507,23651,1.0
13509,23654,0.27957
13514,23659,1.0
13525,23669,0.867133
13527,23301,1.0
13530,23674,0.882353
13533,23678,1.0
13538,23683,1.0
13539,23393,0.426752
13546,23691,1.0
13547,23692,1.0
13548,23693,1.0
13550,23695,0.868613
13551,23697,0.964567
13555,23702,0.75
13556,23704,0.773946
13558,23707,1.0
13559,23708,0.940476
13561,23711,0.995041
13565,23708,0.931818
13569,23720,1.0
13572,23724,0.46798
13589,23740,1.0
13593,23744,1.0
13597,23748,1.0
13603,23754,0.973333
13604,23756,0.975678
13607,23760,1.0
13608,23761,0.927273
13609,23764,0.166168
13611,23690,1.0
13612,23766,0.933333
13619,23774,1.0
13629,23784,0.951456
13630,23786,1.0
13631,23787,0.948718
13634,23791,1.0
13637,23794,1.0
13638,23795,1.0
13643,23800,1.0
13648,23631,1.0
13653,23808,1.0
13654,23472,0.89781
13655,23810,0.975177
13662,23818,0.775338
13666,23823,1.0
13667,23824,1.0
13672,23829,1.0
13674,23831,1.0
13676,23833,0.993769
13677,23348,0.94697
13685,23843,0.866667
13699,23858,1.0
13701,23858,0.56338
13703,23459,1.0
13710,23867,1.0
13712,23861,0.942122
13714,23872,0.272272
13715,23426,1.0
13717,23874,0.515571
13719,23877,1.0
13720,23878,0.988095
13722,23562,0.988764
13724,23883,0.714286
13727,23459,1.0
13728,23887,0.989712
13729,23360,1.0
13733,23565,1.0
13736,23894,1.0
13737,23895,0.969388
13740,23899,1.0
13742,23818,0.027127
13747,23895,1.0
13753,23911,0.922652
13757,23916,1.0
13762,23921,0.98708
13763,23923,0.9
13764,23926,0.740741
13769,23930,1.0
13770,23931,0.973684
13771,23933,1.0
13773,23524,0.969349
13777,23939,0.996117
13778,23691,0.970588
13779,23942,1.0
13780,23593,0.983471
13785,23948,1.0
13786,23841,0.978788
13787,23950,1.0
13788,23951,1.0
13791,23953,1.0
13792,23954,0.992308
13795,23742,1.0
13798,23741,1.0
13806,23966,1.0
13811,23972,0.265957
13813,23974,0.991667
13815,23746,1.0
13816,23976,0.904762
13818,23980,0.142857
13819,23594,0.235988
13820,23982,1.0
13822,23984,1.0
13825,23986,1.0
13828,23989,1.0
13831,23992,1.0
13840,24001,1.0
13850,24011,1.0
13852,24012,1.0
13854,24014,1.0
13855,24015,1.0
13856,24016,1.0
13857,24017,0.892857
13868,23756,1.0
13870,23416,0.697917
13872,24032,0.963636
13873,24034,0.930556
13873,24035,0.069444
13877,23846,0.968037
13879,23686,1.0
13882,24043,1.0
13885,24046,0.747126
13886,24048,1.0
13890,23594,0.791045
13891,23621,1.0
13895,24056,0.891304
13896,24058,1.0
13899,24061,1.0
13906,24067,0.926471
13913,24074,0.839623
13917,24079,1.0
13918,24080,1.0
13921,24083,1.0
13923,24085,1.0
13929,23745,1.0
13936,23636,1.0
13937,24097,0.993266
13946,24107,0.926829
13947,23560,1.0
13948,24109,0.931034
13949,23434,0.981481
13954,24116,1.0
13969,24130,1.0
13985,24144,0.583333
13991,23833,0.870249
13994,24153,0.835777
13998,24114,1.0
14002,24156,1.0
14005,23314,0.945946
14007,24165,0.6
14009,23751,0.947368
14013,24172,0.928571
14015,23560,0.977401
14016,24176,1.0
14032,23850,1.0
14035,24193,0.988764
14044,24202,1.0
14047,23738,1.0
14049,24084,0.971831
14060,24217,0.75
14062,24219,1.0
14065,24151,1.0
14066,24221,0.625
14068,24223,0.916667
14072,24227,1.0
14076,24231,0.857143
14078,24234,0.94898
14080,23367,1.0
14081,24237,0.912088
14092,24248,1.0
14093,24249,0.938776
14095,24252,0.864865
14096,24254,0.93913
14097,24256,0.966102
14098,24259,0.067542
14104,23394,1.0
14105,23496,0.983333
14111,24270,1.0
14122,23872,1.0
14126,24283,1.0
14127,24284,1.0
14129,24126,1.0
14136,24292,0.727835
14144,24300,1.0
14145,24147,1.0
14148,23927,1.0
14149,24303,0.88764
14155,24310,1.0
14156,24311,1.0
14165,24321,0.090278
14172,24240,1.0
14178,24332,0.325
14179,24333,0.982659
14182,24337,1.0
14184,23691,0.717949
14188,24026,1.0
14196,24348,0.982955
14198,23628,1.0
14201,24353,1.0
14207,24359,1.0
14208,24344,1.0
14211,24201,0.939189
14217,24367,0.940945
14218,24189,0.979221
14219,24370,0.69697
14223,23409,0.992016
14227,24379,1.0
14228,24380,1.0
14229,24340,1.0
14231,24383,0.535714
14237,23833,0.98
14239,24040,1.0
14243,24392,1.0
14244,24394,1.0
14249,23652,1.0
14252,24399,1.0
14254,24401,0.605263
14262,24409,0.911111
14266,24414,0.9
14280,24429,1.0
14281,24430,0.837209
14284,23765,1.0
14287,24436,1.0
14291,24440,0.965517
14293,24443,0.930108
14296,24447,0.952381
14298,24449,1.0
14301,24452,1.0
14302,24401,0.982249
14303,24455,0.939394
14304,23491,1.0
14307,24151,0.728489
14309,24460,0.857143
14318,23958,0.928571
14320,24472,0.888889
14323,24476,1.0
14324,23371,1.0
14325,24403,1.0
14329,24202,1.0
14333,24483,1.0
14339,24487,0.952381
14340,24489,1.0
14345,24494,1.0
14358,24505,0.970588
14359,24507,1.0
14378,23417,0.921456
14379,24401,1.0
14380,24527,0.8
14384,23587,1.0
14388,24535,0.891892
14391,24539,1.0
14392,24199,0.555556
14404,23608,1.0
14405,24552,0.990698
14416,24564,1.0
14418,23920,1.0
14420,24567,0.5
14421,24569,1.0
14423,24571,0.928571
14426,24575,1.0
14427,23725,1.0
14429,24577,1.0
14431,24579,0.181818
14433,24378,1.0
14435,24581,1.0
14438,24584,0.996639
14439,24278,1.0
14440,24586,0.901408
14448,24594,0.941667
14452,24599,0.846154
14453,23565,0.991826
14455,24603,1.0
14461,24609,1.0
14463,23669,1.0
14465,24612,1.0
14468,24613,1.0
14481,24627,0.995633
14483,24630,1.0
14487,24634,1.0
14488,24635,0.968254
14489,24637,0.138889
14490,24639,0.963235
14492,24642,0.974026
14494,23831,0.934783
14501,23474,1.0
14506,24656,0.666667
14510,24660,1.0
14511,24661,0.821429
14514,24665,0.266667
14517,24427,1.0
14521,24672,1.0
14524,24674,0.7
14527,24670,0.970149
14528,24679,1.0
14530,24681,1.0
14539,24688,0.818182
14544,23384,1.0
14553,23530,0.95122
14554,23923,1.0
14557,24703,1.0
14562,23825,1.0
14563,24707,1.0
14565,24654,1.0
14566,24215,1.0
14567,24127,1.0
14569,24711,0.897436
14574,23361,1.0
14578,24050,1.0
14579,24272,1.0
14580,24719,1.0
14586,24725,0.923077
14588,24728,1.0
14590,23706,0.828431
14591,24730,1.0
14592,24731,1.0
14596,24735,0.965368
14598,23750,1.0
14599,24738,1.0
14600,24739,0.971429
14602,24743,0.148148
14607,24746,0.964912
14609,23327,0.394558
14615,24755,1.0
14616,24642,0.309002
14622,24760,1.0
14629,24766,0.807018
14632,23747,0.994845
14635,23900,1.0
14638,24774,1.0
14643,24778,1.0
14645,24780,1.0
14649,24784,1.0
14650,24785,1.0
14651,24786,1.0
14654,24214,1.0
14658,24790,1.0
14660,24792,0.84
14661,23916,0.7375
14662,24795,1.0
14663,24569,0.975728
14666,24799,1.0
14670,24801,1.0
14672,24511,0.89759
14673,24804,0.935484
14676,24808,1.0
14677,24704,0.943396
14680,24133,0.970696
14684,23344,1.0
14685,23550,0.991176
14687,24816,1.0
14689,24818,0.967742
14693,24824,0.33
14705,24836,0.990868
14707,24839,1.0
14708,24840,1.0
14714,24845,1.0
14719,23723,1.0
14725,24852,1.0
14726,24455,0.514706
14727,24854,0.885714
14728,24857,0.571429
14731,23521,0.212121
14732,24176,1.0
14736,24862,0.114094
14739,23579,1.0
14743,24868,1.0
14745,24870,0.935484
14746,24872,0.758621
14749,24876,1.0
14759,23766,1.0
14762,24050,0.666667
14765,24820,1.0
14767,24890,0.97541
14784,24276,0.882353
14786,24907,1.0
14791,24315,1.0
14796,24912,1.0
14799,23518,1.0
14805,24920,1.0
14807,24156,0.153846
14808,24141,0.857143
14826,24938,1.0
14827,24941,0.888889
14829,24944,0.888889
14830,24946,1.0
14831,24947,1.0
14834,24949,1.0
14835,23537,0.906977
14840,24953,0.791667
14848,24961,0.883117
14850,24964,1.0
14851,24965,0.919355
14852,23532,0.294872
14853,24968,1.0
14854,24969,1.0
14857,24516,0.971831
14860,24756,0.979798
14864,24226,0.961165
14865,24979,0.960396
14866,24981,0.875
14868,24984,0.762712
14870,24987,1.0
14871,24988,1.0
14872,24989,1.0
14885,23669,1.0
14888,23432,1.0
14894,25008,1.0
14898,23747,0.968
14909,25022,1.0
14911,25021,1.0
14912,25023,0.867647
14914,25026,1.0
14921,23341,0.948529
14923,23371,0.868421
14924,25036,0.895105
14929,25041,0.923077
14943,25055,0.913043
14946,25058,1.0
14947,25059,1.0
14949,24365,0.969595
14950,25062,1.0
14952,25064,1.0
14954,24673,0.767442
14959,25071,0.990099
14962,25075,1.0
14965,25078,1.0
14967,25080,1.0
14968,23347,1.0
14969,25082,0.6
14971,25084,0.555556
14972,25087,0.833333
14977,25092,1.0
14983,25098,1.0
14988,25101,1.0
14991,24295,0.322878
14991,23621,0.653137
14992,25104,1.0
14998,25110,0.961538
14998,25111,0.038462
14999,23598,0.857143
15000,23915,0.9375
15001,23472,0.993569
15003,23813,1.0
15009,24201,0.979339
15013,25124,1.0
15018,24518,1.0
15019,24632,0.82967
15021,23995,1.0
15022,24297,1.0
15028,24207,1.0
15029,25135,1.0
15032,25139,0.03937
15033,23781,1.0
15038,25144,0.690583
15043,25150,0.736842
15044,24422,0.87013
15054,24055,1.0
15064,25166,0.902439
15067,25170,1.0
15069,23523,1.0
15078,23937,1.0
15084,25184,0.953488
15086,25187,1.0
15091,25191,1.0
15097,25195,0.866667
15098,24693,1.0
15099,25197,1.0
15114,23685,1.0
15119,25211,1.0
15120,25215,1.0
15123,25217,1.0
15126,23503,1.0
15130,24973,1.0
15134,25224,1.0
15135,25225,1.0
15139,25230,0.105882
15143,25234,0.6
15147,25238,0.839506
15151,25242,1.0
15159,24333,0.797386
15164,23506,1.0
15165,25254,0.740385
15168,25133,1.0
15170,24906,0.347826
15173,24092,1.0
15174,25262,0.475
15175,23962,1.0
15176,24271,1.0
15177,25264,0.390244
15180,23583,0.9375
15183,25270,1.0
15190,25277,1.0
15191,25278,0.692913
15195,25282,1.0
15197,25284,0.969697
15210,25294,1.0
15213,25298,0.866667
15214,25299,0.90625
15217,23301,0.538462
15221,25307,1.0
15223,25203,0.847458
15224,25310,1.0
15232,25316,1.0
15236,23719,0.727273
15241,23984,0.921053
15244,25328,0.416667
15245,23393,0.979058
15246,25331,0.732143
15250,24539,0.714286
15251,23466,0.959184
15253,24364,0.991597
15260,25344,1.0
15262,25346,0.863636
15264,25349,1.0
15270,25355,1.0
15275,25178,1.0
15277,23759,1.0
15285,25356,1.0
15288,25370,1.0
15292,23817,0.480916
15297,25379,1.0
15300,24357,0.7
15302,23507,0.97541
15303,25385,1.0
15306,24567,1.0
15307,24759,0.6
15312,25391,1.0
15314,25392,0.631579
15315,25394,1.0
15318,25396,0.940299
15319,24970,0.938931
15322,25400,1.0
15342,24281,0.862069
15346,25421,1.0
15347,25423,0.88
15350,23817,0.985185
15353,23513,1.0
15358,23700,1.0
15360,24378,0.200637
15362,25434,0.947368
15363,24070,1.0
15365,25437,1.0
15367,25438,1.0
15369,23876,1.0
15373,23319,1.0
15378,25399,1.0
15379,25447,0.857143
15381,25448,0.433333
15382,24825,0.868421
15383,24573,1.0
15385,25452,0.864865
15389,23478,1.0
15390,25456,1.0
15392,23662,1.0
15393,25458,0.777778
15394,23337,1.0
15397,25462,1.0
15399,25463,1.0
15401,24590,1.0
15402,25465,1.0
15403,25466,1.0
15407,23562,0.97
15409,25472,1.0
15410,25474,0.571429
15412,23443,1.0
15423,25485,0.173077
15424,25486,1.0
15426,25488,0.962963
15427,25490,1.0
15429,23461,1.0
15430,23743,1.0
15435,25496,1.0
15437,25007,0.817844
15439,24120,1.0
15440,25500,0.904762
15442,25503,0.818182
15443,25505,0.930233
15449,24273,1.0
15450,24011,0.350515
15451,25511,1.0
15463,24134,1.0
15464,24146,1.0
15469,25526,1.0
15471,23626,0.246914
15485,24546,1.0
15486,25538,1.0
15487,25539,0.670588
15488,23331,0.87218
15489,25490,1.0
15496,23687,1.0
15504,25484,0.677419
15505,25244,1.0
15506,25555,0.980545
15509,25115,0.727273
15514,25564,1.0
15516,25566,1.0
15520,25570,1.0
15521,25571,0.93617
15525,24550,1.0
15531,25580,0.7
15532,23330,0.939394
15539,25589,0.953125
15540,25591,1.0
15541,23355,0.948454
15545,25594,0.863636
15546,24380,1.0
15547,25596,1.0
15550,23647,0.964286
15551,25600,0.5625
15552,25601,1.0
15553,24527,0.166667
15554,23590,0.952381
15556,25097,1.0
15558,25606,1.0
15561,25608,1.0
15562,25222,0.662162
15569,25613,1.0
15571,25615,1.0
15576,25620,0.952381
15579,25623,1.0
15582,23429,0.678571
15583,25627,0.875
15584,25629,0.866667
15590,25637,0.364407
15591,25213,0.888889
15592,25639,0.731707
15604,25650,1.0
15605,23848,0.332117
15621,25664,1.0
15623,25666,0.85
15624,23794,0.259174
15626,25669,0.863014
15629,25673,0.323529
15631,25675,1.0
15632,25044,0.984848
15639,25683,1.0
15640,25684,1.0
15641,25685,0.857143
15642,24067,0.85
15645,25392,0.906977
15649,25693,0.905063
15650,25607,1.0
15651,25695,0.676471
15654,23454,0.733333
15658,25158,1.0
15665,25709,0.911765
15674,23794,0.752941
15677,24370,0.435115
15680,25511,0.971154
15683,25725,1.0
15689,24918,0.338235
15693,25732,0.981818
15696,24189,1.0
15697,24204,0.893082
15701,24921,1.0
15703,24422,1.0
15710,25746,1.0
15716,24813,1.0
15720,24692,0.672222
15721,25756,0.424242
15727,24830,1.0
15729,25763,1.0
15733,25765,0.975904
15741,25496,0.943396
15742,25774,1.0
15743,23404,1.0
15752,25780,1.0
15753,25781,1.0
15754,25600,1.0
15759,23944,1.0
15761,23823,0.916667
15769,24704,1.0
15771,25794,0.95082
15772,24970,1.0
15778,25801,1.0
15783,25806,1.0
15785,23954,1.0
15788,24140,0.95614
15795,25817,0.916667
15796,25799,0.666667
15799,24198,1.0
15802,24936,1.0
15804,25825,1.0
15805,25826,0.956522
15807,25829,0.571429
15808,23478,0.058824
15813,25834,1.0
15815,25836,1.0
15818,23459,0.776667
15822,25843,1.0
15828,25849,1.0
15829,25850,1.0
15830,23307,1.0
15832,25006,0.911111
15834,25853,0.8
15835,25856,0.857143
15836,23712,0.978495
15837,25858,1.0
15839,23729,0.758621
15840,25861,0.927928
15841,23693,0.953125
15843,23634,1.0
15847,25868,1.0
15848,23551,0.869565
15850,25871,1.0
15851,25872,0.946429
15854,25876,0.962264
15856,23766,0.95
15863,24557,1.0
15869,25890,1.0
15871,25892,0.931677
15875,25896,1.0
15876,25575,0.971429
15882,24105,0.903061
15885,25906,0.833333
15888,24147,0.984375
15889,25910,0.894737
15890,24788,0.157143
15896,25916,1.0
15902,25921,0.863636
15903,25923,1.0
15908,25928,0.409091
15910,25930,0.848485
15913,24185,1.0
15914,25934,1.0
15918,25938,1.0
15928,25947,1.0
15929,23453,1.0
15931,25948,1.0
15936,24866,0.947368
15937,25955,0.6875
15938,25957,0.727273
15940,25082,0.657143
15945,25962,0.608696
15953,23334,1.0
15955,24768,1.0
15956,24338,1.0
15957,25970,0.571429
15960,25974,1.0
15961,25975,0.870968
15968,25982,1.0
15970,25983,1.0
15971,25984,1.0
15972,25367,0.509434
15975,24096,1.0
15979,25990,0.904762
15980,25992,1.0
15982,24626,1.0
15983,25994,0.901408
15985,25997,0.92
15989,26002,0.984615
15990,25546,1.0
15993,23417,1.0
15998,26008,1.0
16000,26010,1.0
16003,24508,0.727273
16008,26017,0.959302
16009,24438,1.0
16012,26021,0.911765
16013,24647,1.0
16018,24106,1.0
16021,24943,0.79803
16021,23817,0.20197
16022,25884,1.0
16023,24925,0.916667
16024,23302,1.0
16029,26034,1.0
16030,26035,1.0
16042,26046,0.982759
16048,26052,0.916667
16049,24477,1.0
16050,26054,0.979381
16051,26056,1.0
16053,25240,1.0
16061,25703,0.904762
16062,23559,0.107143
16062,25842,0.892857
16064,26065,0.777778
16065,25993,0.653333
16068,23960,0.978022
16069,23923,0.990521
16072,26073,0.869565
16081,24252,1.0
16088,26088,1.0
16091,26091,1.0
16097,26096,1.0
16099,26078,1.0
16102,25094,1.0
16104,25202,0.974194
16106,24115,0.828571
16110,24885,1.0
16112,26107,0.772152
16113,26109,0.8
16122,26117,0.971963
16135,25164,0.300752
16136,25238,1.0
16137,23712,0.534884
16140,26133,0.77551
16142,26136,1.0
16148,26141,1.0
16151,23827,0.857143
16160,23627,0.857143
16161,23674,1.0
16162,26151,1.0
16165,24602,1.0
16167,26155,1.0
16168,26156,1.0
16170,23592,0.983425
16172,26160,1.0
16181,23447,1.0
16182,26170,0.583333
16183,26171,0.945946
16184,26173,1.0
16185,24024,1.0
16186,24727,1.0
16188,26175,1.0
16191,26178,0.9
16194,26182,1.0
16195,26183,0.928571
16199,26188,1.0
16203,26192,1.0
16205,26194,0.955556
16208,26198,1.0
16209,26199,1.0
16213,26203,0.842105
16214,25475,0.375
16219,26210,0.85
16221,26213,0.666667
16224,26138,0.938596
16225,25727,1.0
16228,25464,1.0
16230,26220,0.863636
16233,24912,1.0
16236,24292,1.0
16240,23432,1.0
16244,26230,0.857143
16247,26233,0.952941
16248,25291,1.0
16249,26235,1.0
16251,25270,0.428571
16255,24505,0.975904
16259,25703,0.969231
16260,26245,1.0
16262,23643,1.0
16268,26251,1.0
16269,26252,1.0
16271,23991,1.0
16272,26254,1.0
16274,25529,0.411765
16281,23559,0.866142
16282,26261,0.9
16284,26263,0.906977
16288,26268,1.0
16293,23385,0.952381
16299,23815,1.0
16300,26277,1.0
16306,26282,1.0
16309,24917,1.0
16312,26287,0.818182
16315,26291,0.75
16317,26294,0.965517
16318,25342,1.0
16320,25806,0.980952
16321,26298,0.888889
16322,25257,1.0
16328,26306,0.020619
16331,23434,1.0
16333,24677,1.0
16335,24324,1.0
16336,24557,1.0
16337,23662,0.6
16342,24753,0.968254
16344,23429,0.866667
16350,24180,1.0
16353,26323,0.166667
16355,25493,1.0
16356,25840,1.0
16358,26318,1.0
16374,26339,1.0
16379,26343,1.0
16381,26344,1.0
16389,25044,0.639241
16399,26361,0.583333
16400,26363,0.71875
16407,24249,0.986842
16411,26373,0.95122
16415,26378,0.979798
16429,24924,1.0
16432,24535,1.0
16433,26394,1.0
16435,23864,1.0
16438,26397,1.0
16439,26398,1.0
16447,24569,0.559322
16448,26406,0.368421
16453,25213,1.0
16456,26413,1.0
16459,23316,1.0
16463,26418,0.769231
16464,24157,1.0
16466,26421,0.47619
16468,24691,0.90625
16469,26425,1.0
16472,23382,1.0
16475,26429,0.842105
16480,26435,0.925926
16485,26441,1.0
16487,25682,0.777778
16489,23436,1.0
16492,26447,1.0
16496,24691,1.0
16497,24392,0.727273
16504,26454,1.0
16517,26467,0.75
16527,26477,1.0
16531,26480,1.0
16534,23938,1.0
16538,26486,0.888889
16539,26488,0.888889
16540,25389,0.583333
16544,25571,0.822222
16545,24351,0.76087
16553,23917,1.0
16557,24279,0.666667
16563,25054,1.0
16564,26511,1.0
16566,24570,0.846154
16568,26515,0.764706
16572,26519,1.0
16573,26520,1.0
16575,26522,0.947368
16576,26524,1.0
16580,26052,1.0
16582,26529,1.0
16583,25715,0.857143
16590,26444,0.583333
16591,23509,1.0
16592,24821,0.923077
16594,26539,1.0
16600,26544,1.0
16601,25609,1.0
16602,23337,0.789474
16608,26550,1.0
16611,26553,1.0
16616,26330,1.0
16618,26559,0.916667
16619,23764,0.757576
16620,26125,1.0
16622,26563,1.0
16628,26568,1.0
16632,26572,1.0
16634,24430,0.671053
16635,24276,0.9375
16638,26577,0.8
16640,26580,1.0
16641,25016,0.942308
16643,23295,0.486486
16645,26584,1.0
16647,23614,0.875
16649,26587,0.857143
16651,26590,1.0
16656,26595,0.928571
16658,25048,1.0
16659,26598,0.866667
16664,26604,0.785124
16666,25644,1.0
16669,24341,0.455285
16671,23448,1.0
16678,26083,0.939394
16686,25799,1.0
16687,23601,1.0
16688,26623,0.666667
16693,26519,0.908197
16698,26633,0.777778
16701,26636,0.860465
16709,26644,0.626087
16710,26646,1.0
16711,26647,1.0
16713,26649,0.981481
16717,26562,1.0
16719,26640,0.88
16720,26656,1.0
16721,25006,0.5
16725,23810,1.0
16727,24439,1.0
16728,26661,1.0
16731,26663,0.666667
16732,26665,1.0
16736,25799,0.677419
16737,25591,0.153333
16739,25878,1.0
16740,26671,1.0
16741,26672,0.76
16744,24197,1.0
16748,26678,1.0
16749,26679,1.0
16751,26681,0.611111
16758,26690,0.647059
16759,26692,0.409091
16766,26700,0.875
16767,24285,1.0
16769,24778,0.909091
16773,25122,0.765766
16774,24312,0.431818
16775,26708,0.875
16776,24951,1.0
16777,24176,0.487654
16780,26713,1.0
16782,23506,0.538462
16785,23781,0.980892
16793,26724,1.0
16796,23837,1.0
16799,24023,1.0
16802,24764,1.0
16805,26732,1.0
16806,23627,0.970149
16817,26745,0.230769
16818,25122,0.924528
16822,24974,1.0
16824,26750,1.0
16826,26752,0.375
16827,24325,1.0
16833,24162,1.0
16838,25003,1.0
16842,26766,0.9
16844,26768,1.0
16845,26769,1.0
16856,26779,0.857143
16860,25093,0.935484
16865,26787,1.0
16870,25233,0.947368
16874,23680,0.953488
16877,26125,1.0
16881,26249,1.0
16884,25639,0.5
16885,25139,1.0
16892,26748,1.0
16895,25669,0.733333
16897,26811,1.0
16898,26812,1.0
16900,26814,0.92
16906,26819,1.0
16907,26820,0.852941
16912,26825,1.0
16914,26062,1.0
16917,26829,0.938776
16923,23603,0.861111
16926,24053,1.0
16930,23751,1.0
16934,26844,1.0
16942,25208,1.0
16946,26044,1.0
16947,23322,0.588235
16949,24125,1.0
16950,23825,1.0
16951,26857,1.0
16955,26861,1.0
16956,24825,1.0
16959,26864,1.0
16960,24817,0.909091
16961,23650,0.833333
16968,26873,1.0
16969,26874,1.0
16970,25230,1.0
16973,25366,1.0
16975,26154,1.0
16982,26884,1.0
16984,26885,1.0
16986,23454,0.791667
16990,26890,1.0
16992,24940,1.0
16993,26892,0.950495
16994,26894,0.894737
17000,26900,1.0
17002,25880,1.0
17003,25637,0.886525
17004,26903,1.0
17005,26904,1.0
17011,26909,1.0
17012,25608,1.0
17013,25053,1.0
17015,26910,0.857143
17018,24277,1.0
17022,26423,1.0
17031,26925,0.6
17032,26926,1.0
17034,26927,0.692308
17043,26216,1.0
17051,26406,0.975
17053,26463,1.0
17054,26942,1.0
17055,26943,0.857143
17059,25452,1.0
17061,26949,0.764706
17063,26952,0.947368
17069,25906,0.85
17071,23515,1.0
17074,26963,1.0
17085,26972,0.833333
17092,24770,1.0
17096,24450,1.0
17103,26776,1.0
17105,26684,1.0
17109,24447,0.466667
17111,24527,1.0
17119,26999,0.571429
17124,27005,0.945455
17125,27007,1.0
17126,27008,1.0
17131,25508,0.815789
17133,26215,1.0
17134,27015,0.333333
17135,27017,1.0
17137,23920,0.974684
17141,26756,1.0
17142,27023,0.842105
17143,27024,0.923077
17146,27029,0.428571
17148,27031,0.615385
17149,26412,1.0
17162,27046,0.88
17165,26140,1.0
17166,27049,1.0
17167,24535,0.84375
17168,26975,0.94
17169,27052,1.0
17171,24153,0.930556
17172,27055,0.68254
17173,27058,0.75
17176,24519,0.896552
17177,27062,0.34375
17180,25712,1.0
17182,23937,0.88
17184,27067,1.0
17186,23775,1.0
17190,24667,0.857143
17191,23448,0.290123
17194,24462,0.904762
17196,24902,1.0
17200,24070,1.0
17205,23633,0.944444
17207,27087,1.0
17216,23296,0.210526
17218,26736,1.0
17220,27098,1.0
17223,26606,1.0
17232,27109,1.0
17234,27111,1.0
17236,27114,0.055556
17242,27119,1.0
17243,27120,0.894737
17246,24021,0.888889
17249,27127,0.980198
17252,23818,0.840909
17260,24767,0.918919
17261,24013,1.0
17264,27046,0.162162
17265,24189,0.753731
17270,26910,0.066667
17272,27147,1.0
17277,24446,1.0
17278,27152,1.0
17281,24671,0.92
17285,27158,1.0
17286,23519,1.0
17288,24221,1.0
17289,27160,1.0
17296,27167,1.0
17298,26916,0.945312
17305,25247,0.8
17307,27176,0.625
17318,25102,1.0
17320,27171,1.0
17322,27190,0.930233
17325,27194,0.906977
17326,25817,1.0
17328,24237,0.473684
17329,27198,1.0
17332,27201,1.0
17336,26098,0.972603
17343,24671,1.0
17351,23575,0.944444
17353,27221,0.896552
17354,26551,1.0
17368,24782,0.925
17370,25451,1.0
17372,27233,0.970149
17373,27235,0.857143
17375,27235,0.75
17376,24326,0.933333
17382,27243,0.888889
17383,27245,0.846154
17385,23478,0.264706
17389,27252,1.0
17393,27257,0.5
17394,27258,1.0
17395,27259,1.0
17396,24418,1.0
17397,27260,0.736842
17398,27262,1.0
17399,27263,1.0
17401,23595,0.913043
17404,27268,1.0
17405,25479,1.0
17410,27273,0.533333
17413,26425,1.0
17414,27277,0.294118
17420,27280,0.708333
17422,24858,1.0
17424,24319,0.368421
17428,23351,0.918033
17433,23410,1.0
17435,25247,0.764706
17437,27037,0.454545
17440,27297,1.0
17444,27300,1.0
17446,25020,1.0
17449,27303,0.857143
17450,27305,1.0
17459,24281,1.0
17460,25575,1.0
17463,27316,1.0
17464,24326,1.0
17467,24787,0.984375
17475,27326,1.0
17476,27327,1.0
17477,24263,1.0
17478,27328,1.0
17481,27331,0.848485
17482,23382,0.983957
17483,27224,1.0
17484,27334,1.0
17486,27336,1.0
17490,24963,1.0
17497,27345,0.736842
17500,27349,1.0
17502,27351,1.0
17503,23853,1.0
17508,23749,1.0
17509,26828,0.477273
17510,26425,0.333333
17512,24750,0.919355
17513,25248,1.0
17515,24105,1.0
17517,26242,0.857143
17520,27361,1.0
17524,26338,0.813953
17527,27367,1.0
17528,27368,1.0
17529,27369,1.0
17533,24406,0.944444
17535,24295,1.0
17539,26970,1.0
17540,23349,1.0
17545,27377,1.0
17548,23510,0.939394
17549,26751,0.972603
17552,26758,0.92
17553,25527,1.0
17557,24692,1.0
17561,27389,0.956522
17563,27392,0.4
17564,27345,0.904762
17565,27395,1.0
17567,23592,0.896552
17568,25580,1.0
17570,25837,1.0
17580,27406,1.0
17584,27179,1.0
17587,27411,1.0
17592,23748,1.0
17596,23831,0.707317
17597,27420,1.0
17599,26017,1.0
17600,25617,1.0
17605,24379,0.884615
17607,23777,1.0
17608,27427,0.894737
17611,27037,1.0
17612,27432,0.403509
17614,27434,1.0
17615,24618,1.0
17617,25243,0.965517
17618,25022,1.0
17621,25158,0.714286
17622,25117,0.865385
17626,27422,1.0
17636,27451,0.968254
17637,26082,1.0
17639,25910,0.611111
17640,23514,1.0
17642,27455,1.0
17644,27457,0.939394
17645,26910,1.0
17648,27461,1.0
17653,27465,1.0
17657,27469,1.0
17667,27478,1.0
17669,23787,0.741379
17671,25550,1.0
17675,25227,1.0
17678,26222,1.0
17680,27351,1.0
17681,27487,1.0
17684,25999,1.0
17690,25346,1.0
17693,23466,0.9601
17697,27502,0.75
17698,27503,1.0
17699,27504,1.0
17704,24555,0.84127
17705,25807,1.0
17711,25392,0.772727
17712,27515,0.935484
17713,23959,1.0
17714,27517,1.0
17717,25527,0.5
17718,25972,1.0
17720,24335,1.0
17722,26307,0.45
17731,27529,0.867647
17733,27532,1.0
17734,27533,0.916667
17740,27540,0.380952
17744,27544,1.0
17747,27462,0.968254
17750,26149,1.0
17752,26534,0.722222
17755,27550,1.0
17756,27551,1.0
17757,27552,1.0
17759,27554,1.0
17761,27184,1.0
17762,24424,1.0
17764,27556,1.0
17765,27557,1.0
17768,27560,1.0
17770,25990,0.94186
17775,27566,1.0
17776,27567,1.0
17784,27573,1.0
17789,27459,0.888889
17791,24545,1.0
17796,27582,0.666667
17798,26957,0.393939
17800,27586,0.777778
17802,26269,1.0
17804,26341,1.0
17809,23634,0.75
17812,23772,0.950207
17814,25115,1.0
17816,27599,1.0
17818,26019,0.833333
17821,24529,0.619048
17822,27605,1.0
17824,27608,0.363636
17828,27611,0.705882
17832,24085,1.0
17834,25970,1.0
17841,26057,0.75
17842,25093,0.75
17846,27628,0.714286
17851,27633,0.571429
17853,27635,0.9
17855,24286,1.0
17859,24138,1.0
17860,26170,0.870968
17861,27642,0.864407
17871,26738,1.0
17872,27251,0.833333
17883,27663,1.0
17884,23671,1.0
17890,27669,0.8125
17893,23805,0.888889
17902,27680,0.010152
17905,26897,0.565217
17907,27685,1.0
17908,27686,0.538462
17916,27693,1.0
17917,26306,0.116667
17918,25814,1.0
17919,26951,1.0
17921,27695,1.0
17924,25777,0.964912
17925,26910,0.266667
17926,25087,0.636364
17928,27012,1.0
17930,27702,0.882353
17931,25680,1.0
17937,24322,1.0
17938,27708,0.625
17942,27712,1.0
17943,27713,1.0
17944,27714,0.6
17946,27716,1.0
17950,26933,1.0
17952,27488,0.810345
17955,25289,1.0
17959,27727,1.0
17969,25178,0.903846
17970,25007,0.423729
17977,25843,1.0
17980,26993,0.96875
17986,27751,1.0
17989,27753,1.0
17992,27756,1.0
17994,24077,1.0
17996,27758,1.0
17997,25620,1.0
17999,27759,1.0
18002,27761,1.0
18003,27762,1.0
18004,27764,0.714286
18005,26975,0.848485
18007,27410,1.0
18010,26619,0.375
18015,25136,1.0
18017,27775,1.0
18018,25331,0.095238
18019,27777,1.0
18029,24507,0.9375
18030,27788,1.0
18032,27790,1.0
18034,25210,1.0
18035,25326,1.0
18036,23911,0.72549
18041,26385,1.0
18050,27803,0.454545
18051,27804,1.0
18060,27812,1.0
18066,25881,1.0
18068,24658,1.0
18069,27289,1.0
18071,27820,1.0
18077,23987,1.0
18078,27825,0.918919
18092,27839,0.5
18097,27843,1.0
18103,23369,1.0
18105,27850,1.0
18106,27851,0.888889
18113,27859,1.0
18116,27862,1.0
18117,27863,0.888889
18120,27867,1.0
18122,24784,0.642857
18125,27871,1.0
18128,25802,1.0
18129,27873,1.0
18131,27875,1.0
18132,27877,0.541667
18138,27477,1.0
18139,24748,1.0
18141,26878,1.0
18145,24326,1.0
18146,27885,1.0
18147,26460,1.0
18151,26019,1.0
18158,27894,0.583333
18159,27894,0.882353
18160,24292,0.389474
18160,27447,0.610526
18165,26524,0.611111
18171,24019,1.0
18173,26138,0.796296
18176,27910,0.625
18181,25516,1.0
18184,24647,1.0
18197,27926,0.75
18200,26089,1.0
18206,25249,1.0
18216,23664,0.392857
18223,27948,1.0
18230,27954,0.857143
18233,27958,0.987755
18234,26181,0.953488
18238,25376,1.0
18239,27964,0.823529
18242,25529,1.0
18244,27968,1.0
18245,23590,1.0
18249,25019,1.0
18250,25511,0.659091
18254,25187,0.925926
18255,27976,1.0
18256,26808,0.046875
18259,25295,1.0
18261,26386,1.0
18262,23995,0.666667
18265,26216,1.0
18266,23334,0.652174
18267,27985,1.0
18273,23760,0.363636
18275,27993,1.0
18276,24345,1.0
18278,26337,1.0
18279,27995,1.0
18281,26459,1.0
18288,24381,0.657143
18290,25575,0.526316
18293,24254,0.862069
18295,28010,1.0
18299,23568,1.0
18303,24425,0.833333
18308,24869,0.95
18310,28024,0.8
18312,28028,0.833333
18313,28030,0.641026
18314,23911,1.0
18323,24210,0.942308
18324,26690,1.0
18326,25768,0.794118
18331,28045,0.895833
18338,23987,0.833333
18339,28054,1.0
18340,24626,1.0
18341,28055,1.0
18345,28058,0.96875
18349,25502,1.0
18350,26900,0.571429
18352,27565,1.0
18354,28066,0.818182
18355,28068,1.0
18357,28071,0.714286
18360,26021,1.0
18364,25566,1.0
18367,24141,0.97561
18368,28079,1.0
18369,28080,1.0
18371,28081,1.0
18373,28084,0.722222
18378,28090,0.428571
18387,26137,0.522727
18390,28102,0.833333
18394,23822,0.787234
18395,24324,1.0
18396,24440,1.0
18397,25396,0.911765
18400,28110,0.833333
18403,28042,1.0
18405,27102,1.0
18408,28117,1.0
18411,28120,1.0
18414,26225,0.764706
18419,28127,1.0
18421,26331,0.818182
18429,28136,1.0
18431,28138,0.904762
18439,24324,0.384615
18441,28147,1.0
18448,24379,1.0
18449,25615,1.0
18455,23700,0.887324
18463,24529,0.90566
18464,28167,0.74
18468,24079,0.811881
18469,25996,0.4
18470,28174,0.583333
18475,24730,0.535211
18476,27463,1.0
18481,27823,0.935484
18486,28186,0.25
18487,28188,0.538462
18488,23683,0.826087
18494,25284,0.826923
18497,24790,0.833333
18498,26425,0.617021
18501,28202,1.0
18504,28205,0.363636
18509,28181,0.320755
18513,28213,1.0
18515,25903,1.0
18517,27350,1.0
18521,28219,0.875
18532,28230,1.0
18534,24179,0.963636
18538,28235,1.0
18549,28244,0.875
18554,28250,1.0
18561,28257,1.0
18574,28266,0.966667
18580,24533,1.0
18581,28273,1.0
18585,27464,1.0
18586,23728,0.54717
18597,24122,1.0
18598,25402,0.959184
18601,28288,1.0
18605,25150,0.956522
18607,23485,1.0
18609,25969,0.291667
18610,26247,1.0
18612,28295,1.0
18613,27288,1.0
18614,28296,1.0
18618,27540,0.944444
18622,28303,1.0
18624,28305,1.0
18628,25835,1.0
18631,26611,1.0
18632,24109,1.0
18633,28312,0.571429
18634,28312,0.75
18636,23322,0.451613
18643,23674,0.318182
18644,28319,1.0
18645,27972,1.0
18646,27359,1.0
18647,28320,1.0
18656,23467,1.0
18657,26342,0.957447
18659,27736,1.0
18662,28331,0.942857
18667,27214,1.0
18668,28336,1.0
18673,23720,1.0
18675,28341,1.0
18676,23654,0.825
18677,28344,0.772727
18678,24322,1.0
18681,28347,0.52381
18689,25914,0.758621
18691,27441,1.0
18696,24180,1.0
18697,24303,0.878049
18708,24202,1.0
18709,23334,0.9625
18712,27563,1.0
18713,28372,1.0
18715,28132,1.0
18718,24151,0.851852
18722,27803,1.0
18724,27651,0.846154
18725,27618,0.939394
18727,24115,0.625
18728,28383,1.0
18730,26442,0.949153
18732,23996,0.894737
18736,23594,1.0
18738,23810,1.0
18740,28392,1.0
18745,24626,0.394737
18751,28403,1.0
18752,28404,0.705882
18753,28406,1.0
18755,28408,0.740741
18761,28414,0.928571
18765,27196,1.0
18770,28423,0.85
18773,26280,1.0
18776,27165,1.0
18780,25150,0.857143
18786,23428,0.574074
18786,28436,0.111111
18787,23841,1.0
18792,25871,0.339623
18795,24474,0.931034
18796,28445,0.4
18800,25138,1.0
18801,24145,1.0
18803,28451,1.0
18806,23608,0.940594
18808,28455,0.571429
18810,28458,1.0
18812,28460,1.0
18821,28469,0.833333
18824,28151,0.846154
18825,23615,1.0
18826,28474,1.0
18828,24817,0.942857
18834,25189,1.0
18836,24921,0.972222
18837,24020,0.8
18839,26113,1.0
18840,28486,0.894737
18844,28491,1.0
18845,26041,0.666667
18848,24902,0.75
18849,23537,1.0
18856,24347,0.839286
18861,28506,0.818182
18864,28510,0.769231
18865,28511,1.0
18866,23825,0.944444
18868,28514,1.0
18884,25945,0.62963
18885,28528,0.647059
18886,23374,1.0
18888,24936,1.0
18893,26769,0.875
18897,28537,1.0
18899,23836,1.0
18907,28545,0.7
18912,24029,1.0
18916,28552,0.4
18917,25906,1.0
18919,24288,1.0
18930,25205,1.0
18936,25357,0.744186
18937,28565,0.8
18939,28568,0.75
18940,28126,1.0
18942,25706,1.0
18943,28571,0.714286
18945,24717,0.777778
18946,25587,1.0
18947,28575,1.0
18948,28576,1.0
18953,27827,1.0
18956,28583,1.0
18960,25226,1.0
18963,26137,1.0
18967,28592,1.0
18968,28593,0.5
18973,28598,1.0
18981,28606,1.0
18983,28608,0.619048
18984,24199,0.818182
18985,23626,0.846154
18986,28612,1.0
18987,28613,1.0
18990,24739,0.923077
18991,26522,0.833333
18993,25136,0.5625
18998,24647,0.85
18999,28625,0.8
19002,26769,1.0
19007,28049,1.0
19010,28004,0.962264
19016,28641,1.0
19018,28643,1.0
19019,23327,0.953642
19020,24378,1.0
19022,28646,0.810811
19027,24331,1.0
19031,25314,1.0
19040,27118,0.4
19044,28423,1.0
19047,28667,0.8
19048,28669,1.0
19053,26250,0.785714
19059,27829,0.769231
19060,28679,1.0
19065,28684,0.846154
19068,26127,1.0
19071,28690,0.789474
19074,28694,1.0
19076,28696,0.155556
19077,28697,1.0
19078,26556,1.0
19079,26929,1.0
19081,28700,0.4
19084,28703,1.0
19085,27916,1.0
19087,28705,0.961538
19089,27499,1.0
19091,25484,1.0
19093,26958,1.0
19094,28710,1.0
19100,28714,0.818182
19102,23980,1.0
19103,27489,1.0
19106,24602,0.333333
19108,28721,1.0
19109,25359,1.0
19111,25579,0.846154
19113,26289,1.0
19114,25443,0.985401
19120,28731,0.333333
19125,28735,1.0
19126,24625,1.0
19127,26431,1.0
19128,26098,0.888889
19129,28736,0.666667
19131,26380,1.0
19134,28740,1.0
19140,23872,1.0
19144,28748,1.0
19153,27472,0.621951
19154,27509,1.0
19155,26514,1.0
19156,24638,1.0
19158,26249,0.933333
19159,27772,0.805556
19162,28268,1.0
19167,27254,0.857143
19168,23440,1.0
19170,23662,0.913043
19171,27786,1.0
19174,24490,1.0
19181,25804,0.882353
19184,28024,1.0
19186,28779,0.864865
19187,28780,0.964286
19188,28782,1.0
19193,25700,1.0
19194,28787,0.904762
19198,28792,1.0
19200,26846,1.0
19202,24582,1.0
19204,23546,1.0
19211,28802,1.0
19212,28803,1.0
19213,28805,0.428571
19216,28807,0.75
19218,26035,0.5
19222,25639,0.882353
19224,28471,0.857143
19231,28773,1.0
19233,25177,1.0
19234,28823,1.0
19236,24986,1.0
19241,24063,0.785714
19242,24741,1.0
19248,28732,0.714286
19250,25178,0.656566
19251,28837,1.0
19254,23802,1.0
19257,28841,1.0
19258,28842,1.0
19260,28844,1.0
19262,28846,1.0
19263,28847,0.666667
19269,27835,1.0
19272,25744,1.0
19273,23473,1.0
19282,28864,0.75
19285,25238,0.854545
19286,26364,0.836735
19290,25448,0.714286
19293,26209,1.0
19294,28469,0.684211
19296,28877,0.592593
19297,27813,1.0
19304,26535,0.761905
19306,25298,1.0
19312,26213,0.310345
19314,28674,1.0
19316,28269,1.0
19319,25021,1.0
19322,28897,1.0
19328,24438,0.78125
19330,27595,1.0
19331,26754,1.0
19333,26564,1.0
19334,23804,1.0
19335,28905,1.0
19336,28906,1.0
19338,28908,1.0
19343,28910,1.0
19344,24714,1.0
19346,25741,1.0
19349,26391,1.0
19355,25620,0.777778
19356,28140,0.8125
19358,28920,1.0
19365,28927,0.938776
19366,25084,0.5
19374,28936,0.785714
19375,26133,0.333333
19385,28947,0.892857
19388,24377,1.0
19390,28952,0.594595
19392,28955,1.0
19393,28364,1.0
19400,26799,1.0
19407,26382,0.75
19414,24927,0.212121
19415,28973,0.4
19416,25834,0.764706
19423,28980,1.0
19427,26075,0.875
19431,28045,0.833333
19435,27632,1.0
19439,26048,0.846154
19444,25139,0.666667
19446,28163,1.0
19447,28998,0.966102
19452,24414,0.962025
19455,26051,1.0
19458,29004,1.0
19459,25757,1.0
19460,29005,1.0
19467,24927,0.95122
19471,23668,1.0
19473,28969,1.0
19477,29019,1.0
19481,26123,0.869565
19483,29024,1.0
19484,24119,1.0
19490,25355,1.0
19491,25908,0.90099
19492,29031,1.0
19494,24501,1.0
19495,29032,1.0
19496,29033,1.0
19498,25057,0.851852
19503,29039,0.6
19504,24494,1.0
19505,26219,0.6
19507,29043,1.0
19509,27659,1.0
19513,28927,0.8125
19514,29049,0.823529
19514,29050,0.176471
19515,29051,1.0
19523,24157,0.4
19524,29058,1.0
19525,24523,1.0
19529,29062,1.0
19530,25212,1.0
19533,29065,1.0
19535,29067,0.918919
19536,24771,0.942308
19543,26727,0.625
19544,29076,1.0
19546,25443,1.0
19548,25748,1.0
19550,26964,0.166667
19551,29080,1.0
19553,27989,1.0
19555,24346,0.84375
19556,24638,1.0
19557,28879,1.0
19562,27554,0.826087
19563,29014,0.878788
19567,26375,1.0
19570,26183,1.0
19577,29100,1.0
19578,26005,1.0
19581,29103,1.0
19582,29104,0.846154
19583,25203,1.0
19584,25561,1.0
19594,29114,1.0
19595,29115,0.851852
19602,25139,1.0
19607,25292,1.0
19608,29127,1.0
19611,29131,0.25
19612,29132,1.0
19613,25749,1.0
19614,25119,1.0
19619,25648,1.0
19636,24774,1.0
19640,28143,1.0
19643,28915,1.0
19644,29151,1.0
19650,29156,1.0
19652,27430,1.0
19654,23592,0.666667
19654,29159,0.333333
19655,27482,1.0
19656,29160,1.0
19658,24182,1.0
19660,24901,0.833333
19662,23432,1.0
19666,29167,1.0
19671,29172,1.0
19673,25960,1.0
19677,25259,1.0
19678,27203,0.357143
19679,29153,1.0
19680,25545,0.945946
19682,26913,0.615385
19684,26285,1.0
19686,24792,1.0
19696,26755,1.0
19698,25928,1.0
19703,28919,0.5
19723,29213,1.0
19725,25544,0.944444
19733,29222,1.0
19743,29230,1.0
19749,26293,0.882353
19751,23603,0.44186
19754,24140,0.921053
19759,26933,0.964912
19762,26266,0.8125
19763,28698,1.0
19771,24321,1.0
19772,28990,1.0
19776,29257,1.0
19778,27922,1.0
19779,26138,0.636364
19787,24887,1.0
19789,29266,0.607143
19791,25996,1.0
19792,24976,1.0
19794,29270,1.0
19796,26861,0.727273
19797,29273,0.6
19800,25798,1.0
19806,27678,0.866667
19807,24242,1.0
19812,29287,1.0
19822,26662,1.0
19825,26257,0.9375
19826,29299,1.0
19828,26665,0.545455
19831,29304,1.0
19832,29305,1.0
19842,26403,0.703704
19852,29324,0.833333
19854,29326,1.0
19856,23765,0.785714
19862,29333,1.0
19863,29334,1.0
19869,29339,1.0
19871,25716,1.0
19872,29341,1.0
19877,28580,1.0
19881,25848,1.0
19884,29350,1.0
19887,28777,0.818182
19888,25135,0.521739
19889,29355,1.0
19891,28235,0.65
19892,29358,1.0
19896,29360,1.0
19899,24346,1.0
19900,26677,0.866667
19902,23467,0.984615
19903,28878,1.0
19904,25536,1.0
19906,29060,1.0
19907,27202,1.0
19916,25539,0.954545
19919,29375,1.0
19920,24322,0.142857
19921,28337,0.809524
19925,27951,0.774194
19931,29386,0.636364
19933,29389,1.0
19935,29391,1.0
19939,29173,1.0
19943,29395,1.0
19944,27003,1.0
19945,27836,0.916667
19946,29071,1.0
19948,25274,1.0
19950,26862,1.0
19951,25006,1.0
19954,24191,0.7
19956,29402,1.0
19957,24844,1.0
19959,29404,0.818182
19960,29406,1.0
19972,29417,1.0
19973,26737,1.0
19974,29418,1.0
19975,28349,1.0
19979,29422,0.529412
19980,26533,1.0
19984,23402,0.93617
19987,25589,1.0
19988,24825,1.0
19992,29433,0.75
20001,29443,1.0
20005,27524,1.0
20006,29447,1.0
20007,26986,1.0
20009,28670,1.0
20014,29454,0.909091
20018,29457,0.818182
20019,24885,1.0
20024,23678,0.828571
20025,28362,1.0
20037,28090,0.8125
20039,29477,1.0
20042,29480,0.714286
20045,23342,0.877551
20046,27845,1.0
20051,29487,1.0
20053,29414,1.0
20054,24568,1.0
20055,29489,0.333333
20057,28136,0.809524
20068,25207,1.0
20069,25706,0.428571
20070,28030,0.727273
20072,24934,0.793103
20074,29504,1.0
20078,29507,1.0
20080,28983,1.0
20082,28208,1.0
20083,23563,0.8
20087,25588,0.8
20089,26100,1.0
20090,28137,1.0
20093,26883,0.866667
20099,29524,1.0
20100,29525,0.955224
20104,27392,1.0
20106,23936,1.0
20111,28244,0.818182
20113,23843,1.0
20114,25000,1.0
20116,29537,1.0
20121,26888,1.0
20124,24751,1.0
20126,25482,0.73913
20138,23936,0.705882
20140,29556,1.0
20145,23475,0.3
20148,24673,0.95122
20150,29566,1.0
20152,26117,0.947368
20153,26072,1.0
20157,26469,1.0
20158,24164,1.0
20160,24937,1.0
20164,25641,0.947368
20165,23806,1.0
20172,29580,1.0
20174,29582,1.0
20175,23644,0.791667
20178,29586,0.571429
20179,25652,1.0
20183,29589,1.0
20184,29590,1.0
20185,29591,1.0
20190,29595,0.571429
20193,24789,1.0
20200,24507,0.294118
20201,27136,1.0
20202,27883,1.0
20203,24676,1.0
20204,29513,0.75
20205,29605,1.0
20211,29610,1.0
20217,26021,1.0
20218,29616,1.0
20220,24236,1.0
20225,25443,0.945205
20226,29623,1.0
20227,29624,1.0
20228,23441,1.0
20235,29416,1.0
20237,26717,1.0
20243,29637,1.0
20245,29639,1.0
20249,25057,0.882353
20251,25197,1.0
20257,25125,0.843137
20264,27367,1.0
20269,23760,0.733333
20270,29662,0.48
20274,28186,1.0
20276,29667,1.0
20277,24952,1.0
20278,29668,1.0
20279,24953,0.722222
20284,29673,1.0
20287,29677,0.705882
20291,24502,1.0
20298,27661,0.7
20302,24050,0.666667
20305,23372,1.0
20306,24313,0.98
20307,28952,0.882353
20309,24332,1.0
20310,26888,0.914286
20312,25542,1.0
20313,29621,1.0
20317,29700,0.214286
20320,29702,0.846154
20328,29711,1.0
20329,29712,1.0
20332,29715,1.0
20334,27681,1.0
20338,24266,1.0
20339,24997,0.655172
20341,27039,1.0
20345,29723,1.0
20346,28407,0.583333
20352,29730,1.0
20355,23845,1.0
20358,29735,1.0
20359,25036,1.0
20366,29741,1.0
20369,29744,1.0
20371,29746,1.0
20372,24934,0.666667
20374,29750,0.6
20385,27664,0.916667
20389,26785,1.0
20390,27814,1.0
20391,29764,1.0
20392,24934,1.0
20394,29766,1.0
20395,29767,0.4
20397,27324,0.909091
20398,29771,1.0
20401,24619,0.615385
20402,29775,1.0
20406,28930,1.0
20407,29779,1.0
20410,29782,1.0
20413,26415,1.0
20417,23900,0.52381
20421,29791,1.0
20423,29793,0.428571
20427,25107,1.0
20429,24474,0.5
20437,29805,1.0
20439,24591,1.0
20441,26977,0.769231
20443,29809,0.470588
20445,29141,0.75
20451,23930,1.0
20457,27134,1.0
20458,26319,0.6
20461,29825,1.0
20462,29826,1.0
20463,28459,0.636364
20467,26886,1.0
20471,29833,1.0
20476,28728,0.857143
20480,24802,0.884615
20496,25354,1.0
20497,26877,1.0
20502,26625,1.0
20503,23494,0.5
20507,29866,0.75
20509,29869,0.882353
20513,23587,0.633333
20515,23394,1.0
20520,26267,1.0
20526,29678,1.0
20531,27278,0.857143
20533,29890,1.0
20534,23954,0.882353
20535,25594,0.636364
20539,23506,1.0
20540,26317,1.0
20541,29896,0.861111
20544,27874,1.0
20550,26481,1.0
20552,26976,1.0
20556,29908,0.69697
20557,25396,1.0
20559,28389,0.888889
20560,25843,1.0
20563,24019,1.0
20564,29912,0.444444
20567,29917,0.461538
20572,23485,0.666667
20574,28469,1.0
20586,26159,1.0
20587,25497,0.833333
20589,25517,0.8
20593,29941,0.538462
20597,24546,0.333333
20600,29945,1.0
20601,28278,0.666667
20602,29947,0.428571
20603,24953,1.0
20606,27766,1.0
20607,27969,1.0
20608,27989,0.5
20610,29830,1.0
20612,28339,1.0
20614,23848,0.5
20615,23690,0.730769
20627,25539,1.0
20630,26831,1.0
20632,29968,0.769231
20633,28932,0.857143
20635,28052,1.0
20636,27684,1.0
20641,28548,1.0
20648,29980,1.0
20651,29984,0.8
20660,29993,0.960784
20669,26690,1.0
20671,24332,0.85
20672,23812,1.0
20679,30008,1.0
20680,26841,1.0
20683,24402,1.0
20686,30013,1.0
20687,24906,1.0
20689,28919,0.8
20690,30017,0.816327
20692,27313,1.0
20697,26564,0.818182
20701,30027,1.0
20704,30031,0.7
20710,30036,1.0
20712,26133,1.0
20720,29905,1.0
20721,27905,1.0
20724,26075,1.0
20726,30048,0.75
20729,24862,0.939394
20735,30056,1.0
20739,30059,0.8
20740,26389,0.714286
20745,30066,1.0
20752,29696,1.0
20753,30073,0.92
20755,29120,0.375
20761,25577,1.0
20762,23587,0.606061
20768,27157,1.0
20771,28100,1.0
20772,30088,0.875
20780,30097,0.52381
20781,23689,1.0
20784,26663,1.0
20785,25357,1.0
20791,28666,0.5
20794,24097,0.971831
20798,23843,0.777778
20802,25135,0.636364
20807,29459,1.0
20809,26133,1.0
20812,30121,1.0
20814,26445,0.8
20815,28389,1.0
20818,24474,1.0
20824,25100,1.0
20829,24437,0.933333
20833,30138,1.0
20837,30142,1.0
20843,23558,0.846154
20844,27564,1.0
20845,30149,1.0
20847,24370,1.0
20850,29834,0.8
20851,30153,1.0
20858,30159,0.4375
20859,27435,0.875
20861,24274,0.689655
20862,30163,0.6
20863,26014,0.714286
20865,26365,0.903226
20875,23436,0.969697
20884,28229,1.0
20893,30192,1.0
20894,28809,0.777778
20895,30194,1.0
20901,30200,1.0
20902,30201,0.857143
20903,30203,1.0
20905,30205,1.0
20907,30207,1.0
20910,25838,1.0
20911,28765,0.714286
20912,30211,0.75
20923,26112,1.0
20924,26883,1.0
20926,25485,1.0
20927,30222,1.0
20942,23934,1.0
20947,24053,0.466667
20949,25918,0.962963
20953,23727,1.0
20955,29252,1.0
20957,27353,1.0
20958,27510,0.571429
20964,23498,0.285714
20966,30253,1.0
20969,30256,1.0
20974,30261,1.0
20975,24529,1.0
20983,30269,1.0
20984,26261,1.0
20986,28043,1.0
20988,25902,0.925926
20989,29917,0.777778
20990,28390,0.625
20996,29046,1.0
20998,30281,1.0
21000,26328,1.0
21001,24610,0.84
21001,25092,0.16
21002,26771,1.0
21003,30283,1.0
21011,28939,1.0
21013,26686,1.0
21019,30296,0.625
21020,30279,1.0
21030,25227,0.913043
21033,25693,1.0
21038,24264,1.0
21040,30315,0.666667
21046,30321,1.0
21050,24503,1.0
21051,30325,1.0
21052,24653,0.8
21053,30327,0.846154
21053,29320,0.153846
21054,24011,0.8
21055,27759,0.818182
21058,28615,1.0
21059,27886,1.0
21064,30334,0.222222
21065,28052,0.5
21066,30336,1.0
21075,28212,1.0
21076,24976,1.0
21082,27493,1.0
21086,23786,0.785714
21095,27449,1.0
21107,30371,1.0
21108,30372,1.0
21114,23814,1.0
21116,25178,0.935897
21119,30381,1.0
21125,23480,0.272727
21127,30387,0.9
21131,30391,1.0
21135,26957,0.625
21139,30399,0.827586
21149,27517,1.0
21153,25616,0.714286
21153,30410,0.285714
21155,30412,1.0
21156,30413,1.0
21159,24792,0.35
21161,26908,1.0
21163,28251,1.0
21165,29205,1.0
21170,25566,1.0
21172,30424,0.571429
21173,30426,1.0
21180,30432,1.0
21185,30437,1.0
21186,26535,0.769231
21199,30450,1.0
21205,30456,0.5
21207,30459,1.0
21212,30464,1.0
21215,24692,0.964912
21218,29579,1.0
21225,30348,0.8125
21228,25071,0.88
21231,29448,1.0
21233,28602,1.0
21235,27435,0.342105
21243,30490,1.0
21244,30491,1.0
21245,29101,1.0
21246,25757,0.647059
21251,29100,0.4
21252,30497,1.0
21254,25736,0.857143
21258,30503,0.833333
21260,30506,0.75
21263,29039,0.692308
21264,24357,1.0
21267,23518,0.72
21268,25508,0.948718
21272,28736,0.333333
21279,26410,1.0
21285,28205,1.0
21286,25600,1.0
21290,24511,0.956897
21291,26675,1.0
21295,30532,0.833333
21296,29871,1.0
21298,30536,0.307692
21302,27264,1.0
21303,30540,1.0
21304,24830,0.583333
21305,24070,0.953488
21308,24436,0.375
21315,28909,1.0
21316,25529,0.842105
21317,26429,0.777778
21319,30552,1.0
21322,29014,1.0
21327,25574,1.0
21328,30469,1.0
21329,29095,0.666667
21332,23502,1.0
21334,24698,1.0
21337,30563,1.0
21339,30565,0.6
21341,30568,0.75
21342,30570,1.0
21343,30571,0.636364
21345,30574,1.0
21347,30576,0.75
21350,30579,1.0
21354,30583,0.75
21358,30588,0.714286
21361,30592,1.0
21364,24136,1.0
21370,30600,1.0
21375,29765,0.684211
21376,25864,1.0
21382,30611,0.5
21386,25605,0.777778
21389,26300,0.769231
21397,30625,1.0
21400,27707,0.923077
21403,24687,1.0
21408,26327,1.0
21412,24513,1.0
21413,30637,1.0
21414,30639,0.714286
21415,30640,0.75
21416,30642,1.0
21417,30643,1.0
21419,30646,0.375
21423,29228,1.0
21424,28892,0.92
21428,23337,0.702703
21429,28193,1.0
21431,25833,0.987395
21438,30659,1.0
21445,30666,0.625
21446,30668,1.0
21448,30518,0.894737
21450,25714,1.0
21461,30682,1.0
21462,30683,1.0
21465,30685,1.0
21467,30233,1.0
21471,27092,1.0
21479,30697,1.0
21482,30700,0.818182
21484,29813,0.5
21486,26571,1.0
21487,30704,1.0
21488,25381,1.0
21490,26927,0.761905
21492,29295,1.0
21493,30708,0.909091
21495,27585,1.0
21496,30711,1.0
21498,24006,1.0
21500,30666,0.461538
21507,30720,1.0
21510,25490,1.0
21512,30724,1.0
21515,27392,0.727273
21519,30732,0.842105
21524,29264,1.0
21532,30740,0.777778
21537,30745,1.0
21539,30747,0.444444
21540,30749,1.0
21541,29863,0.6
21543,25591,0.969697
21544,25220,1.0
21545,24195,1.0
21549,30755,1.0
21551,30757,1.0
21552,27727,0.533333
21555,30761,0.7
21557,25996,1.0
21563,30770,0.6
21565,30772,0.777778
21569,30777,0.625
21573,30782,1.0
21575,27924,1.0
21578,30786,1.0
21582,30790,0.666667
21589,30798,1.0
21590,30799,0.666667
21591,30801,1.0
21594,30803,1.0
21598,27997,0.846154
21610,30816,1.0
21613,28344,0.636364
21614,30820,1.0
21616,29608,1.0
21619,30824,0.846154
21621,23435,0.416667
21625,27343,1.0
21626,25265,1.0
21633,30837,1.0
21636,24686,1.0
21639,27539,1.0
21641,30843,1.0
21643,25222,1.0
21651,27320,0.777778
21652,28784,1.0
21658,29603,1.0
21659,28474,0.666667
21668,30863,1.0
21670,30865,1.0
21680,28205,0.88764
21683,30878,0.55
21691,27160,0.666667
21693,28143,1.0
21701,30890,1.0
21703,25549,1.0
21711,24351,0.8
21714,30900,1.0
21716,24517,1.0
21719,30904,1.0
21737,26514,0.769231
21738,30923,0.666667
21740,30925,1.0
21744,30929,0.411765
21751,24271,0.904762
21753,28378,1.0
21763,23557,0.818182
21767,25763,1.0
21772,24123,1.0
21773,30952,1.0
21776,30459,1.0
21778,30956,0.625
21779,26899,0.941176
21781,30960,1.0
21783,24481,1.0
21786,30964,1.0
21789,26861,1.0
21790,27846,0.714286
21792,30716,0.75
21793,25532,1.0
21798,30974,0.692308
21799,30976,1.0
21801,30978,1.0
21807,29390,0.904762
21812,30989,1.0
21813,23387,0.461538
21814,30991,1.0
21820,30100,1.0
21821,28109,1.0
21822,28580,0.6
21829,31002,1.0
21834,27517,0.75
21835,23539,0.571429
21840,31012,1.0
21841,26945,1.0
21848,31018,0.571429
21854,24424,0.993023
21855,28399,1.0
21859,31028,0.722222
21860,26638,1.0
21871,25051,1.0
21873,31041,0.40625
21876,31045,0.4
21877,31047,1.0
21887,31055,1.0
21888,26955,1.0
21889,24580,0.545455
21890,31057,1.0
21891,25157,1.0
21892,31058,1.0
21898,31064,0.1
21899,29394,1.0
21901,24403,0.918919
21903,31068,1.0
21904,24000,0.84
21905,28118,1.0
21911,29459,1.0
21913,31076,1.0
21919,31082,1.0
21925,23758,1.0
21927,24271,0.428571
21930,31092,1.0
21934,24312,0.454545
21936,27024,0.421053
21937,25861,0.910714
21941,31102,1.0
21942,24870,1.0
21950,24426,0.974684
21952,31111,0.829268
21953,31113,1.0
21954,27515,1.0
21957,24864,1.0
21961,31119,0.583333
21963,27190,0.952381
21964,30150,1.0
21965,28155,0.882353
21967,26406,1.0
21968,29051,0.928571
21969,23544,0.061538
21973,25826,0.647059
21974,31131,1.0
21975,24264,0.829787
21976,31133,0.806452
21980,30941,1.0
21985,31141,1.0
21996,31150,1.0
21997,25353,1.0
22004,23706,0.985185
22011,27555,1.0
22012,25132,1.0
22017,30754,1.0
22019,26019,0.777778
22020,26131,1.0
22023,25214,1.0
22026,31169,1.0
22032,29385,0.666667
22035,25025,0.705882
22040,28545,0.363636
22041,28442,1.0
22046,31186,1.0
22048,31188,1.0
22051,28442,1.0
22053,23432,0.981928
22055,30666,1.0
22056,29987,1.0
22058,25612,1.0
22059,31195,1.0
22062,26762,1.0
22065,31200,1.0
22066,31201,1.0
22069,28201,1.0
22075,25646,0.833333
22077,27606,1.0
22079,28481,0.8
22080,26519,1.0
22085,31217,1.0
22088,28331,0.666667
22089,30437,0.428571
22091,31223,1.0
22099,24384,1.0
22102,29326,0.925926
22105,24049,1.0
22106,30893,1.0
22111,28273,1.0
22113,24619,1.0
22115,26320,1.0
22120,31245,1.0
22122,23603,0.763158
22125,31250,1.0
22130,29004,0.642857
22132,29141,0.846154
22143,28179,0.677419
22148,31272,0.777778
22149,25537,1.0
22150,25181,1.0
22151,31273,0.636364
22156,23385,0.875
22158,31280,1.0
22162,26540,1.0
22164,31285,1.0
22173,27324,1.0
22175,23607,0.923077
22184,27247,1.0
22188,31306,1.0
22190,28711,0.625
22191,23688,1.0
22192,30406,1.0
22195,31311,0.666667
22199,30574,0.857143
22204,31321,1.0
22206,25068,0.233333
22208,30717,1.0
22215,31331,1.0
22218,30288,0.647059
22223,28432,1.0
22226,28932,0.75
22229,31342,1.0
22231,26458,1.0
22232,31344,0.363636
22234,30780,0.846154
22235,31338,1.0
22237,31350,0.5
22240,26517,1.0
22241,27937,1.0
22243,27790,1.0
22244,24848,1.0
22245,29981,0.4
22249,28759,0.875
22256,31365,0.913043
22261,26279,1.0
22266,31376,0.25
22267,28669,0.818182
22268,31378,1.0
22272,26570,1.0
22274,30966,1.0
22284,31391,1.0
22287,30849,1.0
22295,27658,1.0
22298,31400,0.7
22301,31404,1.0
22302,31405,1.0
22306,27001,0.714286
22307,31409,1.0
22315,31417,1.0
22319,27774,0.666667
22323,31423,1.0
22327,31425,1.0
22336,29003,0.777778
22337,28779,1.0
22344,26535,0.846154
22346,31442,1.0
22347,31443,0.625
22348,31445,1.0
22352,31448,0.75
22354,23472,1.0
22355,23461,1.0
22357,29460,1.0
22359,31452,0.666667
22365,29010,0.6
22366,28104,0.4
22369,30576,0.588235
22371,25172,0.5
22372,31466,1.0
22373,31467,1.0
22374,28459,1.0
22376,31469,0.818182
22377,28681,1.0
22383,25986,1.0
22384,24300,1.0
22387,25222,0.76
22388,25158,0.642857
22389,31289,1.0
22391,30528,0.826087
22392,28864,1.0
22394,31481,0.818182
22395,24283,1.0
22400,28082,1.0
22418,28429,1.0
22423,30090,1.0
22424,29519,1.0
22425,24721,1.0
22426,23900,1.0
22427,25251,1.0
22438,30564,1.0
22439,27243,0.666667
22442,31517,1.0
22450,31525,0.330275
22451,31526,1.0
22458,23715,1.0
22459,31531,1.0
22461,31533,1.0
22462,31534,1.0
22467,31539,0.75
22469,31541,1.0
22471,27654,1.0
22474,31546,0.666667
22482,28660,1.0
22483,28196,1.0
22490,26541,1.0
22494,27172,1.0
22504,31572,1.0
22511,31579,1.0
22512,31581,0.666667
22513,26608,0.875
22514,23852,1.0
22520,27691,1.0
22524,23764,1.0
22531,27801,0.875
22532,25414,0.6
22533,29933,0.642857
22535,31601,0.571429
22536,31602,1.0
22539,24759,0.7
22544,31610,1.0
22546,31612,0.714286
22548,26081,1.0
22552,31618,1.0
22558,27406,1.0
22559,23567,1.0
22564,26138,1.0
22565,28571,0.625
22570,27079,1.0
22572,31634,1.0
22579,26050,1.0
22585,26635,1.0
22590,27310,1.0
22592,31651,1.0
22594,28207,1.0
22596,25284,1.0
22598,24171,1.0
22602,25782,1.0
22605,28907,1.0
22609,25737,1.0
22616,25652,1.0
22617,26809,1.0
22622,24720,1.0
22624,26892,1.0
22625,24594,0.927273
22627,26677,0.8125
22629,24204,1.0
22633,31398,1.0
22638,31683,1.0
22641,26934,1.0
22642,24191,1.0
22644,23391,0.555556
22650,26220,0.9375
22658,24450,0.307692
22661,30461,0.571429
22662,29478,1.0
22665,31707,0.6
22671,31714,0.615385
22682,28085,1.0
22683,31725,0.666667
22684,31728,0.809524
22685,26618,1.0
22687,31729,1.0
22688,25290,1.0
22693,31734,1.0
22698,31739,1.0
22699,25882,0.875
22706,31745,1.0
22707,27743,1.0
22708,23330,1.0
22714,31750,1.0
22715,31751,0.666667
22719,24759,1.0
22731,28411,0.8
22735,27523,0.846154
22737,31769,1.0
22739,26938,1.0
22740,23508,1.0
22748,28534,1.0
22750,29545,0.904762
22758,31787,0.857143
22760,24114,0.375
22762,26508,0.911765
22770,31509,1.0
22774,31802,1.0
22783,27758,1.0
22785,31812,0.833333
22788,26016,0.4
22790,25387,1.0
22796,31823,1.0
22801,31829,0.7
22807,31835,0.727273
22808,31837,1.0
22812,26515,1.0
22819,31846,1.0
22822,26665,0.910714
22824,31849,1.0
22826,31851,1.0
22832,31857,1.0
22836,27943,1.0
22842,27460,1.0
22844,31866,0.375
22846,31869,1.0
22848,26612,1.0
22855,25309,1.0
22856,31877,1.0
22857,31878,1.0
22876,31894,1.0
22877,31895,1.0
22878,25264,0.6
22881,24017,0.948718
22882,29992,1.0
22884,29347,1.0
22896,26514,1.0
22900,24468,1.0
22908,23861,0.86087
22910,26996,0.945946
22911,31923,0.866667
22921,31932,0.666667
22924,31937,0.5
22927,31133,1.0
22928,31940,1.0
22929,25136,1.0
22931,30031,1.0
22935,27343,1.0
22937,30830,1.0
22938,25834,1.0
22942,31948,1.0
22943,29788,1.0
22949,29136,1.0
22953,23984,0.875
22955,27700,1.0
22960,30463,1.0
22961,31963,1.0
22964,28593,1.0
22968,26212,0.5625
22981,31162,0.666667
22989,28094,1.0
22993,24388,1.0
22995,26739,1.0
22997,23570,1.0
23002,23613,1.0
23018,31937,1.0
23033,28708,1.0
23037,26341,0.705882
23042,32029,0.6
23043,24260,1.0
23045,27725,0.769231
23046,32033,1.0
23048,23926,0.84
23055,32042,0.777778
23056,24731,0.870968
23063,23414,0.913043
23065,29367,0.714286
23067,24428,1.0
23083,27478,0.545455
23085,27482,1.0
23089,25853,0.714286
23092,30899,1.0
23093,32076,1.0
23100,23484,0.714286
23101,30140,0.666667
23106,24857,1.0
23109,25321,1.0
23114,31127,0.8
23116,32097,0.5
23117,32098,1.0
23125,31641,1.0
23128,23501,0.363636
23133,32113,1.0
23138,25822,1.0
23139,32118,0.6
23166,32145,1.0
23171,32150,1.0
23176,29990,1.0
23181,32159,1.0
23183,32161,1.0
23184,32162,1.0
23191,26300,1.0
23192,32169,1.0
23208,28935,1.0
23210,24848,1.0
23211,30006,0.714286
23216,32190,0.777778
23217,32192,1.0
23221,27070,1.0
23227,32200,1.0
23235,25681,1.0
23238,30401,1.0
23239,31846,0.4
23242,24494,1.0
23243,30489,1.0
23244,24457,1.0
23245,25793,1.0
23250,32216,1.0
23257,26346,1.0
23258,26203,0.714286
23271,32235,1.0
23283,26670,1.0
