1,9025,0.586758
1,9032,0.177249
2,9026,0.424111
2,9674,0.07607
3,9027,0.625157
3,9036,0.201711
4,9028,0.186035
4,9035,0.274993
4,9754,0.140816
5,9029,0.600861
5,9992,0.149138
6,9030,0.079224
6,9160,0.263841
6,10744,0.388318
7,9031,0.310364
8,9033,0.305288
8,11433,0.152807
8,12200,0.050494
8,13346,0.064918
9,9034,0.455891
9,10139,0.059855
9,15362,0.099958
10,9037,0.444833
10,9370,0.133537
11,9038,0.055972
11,9039,0.086996
11,9646,0.193939
11,10808,0.060373
11,10809,0.151179
11,9267,0.0935
12,9040,0.089885
12,9122,0.290718
12,9143,0.141726
12,9463,0.05548
13,9041,0.46148
13,12346,0.191475
13,17201,0.079221
14,9042,0.258727
14,9096,0.33621
14,9564,0.171093
15,9043,0.058117
15,9202,0.101974
15,9268,0.348067
16,9044,0.056558
16,9269,0.330344
16,10298,0.138314
16,10126,0.121689
17,9035,0.583472
18,9045,0.417692
18,9393,0.056175
19,9046,0.087022
19,11101,0.133382
19,12336,0.090524
19,12987,0.075895
20,9047,0.272848
20,9057,0.078351
20,10135,0.21778
20,9043,0.135088
21,9036,0.15457
21,12184,0.09578
21,12647,0.11055
22,9048,0.663346
23,9049,0.57194
24,9050,0.080407
24,11784,0.473743
25,9051,0.120549
25,9135,0.0854
25,9953,0.072364
25,9068,0.072249
26,9052,0.574976
26,9234,0.11068
27,9053,0.365986
27,11988,0.235012
28,9054,0.270393
28,9509,0.084278
29,9055,0.192432
29,9089,0.080341
29,9645,0.102625
29,10235,0.055894
30,9056,0.104465
30,9065,0.131242
30,10287,0.095678
30,10426,0.060293
30,13869,0.063962
31,9058,0.688724
32,9059,0.070861
32,9267,0.0541
32,10365,0.082235
33,9060,0.498432
33,10206,0.183229
34,9061,0.09634
34,9064,0.203539
34,9164,0.228331
34,9442,0.160341
35,9062,0.555295
35,13345,0.234458
36,9063,0.26782
36,9316,0.193668
36,9415,0.156547
36,11503,0.061882
36,13975,0.05135
37,9066,0.190522
37,10376,0.379161
38,9067,0.231608
38,9165,0.171103
38,11150,0.12019
38,14900,0.055543
38,9081,0.077523
39,9068,0.688687
40,9069,0.125854
40,9123,0.051871
40,9133,0.294847
40,9462,0.179773
41,9062,0.70393
42,9070,0.250226
42,9104,0.062529
42,10545,0.076099
43,9071,0.472841
43,10347,0.159027
43,9594,0.076511
44,9072,0.347504
44,9187,0.106173
44,10022,0.091763
45,9073,0.650263
46,9074,0.392951
46,9088,0.234193
46,9950,0.06015
47,9075,0.153548
47,9204,0.4239
48,9074,0.374594
48,9076,0.119316
48,9088,0.196794
48,10820,0.15536
49,9077,0.271474
49,9079,0.092753
49,9087,0.196406
50,9078,0.336671
50,9360,0.162097
50,10262,0.109062
51,9080,0.071929
51,12771,0.138716
51,13105,0.421803
52,9081,0.087902
52,9165,0.151252
52,9067,0.246784
52,11150,0.11946
53,9082,0.149183
53,13932,0.215296
54,9083,0.674654
55,9084,0.443785
55,11888,0.275792
56,9085,0.638442
57,9086,0.074668
57,9660,0.062697
57,9756,0.142022
57,9972,0.062649
57,14498,0.052689
57,9358,0.069563
58,9090,0.339487
59,9091,0.051358
59,11209,0.192719
59,14932,0.446736
60,9092,0.125774
60,9161,0.275954
60,11895,0.299569
61,9093,0.127791
61,12804,0.058601
61,11008,0.274257
62,9094,0.258446
62,9449,0.246397
62,10882,0.10195
62,11191,0.050916
63,9095,0.096197
63,9657,0.089438
63,9226,0.400277
63,12439,0.101016
64,9097,0.266676
64,9369,0.065665
64,9604,0.240309
64,10063,0.118099
65,9098,0.771904
66,9099,0.30365
66,9337,0.267053
66,10173,0.063182
67,9100,0.753262
68,9101,0.247575
68,9742,0.224639
68,10218,0.056766
69,9102,0.471862
70,9046,0.574308
71,9103,0.583582
72,9074,0.062431
72,10448,0.052942
73,9104,0.201268
73,9113,0.094598
73,12814,0.213126
73,15215,0.052404
74,9105,0.181315
74,10503,0.060199
74,9176,0.051896
75,9106,0.49467
76,9047,0.197774
76,9057,0.077708
76,9819,0.066579
76,11557,0.076719
77,9107,0.187318
77,9510,0.218203
78,9108,0.07514
78,11581,0.101748
79,9109,0.16969
79,9179,0.234958
80,9110,0.059766
80,9121,0.145982
80,9618,0.135689
81,9111,0.374167
81,10596,0.117135
82,9112,0.280978
82,9356,0.076023
82,9472,0.202639
83,9114,0.150022
83,9138,0.446213
84,9115,0.284145
84,9037,0.283802
85,9116,0.070861
85,12983,0.070847
85,9989,0.06109
85,14203,0.07702
85,16080,0.067101
86,9115,0.483205
86,11180,0.162142
87,9117,0.420414
87,14145,0.38687
88,9118,0.35842
88,9414,0.361371
89,9119,0.43044
89,9166,0.194746
90,9120,0.471901
90,9163,0.059832
90,10150,0.06506
91,9121,0.085056
91,9086,0.169524
91,9756,0.209962
91,9110,0.174256
91,9255,0.075595
92,9068,0.16116
92,9151,0.203803
92,9358,0.115881
93,9124,0.175735
93,9320,0.320764
94,9125,0.61967
95,9126,0.103297
95,9331,0.464095
96,9127,0.083812
96,11722,0.160234
96,14445,0.135899
96,13340,0.067759
96,15877,0.071341
97,9128,0.60951
98,9129,0.220835
99,9130,0.095097
99,10874,0.149436
99,11782,0.27358
100,9131,0.375055
100,10923,0.063443
100,14847,0.1953
101,9132,0.475209
102,9134,0.236454
102,9636,0.091793
102,9607,0.064212
103,9136,0.082448
103,9908,0.159487
104,9137,0.055376
104,9158,0.13615
104,11817,0.179879
104,12690,0.066966
104,14877,0.060845
104,14886,0.060203
105,9138,0.07598
105,9968,0.11636
105,10474,0.110994
106,9139,0.050669
106,9651,0.099843
106,9649,0.086251
106,9588,0.050292
106,9783,0.106076
106,13181,0.057021
107,9140,0.143923
107,9054,0.314101
107,9607,0.060067
107,9043,0.052976
108,9141,0.742751
109,9142,0.219567
109,9606,0.167017
110,9144,0.465977
110,9852,0.075666
110,9984,0.097811
111,9145,0.075044
111,11893,0.462699
111,11908,0.076433
112,9146,0.343012
112,9154,0.052792
112,14760,0.056087
112,11987,0.103746
113,9147,0.404616
113,11927,0.132771
113,9646,0.083634
114,9148,0.208453
114,9885,0.10855
114,10163,0.11278
114,9808,0.221266
115,9149,0.24591
115,9998,0.161129
115,12550,0.070722
115,15529,0.065071
115,15895,0.053734
116,9150,0.274188
116,10396,0.320043
117,9151,0.628095
118,9152,0.192924
118,11051,0.311598
118,14119,0.067273
119,9153,0.26156
119,10114,0.09607
119,10771,0.052625
119,10898,0.055234
120,9155,0.32893
120,10366,0.094979
121,9156,0.153562
121,9782,0.087638
121,9409,0.065508
122,9043,0.35338
122,9054,0.073477
123,9157,0.633229
124,9159,0.123646
124,9556,0.492054
124,9582,0.064618
125,9120,0.080628
125,9235,0.066494
125,9320,0.055517
125,12828,0.066123
126,9162,0.187986
126,9297,0.155942
126,9636,0.124377
126,9043,0.110017
127,9163,0.269066
127,10312,0.076429
127,9167,0.077712
128,9166,0.314903
128,10930,0.055716
128,9119,0.075786
129,9167,0.612742
130,9168,0.13335
130,9195,0.05161
130,10899,0.459412
131,9169,0.413564
131,9539,0.099327
131,17297,0.052429
132,9170,0.515336
133,9171,0.373647
134,9172,0.166982
134,14476,0.36162
134,15790,0.176792
135,9173,0.201598
135,9681,0.492756
136,9174,0.524263
136,10031,0.159007
137,9175,0.443786
138,9176,0.124373
138,9650,0.161553
138,9318,0.184064
138,9090,0.059286
139,9177,0.64509
140,9178,0.503876
141,9179,0.606438
142,9180,0.25903
142,9188,0.235975
142,9237,0.073736
143,9181,0.370068
143,9214,0.199137
143,9771,0.124257
144,9182,0.817392
145,9183,0.107251
145,10042,0.114199
145,9508,0.115771
146,9184,0.057586
146,9440,0.097091
146,9465,0.25086
146,11587,0.237735
147,9185,0.236471
147,9383,0.177995
147,10120,0.171799
147,10981,0.103351
147,9810,0.05142
148,9186,0.253098
148,9891,0.238559
148,10301,0.054355
149,9187,0.263564
149,9695,0.421611
150,9189,0.302296
150,9810,0.078463
150,9281,0.052229
150,10537,0.122411
150,10036,0.068474
151,9190,0.274551
151,12158,0.207364
151,9589,0.09357
152,9191,0.051543
152,9553,0.114506
152,10461,0.057596
152,13392,0.052416
152,11285,0.057706
152,14308,0.057663
153,9192,0.249195
153,10987,0.062607
153,9587,0.073307
153,10171,0.054274
154,9193,0.254158
154,16821,0.135057
155,9194,0.189556
155,12146,0.083698
155,12924,0.083747
155,14652,0.07504
155,14899,0.092658
155,17108,0.057428
156,9195,0.124341
156,13671,0.078182
156,14432,0.055505
156,15275,0.170297
156,9873,0.137223
156,15277,0.083965
157,9196,0.424988
157,14209,0.353833
158,9197,0.397972
158,9224,0.184278
158,9249,0.07421
159,9198,0.235574
159,10207,0.355216
159,11426,0.06178
160,9047,0.276004
160,9819,0.079179
160,9045,0.060109
161,9199,0.308609
161,9261,0.052961
161,9263,0.051029
161,15288,0.051748
162,9177,0.60882
163,9089,0.079342
163,9645,0.081991
163,12784,0.080587
163,13249,0.056682
164,9200,0.592468
164,10883,0.134108
165,9201,0.270063
165,9203,0.311134
165,9293,0.078783
166,9205,0.313267
166,10242,0.161942
166,10945,0.204291
167,9206,0.503509
167,9332,0.175612
168,9207,0.161616
168,9319,0.249257
169,9208,0.111721
169,11042,0.305215
169,12788,0.175285
170,9209,0.253455
170,9210,0.254667
170,14747,0.161801
171,9211,0.153677
171,13388,0.249581
171,13397,0.051091
171,14743,0.185972
172,9212,0.834244
173,9213,0.14402
173,9552,0.389809
174,9215,0.667227
175,9216,0.414569
175,10266,0.057188
176,9217,0.667253
177,9218,0.737876
178,9219,0.49474
178,11704,0.115029
179,9220,0.480835
179,9245,0.131237
180,9221,0.391799
180,12248,0.271219
180,14643,0.07333
181,9222,0.301556
181,9329,0.218146
181,10980,0.072965
182,9223,0.056337
182,13363,0.110428
182,13381,0.058848
182,11162,0.051384
183,9225,0.656015
184,9226,0.47248
185,9227,0.16223
185,9570,0.48928
186,9228,0.381824
186,10795,0.164361
187,9229,0.288333
187,9688,0.082646
187,9702,0.124702
187,15025,0.072916
188,9230,0.304036
189,9231,0.146237
189,9585,0.160157
189,9727,0.089189
190,9232,0.159435
190,12697,0.192025
190,12923,0.111857
190,14503,0.063942
190,15459,0.059623
191,9233,0.122541
191,9746,0.214041
192,9234,0.288148
192,10000,0.396886
193,9235,0.225998
193,9901,0.162818
193,9351,0.066049
193,11004,0.099382
194,9236,0.61666
194,10487,0.16005
195,9238,0.127315
195,10832,0.072845
195,11500,0.089401
195,11728,0.097295
195,10203,0.05022
196,9239,0.419795
196,17226,0.192219
197,9240,0.480415
197,14034,0.224554
198,9241,0.421203
198,9733,0.104993
198,17609,0.123198
199,9068,0.338856
200,9242,0.573548
201,9243,0.249432
201,13704,0.100773
201,15024,0.064264
202,9244,0.240122
202,13772,0.303695
202,16932,0.053698
203,9246,0.75494
204,9186,0.450807
204,10309,0.070618
204,10301,0.050247
205,9247,0.428738
205,9996,0.095597
206,9248,0.179093
206,13487,0.1683
207,9249,0.242016
207,9587,0.210128
208,9250,0.166114
208,10195,0.20931
208,10500,0.051402
209,9251,0.790123
210,9252,0.051794
210,9254,0.153948
210,10409,0.1795
210,10444,0.080693
210,12212,0.101469
211,9253,0.654211
212,9155,0.580191
213,9255,0.160224
213,9607,0.086915
213,9134,0.062843
214,9256,0.360681
214,9265,0.407622
215,9257,0.495909
215,10908,0.21017
216,9258,0.19011
216,9965,0.535935
217,9259,0.088772
217,10100,0.135708
217,13637,0.131496
218,9260,0.099944
218,10574,0.056782
219,9262,0.508645
220,9264,0.091131
220,10034,0.071927
220,10881,0.089007
220,9930,0.124395
220,9946,0.096544
221,9266,0.130912
221,9467,0.099627
221,9812,0.152352
221,9813,0.06504
221,9773,0.155539
222,9267,0.149249
222,9199,0.20988
222,11464,0.06188
222,17465,0.082931
223,9068,0.106865
223,9581,0.071453
223,9789,0.110308
223,9074,0.06648
223,9201,0.139479
223,10011,0.087719
224,9269,0.167561
224,10298,0.063443
224,10126,0.116165
224,10397,0.063136
225,9270,0.174045
226,9271,0.311468
226,9443,0.124153
226,11146,0.230264
227,9272,0.181965
227,9553,0.164267
227,9191,0.208641
227,9679,0.063022
227,9423,0.074199
228,9273,0.67154
229,9220,0.077292
229,11331,0.189058
229,11056,0.15437
229,13627,0.15472
229,15205,0.058238
230,9274,0.067534
230,10388,0.127678
230,9826,0.066147
230,11780,0.081668
230,13507,0.143828
230,17359,0.07393
231,9275,0.077509
231,9310,0.153036
231,11897,0.280144
231,10683,0.129265
232,9276,0.064428
232,9275,0.272219
232,9290,0.074114
232,11897,0.18827
233,9277,0.46519
233,10337,0.091998
233,9573,0.0691
234,9278,0.181916
234,9602,0.054208
234,9269,0.121484
234,10249,0.083822
235,9279,0.086686
235,9288,0.121584
235,9828,0.409072
235,10956,0.122802
236,9280,0.335384
236,9339,0.074836
236,9644,0.076152
236,17495,0.054719
236,13188,0.054672
236,12875,0.054361
237,9281,0.576979
238,9282,0.170033
238,10505,0.108297
238,10507,0.122722
238,13985,0.065093
239,9283,0.326734
239,12595,0.364613
240,9284,0.376171
240,15656,0.217154
240,16094,0.088168
241,9285,0.263456
241,14013,0.088995
242,9286,0.075732
242,11771,0.085788
242,9677,0.170643
243,9287,0.758083
244,9289,0.476025
244,11253,0.101289
244,9070,0.077008
245,9291,0.214383
246,9292,0.596138
247,9068,0.166582
247,9294,0.389746
248,9295,0.098706
248,9327,0.48491
248,9343,0.192903
249,9296,0.683239
250,9297,0.112743
250,9298,0.185346
250,10907,0.085601
251,9299,0.329447
251,11516,0.140392
251,11879,0.074317
252,9300,0.173323
252,10294,0.223117
252,10362,0.222111
253,9301,0.296437
253,16810,0.165815
254,9302,0.310991
254,9452,0.446963
255,9172,0.809107
256,9303,0.088182
256,10156,0.11732
256,10308,0.195075
256,15876,0.09207
257,9304,0.507506
257,13574,0.280377
258,9305,0.096768
258,9330,0.062441
258,9498,0.318663
258,9732,0.087952
259,9306,0.458468
260,9255,0.057814
260,9486,0.063959
261,9307,0.612705
262,9296,0.603053
263,9308,0.44924
263,9593,0.072547
263,10019,0.117753
264,9309,0.231721
264,9291,0.168109
264,9387,0.10551
264,9426,0.060304
265,9311,0.10854
265,9312,0.430177
265,12143,0.086988
266,9313,0.607017
267,9314,0.305979
267,13135,0.37761
268,9315,0.200182
268,9486,0.524076
269,9317,0.23222
269,11258,0.063862
269,10353,0.111974
269,12607,0.051669
269,13120,0.080841
269,13334,0.050835
270,9318,0.083177
270,10185,0.065173
270,9650,0.065118
270,9176,0.086245
271,9321,0.260019
271,10855,0.383566
271,10959,0.050215
272,9322,0.143737
272,11755,0.071659
272,13248,0.061577
272,9393,0.145574
272,9045,0.131039
272,14605,0.055063
273,9323,0.125984
273,9104,0.069192
273,10545,0.11568
273,9070,0.092626
274,9324,0.548229
275,9325,0.617174
276,9212,0.451667
276,10515,0.075612
276,9895,0.155928
277,9326,0.100727
277,11957,0.075499
277,15126,0.06232
277,15410,0.117304
278,9328,0.377404
278,14306,0.166372
278,14930,0.07571
278,14936,0.06695
279,9333,0.082425
279,15316,0.103861
279,15481,0.052604
279,11590,0.08241
279,13421,0.112178
279,11551,0.052624
279,9861,0.052608
280,9334,0.42725
280,9784,0.057271
280,9861,0.052635
280,13896,0.063666
281,9335,0.647175
282,9336,0.265569
282,10169,0.189393
282,9547,0.162996
283,9337,0.445034
283,9352,0.20009
283,9099,0.155939
284,9338,0.128142
284,11983,0.141664
284,16373,0.085732
285,9306,0.396736
285,9368,0.091369
285,9521,0.141893
286,9094,0.077958
286,9519,0.459781
286,9337,0.104611
286,12486,0.071123
287,9340,0.178562
287,15868,0.242576
287,11773,0.176727
288,9341,0.095892
288,9200,0.110395
288,11565,0.151302
288,11950,0.131299
288,12326,0.07015
288,13406,0.061267
289,9342,0.653848
290,9344,0.073984
290,10137,0.221869
290,11798,0.085414
291,9345,0.127351
292,9346,0.189155
292,10554,0.06072
292,11063,0.172658
293,9275,0.10539
293,14171,0.076428
293,11897,0.198067
293,9290,0.076445
293,9276,0.077751
294,9347,0.390261
294,9351,0.410073
295,9348,0.090069
295,10467,0.147805
295,11663,0.219461
295,12839,0.064865
295,14746,0.070036
296,9349,0.254074
296,9572,0.192585
296,11224,0.203231
297,9350,0.198513
297,9535,0.07556
297,10537,0.097645
297,9753,0.062857
297,9255,0.07545
297,10338,0.102409
298,9135,0.14976
298,9409,0.267518
299,9353,0.658153
300,9354,0.567953
300,15306,0.150992
301,9209,0.721002
302,9355,0.132462
302,9951,0.056898
302,11107,0.08397
303,9357,0.156193
303,11813,0.533014
304,9358,0.104936
304,10570,0.324896
304,12183,0.068987
305,9291,0.217471
305,9387,0.455368
305,9426,0.088338
306,9359,0.197464
306,9780,0.177058
306,9204,0.142432
307,9361,0.306171
307,9943,0.0785
307,11230,0.201846
307,13384,0.075996
308,9362,0.430641
308,10841,0.10724
308,11008,0.081559
308,10793,0.063096
309,9363,0.227228
309,9384,0.082439
309,9664,0.050653
309,10134,0.097946
310,9364,0.084635
310,12555,0.37233
310,9432,0.126679
310,13524,0.060933
311,9365,0.196941
311,11273,0.094951
311,12000,0.077392
311,10365,0.074027
312,9366,0.605189
313,9367,0.146017
313,9518,0.084424
313,9705,0.154971
313,11963,0.105476
314,9371,0.082831
314,9586,0.072304
314,9670,0.109037
315,9372,0.119973
315,9036,0.405977
315,10192,0.093057
315,11491,0.075258
316,9373,0.52819
316,9431,0.089587
317,9374,0.05338
317,9129,0.082772
318,9375,0.10942
318,9428,0.051054
318,10756,0.072094
318,12636,0.071172
319,9376,0.314592
319,9397,0.189022
319,16337,0.168738
320,9377,0.708869
321,9378,0.332751
322,9379,0.132303
322,9517,0.091891
322,9972,0.090368
323,9380,0.333881
323,9734,0.172848
324,9381,0.582319
325,9310,0.112474
325,10284,0.388801
325,16250,0.096519
326,9382,0.347744
326,9948,0.153105
326,12456,0.077954
327,9380,0.34814
327,9734,0.171221
327,15228,0.065595
328,9385,0.362171
328,9435,0.183954
328,13577,0.075994
328,17186,0.09606
329,9386,0.32978
329,15809,0.115259
329,10294,0.140592
330,9387,0.108956
330,9426,0.171423
330,10282,0.076901
330,9291,0.121426
331,9388,0.202687
331,9492,0.171924
331,9498,0.056719
331,9527,0.057951
332,9389,0.550579
332,10903,0.09668
333,9390,0.612942
334,9391,0.113804
334,9568,0.279163
334,10354,0.063829
335,9392,0.266053
335,9615,0.105544
336,9394,0.202252
336,9515,0.531809
337,9395,0.116106
337,14597,0.086864
337,9090,0.05796
338,9396,0.2633
338,11431,0.133454
338,13951,0.055795
339,9398,0.419068
339,11402,0.112749
340,9399,0.117621
340,10647,0.112197
341,9400,0.480928
341,13899,0.070081
341,14547,0.194413
342,9401,0.332372
342,12515,0.08237
342,9653,0.054345
343,9402,0.224554
343,9780,0.260503
343,11501,0.083563
343,9359,0.061894
343,11571,0.053686
344,9403,0.583152
345,9404,0.376754
345,12687,0.172551
346,9405,0.481207
347,9406,0.219393
347,13220,0.489816
348,9407,0.200508
348,9437,0.401277
348,9505,0.069074
349,9408,0.214362
349,12272,0.398565
349,9541,0.061488
349,15052,0.060905
350,9188,0.676984
351,9409,0.373163
351,10052,0.136446
352,9410,0.522456
352,12744,0.264986
353,9411,0.215686
353,13576,0.092482
353,15425,0.106115
353,9060,0.139057
354,9412,0.548
354,15644,0.191687
355,9413,0.143522
355,9822,0.249479
355,10300,0.050774
356,9406,0.748835
357,9415,0.631041
358,9416,0.067008
358,10252,0.064858
358,10351,0.3548
358,11638,0.08191
358,11882,0.093728
359,9417,0.176833
359,9277,0.078039
359,10895,0.101167
359,16073,0.129431
360,9418,0.752964
361,9419,0.219799
361,13137,0.212049
361,10125,0.120878
362,9420,0.223588
362,9068,0.120951
362,9953,0.278452
363,9421,0.719101
364,9422,0.718922
365,9423,0.103372
365,9272,0.218869
366,9424,0.260636
366,9592,0.409308
366,11923,0.092896
367,9425,0.456186
367,9429,0.120214
367,13515,0.088281
368,9427,0.15091
368,11117,0.056385
369,9430,0.064472
369,9045,0.185578
369,9047,0.070314
369,10171,0.066054
370,9431,0.186928
370,9373,0.560336
371,9432,0.09525
371,14157,0.081018
371,9080,0.05943
371,14986,0.081143
371,15022,0.051672
371,12555,0.213416
371,16669,0.154424
372,9433,0.25772
372,9469,0.071493
372,9772,0.209695
373,9434,0.087655
373,11589,0.082575
373,12656,0.057995
373,14340,0.085819
373,15011,0.129435
373,10617,0.053588
374,9172,0.672721
375,9436,0.421784
375,11377,0.254921
375,9525,0.089191
376,9438,0.422241
377,9212,0.81555
378,9439,0.426937
378,10057,0.260759
379,9440,0.135891
379,9465,0.561848
380,9441,0.398085
380,9209,0.397944
381,9444,0.160325
381,9504,0.40407
381,13102,0.076833
382,9445,0.109681
382,10108,0.079965
382,9822,0.056147
382,9090,0.300779
383,9351,0.481018
383,9347,0.080044
384,9412,0.250457
384,9289,0.098836
384,12160,0.122387
384,11341,0.065894
385,9446,0.580555
385,10448,0.154955
386,9447,0.339653
386,10079,0.272066
387,9448,0.154715
387,10719,0.089953
387,9270,0.055992
388,9413,0.095233
388,9822,0.172558
388,10300,0.05498
389,9090,0.397152
389,9135,0.10801
390,9281,0.590224
390,11924,0.12925
391,9449,0.379224
391,9094,0.184623
391,10882,0.07761
392,9450,0.114675
392,9527,0.38336
393,9451,0.524775
394,9453,0.63853
395,9453,0.195005
395,16063,0.097294
395,10991,0.101518
395,11299,0.097432
396,9334,0.189833
396,9861,0.137397
396,12171,0.087577
396,13896,0.081026
397,9454,0.081129
397,9270,0.065796
397,11089,0.062816
397,9281,0.079918
397,11199,0.057187
398,9455,0.542379
398,14169,0.103165
399,9456,0.289202
399,10502,0.260342
399,11579,0.050619
399,11824,0.120452
400,9457,0.130169
400,11067,0.117874
400,10496,0.191729
400,13702,0.077474
401,9458,0.088763
401,11744,0.112527
402,9459,0.609124
403,9255,0.348621
404,9460,0.593426
405,9461,0.570354
405,10112,0.133456
406,9464,0.078383
406,13720,0.46274
407,9466,0.132783
407,9928,0.054257
407,10033,0.253199
408,9467,0.0856
408,9266,0.052178
408,9260,0.090611
408,9773,0.074358
408,9813,0.072363
409,9468,0.581418
410,9470,0.170701
410,9289,0.230679
410,10772,0.058768
410,10388,0.130389
411,9471,0.228818
411,10349,0.212312
411,10366,0.05328
412,9473,0.710927
413,9474,0.130048
413,10048,0.298669
413,10049,0.236871
414,9305,0.230022
414,9388,0.202714
414,9498,0.100976
414,10397,0.076293
415,9475,0.356347
416,9476,0.068875
416,9824,0.388992
416,14826,0.148562
417,9477,0.350439
417,13243,0.072463
417,13496,0.14057
418,9478,0.243529
418,15853,0.174685
418,17122,0.243502
419,9479,0.223783
419,10456,0.061556
420,9480,0.134702
420,9590,0.249881
420,9216,0.214855
421,9481,0.097221
421,9386,0.107758
421,15809,0.2003
421,16603,0.062605
421,17140,0.130593
422,9482,0.159871
422,10566,0.150808
422,9450,0.056631
422,9527,0.059468
423,9262,0.216939
423,11524,0.249128
423,13375,0.080256
424,9483,0.45139
425,9484,0.28024
425,11109,0.456908
426,9485,0.118518
426,13062,0.403411
426,16802,0.066245
427,9487,0.23986
427,17534,0.187527
427,17536,0.122237
428,9488,0.405645
428,11641,0.165628
428,10180,0.094168
429,9489,0.13507
429,11506,0.134845
429,12506,0.170795
429,14002,0.278856
430,9490,0.484377
431,9491,0.548623
431,10865,0.158451
432,9493,0.414028
432,9520,0.097719
432,11466,0.104834
433,9494,0.104853
433,10201,0.190187
433,10652,0.232201
433,17820,0.148205
434,9495,0.079045
434,10290,0.088003
434,10805,0.254962
434,11626,0.074709
434,12347,0.173788
435,9031,0.277116
435,9584,0.079186
436,9496,0.208208
436,14923,0.47219
436,11059,0.187739
437,9189,0.392409
437,9810,0.073112
437,10036,0.166792
437,9043,0.05542
438,9497,0.645703
439,9178,0.060714
439,9695,0.413323
439,9187,0.19778
440,9499,0.354265
440,10740,0.198043
440,12738,0.14783
441,9500,0.231057
441,11708,0.090026
441,13787,0.069373
441,10712,0.182082
442,9501,0.265986
442,9072,0.213508
442,10052,0.078352
443,9502,0.273135
443,12281,0.071461
443,10682,0.079034
444,9503,0.560781
444,13734,0.141756
445,9506,0.322668
445,10945,0.068901
445,9388,0.051708
445,13158,0.140335
446,9383,0.200526
446,12180,0.103545
446,11104,0.159018
446,10369,0.062105
446,10397,0.05912
447,9507,0.216499
447,9677,0.090548
447,9490,0.104511
447,10520,0.090892
448,9163,0.340408
448,10150,0.080086
448,11833,0.061123
448,9120,0.167952
449,9508,0.056537
449,12572,0.089341
449,9509,0.067653
449,15492,0.061947
450,9509,0.19763
450,9088,0.120964
450,9133,0.119728
450,9462,0.139536
451,9511,0.187871
451,10579,0.271753
451,11734,0.06976
452,9512,0.472585
452,10146,0.223291
453,9513,0.076619
453,9142,0.081784
454,9514,0.578915
455,9515,0.421158
455,9394,0.215995
455,13485,0.145439
456,9516,0.120754
456,10308,0.063045
456,9135,0.129817
456,9303,0.134311
457,9517,0.340463
457,9972,0.190687
457,11509,0.144485
458,9255,0.089781
458,9188,0.500812
458,9043,0.095173
459,9519,0.321509
460,9522,0.711492
461,9523,0.606332
461,13180,0.171115
462,9524,0.08833
462,10346,0.294528
462,11563,0.109081
462,13386,0.180512
463,9525,0.550288
463,9537,0.108268
463,9874,0.101998
464,9526,0.372495
464,10264,0.249497
464,16794,0.068575
465,9092,0.424827
465,9161,0.158475
465,9291,0.080346
466,9528,0.350558
466,9835,0.095715
466,9474,0.222967
466,9055,0.179838
467,9529,0.188939
467,10081,0.529884
468,9530,0.608095
468,14611,0.137154
469,9531,0.07143
469,9533,0.251282
469,9980,0.158706
469,12218,0.087845
470,9532,0.307374
470,9588,0.106892
471,9534,0.135647
471,14830,0.328746
471,16523,0.111113
471,15125,0.062102
472,9337,0.545149
472,9099,0.111435
472,9352,0.149003
473,9536,0.16334
473,10103,0.187029
473,10055,0.123478
473,10388,0.084682
474,9538,0.141327
474,11599,0.28244
474,11603,0.141245
475,9539,0.234552
475,9188,0.106718
476,9540,0.509641
476,14373,0.084579
477,9541,0.161786
477,9549,0.272717
477,11389,0.062329
477,11680,0.160696
478,9542,0.072564
478,10266,0.116113
478,12588,0.220438
478,9216,0.131031
479,9543,0.14712
479,10969,0.104233
479,11597,0.156345
479,13455,0.070566
480,9544,0.450066
480,10996,0.083908
481,9545,0.349609
481,10331,0.060656
482,9546,0.258518
482,10734,0.120392
483,9547,0.429639
483,10985,0.242401
484,9390,0.267914
484,13215,0.054098
484,9782,0.054211
485,9548,0.40489
485,10625,0.288506
486,9175,0.448604
487,9550,0.329711
487,9558,0.409554
487,9200,0.051284
488,9551,0.228096
488,11664,0.480948
489,9552,0.142438
489,13564,0.05592
489,11914,0.216269
489,12195,0.105156
489,16385,0.079663
490,9554,0.427587
490,13307,0.113931
490,15230,0.101989
490,12516,0.167358
491,9555,0.80881
492,9557,0.455021
492,9639,0.228087
493,9559,0.529738
494,9560,0.547879
495,9561,0.164695
495,10263,0.213837
495,16837,0.089157
495,17949,0.134747
496,9562,0.284529
496,10058,0.217447
497,9563,0.257643
497,11612,0.120955
497,9178,0.115105
498,9289,0.345104
498,9718,0.086999
498,10388,0.053716
499,9179,0.183621
499,11724,0.088399
499,9359,0.237013
500,9551,0.355717
500,11664,0.375728
501,9565,0.774413
502,9566,0.098382
502,9774,0.334904
502,12136,0.167728
503,9567,0.217193
503,11470,0.318746
504,9075,0.121498
504,10195,0.058563
504,9212,0.101091
504,11225,0.06342
505,9569,0.180104
505,10798,0.064924
505,11292,0.251455
505,12233,0.154656
506,9571,0.516558
506,16422,0.268101
507,9573,0.117417
507,10039,0.139384
507,13258,0.089704
508,9574,0.242336
508,11288,0.137919
508,11684,0.062384
508,11720,0.056533
508,14981,0.100341
509,9575,0.460654
509,9576,0.200528
509,14417,0.06388
509,17982,0.054088
510,9577,0.430302
510,9667,0.336869
511,9074,0.323534
511,9579,0.155242
511,10820,0.059926
511,12387,0.121226
511,11373,0.055799
512,9578,0.167238
512,9782,0.092748
512,13447,0.18012
513,9580,0.524215
513,12404,0.13831
514,9401,0.524363
514,10904,0.135134
515,9583,0.479556
515,10621,0.24919
516,9584,0.08915
516,11152,0.066434
516,11737,0.057502
516,12602,0.117197
516,12867,0.069312
517,9589,0.347671
517,9641,0.199936
517,9205,0.070488
517,10132,0.057867
518,9591,0.373246
518,12902,0.068784
518,14084,0.071018
518,14114,0.09094
519,9594,0.603705
520,9595,0.363866
520,11334,0.08976
520,13804,0.064542
521,9596,0.100616
521,9739,0.378054
521,12579,0.112925
521,12707,0.181148
522,9584,0.319419
522,13509,0.345497
523,9597,0.387825
523,16907,0.125035
524,9598,0.09634
524,9618,0.149067
524,11022,0.110145
524,11392,0.052299
524,11499,0.07896
525,9599,0.47085
525,9255,0.055012
526,9600,0.566849
527,9090,0.303268
528,9601,0.133863
528,9976,0.054757
529,9603,0.221341
529,10839,0.225894
530,9605,0.46251
530,11840,0.090763
531,9606,0.524242
532,9608,0.094749
532,9760,0.258836
532,12820,0.077632
532,13101,0.132361
533,9068,0.175752
533,9151,0.104385
534,9609,0.268037
534,9743,0.195505
534,9967,0.072096
535,9610,0.05931
535,9584,0.36983
535,12853,0.076222
536,9449,0.580186
537,9611,0.13744
537,9515,0.282208
537,9806,0.065108
537,12479,0.101066
538,9612,0.201239
538,10072,0.445737
539,9613,0.184247
539,12243,0.135157
539,10125,0.142723
540,9614,0.544608
540,13130,0.245269
541,9616,0.440911
542,9617,0.167968
542,9273,0.167172
542,10317,0.234111
543,9618,0.272674
544,9584,0.312722
544,10990,0.118811
544,12853,0.16647
545,9260,0.434278
546,9619,0.318119
547,9337,0.209823
548,9508,0.287561
548,9658,0.213897
548,11367,0.090825
549,9620,0.23551
549,9759,0.468175
550,9621,0.156025
550,11931,0.600589
551,9622,0.069834
551,10798,0.402811
551,12232,0.100329
552,9623,0.512577
552,9707,0.092006
552,13350,0.087681
553,9624,0.24357
553,13198,0.243461
554,9625,0.642182
555,9626,0.713524
556,9132,0.463668
557,9043,0.343201
557,9672,0.059632
557,9750,0.156489
558,9267,0.160138
558,9627,0.122632
558,12411,0.06244
559,9269,0.063678
560,9628,0.054091
560,10674,0.092818
560,10774,0.125881
560,11178,0.125686
560,12088,0.061634
560,11535,0.091191
561,9629,0.502865
561,9712,0.211981
562,9630,0.389606
562,10191,0.475161
563,9631,0.261466
563,10557,0.069682
563,10313,0.158345
564,9632,0.590269
565,9633,0.636013
566,9634,0.279414
566,9635,0.052706
566,16464,0.103786
566,10211,0.053521
567,9157,0.529758
568,9200,0.158795
568,9341,0.091945
568,11565,0.175564
568,11950,0.093549
568,13406,0.075546
569,9637,0.200865
569,9675,0.055513
569,14322,0.071458
569,9544,0.06117
570,9638,0.358832
570,11650,0.220753
571,9640,0.539224
571,11237,0.107709
572,9642,0.715777
573,9643,0.21683
573,9892,0.27108
574,9644,0.430692
574,11172,0.149197
574,12875,0.119206
575,9647,0.640393
576,9135,0.795589
577,9600,0.358678
577,11101,0.053167
577,15867,0.12431
577,12987,0.054824
578,9648,0.07142
578,9919,0.132183
578,10229,0.142291
578,14208,0.1413
579,9509,0.186542
579,13936,0.132593
579,15076,0.170173
580,9391,0.463934
580,9075,0.44793
581,9649,0.24475
581,9922,0.069831
581,9279,0.081389
581,9828,0.062494
582,9652,0.371752
582,17368,0.086051
583,9653,0.386766
583,10887,0.258966
584,9654,0.720336
585,9655,0.500809
585,10407,0.113895
585,12833,0.065572
586,9656,0.170911
586,9661,0.39434
586,11514,0.050312
586,12896,0.077157
587,9242,0.120286
588,9659,0.45537
588,11048,0.091362
589,9633,0.780283
590,9660,0.410652
590,13157,0.231129
590,9111,0.057741
591,9205,0.387393
591,9770,0.074438
591,10077,0.073468
592,9662,0.141009
592,11458,0.069296
592,9692,0.079046
592,12170,0.234003
593,9663,0.285909
593,9756,0.110254
593,16616,0.135652
594,9373,0.389518
595,9187,0.44247
595,9205,0.064244
595,9072,0.126205
596,9297,0.141959
596,10185,0.081886
596,10880,0.051171
597,9665,0.125028
597,14719,0.125018
598,9097,0.479743
598,9959,0.16777
599,9568,0.326303
599,10813,0.054001
599,10781,0.073877
600,9267,0.257133
600,9942,0.100876
600,11032,0.088422
601,9666,0.343194
601,12040,0.054161
601,15498,0.140788
601,15499,0.105402
601,15981,0.113011
602,9296,0.158633
602,9690,0.069691
602,12401,0.1175
602,12766,0.085385
602,13644,0.108252
602,17474,0.116386
603,9668,0.162045
603,10348,0.168566
603,11319,0.078594
603,9059,0.118675
604,9669,0.250865
604,13167,0.052649
604,10095,0.094266
604,10633,0.091843
605,9670,0.072437
605,12496,0.083093
606,9671,0.101151
606,11862,0.128002
606,14517,0.240932
606,17401,0.072197
607,9673,0.352858
607,13828,0.072517
607,15163,0.091952
608,9674,0.470981
609,9676,0.072617
609,9796,0.260722
609,11708,0.053823
609,13788,0.090105
610,9677,0.4946
611,9678,0.619715
612,9043,0.080768
613,9559,0.335052
613,9894,0.121847
613,9179,0.106062
613,9329,0.058783
614,9329,0.221764
614,9222,0.333144
615,9680,0.515789
615,11620,0.203653
616,9682,0.414153
616,9687,0.281937
617,9337,0.646412
618,9683,0.064534
618,9827,0.064021
618,10834,0.092112
618,9180,0.112423
618,14860,0.053253
619,9684,0.837614
620,9685,0.213921
620,12069,0.436955
620,10984,0.115321
621,9686,0.284748
621,14263,0.139879
621,11538,0.136578
622,9689,0.620278
623,9690,0.078403
623,9538,0.051808
623,12609,0.085696
623,13644,0.120209
624,9691,0.113446
624,11544,0.078669
624,15526,0.07309
625,9367,0.184105
625,9709,0.069368
625,9124,0.16482
626,9692,0.323971
627,9693,0.165665
627,9055,0.133655
628,9694,0.2687
628,12258,0.281884
628,14894,0.192746
629,9181,0.303322
629,9214,0.091609
629,9771,0.135842
630,9696,0.111964
630,9946,0.278909
630,10034,0.060676
630,13499,0.067921
631,9697,0.737356
632,9698,0.569288
632,17690,0.155043
633,9699,0.429066
633,15261,0.261751
634,9700,0.745314
635,9701,0.623924
636,9703,0.238592
636,12220,0.122837
636,17243,0.107152
636,17670,0.052798
636,18136,0.052794
637,9704,0.175895
637,10522,0.340865
637,9953,0.102204
637,13445,0.056818
637,18167,0.057316
638,9706,0.237892
638,10462,0.168096
638,10498,0.070856
638,12851,0.099101
639,9708,0.515313
639,14707,0.089501
640,9710,0.079574
640,10488,0.051808
640,13430,0.45916
641,9711,0.3314
641,9063,0.13809
641,9415,0.087005
642,9712,0.102225
642,11081,0.317871
642,9629,0.112689
642,14078,0.170923
643,9713,0.533693
643,10638,0.19439
644,9714,0.468845
644,16321,0.143466
645,9047,0.109166
645,10245,0.075546
645,9045,0.152671
645,14605,0.055069
646,9715,0.315824
646,12543,0.057026
646,14277,0.090242
646,13214,0.090583
647,9716,0.139877
647,9821,0.312641
647,10329,0.066473
647,11474,0.060777
648,9462,0.229189
648,9858,0.342012
648,12357,0.120608
649,9717,0.065238
649,10315,0.210159
649,12292,0.10138
649,10245,0.063507
650,9719,0.554871
651,9720,0.057922
651,10156,0.138509
651,9157,0.250707
652,9721,0.419187
652,12783,0.147435
652,17535,0.079679
652,17897,0.079751
653,9722,0.761129
654,9723,0.570941
655,9724,0.374545
655,11522,0.10676
655,9431,0.112767
655,11825,0.096966
656,9725,0.060043
656,9203,0.23066
656,11594,0.330199
657,9726,0.12871
658,9727,0.205069
658,9826,0.061253
658,13507,0.13712
659,9418,0.246886
659,9188,0.12726
659,9255,0.121918
660,9728,0.469106
661,9527,0.054136
662,9729,0.378631
662,9730,0.438359
663,9731,0.325755
663,9768,0.217599
663,15568,0.127859
664,9609,0.283084
664,9743,0.162407
664,9967,0.096831
665,9187,0.452625
665,9072,0.162677
666,9731,0.264803
666,9736,0.291674
667,9733,0.812354
668,9170,0.249424
668,9068,0.111132
668,9179,0.222444
668,9746,0.054184
669,9151,0.152201
669,10641,0.164669
669,9068,0.19835
670,9142,0.142703
670,10719,0.056424
670,9074,0.063422
671,9735,0.217712
671,11054,0.266959
672,9737,0.290614
672,9814,0.095446
672,10052,0.076886
673,9738,0.501617
674,9740,0.302534
674,13567,0.24905
674,16528,0.081596
675,9741,0.518971
676,9522,0.471638
677,9744,0.143552
677,10506,0.132875
677,12463,0.152124
677,13552,0.095368
678,9745,0.062212
678,10764,0.110594
678,15192,0.081489
678,9942,0.051026
679,9746,0.099108
679,9762,0.137526
679,9179,0.281177
680,9449,0.183295
680,9337,0.247585
680,9880,0.221984
681,9747,0.428459
681,12123,0.132678
682,9748,0.093378
682,11346,0.245139
682,15217,0.055235
682,15521,0.055548
682,9946,0.051962
683,9749,0.148245
683,9461,0.273925
683,10112,0.126834
683,13715,0.069493
684,9751,0.428195
684,11736,0.117621
684,9409,0.073721
684,9250,0.054316
685,9097,0.222155
685,9959,0.434475
686,9752,0.160478
686,10270,0.104419
686,10530,0.05182
686,11032,0.072268
687,9515,0.144036
687,9782,0.054805
688,9753,0.559714
689,9754,0.240559
689,13365,0.240391
690,9270,0.106599
690,9674,0.297509
690,10977,0.054828
691,9755,0.245446
691,10074,0.206115
692,9757,0.175793
692,9999,0.083057
692,10045,0.236797
693,9758,0.647869
694,9760,0.506872
694,10060,0.143826
695,9761,0.060437
695,9942,0.076123
695,9044,0.059904
695,9269,0.178394
696,9763,0.120256
696,11144,0.053683
696,12538,0.237388
696,9044,0.075026
697,9764,0.298558
697,9887,0.508698
698,9765,0.273517
698,10267,0.158933
698,9373,0.157643
698,10978,0.057348
699,9766,0.391798
699,10650,0.167904
699,11866,0.051806
699,14105,0.064456
700,9513,0.836596
701,9767,0.409749
701,9818,0.172031
702,9769,0.219852
702,10773,0.30248
702,11087,0.106853
702,10611,0.052309
703,9306,0.104024
703,9521,0.11266
704,9770,0.718327
705,9771,0.330857
705,9942,0.065638
705,10064,0.113425
706,9513,0.051156
707,9774,0.232136
707,9566,0.067557
708,9775,0.078635
708,10704,0.399177
708,10807,0.128356
709,9776,0.405802
709,9900,0.278544
709,9901,0.060653
710,9777,0.078226
710,9778,0.080108
710,10362,0.086564
710,9337,0.093688
711,9778,0.074747
711,9785,0.346851
711,10961,0.139039
712,9779,0.251694
712,10032,0.213203
712,13438,0.080562
713,9781,0.551488
714,9423,0.050619
714,9274,0.214692
714,14661,0.214606
714,15668,0.163883
715,9783,0.372306
715,9139,0.062846
715,13665,0.099335
716,9427,0.234298
716,9953,0.111661
716,11711,0.180882
717,9451,0.517725
718,9611,0.104314
718,10339,0.145959
718,9515,0.152868
718,13746,0.07445
719,9151,0.121801
719,10224,0.1083
719,12297,0.062811
719,13836,0.080722
720,9786,0.443642
721,9787,0.05872
721,9207,0.237799
721,9319,0.14266
722,9788,0.64109
723,9568,0.089504
723,9391,0.211217
723,10597,0.066665
723,10791,0.217023
723,11252,0.070576
724,9790,0.086428
724,10274,0.186876
724,9043,0.059502
724,10919,0.174746
725,9102,0.457242
725,10270,0.109046
725,14303,0.100612
726,9791,0.110224
726,9793,0.456624
727,9792,0.401231
728,9794,0.113759
728,12309,0.399304
728,9791,0.068177
728,9199,0.064237
728,17907,0.053751
729,9795,0.079866
729,10055,0.125779
729,11375,0.144274
729,10016,0.079505
729,10103,0.132622
730,9796,0.4588
730,10703,0.152805
731,9797,0.511633
731,15458,0.08921
732,9798,0.251725
732,10913,0.165163
732,12047,0.199291
733,9799,0.094089
733,9523,0.090404
733,9833,0.093686
733,13741,0.137962
733,9843,0.111113
734,9409,0.051966
734,10013,0.077112
734,10238,0.139297
735,9800,0.725515
736,9801,0.306683
736,10369,0.140636
736,9151,0.05015
737,9801,0.085051
737,10683,0.190375
737,10369,0.145153
737,9580,0.176563
738,9802,0.126279
738,9918,0.251714
738,9984,0.104846
738,10391,0.062984
739,9803,0.471009
740,9804,0.367508
740,10044,0.147423
741,9805,0.255667
741,10324,0.271588
741,10392,0.118242
742,9806,0.06251
742,9226,0.087002
742,11127,0.15846
742,12280,0.059744
743,9807,0.174549
743,11187,0.274614
743,13636,0.24134
744,9043,0.254387
745,9808,0.487822
745,9403,0.07212
745,9885,0.093083
746,9809,0.147762
746,9910,0.055523
746,10258,0.104144
746,9942,0.067674
747,9811,0.25887
747,10895,0.064834
747,11049,0.16363
747,11060,0.156408
747,13500,0.071463
748,9815,0.427349
748,9177,0.150731
749,9816,0.323046
749,10618,0.101489
749,10850,0.170549
749,11576,0.077042
749,11649,0.057399
750,9817,0.224341
750,10967,0.30193
750,9134,0.21472
750,13757,0.051222
751,9570,0.342827
751,9390,0.16237
752,9820,0.457314
752,14839,0.193941
753,9054,0.148608
753,9179,0.153999
753,10368,0.195843
754,9782,0.078776
755,9823,0.490957
756,9750,0.526752
756,10271,0.078684
757,9043,0.210907
758,9825,0.618788
759,9041,0.095729
759,9542,0.129226
759,13321,0.186342
759,9746,0.078264
760,9829,0.527353
760,16666,0.098603
761,9830,0.333387
761,10869,0.125511
761,16136,0.229501
762,9418,0.213786
762,9925,0.315534
762,9876,0.115498
763,9831,0.29126
763,9921,0.086964
763,9944,0.078928
763,11261,0.117463
764,9175,0.427217
764,10718,0.069466
765,9832,0.571644
766,9833,0.425865
766,9843,0.319158
767,9834,0.217834
767,9841,0.066221
767,13488,0.105536
767,14100,0.129921
768,9835,0.278277
768,9958,0.060357
768,10088,0.078352
769,9836,0.561701
770,9837,0.07438
770,9899,0.451151
771,9618,0.224332
772,9838,0.445255
772,9465,0.238003
773,9839,0.080593
773,9844,0.103423
773,17293,0.056914
774,9840,0.068085
774,12915,0.115706
774,9862,0.067895
775,9786,0.680206
776,9842,0.093301
776,11126,0.214403
776,13609,0.058342
777,9845,0.082158
777,10307,0.236199
777,16520,0.333074
777,12751,0.082154
778,9146,0.372193
778,11987,0.104016
778,14760,0.115503
779,9846,0.28865
779,10828,0.074553
779,16988,0.08539
779,17514,0.058119
780,9847,0.245281
780,12608,0.056555
781,9848,0.14898
782,9849,0.370823
782,18006,0.208747
783,9850,0.398351
783,12082,0.090041
783,13343,0.12666
783,13352,0.106789
784,9851,0.215732
784,10254,0.086477
784,9928,0.057166
784,9956,0.137412
785,9059,0.382689
786,9853,0.505554
787,9493,0.554744
788,9854,0.800345
789,9855,0.491813
789,13845,0.109277
790,9856,0.430108
790,15004,0.057693
790,17834,0.070073
791,9857,0.452344
792,9390,0.666385
793,9859,0.2827
793,11202,0.134292
793,14075,0.050687
794,9860,0.560394
795,9298,0.205926
795,11171,0.105336
796,9862,0.0913
796,10678,0.0836
796,12915,0.28688
796,12301,0.093333
797,9863,0.108178
797,11071,0.115668
797,12054,0.058639
797,12707,0.150384
798,9864,0.683129
799,9151,0.657147
800,9865,0.071904
800,10817,0.071108
800,10823,0.239891
800,11965,0.103713
801,9866,0.069242
801,10086,0.055566
801,10726,0.329348
801,11104,0.079142
802,9255,0.116939
803,9867,0.192244
803,13209,0.171134
803,13212,0.082629
803,13603,0.13987
803,11126,0.05015
804,9868,0.18761
804,9273,0.133474
804,9617,0.056307
804,10207,0.07166
805,9869,0.448132
806,9141,0.589414
806,9212,0.131123
807,9870,0.366111
807,11701,0.056582
807,11796,0.052041
808,9871,0.111592
808,10327,0.410783
809,9872,0.645853
810,9873,0.637368
811,9874,0.513523
811,9875,0.114133
811,10028,0.153757
812,9460,0.315682
812,14387,0.058956
812,9678,0.237568
812,17120,0.05841
813,9876,0.149243
813,9925,0.358585
813,9418,0.161557
814,9877,0.239992
814,9924,0.254191
814,9938,0.103969
814,15195,0.081815
815,9878,0.319215
815,10142,0.059579
816,9879,0.162905
816,13482,0.063394
816,10537,0.062661
816,14009,0.163648
816,13450,0.063419
817,9337,0.251709
817,9880,0.241405
818,9881,0.521028
818,12710,0.227576
819,9882,0.288431
819,9248,0.157023
820,9883,0.176674
820,11089,0.19011
821,9884,0.206177
821,16698,0.287423
822,9886,0.294531
823,9888,0.079619
823,13787,0.136624
823,17503,0.105825
824,9362,0.157182
824,10090,0.062071
824,10793,0.198624
824,10863,0.217606
825,9889,0.432369
825,13362,0.062514
826,9890,0.334042
826,14359,0.075185
827,9892,0.098412
827,9902,0.206747
827,9180,0.07279
827,13172,0.096658
828,9893,0.104066
828,10306,0.063325
828,10719,0.256725
828,11236,0.06387
829,9762,0.576348
829,11383,0.202295
830,9743,0.289868
830,9967,0.096613
831,9895,0.127332
831,16085,0.232552
832,9896,0.056349
832,11388,0.146754
832,13148,0.056331
832,14715,0.118735
832,11285,0.055425
832,15858,0.089395
832,14308,0.061026
833,9897,0.614701
834,9898,0.369083
834,10009,0.054471
834,10770,0.215844
835,9272,0.450739
836,9903,0.611952
837,9180,0.292846
838,9904,0.053914
838,9961,0.071614
838,11648,0.135636
838,9273,0.142816
838,11160,0.05156
838,9617,0.074973
839,9905,0.310917
839,10512,0.121222
839,13104,0.070757
839,13849,0.100063
840,9906,0.151194
840,10490,0.383528
840,10605,0.09564
841,9907,0.445975
841,16333,0.173011
842,9909,0.096268
842,10073,0.073804
842,10075,0.071761
842,11023,0.108452
842,11696,0.238518
843,9090,0.295744
843,10387,0.11374
844,9911,0.187948
844,11770,0.220702
844,13771,0.057818
845,9912,0.133259
845,10104,0.437872
846,9901,0.051197
846,11959,0.053953
847,9068,0.208996
847,9273,0.485338
848,9913,0.168672
848,10757,0.050287
849,9914,0.101661
849,13885,0.128338
849,13886,0.061403
849,14953,0.114206
849,15277,0.061267
849,18116,0.100592
850,9915,0.344918
851,9916,0.358944
852,9917,0.186368
852,9957,0.336523
853,9801,0.087156
853,12180,0.107296
854,9920,0.067911
854,11437,0.371061
854,13484,0.079153
854,12355,0.086459
855,9923,0.078089
855,11244,0.059806
855,11322,0.161494
855,14750,0.059062
855,15281,0.138553
855,14480,0.056284
856,9926,0.427669
856,9927,0.370591
857,9929,0.051335
857,11581,0.148887
857,11021,0.142378
857,15646,0.06277
858,9930,0.323382
858,11425,0.228589
859,9931,0.064074
859,11101,0.072766
860,9932,0.065635
860,9716,0.138632
860,13357,0.179003
860,14720,0.246668
860,13650,0.065462
861,9933,0.590325
862,9934,0.565122
863,9935,0.1198
863,9981,0.054935
863,13956,0.052127
863,13211,0.066013
864,9059,0.214175
864,10238,0.098117
864,16331,0.083396
864,17584,0.116631
865,9936,0.193523
865,13556,0.192002
865,10469,0.083739
865,13980,0.068698
866,9937,0.124168
867,9188,0.452459
867,9318,0.276725
867,9176,0.1423
868,9939,0.353094
868,10028,0.085068
868,10041,0.203769
868,12885,0.052094
869,9940,0.606878
870,9941,0.063903
870,9942,0.064434
870,13723,0.063903
870,11448,0.263387
870,12819,0.088977
871,9303,0.157023
872,9945,0.107126
872,9676,0.24865
872,13201,0.131639
872,13774,0.058415
872,17429,0.083646
873,9947,0.088552
873,11267,0.115044
873,9460,0.064732
873,15227,0.166274
873,15446,0.064463
874,9949,0.626454
874,9950,0.159671
875,9951,0.354432
875,9527,0.065211
875,12390,0.091244
876,9952,0.128134
876,9983,0.069308
876,12032,0.167525
876,15571,0.108582
876,9627,0.053172
877,9954,0.435018
878,9955,0.506747
879,9076,0.266205
879,9249,0.199371
879,9782,0.087553
880,9189,0.109756
880,9810,0.183801
880,10036,0.050434
880,10537,0.157159
881,9133,0.291513
881,9249,0.253787
882,9589,0.298726
882,9641,0.255284
883,9956,0.166858
883,9589,0.159067
883,9851,0.089068
884,9559,0.32822
885,9960,0.076052
885,9993,0.11133
885,13213,0.12405
885,12694,0.123528
886,9962,0.073642
886,10002,0.245161
886,11061,0.239017
887,9553,0.166617
887,9191,0.110722
887,9679,0.066315
888,9786,0.550526
889,9963,0.257836
890,9964,0.255641
890,10613,0.389556
891,9966,0.129712
891,9351,0.124069
891,9835,0.075075
892,9068,0.177226
893,9877,0.480298
894,9969,0.157755
894,12767,0.07736
894,12776,0.073435
894,11941,0.125238
894,11801,0.112257
894,10557,0.055525
895,9969,0.203598
895,11941,0.388866
895,12144,0.192542
896,9970,0.315448
896,15197,0.315401
897,9971,0.083898
897,11095,0.083898
897,13954,0.116959
897,15988,0.216408
897,17485,0.083384
898,9973,0.146349
898,9665,0.128698
898,13184,0.087088
898,11751,0.056641
898,13153,0.068272
898,11429,0.063016
899,9873,0.685797
900,9201,0.428143
901,9974,0.1061
901,16128,0.11372
901,16129,0.165385
902,9975,0.681875
903,9977,0.15487
903,10696,0.15487
903,12957,0.359774
904,9188,0.314199
904,9559,0.341779
904,9267,0.083876
904,9198,0.050423
905,9267,0.122924
905,10182,0.13329
905,12197,0.251056
906,9978,0.060693
906,9133,0.068582
906,10339,0.15752
906,9674,0.051805
907,9979,0.158215
907,11845,0.106387
907,14320,0.058212
907,16237,0.057522
908,9262,0.064103
908,9059,0.057799
909,9592,0.46333
909,9025,0.139784
909,16418,0.283631
910,9054,0.08992
910,9142,0.195785
910,9043,0.288688
910,9595,0.140439
911,9982,0.417254
911,9109,0.072033
912,9984,0.512996
913,9985,0.343537
913,10029,0.09755
913,13591,0.096937
913,12396,0.148794
914,9986,0.22674
914,10015,0.087268
914,10853,0.175384
914,10211,0.16977
915,9987,0.38267
915,10962,0.197261
915,15903,0.058665
916,9988,0.092603
916,11415,0.054322
917,9989,0.516915
917,9116,0.138393
918,9990,0.462667
918,9723,0.110219
918,9449,0.097233
919,9991,0.192933
919,10967,0.157754
919,9817,0.148418
919,9165,0.064208
920,9935,0.247546
920,9981,0.058599
920,9806,0.059734
921,9994,0.060741
921,10014,0.25267
921,9525,0.220899
922,9995,0.615173
923,9997,0.07074
923,11646,0.051615
924,9092,0.480801
924,9161,0.220074
925,10001,0.148067
925,11006,0.203632
926,10001,0.100936
926,10813,0.079282
926,11711,0.068724
926,11006,0.207119
926,12549,0.068288
927,10003,0.645244
928,10004,0.30975
928,13919,0.198889
928,14301,0.055516
929,10005,0.149434
929,10177,0.140591
929,10010,0.183254
929,11050,0.079909
930,10006,0.313073
930,11348,0.070032
930,10769,0.121875
931,10007,0.13751
931,10612,0.090276
931,11489,0.085433
931,13575,0.069648
932,10008,0.186904
932,11175,0.074923
932,12672,0.137839
932,13062,0.053444
932,12107,0.057836
933,10010,0.101475
933,9242,0.068339
933,11008,0.057675
933,9205,0.108144
934,10012,0.055597
934,10082,0.151767
934,10125,0.354038
935,10014,0.265264
935,9525,0.283731
935,10345,0.090469
936,10016,0.182136
936,9795,0.285744
936,13085,0.066301
937,10017,0.156898
937,9737,0.379044
937,9814,0.075907
937,15865,0.055804
938,10018,0.103078
938,11072,0.065213
938,11482,0.067506
939,10020,0.246493
939,11936,0.251966
939,12604,0.068649
940,9723,0.755353
941,10021,0.312457
941,11462,0.107136
941,9306,0.059634
941,9796,0.05784
941,11385,0.068513
942,10022,0.280792
942,9178,0.068484
942,10052,0.08761
942,9086,0.083434
942,10977,0.065358
943,9926,0.286943
943,9943,0.088657
943,10023,0.097742
944,10024,0.172057
944,10195,0.167472
944,9250,0.075334
944,10830,0.213092
945,10025,0.080862
945,10699,0.058599
945,10317,0.257615
945,11819,0.059598
946,10026,0.427975
946,11293,0.152625
946,11562,0.057571
947,9986,0.508082
947,9995,0.087784
948,10027,0.063155
948,13813,0.205909
948,14426,0.123817
948,16196,0.069213
948,9922,0.082258
949,9874,0.14715
949,10014,0.092192
949,16024,0.092098
949,9525,0.213861
949,15188,0.092037
950,10030,0.663086
951,10032,0.351274
952,10033,0.475394
953,10035,0.366697
953,9750,0.130985
954,10037,0.457372
954,9995,0.087787
955,10038,0.18734
955,10325,0.052762
955,11778,0.081337
955,9267,0.053644
956,9303,0.710574
957,10040,0.155189
957,10410,0.053935
957,10527,0.0939
958,10041,0.109807
959,10043,0.664852
960,9772,0.086976
960,10382,0.10086
960,9587,0.087839
960,9249,0.092299
960,9433,0.108526
961,10046,0.151548
961,10087,0.16231
961,10116,0.121961
961,12596,0.055229
961,12868,0.053613
962,10047,0.484179
963,10048,0.332771
963,9474,0.186661
963,10157,0.078823
964,10049,0.455513
964,12413,0.271995
965,10050,0.126652
965,10084,0.295127
966,10051,0.301752
966,9819,0.151099
967,10053,0.086871
967,11801,0.105898
967,12148,0.073157
967,12776,0.080461
968,10054,0.37898
969,9750,0.800291
970,10056,0.110758
970,11874,0.475128
971,10059,0.64091
972,10061,0.429447
972,13338,0.21807
973,10062,0.259365
973,11128,0.186756
973,11618,0.056518
973,11627,0.084175
973,12419,0.054282
974,10064,0.521257
975,10065,0.487557
975,12787,0.151914
975,13160,0.07455
976,10018,0.056429
976,10566,0.054457
976,11072,0.059701
976,9482,0.118351
976,9450,0.056202
977,10066,0.616768
978,10067,0.115694
978,10922,0.115198
978,10292,0.140324
978,16503,0.084848
979,10068,0.167376
979,10070,0.167395
979,10049,0.183163
979,13479,0.08886
979,11815,0.130161
979,9825,0.108494
980,10069,0.680543
981,10071,0.546217
981,11168,0.142666
982,10072,0.417016
982,10884,0.08149
982,9612,0.228548
983,10074,0.251845
983,9755,0.11166
983,11250,0.083923
983,11251,0.050383
983,12992,0.081677
984,10076,0.234493
984,10352,0.311209
985,10077,0.659403
986,10078,0.433099
986,13638,0.071837
986,9406,0.050309
987,10079,0.074581
988,10080,0.06003
988,10133,0.114404
988,13670,0.27104
988,14060,0.106081
989,9179,0.219216
989,9212,0.066012
990,10083,0.591626
991,10085,0.082384
991,10048,0.090851
991,10287,0.065916
992,10086,0.260079
992,10089,0.113306
992,11547,0.105902
993,10088,0.193734
993,9835,0.447359
994,9869,0.42895
994,9837,0.075096
995,10091,0.203655
995,13890,0.057748
995,9966,0.073867
995,16655,0.08636
995,17814,0.106992
996,10092,0.228176
996,12685,0.402654
996,9070,0.076476
997,10093,0.219986
997,14221,0.336022
997,14239,0.074362
997,17035,0.074425
998,10094,0.746613
999,10095,0.415849
999,10633,0.19431
1000,10096,0.300316
1000,14422,0.123963
1000,9179,0.305587
1001,9269,0.198188
1001,10097,0.270601
1001,10877,0.094542
1001,11836,0.064712
1002,9513,0.435714
1002,11578,0.366173
1003,10098,0.633109
1004,10099,0.472068
1004,15562,0.090765
1004,15563,0.131412
1004,16054,0.057014
1005,10101,0.16312
1005,17136,0.163522
1005,18344,0.281791
1006,9043,0.16344
1007,10102,0.347938
1007,17909,0.092493
1008,9337,0.304057
1008,9880,0.267654
1009,10105,0.217443
1009,9869,0.426309
1009,9837,0.051381
1010,10106,0.267023
1010,10280,0.146537
1010,10976,0.19473
1011,10107,0.290896
1011,12684,0.466502
1012,10108,0.49514
1013,10109,0.089996
1013,10110,0.077002
1013,10291,0.139601
1013,12852,0.069729
1013,13041,0.151705
1014,10053,0.080818
1014,9561,0.239043
1014,10275,0.161929
1015,10111,0.124045
1015,10390,0.195067
1015,10403,0.283711
1016,10113,0.530019
1016,13965,0.091878
1017,10115,0.191682
1017,10107,0.54679
1018,9728,0.551384
1019,10117,0.820133
1020,10118,0.112284
1020,15558,0.1893
1020,9254,0.103741
1021,9893,0.148132
1021,10119,0.0534
1021,12095,0.0578
1022,9249,0.333754
1022,9587,0.266386
1022,12403,0.058103
1023,9750,0.322656
1023,12546,0.060288
1023,9043,0.089951
1023,10271,0.184582
1024,9088,0.261885
1024,9133,0.255646
1025,10121,0.296835
1025,13082,0.102725
1026,10122,0.143969
1026,12152,0.592843
1027,9222,0.386714
1027,13522,0.055329
1027,10649,0.063916
1027,9674,0.06071
1027,9054,0.060388
1028,10123,0.283441
1028,10275,0.198585
1028,18062,0.067488
1029,10124,0.347108
1029,14215,0.096099
1029,15285,0.170045
1029,16977,0.110948
1030,10126,0.108341
1030,9269,0.122978
1031,10127,0.657804
1032,10128,0.149171
1032,9396,0.096972
1032,14668,0.110491
1032,14812,0.084593
1032,15035,0.083773
1032,16717,0.058681
1033,9195,0.32949
1033,10171,0.075709
1033,13351,0.165405
1034,10129,0.205149
1034,10350,0.356764
1034,15658,0.081102
1035,10130,0.28172
1035,10509,0.065864
1035,16455,0.254168
1035,17088,0.10515
1036,10131,0.288258
1036,11973,0.139007
1036,13242,0.141152
1036,13745,0.053899
1036,15697,0.053896
1036,16753,0.053775
1037,10136,0.359137
1037,10439,0.12329
1037,9382,0.05852
1038,10138,0.268311
1038,11345,0.136361
1039,10139,0.609503
1040,9795,0.465449
1040,9068,0.149742
1040,10016,0.15984
1041,10140,0.350821
1041,10792,0.128235
1042,10141,0.580805
1042,12013,0.128981
1043,10143,0.779045
1044,10144,0.203181
1044,9584,0.059523
1044,11476,0.254952
1044,16439,0.060707
1045,10145,0.58839
1045,9522,0.13
1046,9522,0.065346
1046,14566,0.080797
1046,9658,0.050934
1046,12154,0.052695
1047,10147,0.060347
1047,9522,0.269666
1047,9510,0.211803
1048,10148,0.071143
1048,10187,0.140725
1048,10695,0.11807
1048,13245,0.193794
1048,13856,0.051134
1048,14796,0.050442
1049,10149,0.073406
1049,10199,0.127601
1049,10260,0.166743
1049,10147,0.302429
1050,10151,0.08039
1050,10167,0.210117
1050,18121,0.252072
1051,10152,0.418867
1051,12021,0.163977
1052,10153,0.089483
1052,10175,0.54432
1053,10154,0.179324
1053,10155,0.265017
1053,10224,0.18102
1054,10158,0.143608
1054,10439,0.22784
1054,10136,0.09518
1055,10159,0.263978
1055,12057,0.078712
1055,11347,0.282174
1056,9521,0.11883
1056,11055,0.086418
1056,9368,0.236341
1056,12193,0.1249
1056,10952,0.094497
1057,9403,0.362515
1057,11625,0.09086
1058,10160,0.439074
1059,10161,0.29625
1059,10216,0.088916
1059,14354,0.333011
1060,10154,0.107061
1060,14351,0.086667
1061,10162,0.207161
1061,12006,0.069313
1062,10163,0.078573
1062,10190,0.484275
1063,10164,0.48499
1063,10165,0.168976
1064,9036,0.166687
1064,9372,0.086948
1064,12164,0.071922
1065,9041,0.053977
1065,10166,0.338717
1065,10216,0.068556
1065,10415,0.294107
1066,9559,0.067573
1066,15178,0.050839
1066,9391,0.068352
1067,10168,0.587093
1068,9297,0.203985
1068,9162,0.091101
1069,9728,0.250146
1070,9179,0.053026
1070,9608,0.136637
1070,9359,0.068339
1071,9151,0.120501
1072,10170,0.126529
1072,10181,0.22577
1072,10384,0.110424
1073,10171,0.079304
1073,11852,0.110045
1073,11858,0.060343
1073,11859,0.13068
1074,10172,0.406089
1074,10284,0.120839
1075,10169,0.228507
1075,9547,0.118072
1075,9336,0.337571
1076,9539,0.480701
1076,15340,0.061178
1077,9070,0.265628
1077,12332,0.099351
1078,10174,0.209111
1078,12325,0.064044
1078,12355,0.05674
1078,12736,0.082976
1078,11437,0.107646
1079,10176,0.449763
1079,16793,0.057661
1080,10178,0.517847
1081,10179,0.396319
1081,10176,0.117281
1082,10180,0.206722
1082,11310,0.054858
1082,11641,0.181549
1082,9488,0.250229
1083,10181,0.113833
1083,10170,0.336274
1084,10180,0.475741
1084,11641,0.123987
1085,10183,0.066225
1085,10892,0.135817
1085,12098,0.158778
1085,9509,0.060589
1086,10184,0.052834
1086,10338,0.349668
1086,9753,0.157582
1087,10186,0.126074
1087,16592,0.126489
1088,10188,0.714557
1089,10175,0.070909
1089,9355,0.099291
1090,10189,0.383476
1090,11552,0.196878
1090,10154,0.066759
1091,9298,0.092366
1091,10185,0.083698
1091,10907,0.082816
1091,9297,0.164572
1092,9793,0.127643
1092,9791,0.103648
1092,10595,0.097189
1093,9312,0.476064
1093,12143,0.081254
1093,9311,0.056067
1094,9180,0.357132
1094,10977,0.074139
1094,9559,0.160669
1095,10193,0.343197
1095,10644,0.356475
1096,10194,0.411185
1096,14115,0.252706
1097,10196,0.330665
1097,15777,0.096853
1098,10197,0.150339
1098,10198,0.463957
1099,10200,0.270948
1099,10202,0.267483
1100,10203,0.452999
1100,11604,0.227376
1101,10204,0.195902
1101,9309,0.055507
1101,10988,0.137642
1101,10631,0.054797
1102,10205,0.122691
1102,12102,0.55418
1103,10208,0.295472
1104,10209,0.523438
1105,9093,0.156733
1105,11008,0.136361
1105,12804,0.146007
1105,9695,0.091553
1106,10210,0.208495
1106,11352,0.318211
1106,12709,0.060988
1106,13094,0.057685
1107,10211,0.107604
1107,9986,0.36684
1107,10015,0.164871
1108,10212,0.442754
1108,11808,0.054236
1108,12637,0.197166
1108,16135,0.054083
1109,10213,0.743766
1110,10214,0.580349
1111,10215,0.596814
1112,10132,0.166289
1112,11008,0.266165
1113,10216,0.122154
1113,9912,0.314925
1114,9090,0.303292
1114,9445,0.128951
1114,10108,0.073901
1115,10217,0.058222
1115,10596,0.351375
1115,9111,0.376797
1116,9111,0.314598
1116,10217,0.054328
1116,10596,0.301188
1116,16114,0.063189
1117,10219,0.388306
1117,12944,0.327443
1118,10220,0.572596
1119,10221,0.52225
1119,10857,0.115587
1120,10222,0.436241
1120,10223,0.258787
1121,9074,0.0693
1121,9771,0.087347
1121,10649,0.117006
1122,10225,0.742615
1123,10226,0.100964
1123,13154,0.138093
1123,11626,0.138068
1123,10267,0.081726
1123,10977,0.075979
1124,10227,0.419972
1124,10437,0.197897
1125,9145,0.136364
1125,16044,0.134007
1126,10228,0.505112
1126,17256,0.076801
1126,18146,0.066945
1127,10230,0.300208
1127,17211,0.300917
1128,10231,0.277823
1128,10236,0.184173
1128,12139,0.062334
1129,10232,0.66092
1130,10233,0.086415
1130,9508,0.136674
1130,10042,0.073283
1130,11644,0.058452
1130,12034,0.156368
1131,10234,0.153988
1131,11775,0.067542
1131,15300,0.092415
1131,14286,0.067868
1132,9358,0.194594
1132,9230,0.239906
1133,10235,0.092382
1133,9055,0.135276
1133,14513,0.090262
1134,9133,0.226068
1135,10237,0.387483
1135,11982,0.245141
1136,10239,0.070713
1136,10171,0.073787
1136,10656,0.209939
1136,11901,0.150678
1136,17020,0.061275
1137,10240,0.581179
1138,10241,0.095447
1138,9112,0.174664
1138,9472,0.052093
1139,10206,0.061442
1139,9060,0.461507
1140,10243,0.213715
1140,10259,0.214724
1141,10244,0.079888
1141,9674,0.151794
1141,15722,0.053526
1141,15826,0.087076
1142,9134,0.219573
1142,10692,0.069483
1143,10245,0.198055
1143,9717,0.129826
1143,9746,0.119444
1144,10246,0.066906
1144,12356,0.103847
1145,10247,0.061959
1145,11443,0.077705
1145,11410,0.0673
1145,16783,0.0725
1146,10248,0.091574
1146,11953,0.208099
1146,13864,0.101428
1146,13866,0.066302
1146,15654,0.144949
1147,10250,0.09717
1147,11235,0.326917
1147,11556,0.059062
1147,12879,0.051835
1148,10251,0.475733
1148,13703,0.249255
1149,10253,0.573676
1150,10255,0.060853
1150,12717,0.309645
1150,12719,0.10899
1150,13412,0.071366
1150,17333,0.052699
1151,9444,0.250434
1151,10897,0.100381
1151,9504,0.101951
1151,17537,0.084776
1152,10256,0.336331
1152,13933,0.061167
1152,14545,0.051429
1152,12309,0.053844
1153,10257,0.118708
1153,12268,0.121808
1153,13340,0.07581
1153,13819,0.067726
1154,9135,0.222956
1154,9516,0.322165
1154,11175,0.073494
1155,9490,0.183724
1155,11385,0.165195
1155,10021,0.137317
1156,10261,0.056429
1156,13916,0.124435
1156,16086,0.081814
1156,13906,0.230868
1156,16540,0.108354
1156,16467,0.057061
1157,10262,0.447215
1157,14292,0.095615
1158,9741,0.586114
1159,10263,0.335384
1159,11332,0.199209
1160,10265,0.598248
1161,9533,0.166418
1161,9980,0.212954
1161,9531,0.068071
1161,12218,0.113847
1162,10268,0.190903
1162,11036,0.260105
1162,13594,0.061448
1162,16823,0.069622
1163,10269,0.634305
1164,10178,0.196194
1164,9649,0.208466
1165,9459,0.255501
1165,10858,0.052356
1165,11386,0.13862
1165,9923,0.128976
1166,10271,0.248374
1166,11195,0.19977
1166,9491,0.147644
1166,12889,0.082056
1167,9763,0.202943
1167,9508,0.340851
1167,12538,0.073063
1168,9202,0.089899
1168,9268,0.15227
1168,10320,0.076466
1168,11913,0.052462
1169,10272,0.399044
1169,9398,0.291467
1169,12836,0.059705
1170,9636,0.297902
1171,10273,0.121028
1171,10301,0.163236
1171,16168,0.073984
1172,9212,0.309756
1172,12354,0.103445
1172,12700,0.160902
1172,9141,0.069077
1173,10275,0.302181
1173,11305,0.329424
1173,11360,0.062546
1174,10276,0.138624
1174,13066,0.35593
1175,10277,0.104496
1175,9250,0.052812
1175,10614,0.063724
1175,11598,0.067634
1175,14150,0.085235
1176,10278,0.174218
1176,10800,0.434784
1177,10279,0.381601
1177,10455,0.161791
1178,9659,0.223389
1178,9803,0.218953
1178,9830,0.07534
1179,10281,0.088908
1179,11828,0.457556
1179,16809,0.053797
1180,10283,0.097803
1180,10284,0.158725
1180,10048,0.222611
1180,14556,0.09355
1180,17267,0.098304
1181,10285,0.081825
1181,14893,0.08379
1181,13181,0.182949
1182,9459,0.291449
1182,9942,0.101966
1182,16089,0.113052
1182,17242,0.109217
1183,10265,0.220972
1183,9634,0.232092
1183,9744,0.093359
1183,12642,0.071
1183,11225,0.050136
1184,10286,0.097941
1184,10821,0.071576
1184,10435,0.093181
1184,14702,0.051348
1184,14997,0.192729
1184,15596,0.091862
1185,10287,0.159056
1185,9065,0.537219
1186,10288,0.294416
1186,10905,0.071134
1186,11497,0.097362
1186,11705,0.082185
1186,11872,0.081138
1187,10289,0.234988
1187,9630,0.133978
1187,11904,0.079067
1187,13920,0.050954
1188,10291,0.435591
1188,10110,0.077422
1188,16829,0.072568
1189,10292,0.195734
1189,11227,0.167124
1189,11254,0.098247
1189,12207,0.06644
1190,9634,0.365317
1190,15535,0.285912
1191,10293,0.217989
1191,13153,0.263817
1191,14911,0.055417
1191,16568,0.070855
1192,9334,0.18532
1192,9861,0.147374
1193,10295,0.391177
1193,14655,0.341407
1193,18223,0.097902
1194,10296,0.184394
1194,10452,0.101726
1194,10929,0.1515
1194,11196,0.0789
1194,10386,0.187136
1195,10297,0.887189
1196,10299,0.589955
1197,10221,0.411791
1197,10857,0.270688
1197,13048,0.056061
1198,10302,0.636175
1199,10303,0.372587
1199,10936,0.13451
1199,14298,0.088709
1199,14801,0.063275
1200,10137,0.204446
1200,11798,0.167244
1201,10304,0.46509
1202,10139,0.410644
1202,13067,0.095017
1202,13081,0.053735
1203,9878,0.536252
1203,11530,0.092042
1204,10305,0.28187
1204,9460,0.262323
1204,11455,0.07833
1204,17190,0.050026
1205,10307,0.227551
1205,15815,0.060801
1205,15279,0.085031
1206,9674,0.503109
1206,9026,0.094119
1207,10310,0.333431
1207,10276,0.116656
1208,10311,0.098136
1208,11028,0.287644
1208,14091,0.065823
1208,15487,0.072699
1209,9180,0.051028
1209,11417,0.152512
1209,12605,0.050583
1209,12990,0.082356
1210,9545,0.099112
1210,10331,0.230861
1210,11597,0.052864
1211,10312,0.694219
1212,10313,0.057486
1212,11324,0.194122
1212,12675,0.252176
1213,10314,0.140574
1213,10794,0.291951
1214,10316,0.282231
1214,16535,0.072394
1214,10257,0.127508
1214,17464,0.066652
1215,10051,0.229514
1215,12573,0.08299
1215,9819,0.098046
1215,12329,0.15457
1216,10318,0.407386
1216,9388,0.076009
1216,11186,0.09185
1217,10319,0.27863
1217,10868,0.227526
1218,10320,0.082072
1218,9720,0.250782
1219,10301,0.421245
1220,10321,0.386392
1221,10322,0.111393
1221,10398,0.176587
1221,11800,0.401169
1222,10323,0.07956
1222,9942,0.085653
1222,12436,0.122888
1222,12411,0.064729
1223,10292,0.127341
1223,14486,0.228911
1224,10273,0.109071
1224,11384,0.058298
1224,11585,0.057377
1224,10301,0.326815
1224,9186,0.074962
1225,10326,0.307996
1225,14865,0.196067
1226,10328,0.050184
1226,10704,0.208083
1226,10807,0.101574
1227,10330,0.515516
1227,13557,0.187862
1228,9368,0.130862
1228,9521,0.37205
1229,10332,0.399641
1229,15177,0.148741
1229,15718,0.082665
1230,10242,0.287708
1230,9205,0.226283
1231,10276,0.599602
1232,10333,0.202064
1232,13333,0.050031
1232,11051,0.057703
1233,9389,0.575274
1234,9753,0.104549
1234,10338,0.367685
1234,9082,0.068985
1235,9634,0.225163
1236,10334,0.074264
1236,10500,0.154031
1237,10335,0.272355
1237,10783,0.386797
1238,10102,0.525512
1238,17542,0.161524
1239,10336,0.271982
1239,10363,0.263677
1239,13728,0.090733
1240,10140,0.445448
1240,10792,0.098634
1241,10340,0.395395
1241,15640,0.39544
1242,9450,0.061321
1242,9527,0.206041
1242,11822,0.289112
1242,14539,0.066361
1242,13764,0.061392
1243,10341,0.311452
1243,11673,0.136771
1243,12074,0.055238
1244,10039,0.292345
1244,16190,0.177755
1245,9750,0.107638
1245,11869,0.091083
1245,12195,0.106279
1245,14642,0.093903
1246,10342,0.184129
1246,11986,0.075626
1246,13668,0.157349
1247,10343,0.30164
1247,10344,0.49151
1248,10345,0.198891
1248,11815,0.257898
1248,12105,0.104928
1249,10348,0.145685
1249,9668,0.199808
1249,16240,0.077271
1250,10349,0.069671
1250,10366,0.15851
1250,10367,0.053594
1251,10119,0.121305
1251,9893,0.08854
1252,9227,0.353246
1252,9329,0.24734
1252,9570,0.067494
1252,9222,0.0924
1253,10352,0.213805
1253,10076,0.297971
1254,10353,0.281754
1254,13941,0.088726
1254,13943,0.065939
1255,10066,0.310671
1255,11227,0.090919
1255,11044,0.108493
1255,15949,0.074688
1256,9201,0.518378
1256,12216,0.072809
1257,9992,0.115234
1257,9762,0.482505
1257,11383,0.116389
1258,10354,0.546183
1258,9615,0.118875
1259,10355,0.342477
1259,11561,0.466613
1260,9222,0.056191
1260,9329,0.141115
1260,11426,0.417905
1261,9403,0.45335
1261,10825,0.153432
1262,10356,0.369308
1262,10648,0.067022
1262,12010,0.095394
1262,13851,0.053776
1262,14523,0.059098
1263,10357,0.112665
1263,10358,0.059303
1263,11316,0.146386
1263,14837,0.070655
1263,9942,0.067725
1264,10265,0.518798
1265,10359,0.714837
1266,10360,0.320139
1266,11320,0.173219
1266,9337,0.073166
1267,9403,0.309512
1267,10825,0.08132
1268,9242,0.493393
1268,16968,0.064417
1269,10361,0.324601
1269,11301,0.232825
1269,9686,0.069278
1270,9680,0.511538
1270,11620,0.308159
1271,10267,0.349913
1271,11141,0.06468
1271,14490,0.073795
1272,9749,0.075638
1272,11791,0.079437
1272,10777,0.097354
1273,10364,0.185522
1273,13530,0.086203
1273,14374,0.085692
1273,17261,0.061488
1274,9142,0.329961
1275,9618,0.152948
1275,10628,0.083602
1275,13147,0.060185
1276,9795,0.486458
1276,17494,0.178326
1277,10368,0.191519
1277,9606,0.058646
1278,10304,0.252534
1278,9375,0.177494
1278,13190,0.091966
1279,10369,0.35469
1279,9383,0.054082
1279,13055,0.054371
1279,12180,0.075453
1279,11741,0.054344
1279,11104,0.075732
1280,10370,0.344621
1280,11015,0.404482
1281,10371,0.311754
1281,13385,0.427027
1282,10372,0.138271
1282,10381,0.219159
1282,9045,0.065601
1283,10373,0.359695
1283,10429,0.153272
1283,13072,0.100589
1283,11199,0.069256
1284,10374,0.127593
1285,10375,0.211801
1285,10378,0.376236
1286,9070,0.24635
1286,9104,0.126626
1286,13595,0.050635
1286,9289,0.127073
1287,9995,0.51447
1288,10376,0.21142
1289,10377,0.250597
1289,14318,0.381021
1289,16555,0.061564
1290,10204,0.481191
1290,10988,0.119299
1291,10379,0.532464
1291,12768,0.09088
1292,10380,0.763481
1293,10372,0.246511
1293,10381,0.089015
1293,11814,0.187948
1293,13867,0.099328
1294,10383,0.629253
1295,10384,0.667282
1296,10349,0.0558
1296,9471,0.052156
1296,10931,0.064766
1296,10366,0.100967
1296,12052,0.07486
1296,10367,0.100134
1296,13012,0.0555
1296,13040,0.066744
1297,9070,0.411213
1297,9806,0.226888
1298,10108,0.059049
1299,10385,0.561041
1299,10835,0.11196
1300,10386,0.272034
1301,10389,0.514658
1302,10391,0.273345
1302,9984,0.408196
1303,10393,0.483809
1303,11726,0.128303
1304,10394,0.377027
1304,13250,0.182616
1304,17757,0.0614
1305,10395,0.253904
1305,12908,0.173446
1306,10396,0.081332
1306,12956,0.106025
1306,11033,0.053859
1307,10397,0.096312
1308,10399,0.093178
1308,10400,0.286259
1309,10401,0.351727
1309,10096,0.224702
1309,16342,0.052174
1310,9349,0.483222
1310,9242,0.279884
1311,10402,0.178542
1311,15945,0.521839
1312,9267,0.097708
1312,11911,0.057816
1312,11032,0.081296
1312,11878,0.09663
1313,10366,0.137448
1314,10404,0.677157
1315,9770,0.481677
1316,10405,0.582441
1316,10416,0.168328
1317,10406,0.674797
1318,10407,0.211904
1318,10454,0.30556
1319,9573,0.322568
1319,10039,0.171952
1319,13258,0.072538
1320,10408,0.743326
1321,10411,0.265054
1321,10657,0.364952
1322,9373,0.858902
1323,10412,0.195403
1323,16023,0.140169
1324,10413,0.200627
1325,10414,0.055808
1325,13927,0.162748
1325,12108,0.29342
1325,15457,0.055899
1326,10415,0.296357
1326,10439,0.191929
1327,10417,0.088808
1327,13762,0.056684
1327,15097,0.120967
1328,9293,0.092903
1328,9203,0.407763
1328,11594,0.062429
1328,12221,0.069199
1328,9692,0.050996
1329,9655,0.500651
1330,9398,0.623768
1330,10272,0.173976
1331,10418,0.195965
1331,10170,0.073009
1331,17939,0.089921
1332,10419,0.157099
1332,10447,0.252956
1332,12527,0.073088
1332,14217,0.201525
1333,10420,0.063239
1333,10171,0.128788
1333,14138,0.053651
1334,10416,0.338209
1334,10405,0.377858
1335,9859,0.801737
1336,10421,0.551527
1336,14983,0.174374
1337,10422,0.476356
1338,10069,0.675029
1339,10407,0.162063
1339,12833,0.184944
1339,17375,0.084505
1340,10423,0.085404
1340,14783,0.106988
1340,9230,0.071743
1341,10424,0.071631
1342,10425,0.502125
1342,11550,0.170364
1343,10427,0.773214
1344,10428,0.153085
1344,10446,0.143639
1344,11460,0.376604
1344,11993,0.079396
1345,10430,0.769225
1346,10431,0.062492
1346,11175,0.38161
1346,15876,0.115142
1347,10432,0.065896
1347,9655,0.112191
1347,10534,0.058171
1347,13581,0.08562
1347,14403,0.117744
1348,10433,0.27052
1348,13107,0.052387
1348,13437,0.142398
1348,14003,0.056996
1349,10434,0.427301
1349,15973,0.1636
1350,10435,0.152237
1350,10286,0.461816
1351,10436,0.207534
1351,15372,0.063991
1352,10438,0.096183
1352,10552,0.090381
1352,10603,0.357386
1353,10440,0.226557
1353,14819,0.068928
1353,16536,0.114492
1353,17723,0.08906
1354,10441,0.140149
1354,15703,0.072461
1354,16530,0.058034
1355,10442,0.232894
1355,9479,0.24827
1355,9835,0.134217
1355,9711,0.107247
1356,10443,0.460186
1356,11177,0.187794
1356,11583,0.057476
1357,10445,0.204493
1357,9541,0.120336
1357,9260,0.050382
1357,15543,0.092966
1357,11748,0.051577
1358,9458,0.558077
1359,10449,0.287857
1359,9409,0.077136
1359,10872,0.070498
1360,9942,0.093405
1360,11229,0.051925
1360,9269,0.070215
1361,10450,0.55
1362,10451,0.295611
1362,13901,0.250029
1363,10453,0.098774
1363,14636,0.155085
1363,15500,0.079985
1363,16941,0.069115
1364,9451,0.730594
1365,10457,0.275814
1365,14143,0.072785
1366,10458,0.445386
1366,10524,0.276021
1367,9546,0.196772
1367,9415,0.0946
1367,11495,0.179407
1368,10459,0.610752
1369,9821,0.348799
1369,10329,0.111383
1369,9716,0.14969
1370,10460,0.193515
1370,11723,0.060235
1371,9949,0.296995
1371,12821,0.109055
1371,12826,0.11351
1371,17352,0.108308
1372,9883,0.050453
1372,11032,0.070992
1372,10534,0.136302
1372,10901,0.123822
1372,13987,0.064398
1373,10463,0.182841
1373,9883,0.366924
1373,18120,0.071674
1374,10464,0.139359
1374,12213,0.053446
1375,9059,0.056007
1375,12019,0.165555
1376,10465,0.120478
1376,10171,0.153436
1376,14706,0.057487
1376,14844,0.057813
1376,10239,0.074139
1377,10466,0.407488
1377,16815,0.182585
1378,10468,0.259692
1378,15686,0.077885
1378,16536,0.051294
1379,10405,0.501595
1379,10469,0.299914
1380,10470,0.082497
1380,10473,0.37417
1380,16705,0.180183
1381,10471,0.234556
1381,17696,0.085062
1382,10472,0.365536
1382,10854,0.199066
1383,10475,0.690027
1384,10456,0.471263
1384,13512,0.148905
1385,10476,0.21454
1385,10846,0.112059
1385,11518,0.168827
1386,10477,0.119586
1386,10560,0.581361
1387,10478,0.186387
1387,13128,0.066358
1388,10163,0.248983
1388,11748,0.19901
1388,12801,0.061653
1389,10479,0.584757
1390,10480,0.097205
1390,12035,0.111651
1391,9162,0.087339
1391,11147,0.065036
1391,14989,0.114972
1391,12318,0.081169
1392,10481,0.091354
1392,10487,0.369774
1392,9076,0.101941
1393,10482,0.502696
1394,9446,0.543551
1394,9076,0.093474
1395,10088,0.108808
1395,11569,0.16737
1395,15176,0.192213
1396,10483,0.551874
1397,10484,0.154064
1397,10614,0.159698
1397,9666,0.097803
1398,10485,0.474572
1399,10486,0.106124
1400,10489,0.778282
1401,10491,0.174411
1401,9942,0.073723
1401,13942,0.158702
1402,10492,0.294099
1402,10517,0.175645
1402,10606,0.112785
1403,10493,0.271922
1403,12793,0.386265
1403,15887,0.052747
1404,10494,0.073305
1405,9905,0.719342
1406,10495,0.16684
1406,11915,0.131512
1406,12966,0.05027
1406,10719,0.087093
1407,9635,0.171473
1407,10660,0.563783
1408,10496,0.283017
1408,9250,0.167681
1409,9927,0.477056
1409,10572,0.19505
1410,10497,0.227219
1410,11654,0.227358
1410,13984,0.061519
1410,18379,0.083167
1411,10499,0.1278
1411,15911,0.137748
1412,10501,0.456215
1412,13423,0.170503
1413,10319,0.384396
1413,10868,0.288356
1414,10140,0.216075
1414,13039,0.156259
1415,10504,0.07824
1415,11016,0.228802
1415,12638,0.07823
1415,10722,0.053697
1416,10384,0.698242
1417,10384,0.700224
1418,10508,0.687825
1419,10509,0.113375
1419,10987,0.06495
1419,9192,0.056596
1419,9628,0.074061
1420,10510,0.217
1420,11218,0.36262
1421,10511,0.071361
1421,10177,0.218878
1421,11050,0.214916
1421,9132,0.061872
1422,10513,0.512438
1422,11719,0.277446
1423,10514,0.0913
1423,10311,0.430068
1424,10516,0.070373
1424,10562,0.159497
1424,10658,0.151439
1425,10518,0.611268
1426,10519,0.352629
1426,14583,0.098084
1426,14587,0.072333
1427,9620,0.155853
1427,9759,0.081498
1427,10829,0.456587
1428,10520,0.222963
1428,9507,0.475947
1429,10521,0.421856
1429,13792,0.051342
1430,10458,0.170081
1430,10524,0.219012
1430,9817,0.087086
1430,9134,0.079259
1430,10967,0.055138
1431,9109,0.157267
1431,10526,0.11165
1431,9090,0.053296
1432,10523,0.135212
1433,10525,0.172079
1433,11281,0.218603
1433,14156,0.198589
1434,9113,0.057574
1434,9104,0.139703
1434,9289,0.075242
1434,9070,0.149777
1434,13595,0.085203
1435,10528,0.251641
1435,10819,0.130447
1435,12491,0.125755
1435,12939,0.236627
1436,10529,0.240439
1436,10982,0.11832
1436,13532,0.118747
1437,10531,0.266991
1437,9054,0.05227
1438,10532,0.413492
1438,9250,0.088932
1439,9576,0.109756
1439,14251,0.494964
1440,10533,0.614079
1441,9254,0.196711
1441,10444,0.180117
1441,9252,0.083969
1441,11298,0.061993
1442,9135,0.397549
1442,9516,0.399194
1443,10534,0.150963
1443,12335,0.229422
1443,14206,0.07583
1444,9568,0.319761
1444,10946,0.102001
1444,10781,0.109137
1445,10535,0.166237
1445,13516,0.538121
1446,10536,0.139802
1446,15335,0.194894
1446,14934,0.250086
1447,10538,0.634048
1448,10539,0.274293
1448,10801,0.270587
1449,9212,0.428284
1449,12354,0.050989
1449,9141,0.166695
1450,10540,0.304249
1450,13185,0.110427
1450,13408,0.071498
1451,10541,0.260357
1451,12084,0.115346
1451,16531,0.078923
1451,11063,0.058589
1452,9328,0.245792
1452,12298,0.065567
1452,12746,0.178633
1453,9617,0.277565
1453,9433,0.089656
1453,9772,0.127657
1454,10542,0.766649
1455,10543,0.400158
1455,12113,0.263624
1456,10544,0.199161
1456,9614,0.065006
1456,12114,0.109466
1457,10546,0.229035
1457,11532,0.174526
1457,12431,0.079759
1458,10547,0.374774
1458,9878,0.05607
1459,10548,0.163242
1459,16614,0.075594
1459,17205,0.135015
1459,17436,0.067736
1460,10549,0.071637
1460,10238,0.065945
1461,10550,0.301616
1461,10553,0.059968
1462,10551,0.382762
1462,12215,0.067763
1462,14393,0.125754
1462,14158,0.050952
1463,10555,0.386025
1463,17083,0.069732
1463,17289,0.168604
1464,10556,0.27387
1464,12778,0.218164
1465,10107,0.116875
1465,9843,0.169755
1465,10308,0.269877
1465,9635,0.066005
1466,9373,0.380263
1466,9431,0.228189
1467,10558,0.0511
1467,10582,0.421752
1467,10178,0.059732
1467,13865,0.053361
1468,10559,0.21802
1468,12747,0.184562
1468,15048,0.318323
1469,9043,0.156439
1470,10561,0.374669
1471,10563,0.677717
1472,10564,0.109558
1472,9905,0.097711
1472,13875,0.078988
1472,9926,0.058568
1473,10565,0.445425
1473,10512,0.12665
1473,14263,0.150389
1474,9695,0.088699
1474,11461,0.317839
1475,10567,0.297233
1475,17203,0.463385
1475,17204,0.060006
1476,10568,0.153188
1476,12806,0.234205
1476,13859,0.059718
1476,12699,0.072946
1477,9230,0.662199
1478,10569,0.497374
1478,10594,0.160892
1479,10571,0.40977
1480,10573,0.299174
1480,10627,0.089728
1480,12755,0.143843
1480,12907,0.077747
1481,10575,0.163414
1481,9683,0.46498
1482,10576,0.398055
1482,14621,0.100647
1483,9927,0.353914
1483,10572,0.156838
1483,15551,0.075171
1483,11527,0.065339
1484,9151,0.116717
1484,10658,0.050341
1484,9824,0.07561
1484,11819,0.168155
1484,10601,0.081667
1484,9801,0.06861
1485,10577,0.266756
1485,10578,0.157308
1485,9712,0.157468
1485,10955,0.229902
1486,10580,0.198587
1486,11546,0.095148
1486,18262,0.076133
1486,18263,0.086847
1487,10581,0.198602
1487,14536,0.281535
1487,17008,0.119907
1488,10583,0.156936
1488,10227,0.334075
1489,10584,0.188029
1489,12668,0.091304
1489,13389,0.273517
1490,10585,0.058203
1490,10647,0.082175
1490,11472,0.155171
1490,12151,0.063268
1491,10586,0.260918
1491,10879,0.317938
1491,13513,0.067012
1492,9359,0.258048
1492,11724,0.383293
1492,9225,0.052486
1493,10587,0.157072
1493,11524,0.063047
1493,9026,0.055818
1493,13375,0.086099
1493,17086,0.239752
1494,9594,0.71958
1495,10588,0.554923
1496,10589,0.462646
1496,12541,0.287941
1497,10590,0.128324
1497,13243,0.119904
1497,15414,0.050741
1498,10591,0.290138
1498,15837,0.363884
1499,10592,0.310469
1499,12442,0.395321
1499,12481,0.059185
1500,10593,0.580319
1501,9628,0.256189
1501,14644,0.061866
1501,10637,0.101256
1502,9282,0.243646
1502,10505,0.473115
1502,9082,0.072564
1503,10338,0.104546
1503,9325,0.085076
1503,13170,0.066409
1503,13770,0.096662
1503,14122,0.15841
1504,10595,0.071847
1504,11173,0.068694
1504,11873,0.054444
1505,9568,0.254687
1506,10598,0.272851
1506,10989,0.061194
1506,11085,0.157077
1506,11204,0.062289
1507,10599,0.297221
1507,12927,0.112198
1507,13716,0.081745
1508,10600,0.164825
1508,11120,0.079877
1508,15584,0.068376
1508,16025,0.079866
1508,17855,0.195288
1509,10601,0.151806
1509,11819,0.207536
1509,17984,0.05429
1510,10602,0.082279
1510,11476,0.10683
1510,12817,0.170694
1510,14245,0.170694
1510,14249,0.107554
1510,14274,0.069696
1511,9762,0.366649
1511,9179,0.106181
1511,11383,0.140265
1512,10604,0.376503
1512,11402,0.070927
1513,10607,0.225767
1513,13425,0.461555
1514,10608,0.230835
1514,11446,0.37236
1515,10609,0.16242
1515,14307,0.085845
1515,14000,0.07718
1515,13441,0.093244
1516,10599,0.529505
1516,17000,0.120562
1517,10610,0.242719
1517,10037,0.333294
1518,10496,0.320104
1519,10611,0.176921
1519,11087,0.088438
1519,10773,0.419959
1520,9225,0.60779
1521,10614,0.225147
1521,10930,0.078021
1521,9953,0.086045
1521,11598,0.087571
1522,10615,0.438565
1522,10632,0.198648
1523,10616,0.128839
1523,13244,0.440905
1523,9693,0.050416
1524,10617,0.571126
1525,10619,0.206245
1525,11031,0.088786
1526,10620,0.088097
1526,14555,0.110763
1526,16339,0.06183
1526,17457,0.086311
1526,17900,0.081851
1527,10622,0.30245
1527,11807,0.146168
1527,13427,0.05366
1528,10623,0.341578
1529,10624,0.400436
1529,12039,0.055884
1529,13800,0.066124
1530,9243,0.283949
1530,13704,0.355913
1530,11245,0.084173
1531,9573,0.451698
1531,9277,0.205315
1532,9880,0.158622
1532,11428,0.080175
1532,9337,0.214321
1533,10626,0.549622
1534,10043,0.329542
1534,9860,0.368628
1535,10627,0.405035
1535,10631,0.328493
1536,10628,0.344397
1536,11523,0.143294
1536,12416,0.120832
1537,10629,0.139703
1537,12270,0.336984
1537,10397,0.071953
1537,17187,0.054743
1538,10630,0.109015
1538,10930,0.158397
1538,9953,0.051818
1539,10615,0.244732
1539,10632,0.09991
1539,11993,0.187599
1539,12461,0.105256
1539,13469,0.072726
1539,13736,0.072732
1540,10197,0.07475
1540,10869,0.113167
1540,11300,0.192133
1541,10634,0.072369
1541,15413,0.17535
1541,17940,0.271419
1542,10635,0.143512
1542,12252,0.263627
1542,12484,0.119841
1542,12914,0.05487
1543,10636,0.539335
1543,12487,0.180649
1544,10637,0.09504
1544,11539,0.068671
1544,9628,0.225562
1544,10428,0.109059
1544,13370,0.082922
1545,10428,0.079649
1545,11985,0.170263
1545,11993,0.06767
1545,11540,0.183473
1546,10639,0.33579
1547,10640,0.076701
1547,11167,0.065608
1547,10805,0.066703
1547,11806,0.056831
1547,12429,0.158863
1548,10642,0.109801
1549,10598,0.141338
1550,9392,0.582796
1551,9855,0.080362
1551,11959,0.17432
1551,11986,0.052744
1551,12045,0.118987
1552,10643,0.227651
1552,14392,0.123003
1552,15781,0.087838
1552,12346,0.157792
1553,10645,0.608575
1554,9758,0.425931
1554,11014,0.067122
1554,11131,0.159717
1555,10646,0.71957
1556,9388,0.22749
1556,9492,0.184448
1557,10650,0.214933
1557,9766,0.349378
1558,10651,0.607749
1559,9204,0.44245
1559,10972,0.087903
1559,9228,0.107335
1560,10653,0.236263
1560,11381,0.185396
1560,13024,0.066873
1561,9527,0.272611
1561,10321,0.066023
1561,13048,0.052821
1562,10654,0.105209
1562,11842,0.547278
1563,10655,0.367946
1563,11266,0.335337
1564,10658,0.190872
1564,12815,0.456358
1565,10659,0.063174
1565,10666,0.164207
1565,10660,0.435608
1566,9780,0.52756
1567,10661,0.628212
1567,10685,0.192637
1568,10662,0.565023
1569,10512,0.116729
1569,13682,0.212206
1569,10446,0.052653
1569,13849,0.079061
1569,17933,0.051455
1570,9717,0.12344
1570,14376,0.066834
1570,9835,0.065307
1570,12292,0.12675
1571,9045,0.360062
1571,9303,0.137315
1572,10663,0.405967
1572,15495,0.089077
1572,16151,0.12418
1573,9459,0.103149
1573,9513,0.179127
1573,11448,0.167226
1573,9409,0.060741
1574,10664,0.618096
1575,10665,0.092736
1575,12622,0.224799
1575,16825,0.074959
1576,10667,0.069207
1576,10276,0.145164
1576,14791,0.061627
1576,15672,0.054669
1577,10668,0.451356
1577,17101,0.055521
1578,10669,0.296867
1579,10670,0.146952
1579,14370,0.079509
1579,17015,0.142236
1580,10671,0.289856
1580,11382,0.222248
1581,10672,0.654836
1582,10673,0.671391
1583,10675,0.61711
1584,10676,0.052784
1584,11455,0.076776
1584,10305,0.100464
1584,9250,0.078298
1584,14687,0.087373
1584,16905,0.064443
1585,10677,0.128363
1585,13033,0.156928
1585,9178,0.133041
1585,10052,0.226287
1586,10679,0.675502
1587,10680,0.167733
1587,9862,0.321895
1587,13689,0.156298
1588,10681,0.247427
1588,11811,0.065785
1588,13229,0.054578
1588,12876,0.076396
1588,14646,0.050517
1589,10682,0.277593
1589,12532,0.064098
1589,13110,0.13116
1589,14294,0.133662
1590,10684,0.081825
1590,10577,0.476327
1590,9712,0.053762
1590,10955,0.068013
1591,9521,0.121679
1591,11018,0.197519
1591,11905,0.05808
1591,9306,0.109646
1591,12193,0.063713
1592,9298,0.074177
1592,10505,0.118582
1592,9282,0.388614
1593,10686,0.452324
1593,14606,0.065985
1594,10687,0.15797
1594,11308,0.076726
1594,12020,0.116174
1594,15023,0.053128
1595,10688,0.547395
1595,12033,0.089838
1595,13086,0.089822
1596,10311,0.161355
1596,11421,0.0753
1596,11028,0.097983
1596,15487,0.061561
1597,9112,0.067384
1597,10241,0.092537
1597,9508,0.087785
1597,10042,0.153805
1597,14730,0.098079
1598,9277,0.173777
1598,10690,0.107247
1598,11517,0.230847
1598,13569,0.065286
1599,10689,0.384251
1599,11366,0.138294
1599,13087,0.093126
1600,10001,0.085483
1600,10083,0.051351
1600,11711,0.108076
1601,10691,0.147009
1601,10962,0.135422
1601,12046,0.106511
1602,10692,0.30541
1602,10933,0.342745
1603,10693,0.359702
1603,13679,0.126641
1603,15866,0.068425
1603,15343,0.126669
1604,10694,0.691358
1605,9706,0.058321
1605,10921,0.451653
1605,15582,0.096199
1606,10697,0.190116
1606,12615,0.148057
1606,9324,0.077681
1606,18377,0.077628
1607,9773,0.237973
1608,10145,0.218872
1608,12652,0.101402
1608,12974,0.052878
1608,14515,0.123901
1609,10698,0.272189
1609,11777,0.108719
1609,17831,0.147045
1609,17832,0.144486
1610,10700,0.150278
1610,11280,0.132694
1610,11892,0.156404
1610,12650,0.067027
1611,9595,0.192893
1611,9054,0.309595
1611,12018,0.159898
1612,10331,0.26043
1612,11597,0.288789
1612,14422,0.156841
1613,10701,0.314979
1613,11945,0.153762
1613,11946,0.091018
1614,9246,0.702999
1615,10702,0.136246
1615,11336,0.493327
1616,10705,0.4576
1617,10706,0.54578
1617,13133,0.088874
1618,10707,0.115711
1618,10790,0.189484
1618,12691,0.050424
1619,10708,0.306812
1619,13284,0.242135
1620,10709,0.052108
1620,13393,0.052636
1620,14477,0.336193
1620,9411,0.08006
1621,10710,0.626034
1622,10096,0.635809
1623,10711,0.258322
1623,9112,0.099529
1624,10712,0.326502
1624,10851,0.437721
1625,10713,0.493334
1625,12303,0.186798
1626,10714,0.231772
1626,10815,0.089447
1626,15319,0.089197
1626,16323,0.124788
1626,13554,0.075586
1627,10715,0.080085
1627,15345,0.512524
1628,10716,0.052747
1628,11214,0.117687
1628,11216,0.070984
1628,11215,0.340058
1629,10717,0.33047
1630,10720,0.31979
1630,10822,0.090713
1630,13426,0.156689
1631,10721,0.674923
1632,10722,0.088642
1632,11016,0.168663
1632,15388,0.242028
1632,15392,0.056657
1633,10723,0.234226
1633,14214,0.113846
1634,10724,0.748072
1635,10725,0.505447
1636,10727,0.088425
1636,9319,0.316412
1636,13405,0.090769
1637,10728,0.433
1637,15193,0.066571
1637,17147,0.145035
1638,10729,0.245836
1638,12949,0.053376
1638,14118,0.095545
1639,10730,0.634629
1640,9180,0.10348
1640,9068,0.0783
1640,11163,0.127971
1641,10731,0.23987
1641,11011,0.139317
1641,9474,0.062439
1642,10211,0.514612
1643,9667,0.599634
1643,9577,0.150233
1644,10732,0.366594
1644,11651,0.120471
1644,13410,0.098623
1644,14423,0.056847
1645,10733,0.067895
1645,11658,0.050937
1645,14456,0.051254
1645,14554,0.1874
1645,15531,0.091672
1646,9188,0.579298
1647,10224,0.118733
1647,9269,0.087332
1647,10757,0.052242
1647,13075,0.068287
1648,10735,0.286405
1648,12807,0.134184
1648,11258,0.071199
1649,10276,0.172344
1649,13317,0.286723
1649,14868,0.135837
1650,10736,0.492594
1650,10276,0.060804
1650,17177,0.065842
1651,10276,0.295877
1651,10737,0.191323
1651,13607,0.051558
1651,15792,0.122225
1651,13317,0.100828
1652,10224,0.127096
1652,10757,0.062772
1653,10735,0.058286
1653,10934,0.141234
1653,12807,0.060193
1653,12686,0.082562
1654,10738,0.267365
1654,10739,0.241835
1654,13768,0.081425
1654,15795,0.205161
1655,10741,0.068052
1655,9815,0.119666
1655,12594,0.081387
1655,12624,0.079379
1656,10742,0.065265
1656,10729,0.209071
1656,12949,0.050021
1656,10118,0.050494
1656,10551,0.065381
1656,11283,0.096691
1657,10743,0.735612
1658,10745,0.082541
1658,17704,0.068435
1659,10746,0.071202
1659,10754,0.205106
1659,11039,0.225192
1659,11896,0.141722
1659,12163,0.107274
1660,10747,0.399986
1661,10748,0.616032
1662,10749,0.164272
1662,9373,0.057142
1662,12347,0.344907
1663,10750,0.392714
1663,10048,0.062813
1663,14658,0.068481
1664,10751,0.078825
1664,10537,0.131046
1664,13091,0.424461
1665,10752,0.141655
1665,10755,0.235914
1665,11596,0.051941
1666,10753,0.324558
1666,11662,0.457093
1667,9632,0.360202
1667,14279,0.360202
1668,10756,0.515801
1668,10761,0.081051
1669,10758,0.222391
1669,10759,0.094379
1669,14471,0.131743
1670,10760,0.409136
1671,10139,0.635324
1672,10761,0.184237
1672,10766,0.089827
1672,11964,0.057481
1672,13626,0.134191
1672,13660,0.079718
1673,10707,0.106864
1673,10812,0.217247
1673,10790,0.091687
1673,11222,0.076755
1673,12691,0.061302
1674,10762,0.231062
1674,11226,0.195028
1674,9577,0.070425
1675,9654,0.426226
1676,10763,0.237827
1676,11008,0.124638
1676,16600,0.10785
1676,14518,0.152502
1677,10764,0.068259
1677,15174,0.164873
1677,11008,0.054342
1677,11776,0.082485
1677,11932,0.068223
1678,10765,0.177123
1678,10768,0.060714
1678,10812,0.085414
1678,13228,0.138814
1678,9239,0.06647
1679,10767,0.256194
1679,13640,0.129387
1680,10269,0.473363
1681,9170,0.656008
1682,10769,0.073254
1682,11009,0.358743
1683,9630,0.562305
1683,10191,0.201165
1684,10775,0.06476
1684,10305,0.320578
1684,11455,0.064739
1684,9460,0.114593
1685,10438,0.690607
1686,10776,0.078233
1686,12749,0.316903
1686,13990,0.169787
1686,17770,0.086356
1687,10777,0.075825
1688,10778,0.586356
1689,10779,0.654022
1690,10780,0.055153
1690,11321,0.111393
1690,11795,0.06418
1691,10781,0.0627
1691,10140,0.087423
1691,9568,0.363589
1691,10946,0.070248
1692,10782,0.186352
1692,10568,0.383294
1693,10287,0.287538
1693,10783,0.381238
1693,10085,0.059892
1694,10771,0.16359
1694,13162,0.379577
1694,14259,0.097162
1695,10097,0.235536
1695,11485,0.154618
1696,10784,0.508744
1696,10806,0.188285
1697,9594,0.189376
1697,12418,0.071358
1697,9508,0.068246
1697,9201,0.179689
1697,12731,0.071454
1698,10785,0.466716
1698,12060,0.106037
1699,10786,0.486021
1699,13562,0.200144
1700,10787,0.195922
1700,10789,0.194861
1700,11702,0.266799
1701,10788,0.44801
1701,10799,0.21089
1701,12895,0.067493
1702,9238,0.236034
1702,13518,0.072639
1703,9440,0.312922
1703,9465,0.051893
1703,9155,0.092896
1704,10796,0.129899
1704,11723,0.165228
1704,13848,0.057366
1704,12593,0.058617
1704,17775,0.092774
1705,10366,0.295608
1705,10367,0.116061
1705,10349,0.104767
1705,12052,0.058192
1705,13040,0.060428
1706,9094,0.384547
1706,10079,0.063398
1706,14590,0.074373
1706,17741,0.0503
1707,9321,0.30375
1707,10855,0.348579
1707,9391,0.058772
1708,9387,0.343029
1708,9291,0.229253
1708,13624,0.065682
1709,10797,0.569565
1709,11967,0.172817
1710,9037,0.362642
1710,9370,0.122908
1710,15129,0.069319
1711,10800,0.58847
1712,10802,0.168167
1712,12482,0.26855
1712,14407,0.217599
1713,9199,0.577577
1714,10704,0.230243
1714,10807,0.076147
1714,12883,0.05294
1714,11787,0.178716
1714,15061,0.085948
1715,10803,0.399838
1715,13272,0.058103
1716,9819,0.171052
1716,11176,0.129825
1716,9047,0.059683
1717,10319,0.113061
1717,15151,0.106518
1717,9146,0.053132
1718,10804,0.063794
1718,17947,0.290434
1719,10502,0.23427
1719,11193,0.068758
1719,11824,0.08815
1720,10810,0.241627
1720,10870,0.069518
1720,11533,0.219821
1720,12328,0.066579
1720,14827,0.073267
1721,10811,0.142384
1721,15250,0.077166
1721,16769,0.124225
1722,10814,0.13202
1722,11135,0.555046
1723,9724,0.31919
1723,13032,0.179778
1723,11825,0.050595
1723,11522,0.189632
1724,10069,0.294087
1724,9128,0.382505
1724,11132,0.080096
1724,15129,0.073463
1725,10815,0.287233
1726,10816,0.262218
1726,10986,0.087974
1726,10824,0.146239
1727,10818,0.436226
1727,15102,0.116125
1728,10822,0.40172
1728,17263,0.112838
1729,10824,0.177297
1729,10816,0.368677
1729,13983,0.08115
1730,9065,0.308646
1730,9403,0.089317
1730,13454,0.071084
1730,11625,0.079613
1731,10815,0.150269
1731,10704,0.217699
1732,9973,0.146036
1732,11712,0.16046
1732,12621,0.082758
1733,10826,0.562331
1734,9278,0.226972
1734,9602,0.103467
1734,18260,0.22882
1735,10827,0.099146
1735,10900,0.106767
1735,14764,0.086278
1736,10829,0.360703
1736,9620,0.112251
1736,9759,0.073443
1736,14883,0.107052
1737,10830,0.616908
1738,10086,0.050317
1738,9942,0.119176
1738,12877,0.1397
1738,12971,0.059521
1739,10831,0.163756
1739,11313,0.289147
1740,10833,0.356137
1740,9681,0.063703
1740,16658,0.160822
1741,10836,0.17303
1741,13466,0.124825
1741,15797,0.053624
1741,17043,0.058617
1741,15078,0.086452
1742,10837,0.063686
1742,10838,0.323217
1742,11255,0.310587
1743,10840,0.144475
1744,10079,0.26686
1744,9447,0.059789
1744,9105,0.057935
1745,10842,0.689219
1746,10843,0.86706
1747,9247,0.233027
1747,11558,0.066189
1747,9043,0.067389
1748,10844,0.498449
1749,10845,0.59922
1750,9788,0.231897
1750,10846,0.230112
1750,10476,0.072012
1751,10847,0.76299
1752,10848,0.645273
1753,10820,0.266754
1753,9541,0.466247
1754,10849,0.138148
1754,10309,0.106997
1754,11645,0.154511
1754,11788,0.174549
1755,10032,0.731566
1756,10852,0.212628
1756,14824,0.188038
1756,15417,0.091249
1756,15747,0.079122
1756,17415,0.066989
1757,10856,0.420953
1757,11397,0.155268
1758,10859,0.428025
1759,10860,0.124788
1759,13897,0.084113
1759,15260,0.129204
1760,10122,0.195503
1760,12152,0.533701
1761,10861,0.158272
1761,9475,0.157552
1761,12005,0.171111
1762,10862,0.113148
1762,11789,0.056929
1763,10719,0.12716
1763,13568,0.071373
1764,10864,0.060869
1764,12464,0.325208
1764,12666,0.312441
1765,9377,0.29497
1765,11135,0.239335
1765,11384,0.067154
1765,10814,0.06664
1766,10866,0.0829
1766,11249,0.113809
1766,13708,0.083624
1766,16307,0.248717
1767,9337,0.311891
1767,9352,0.136233
1768,10790,0.335729
1768,11825,0.14193
1769,10867,0.245107
1769,9129,0.151577
1769,14816,0.167268
1769,16152,0.143358
1770,9787,0.382918
1770,10039,0.174474
1771,10032,0.372534
1771,9667,0.25778
1771,11264,0.053568
1771,10033,0.06216
1772,10871,0.624852
1772,11077,0.182293
1773,10872,0.365123
1773,9765,0.237963
1773,13435,0.162487
1774,10873,0.191431
1774,9674,0.327945
1774,17119,0.194781
1775,10734,0.175359
1775,12556,0.066209
1776,10875,0.196055
1777,10876,0.268939
1777,15101,0.1746
1778,10878,0.20337
1778,12142,0.058385
1778,9508,0.072618
1779,10882,0.155222
1779,11430,0.143434
1779,11488,0.055334
1779,13914,0.173333
1780,9956,0.225147
1780,12369,0.052243
1781,9391,0.488197
1781,10959,0.133312
1782,10885,0.738267
1783,10886,0.268821
1783,11498,0.242457
1783,16365,0.135471
1784,10792,0.07897
1784,16331,0.103937
1785,10888,0.226999
1785,11093,0.168202
1785,11096,0.117922
1785,11622,0.061925
1785,10758,0.086458
1786,10889,0.673559
1787,10890,0.287489
1787,10891,0.201699
1787,15998,0.116734
1788,10893,0.358657
1788,11342,0.074963
1788,11056,0.085807
1788,11601,0.065615
1788,11181,0.119521
1789,10894,0.123484
1789,10018,0.266815
1789,11482,0.12391
1789,11072,0.123901
1790,10896,0.813379
1791,10897,0.179588
1791,14402,0.1343
1792,9409,0.457729
1792,9607,0.104361
1793,9583,0.084491
1793,10621,0.072504
1793,15149,0.162334
1793,17335,0.104168
1794,10729,0.278302
1794,12949,0.130881
1794,17162,0.052128
1795,10901,0.197087
1795,10534,0.345611
1796,10902,0.694872
1797,9212,0.626984
1798,9205,0.261668
1798,9770,0.392563
1799,9589,0.22072
1799,10320,0.131242
1799,10905,0.090222
1799,10132,0.053433
1800,10906,0.146708
1800,10916,0.473149
1801,10908,0.143529
1801,11099,0.196949
1801,12079,0.072753
1801,9257,0.276919
1802,10909,0.423959
1803,10910,0.242782
1803,14699,0.102015
1803,13218,0.098178
1804,10911,0.244909
1804,11738,0.10284
1804,11205,0.071365
1804,12699,0.057874
1804,13921,0.059891
1804,16853,0.071375
1805,10912,0.602358
1805,10920,0.217736
1806,10914,0.193744
1806,16111,0.15082
1806,16729,0.235576
1806,9560,0.160297
1807,10915,0.283827
1807,12714,0.052421
1807,14673,0.147751
1808,10917,0.103845
1808,11371,0.384497
1809,10918,0.805152
1810,9260,0.207993
1810,9269,0.081722
1810,9278,0.230158
1811,10919,0.111132
1811,10274,0.162464
1812,10922,0.086543
1812,9319,0.428741
1812,9508,0.094994
1813,10923,0.428607
1813,16070,0.161584
1814,10924,0.166187
1814,10926,0.353423
1814,15455,0.213261
1815,10909,0.414394
1815,12178,0.177838
1815,12847,0.059765
1816,10925,0.093596
1816,9243,0.393563
1817,10927,0.571124
1818,9750,0.433807
1818,10271,0.153754
1818,15380,0.12246
1819,10928,0.143354
1819,14261,0.058409
1820,9969,0.178342
1820,16925,0.177015
1821,9633,0.620621
1822,10920,0.062159
1822,12921,0.159836
1822,14433,0.234045
1822,11896,0.087918
1823,10368,0.196894
1824,10932,0.459833
1825,10198,0.581685
1825,10935,0.132053
1826,10937,0.796875
1827,9205,0.578464
1828,10938,0.820412
1829,10939,0.211894
1829,12038,0.184874
1829,13381,0.060293
1830,10940,0.172066
1830,10973,0.47686
1831,10941,0.121757
1831,10382,0.31955
1832,10942,0.214274
1832,12534,0.076318
1832,13159,0.250998
1833,10943,0.338998
1834,9250,0.075679
1834,13915,0.080812
1834,11374,0.105418
1834,14250,0.080894
1835,10944,0.375049
1835,13065,0.323988
1836,10946,0.052826
1836,9568,0.386499
1837,10947,0.455096
1837,10948,0.213472
1837,17244,0.119425
1838,10949,0.698192
1839,9674,0.320507
1839,10977,0.058335
1839,12757,0.055851
1840,10950,0.319755
1840,10952,0.106394
1840,12414,0.063021
1840,13167,0.135486
1840,15887,0.074064
1841,9180,0.217271
1841,9237,0.139164
1841,9188,0.31633
1842,10951,0.100798
1842,12128,0.064944
1842,12133,0.083618
1842,14063,0.0788
1842,16159,0.087645
1842,16896,0.052941
1843,10953,0.836445
1844,10954,0.393846
1844,12433,0.140293
1845,10955,0.345781
1845,10578,0.087401
1845,9712,0.051743
1845,14538,0.081603
1846,9119,0.09392
1846,11528,0.330367
1846,9166,0.06215
1847,10046,0.06682
1847,12036,0.102841
1847,12596,0.055217
1847,10116,0.059863
1847,14058,0.071972
1848,10957,0.204156
1848,15724,0.453606
1848,9821,0.129935
1849,10958,0.286093
1849,15066,0.130597
1850,10959,0.633713
1851,9959,0.216155
1851,11198,0.118415
1852,10960,0.863909
1853,10963,0.371443
1853,13299,0.131111
1854,10964,0.546446
1854,11001,0.227522
1855,10965,0.258792
1855,11968,0.215566
1855,15999,0.064384
1856,10966,0.21817
1856,14314,0.236963
1856,15128,0.129731
1856,14957,0.052687
1857,10967,0.408802
1857,9817,0.282256
1858,10968,0.249482
1858,10989,0.413901
1858,14235,0.051658
1859,9492,0.061556
1859,11284,0.089331
1859,9632,0.053971
1860,10970,0.218135
1860,11242,0.389343
1861,10971,0.754066
1862,10972,0.139979
1862,9204,0.364088
1862,9780,0.319867
1863,9942,0.183313
1863,14470,0.381957
1863,10108,0.093845
1864,10974,0.220762
1864,9430,0.124257
1864,9895,0.230245
1865,9893,0.118949
1865,10509,0.119411
1866,10975,0.262055
1866,11297,0.216045
1867,10238,0.069177
1867,12420,0.165827
1867,12422,0.105768
1867,12614,0.080005
1867,17766,0.064277
1868,9773,0.255534
1868,9388,0.076556
1868,9440,0.140251
1868,9305,0.088499
1869,9465,0.351629
1869,9674,0.150113
1869,9838,0.174038
1870,10979,0.213782
1870,9337,0.089739
1870,10294,0.253883
1870,10362,0.159183
1871,9386,0.120175
1871,11358,0.087316
1871,13292,0.120505
1871,9481,0.218316
1872,10983,0.476007
1872,17123,0.218959
1873,10984,0.53718
1873,12743,0.112196
1874,10985,0.1256
1874,9547,0.128913
1874,12156,0.37213
1875,9297,0.243232
1875,9298,0.058291
1876,10762,0.129497
1876,13151,0.138745
1876,11226,0.24244
1877,9751,0.425927
1877,11736,0.104707
1877,9409,0.102907
1878,10991,0.1815
1878,10132,0.114786
1878,11978,0.059936
1878,9219,0.074695
1878,10287,0.07258
1878,9453,0.10009
1879,10853,0.339575
1879,9986,0.284948
1879,10211,0.062046
1880,10374,0.173208
1881,10964,0.357783
1881,11001,0.190594
1882,10287,0.095698
1882,10990,0.061931
1882,10085,0.297135
1882,15570,0.069712
1883,10990,0.399147
1883,14443,0.12011
1884,9942,0.186962
1884,10676,0.108884
1884,12436,0.050489
1885,10992,0.467808
1885,13914,0.164328
1885,18261,0.071681
1886,10993,0.063057
1886,10994,0.067814
1887,9427,0.363164
1888,10995,0.685372
1889,10997,0.110694
1889,11892,0.117487
1889,13164,0.051607
1889,13827,0.124797
1889,15485,0.051346
1890,10445,0.209153
1890,12677,0.108696
1891,10079,0.364099
1891,9076,0.414373
1892,10998,0.099703
1892,11205,0.389498
1892,15735,0.17888
1893,10999,0.352756
1893,12081,0.287179
1894,11000,0.09316
1894,10118,0.130435
1894,11298,0.056015
1894,10096,0.111441
1894,15693,0.070321
1895,9235,0.426162
1895,11004,0.198994
1896,9922,0.423217
1897,11002,0.363095
1897,10871,0.216157
1897,11077,0.111293
1898,10537,0.206565
1898,12651,0.149578
1898,11073,0.20134
1899,11003,0.220674
1899,10218,0.284418
1900,11005,0.080547
1900,10289,0.114703
1900,11007,0.080547
1900,9143,0.080527
1900,13832,0.080543
1900,17867,0.058773
1901,11006,0.10652
1902,11008,0.097751
1902,9438,0.262606
1902,11439,0.29217
1903,11009,0.1883
1903,14120,0.057558
1903,9102,0.058365
1904,11010,0.348684
1904,12302,0.187108
1904,12324,0.082465
1905,9942,0.088196
1906,10584,0.297679
1906,10405,0.322046
1907,10076,0.389898
1907,10352,0.179716
1908,10076,0.333394
1909,9267,0.164106
1909,11032,0.183192
1910,11012,0.319017
1910,13883,0.066597
1910,14657,0.078519
1910,15546,0.067226
1911,11013,0.26927
1912,9048,0.330453
1913,11015,0.426141
1913,13317,0.200972
1914,11017,0.080406
1914,9132,0.130563
1914,13648,0.149937
1914,9041,0.071395
1915,11019,0.729272
1916,10126,0.178653
1916,9269,0.085227
1916,10537,0.256894
1916,14220,0.126349
1917,11020,0.229657
1917,9940,0.143563
1917,16189,0.07205
1917,16193,0.07205
1918,11021,0.560558
1919,10529,0.269928
1919,11025,0.204185
1919,11717,0.230999
1919,14126,0.057559
1920,9917,0.072675
1921,11024,0.314796
1922,9196,0.131001
1922,14209,0.269354
1923,11026,0.85194
1924,11027,0.146557
1924,9315,0.078836
1925,9868,0.267681
1925,16831,0.171283
1925,10941,0.122877
1926,11029,0.115443
1926,11391,0.455325
1926,13031,0.136638
1927,9309,0.425393
1927,10627,0.110794
1927,9201,0.095817
1927,14659,0.059473
1927,10631,0.079925
1928,11030,0.079005
1928,12831,0.050009
1928,10134,0.149198
1928,14679,0.150527
1929,10871,0.063756
1929,11040,0.11792
1929,11057,0.070046
1929,15127,0.093939
1929,16790,0.06163
1929,11848,0.105165
1930,9178,0.310587
1931,10210,0.691292
1932,10987,0.195378
1932,9192,0.195595
1932,16958,0.228244
1933,11033,0.270625
1933,12169,0.163923
1934,11034,0.259993
1934,13627,0.281253
1934,11001,0.050509
1934,11056,0.10469
1935,10322,0.17396
1935,11800,0.217856
1935,10398,0.161933
1935,9034,0.063594
1936,11035,0.050728
1936,15757,0.050653
1936,16162,0.231198
1936,16163,0.251234
1937,9947,0.271582
1937,15996,0.151787
1937,15227,0.211667
1938,11037,0.37783
1939,11038,0.270858
1939,14004,0.227701
1940,10097,0.331967
1940,9572,0.050927
1941,11041,0.295248
1941,10310,0.188713
1941,11873,0.152818
1942,10378,0.443584
1942,15767,0.131043
1943,11043,0.543571
1943,14952,0.143338
1944,11044,0.088906
1944,10049,0.069841
1945,11045,0.719786
1946,11046,0.517189
1947,10162,0.177483
1947,12006,0.095663
1948,11047,0.30441
1948,13405,0.14774
1948,14489,0.217089
1949,9619,0.056614
1949,11797,0.078068
1949,12141,0.133079
1950,10314,0.198537
1950,10794,0.130937
1950,9516,0.055877
1951,11051,0.217115
1951,9152,0.262753
1951,12630,0.071341
1952,11052,0.143355
1952,14393,0.141991
1952,10729,0.054904
1952,16713,0.05558
1952,14836,0.121232
1952,17667,0.05558
1953,11053,0.518772
1953,16330,0.153948
1953,16557,0.097606
1954,9735,0.159864
1954,11054,0.166813
1954,10726,0.083425
1954,13806,0.066613
1954,11997,0.162099
1955,9738,0.366473
1955,12138,0.116369
1955,13376,0.063043
1955,9260,0.051156
1956,9509,0.18777
1956,10498,0.187522
1956,15076,0.133196
1957,11056,0.522656
1957,11469,0.179023
1958,9509,0.415908
1959,10353,0.221736
1959,10569,0.053096
1959,16743,0.051844
1960,9270,0.07264
1960,10171,0.150529
1960,11657,0.068718
1961,11058,0.245095
1961,11611,0.068919
1961,11821,0.055311
1961,12202,0.178143
1961,12682,0.054805
1962,11059,0.13032
1962,9680,0.062405
1962,12326,0.051728
1962,12835,0.182901
1962,9825,0.215361
1962,12413,0.090594
1963,11062,0.453423
1963,14474,0.179654
1964,10964,0.23952
1964,11296,0.13295
1964,11001,0.053668
1964,15153,0.064858
1964,10294,0.053951
1965,11064,0.149757
1965,11818,0.126518
1965,15690,0.103867
1965,11057,0.210652
1966,11065,0.424028
1966,9506,0.093001
1966,13158,0.093056
1967,11066,0.527325
1968,11068,0.78795
1969,11069,0.085155
1969,11044,0.053086
1969,11254,0.202471
1969,11227,0.320802
1970,11070,0.546131
1971,9388,0.262908
1971,10529,0.057027
1971,10761,0.062863
1972,11073,0.112936
1972,9726,0.108124
1972,11685,0.119465
1972,12470,0.075998
1972,14030,0.080168
1973,9345,0.138699
1973,9509,0.14049
1974,11074,0.063738
1974,10244,0.353063
1974,12729,0.063739
1974,17746,0.063734
1975,11075,0.284501
1975,9341,0.086847
1975,15893,0.055274
1975,9640,0.08426
1976,11076,0.177013
1976,11607,0.365613
1976,11669,0.118715
1977,11078,0.052148
1977,12713,0.215202
1977,13122,0.06384
1977,10610,0.06247
1977,16200,0.072175
1978,10044,0.346972
1978,16144,0.057688
1979,11079,0.103775
1979,11652,0.309985
1979,11656,0.074481
1980,11080,0.113383
1980,9712,0.109852
1980,13581,0.20774
1981,11082,0.24229
1981,14906,0.290753
1982,9188,0.396514
1983,11083,0.455839
1983,10861,0.122774
1984,11084,0.414644
1984,11356,0.078119
1984,15394,0.065988
1985,10353,0.099353
1985,11258,0.059209
1985,13093,0.07691
1986,11086,0.051692
1986,10262,0.148617
1986,16898,0.112496
1986,11033,0.06776
1986,17859,0.063469
1987,11088,0.601639
1988,10388,0.163015
1988,9274,0.076181
1988,9470,0.083451
1988,13507,0.145501
1989,11090,0.402361
1989,13526,0.068011
1989,15631,0.084569
1990,9787,0.081097
1990,10856,0.063207
1990,15772,0.08692
1990,11162,0.159898
1991,9389,0.286073
1991,10903,0.060873
1991,10051,0.078851
1991,10320,0.063612
1992,9411,0.268077
1992,12059,0.060525
1993,11091,0.289888
1993,13030,0.109121
1993,11276,0.179559
1993,13846,0.084625
1994,11092,0.284942
1994,16316,0.364613
1995,11094,0.597078
1996,11097,0.065004
1996,13085,0.054466
1996,13691,0.121963
1996,14785,0.080601
1996,15507,0.1274
1997,9487,0.404336
1998,10711,0.172057
1998,16807,0.23745
1999,11098,0.566703
2000,10116,0.068315
2000,11934,0.058787
2000,13322,0.062385
2000,10087,0.059118
2001,11100,0.052163
2001,12884,0.249315
2001,9382,0.245691
2002,11102,0.243276
2002,12240,0.190726
2002,15199,0.07214
2003,11103,0.224119
2003,11467,0.290756
2003,12206,0.198356
2004,9045,0.403681
2004,9266,0.121066
2005,9242,0.337075
2006,11104,0.09946
2006,10726,0.117014
2006,11789,0.287142
2007,11105,0.777371
2008,10204,0.326574
2008,11667,0.064865
2008,10988,0.105899
2008,10631,0.067451
2009,11106,0.0549
2009,9843,0.263448
2009,10969,0.178474
2009,9833,0.184097
2010,11107,0.557469
2011,11108,0.252991
2011,11113,0.460127
2012,11110,0.676879
2013,11111,0.144755
2013,11917,0.201892
2014,11112,0.059638
2014,14705,0.181529
2014,11136,0.148132
2015,11114,0.12683
2015,12071,0.527894
2015,15377,0.111204
2016,10770,0.496044
2017,11115,0.101718
2017,11197,0.058129
2017,10757,0.05141
2017,12372,0.091119
2017,12373,0.061892
2017,14362,0.09665
2018,10391,0.168168
2018,11025,0.069443
2018,9059,0.078207
2018,16744,0.063789
2019,11116,0.574717
2020,9210,0.609066
2021,11118,0.196139
2021,12343,0.15699
2022,11119,0.151258
2023,11120,0.233966
2023,10600,0.232429
2023,15393,0.056227
2023,16025,0.056159
2024,11121,0.093532
2024,14036,0.336008
2024,14309,0.10788
2025,9077,0.641545
2026,11122,0.474499
2026,13046,0.206268
2027,11123,0.336964
2027,13132,0.070218
2027,13541,0.076828
2028,11124,0.406979
2029,9667,0.456077
2029,9351,0.37318
2030,11125,0.840436
2031,9353,0.603629
2032,9833,0.502013
2032,10969,0.131259
2033,11129,0.33947
2033,12307,0.172854
2034,11130,0.086892
2034,12995,0.113834
2034,12184,0.065036
2034,14246,0.062237
2034,13254,0.071091
2035,9723,0.417344
2035,9128,0.116024
2036,11131,0.403068
2036,10135,0.05004
2036,9047,0.067883
2037,11133,0.132368
2037,13422,0.067863
2037,14124,0.142506
2037,15841,0.32263
2038,11134,0.088058
2038,14029,0.140439
2039,9789,0.291012
2039,9860,0.443912
2040,11136,0.052234
2040,9059,0.091709
2040,11542,0.244931
2040,12533,0.089743
2041,11137,0.294687
2042,11138,0.76782
2043,11139,0.067167
2043,12301,0.104312
2043,10100,0.053921
2043,17419,0.061704
2044,11140,0.605461
2044,12963,0.148172
2045,10327,0.219527
2045,9871,0.127659
2045,11545,0.087233
2045,14748,0.054233
2046,11142,0.7409
2047,9411,0.209888
2047,12059,0.357032
2047,13659,0.083431
2048,11143,0.133146
2048,11346,0.275213
2048,12090,0.14526
2048,12849,0.122334
2049,10006,0.308073
2049,11348,0.32121
2049,9267,0.090238
2050,11145,0.272728
2050,12208,0.090451
2050,13888,0.277532
2050,16059,0.093082
2051,11148,0.184206
2051,9366,0.419108
2052,11149,0.525124
2053,11151,0.26369
2053,11373,0.225177
2054,11153,0.379243
2054,11169,0.370477
2055,11154,0.503524
2056,11155,0.127089
2056,11676,0.103219
2056,9828,0.058166
2056,14552,0.093272
2057,11156,0.138971
2057,10125,0.214666
2057,10082,0.091789
2057,14022,0.061708
2057,12613,0.054809
2058,11157,0.327097
2058,14146,0.420393
2059,11158,0.081195
2059,13175,0.336216
2059,14284,0.100008
2059,14483,0.052382
2060,11159,0.368428
2060,11675,0.218161
2060,11679,0.125764
2060,12222,0.059654
2061,9653,0.431474
2061,10887,0.08858
2062,11160,0.185341
2062,9306,0.12709
2062,9617,0.184787
2063,11161,0.205619
2063,11675,0.066847
2063,9618,0.064173
2064,11162,0.313492
2064,17156,0.245787
2065,11163,0.137176
2065,10299,0.136437
2066,11162,0.544465
2067,11164,0.347834
2067,9940,0.349931
2068,11165,0.152331
2068,9076,0.144916
2068,9180,0.076433
2068,15660,0.153453
2068,17023,0.136903
2069,11166,0.113507
2069,11350,0.19841
2069,11353,0.067743
2070,11169,0.23636
2070,11153,0.122694
2071,11170,0.467074
2071,9972,0.092624
2071,17983,0.083476
2072,9966,0.239659
2072,11449,0.113411
2073,11174,0.499193
2074,11179,0.517137
2075,11180,0.322894
2075,9204,0.44844
2075,9115,0.101271
2076,11181,0.500352
2077,11182,0.582356
2078,10570,0.139511
2078,9509,0.074433
2079,10040,0.072905
2079,12858,0.079802
2079,9277,0.103116
2079,10410,0.110921
2080,9873,0.471328
2080,12382,0.164929
2081,11183,0.616549
2082,11184,0.346186
2082,11333,0.16114
2082,12721,0.051925
2083,11185,0.232157
2083,9559,0.209985
2083,10732,0.089758
2083,9112,0.050715
2084,9374,0.056942
2084,11436,0.12792
2084,13797,0.149937
2084,14269,0.089318
2085,11161,0.102044
2085,12329,0.069936
2085,10317,0.211422
2085,14581,0.084651
2086,11188,0.168935
2086,12192,0.08612
2086,15179,0.12356
2087,9167,0.443047
2087,11331,0.095941
2087,13627,0.090981
2087,12650,0.053747
2088,10682,0.093992
2088,9568,0.086136
2088,13686,0.200574
2088,9942,0.057408
2088,13110,0.094106
2089,9835,0.207341
2089,12314,0.097576
2089,10088,0.196691
2090,11189,0.76888
2091,10345,0.063832
2091,12385,0.293514
2091,12388,0.368585
2092,11190,0.460643
2092,13732,0.285918
2093,10196,0.63523
2094,11192,0.241494
2094,9193,0.159939
2095,11193,0.071331
2095,12732,0.108234
2095,15118,0.058433
2095,13540,0.070433
2096,11194,0.402931
2096,13267,0.056315
2096,14745,0.061548
2097,10837,0.32293
2097,9280,0.237049
2098,11197,0.327699
2098,18186,0.126902
2098,12372,0.126949
2099,11199,0.157212
2099,9270,0.071817
2100,11200,0.267841
2100,9126,0.245885
2100,9359,0.093549
2100,17700,0.057312
2101,11201,0.156937
2102,11119,0.109624
2102,12594,0.090459
2102,9815,0.446372
2102,17280,0.069301
2103,11203,0.212758
2103,12962,0.128192
2103,10710,0.108421
2103,14978,0.265843
2104,11206,0.123156
2104,12450,0.055595
2104,12842,0.070071
2104,12866,0.084188
2104,14133,0.16853
2104,15741,0.098729
2105,11207,0.130739
2105,15674,0.052023
2105,15688,0.091596
2106,11208,0.20742
2106,12734,0.116945
2106,12623,0.079778
2106,10397,0.091502
2106,17972,0.156586
2107,9615,0.417185
2108,11210,0.466584
2108,16477,0.180266
2108,9946,0.051448
2109,11211,0.184822
2109,11220,0.053055
2109,11234,0.325182
2109,11237,0.06973
2110,11212,0.183297
2110,12277,0.070236
2110,13478,0.214538
2110,13480,0.076911
2111,11213,0.731968
2112,11215,0.097425
2112,10241,0.212626
2112,12830,0.053309
2112,17683,0.077932
2113,11217,0.539526
2113,15460,0.244422
2114,11213,0.69343
2115,11183,0.598231
2116,11219,0.181353
2116,12308,0.271751
2116,12878,0.091775
2116,12894,0.080715
2117,10296,0.509209
2117,15235,0.365269
2118,10812,0.363128
2118,11222,0.062926
2118,12691,0.088873
2118,10707,0.091703
2119,11221,0.060501
2119,10140,0.298534
2119,10792,0.132019
2120,11223,0.377915
2120,9126,0.197004
2120,10265,0.245024
2121,10452,0.353052
2121,10296,0.05407
2121,10386,0.09888
2121,9250,0.093821
2121,15107,0.092975
2122,11228,0.217499
2122,13782,0.085584
2123,11229,0.575232
2124,11231,0.093696
2124,11311,0.084585
2124,11399,0.219448
2125,11232,0.052534
2125,12704,0.15366
2125,14316,0.064605
2125,17113,0.064391
2126,11233,0.421885
2127,10613,0.278993
2127,9964,0.066691
2128,9510,0.283104
2128,9107,0.071918
2129,9595,0.07501
2129,9054,0.084261
2129,12199,0.354566
2130,11197,0.278257
2131,11238,0.258945
2131,15980,0.195153
2132,10314,0.286382
2133,9284,0.324464
2133,15656,0.069572
2133,15333,0.051902
2134,11239,0.268474
2134,11248,0.284723
2135,11240,0.272224
2135,11677,0.473364
2136,11241,0.280077
2136,12392,0.127478
2136,13194,0.059117
2137,11243,0.050253
2137,11584,0.103965
2137,14438,0.155031
2137,10966,0.05745
2138,11245,0.214368
2138,9243,0.142602
2138,12161,0.110032
2138,13095,0.07248
2138,13631,0.052848
2138,13704,0.05337
2139,11227,0.214639
2139,11254,0.179775
2139,10292,0.10168
2139,12207,0.096077
2140,11246,0.051691
2140,9270,0.054915
2140,10365,0.150372
2141,11247,0.230455
2141,12628,0.3395
2141,17166,0.060985
2141,11205,0.076523
2142,9922,0.816424
2143,11196,0.583732
2144,9827,0.146789
2144,15219,0.140678
2144,17431,0.148298
2145,11256,0.556742
2145,11257,0.168778
2146,11259,0.277174
2146,13230,0.232562
2146,14678,0.113481
2146,17455,0.079042
2146,11791,0.074535
2147,11255,0.32335
2147,10838,0.407551
2148,9589,0.365832
2148,10132,0.065392
2149,9942,0.060662
2149,13568,0.088736
2149,13925,0.079644
2149,12986,0.074518
2150,9752,0.628189
2151,9201,0.223173
2151,9594,0.060193
2151,10982,0.119562
2152,11260,0.348464
2153,11262,0.367468
2154,11263,0.400178
2154,12700,0.069123
2155,11265,0.684845
2156,9551,0.354733
2156,11664,0.287659
2156,9638,0.118671
2157,11267,0.360739
2158,10651,0.357632
2158,11270,0.265877
2158,13542,0.093538
2159,11268,0.096126
2159,11279,0.095613
2159,13586,0.133766
2159,13755,0.095863
2159,17902,0.096126
2160,11269,0.556571
2160,15435,0.115323
2161,10539,0.272447
2161,14263,0.084383
2161,10606,0.060758
2161,16328,0.074727
2162,11271,0.164376
2162,11513,0.148873
2162,15353,0.076581
2163,11272,0.172081
2163,12317,0.08247
2163,11625,0.142241
2163,14412,0.054946
2164,10458,0.147193
2164,10524,0.081996
2164,15588,0.161426
2164,15604,0.107684
2165,11274,0.127062
2165,12015,0.191134
2165,10544,0.108288
2166,9729,0.296076
2167,9129,0.352812
2167,15138,0.082949
2167,10308,0.051043
2167,9505,0.188765
2167,17014,0.051717
2168,11275,0.48194
2169,9201,0.249235
2169,11182,0.156655
2170,11276,0.748581
2171,11277,0.368099
2171,11014,0.105113
2171,16693,0.077049
2172,11278,0.642822
2173,11282,0.099577
2173,12759,0.092253
2173,13239,0.071237
2173,14928,0.151645
2174,11283,0.151193
2174,10118,0.111178
2174,9846,0.202123
2174,9619,0.056976
2175,11285,0.085014
2175,11670,0.120717
2175,12017,0.108719
2175,12562,0.161202
2175,12569,0.063822
2175,11388,0.053226
2176,11286,0.533132
2176,11572,0.203089
2177,11287,0.491634
2177,13315,0.203128
2177,16171,0.078709
2178,11289,0.065593
2178,11683,0.32474
2178,12689,0.228541
2179,9541,0.201775
2179,11680,0.335206
2180,11290,0.262373
2180,13543,0.122992
2180,10817,0.050669
2180,17077,0.055928
2181,11291,0.206966
2181,13214,0.436487
2181,14277,0.060049
2182,11294,0.413194
2182,13491,0.360613
2183,10162,0.333001
2184,11295,0.373474
2184,15442,0.254506
2184,17694,0.087721
2185,11296,0.100253
2185,9291,0.127525
2185,9387,0.254593
2185,12922,0.082261
2186,11299,0.336351
2186,10989,0.24035
2186,16843,0.175956
2187,11300,0.157647
2187,15670,0.062631
2187,11936,0.080088
2187,17480,0.061449
2187,17578,0.092226
2188,11302,0.345622
2188,11525,0.183498
2189,11303,0.348767
2189,13288,0.08137
2189,11269,0.058707
2189,16723,0.087778
2189,17073,0.087742
2190,9262,0.243733
2190,14029,0.086364
2190,10869,0.07914
2190,17812,0.064307
2191,9527,0.056449
2191,10171,0.110472
2191,12700,0.064497
2192,11304,0.124988
2192,11324,0.512497
2192,11328,0.106534
2193,11306,0.462325
2193,11466,0.199778
2194,9474,0.242036
2194,10048,0.367637
2194,9151,0.079538
2195,9753,0.442736
2196,11307,0.464809
2197,9878,0.354829
2197,11534,0.063008
2197,10547,0.140159
2197,10836,0.102615
2198,11027,0.487809
2199,11309,0.067532
2199,11551,0.052145
2199,11590,0.197701
2199,9333,0.153773
2199,13814,0.073097
2200,11312,0.117618
2200,16430,0.256892
2201,11314,0.564117
2202,11135,0.658158
2203,11315,0.279138
2203,11837,0.080512
2203,11507,0.077911
2203,17565,0.053562
2204,9614,0.430892
2204,11051,0.051351
2204,9152,0.103538
2204,13130,0.077838
2205,10363,0.600002
2206,11028,0.337095
2207,9177,0.561201
2207,11364,0.156408
2208,11317,0.322011
2208,11887,0.164451
2208,14449,0.061339
2208,11393,0.070165
2209,11318,0.560359
2210,11319,0.286685
2210,11753,0.065094
2210,11283,0.058094
2211,11323,0.393336
2211,11326,0.105135
2211,14594,0.079541
2211,15303,0.089918
2211,10885,0.053526
2212,11325,0.338876
2212,9132,0.380518
2213,9052,0.773617
2214,11327,0.406076
2214,14395,0.187177
2215,11328,0.507979
2216,11329,0.292003
2216,11829,0.208322
2217,11330,0.728708
2218,11332,0.313869
2218,10263,0.197956
2219,11335,0.334985
2219,11799,0.202892
2219,10590,0.159395
2220,9142,0.528111
2221,11337,0.441088
2222,11338,0.428766
2223,11339,0.32918
2224,9606,0.342549
2225,9842,0.222747
2225,17036,0.122125
2225,17037,0.122258
2226,10051,0.088861
2226,11838,0.422236
2226,15296,0.150173
2226,9966,0.126253
2227,9910,0.099735
2227,11340,0.422949
2227,15350,0.115756
2227,15475,0.090068
2228,9150,0.740538
2229,11341,0.383593
2229,12554,0.243733
2230,9869,0.151873
2231,11343,0.187867
2231,11895,0.179748
2231,9351,0.075177
2231,15493,0.054119
2232,11344,0.72189
2233,10392,0.386336
2233,13498,0.066555
2233,10324,0.141798
2234,11347,0.255738
2234,10159,0.054829
2234,17246,0.0669
2235,11349,0.095354
2235,11350,0.131969
2235,16654,0.171933
2235,17736,0.096112
2236,11351,0.274806
2236,14018,0.179346
2236,15185,0.087053
2236,10082,0.061719
2237,11354,0.795844
2238,11355,0.254845
2238,13874,0.057713
2238,14247,0.324399
2239,9092,0.39819
2240,9414,0.427686
2241,11357,0.208228
2241,9273,0.066041
2241,10900,0.346806
2242,9351,0.611158
2242,17995,0.188021
2243,10244,0.844206
2244,9939,0.265792
2244,10673,0.265004
2244,11122,0.138956
2244,16357,0.063308
2245,11359,0.118168
2245,9319,0.460669
2245,9508,0.149877
2246,11361,0.063265
2246,13924,0.240944
2246,10711,0.118183
2247,11362,0.058024
2247,11399,0.071004
2248,11363,0.541041
2249,9192,0.09372
2249,11554,0.053344
2250,11365,0.557749
2251,11219,0.112355
2251,14944,0.086562
2251,12308,0.322633
2252,10259,0.253201
2252,11564,0.123967
2252,12802,0.074633
2253,10590,0.133009
2253,13508,0.062989
2253,11335,0.471833
2254,9179,0.063172
2254,11373,0.066682
2254,12291,0.167346
2254,14733,0.064647
2255,11368,0.151837
2255,11666,0.237226
2255,13707,0.066729
2255,10002,0.092806
2255,16674,0.102119
2256,11369,0.377376
2257,11370,0.783065
2258,11335,0.182495
2258,13508,0.228011
2258,14369,0.065693
2258,11368,0.083348
2258,10590,0.093564
2259,11372,0.059127
2259,12165,0.08241
2259,10397,0.091193
2259,15684,0.058939
2259,10346,0.151929
2259,18117,0.082391
2260,11161,0.346536
2260,11619,0.075427
2260,9920,0.058578
2261,11374,0.163554
2261,13050,0.143556
2261,13871,0.0545
2261,14131,0.064324
2262,11376,0.258997
2262,17253,0.186115
2263,11378,0.409833
2263,9658,0.062697
2264,11379,0.142513
2264,11636,0.307786
2264,11637,0.152294
2264,12245,0.142167
2265,11380,0.05263
2265,13111,0.30898
2265,12196,0.104776
2265,15159,0.099208
2265,16685,0.066245
2266,9965,0.388734
2266,9258,0.063775
2267,11383,0.321586
2267,9762,0.426164
2268,10725,0.809088
2269,10900,0.339551
2269,10827,0.070718
2270,10015,0.23793
2270,11816,0.144426
2270,13290,0.103983
2271,9605,0.371287
2272,11387,0.093088
2272,14928,0.216971
2272,14865,0.087929
2273,10827,0.189496
2273,10900,0.159454
2274,11390,0.144296
2274,9527,0.11321
2274,13953,0.082426
2274,16324,0.067665
2274,14193,0.066486
2275,11393,0.112935
2275,11317,0.301785
2276,10354,0.262275
2276,10265,0.194621
2277,11394,0.381754
2277,12177,0.203724
2278,11395,0.293013
2278,12872,0.063177
2278,11797,0.098565
2278,9942,0.091779
2279,11396,0.168046
2279,12502,0.446527
2279,17734,0.066867
2280,9336,0.24029
2281,9059,0.267207
2282,11398,0.183221
2282,9941,0.161717
2282,16286,0.226201
2283,11400,0.393247
2283,11404,0.118765
2284,11401,0.216414
2284,16325,0.154997
2284,15262,0.093174
2284,16462,0.154593
2285,11403,0.053944
2285,9810,0.13224
2285,15707,0.224161
2285,16623,0.086568
2285,15080,0.096494
2286,11405,0.416451
2286,11975,0.287711
2286,16460,0.059093
2287,11406,0.243892
2287,11409,0.074685
2287,11976,0.248409
2287,11405,0.069663
2288,11407,0.271343
2288,11781,0.087494
2288,12825,0.137909
2289,11408,0.3919
2289,12810,0.211743
2289,9441,0.156006
2290,11410,0.329915
2290,11117,0.056346
2290,17598,0.097736
2290,16030,0.053484
2291,11411,0.578149
2292,10169,0.175763
2292,11542,0.053168
2292,9059,0.137145
2292,18284,0.09549
2293,9547,0.101061
2293,9336,0.056156
2293,11441,0.082528
2293,9059,0.067284
2293,14102,0.056264
2293,14945,0.085685
2293,15822,0.057239
2293,14924,0.148146
2294,11412,0.261655
2294,14626,0.0983
2294,11886,0.1874
2295,11413,0.304541
2295,15278,0.234376
2295,9608,0.07587
2296,10980,0.229622
2296,10783,0.168832
2296,9222,0.107315
2297,11414,0.304626
2297,11580,0.084588
2297,12364,0.079356
2297,9988,0.143182
2298,11416,0.091347
2298,11766,0.312391
2298,13341,0.078985
2298,13842,0.05661
2299,9750,0.122501
2299,11930,0.244029
2299,11914,0.051211
2299,10271,0.104051
2299,12735,0.052838
2300,11418,0.089488
2300,11639,0.301637
2301,9068,0.258156
2301,14580,0.116285
2301,9403,0.15326
2301,17440,0.055158
2302,11419,0.246272
2302,11830,0.104262
2302,14744,0.056413
2302,16108,0.072394
2302,16223,0.086735
2303,9105,0.107207
2303,12731,0.412413
2303,10155,0.053609
2304,11420,0.195605
2304,12386,0.089568
2304,10716,0.08943
2304,17875,0.087528
2305,11422,0.051234
2305,11438,0.091892
2305,14014,0.071525
2305,14015,0.071345
2305,12436,0.090314
2305,18127,0.051365
2306,11423,0.242183
2306,13579,0.128465
2306,9284,0.071842
2307,11424,0.430472
2307,12351,0.273745
2307,11565,0.060253
2308,10387,0.227403
2308,16065,0.082734
2308,16119,0.071446
2309,11427,0.155348
2309,12979,0.066732
2309,13685,0.070397
2309,9954,0.070387
2310,11429,0.308359
2310,11751,0.15711
2310,14677,0.197691
2311,11431,0.234922
2311,12025,0.055233
2311,13127,0.101478
2311,14755,0.051931
2312,11432,0.107354
2312,12766,0.115397
2312,14168,0.051358
2312,12401,0.170435
2312,16064,0.057004
2312,13082,0.055432
2313,11434,0.519148
2313,11397,0.156569
2314,10275,0.275285
2314,9561,0.191885
2315,9180,0.385498
2316,11435,0.073911
2316,13535,0.425266
2316,14177,0.132658
2317,11440,0.667243
2318,9107,0.061552
2318,9510,0.192667
2319,9780,0.106361
2319,14151,0.193782
2319,10542,0.185886
2320,11442,0.145771
2320,13444,0.063746
2320,16432,0.100812
2320,15182,0.147349
2321,11444,0.201074
2321,11447,0.140309
2321,13283,0.126215
2321,14991,0.060376
2322,11445,0.646975
2323,9589,0.165456
2323,11767,0.195274
2323,10265,0.051702
2323,9205,0.051376
2323,9641,0.065664
2324,11450,0.776365
2325,11451,0.728071
2326,11452,0.562343
2326,11994,0.228754
2327,11453,0.062795
2327,12191,0.094865
2328,9057,0.050949
2328,9047,0.134782
2328,12634,0.05549
2328,9430,0.057135
2329,11454,0.314925
2329,13432,0.302341
2330,11450,0.751792
2331,9382,0.22535
2331,12456,0.054252
2331,12335,0.118198
2331,10534,0.161925
2331,10901,0.08236
2332,11456,0.349267
2332,12667,0.053529
2332,15079,0.095757
2332,18150,0.05352
2332,12016,0.053498
2333,9283,0.20245
2333,16835,0.202248
2333,9385,0.061821
2333,12595,0.131501
2334,11457,0.561763
2334,12300,0.136622
2335,11459,0.119629
2335,11922,0.288428
2335,9583,0.075565
2335,15167,0.099508
2336,11461,0.166157
2336,9695,0.127615
2337,9925,0.090745
2337,11589,0.125982
2337,10126,0.068035
2337,13952,0.126609
2337,13950,0.126605
2338,11463,0.141231
2338,11733,0.140002
2338,12645,0.134445
2338,15713,0.085426
2339,11464,0.122399
2339,15295,0.114943
2339,9260,0.266117
2340,11465,0.234685
2340,12728,0.157855
2340,12519,0.107853
2340,12507,0.081176
2341,11468,0.787718
2342,11469,0.101921
2342,12480,0.195959
2342,13656,0.078659
2342,10168,0.127989
2343,11471,0.059942
2344,11473,0.380301
2345,10797,0.10638
2345,9628,0.064459
2345,10637,0.060778
2345,11967,0.189617
2345,16606,0.060449
2346,11135,0.621395
2347,11475,0.619401
2348,11477,0.617752
2349,11478,0.22934
2349,11487,0.115642
2349,13753,0.15797
2349,14183,0.056481
2349,14497,0.08993
2350,11479,0.105796
2350,11484,0.232892
2350,14853,0.484994
2351,11480,0.17826
2351,14214,0.07072
2351,15731,0.057521
2352,11481,0.671168
2353,9823,0.163644
2353,11488,0.106149
2353,11208,0.125326
2353,10882,0.214041
2354,11483,0.533788
2354,12516,0.231436
2355,11484,0.222257
2355,13856,0.068044
2355,14853,0.333895
2355,9604,0.106449
2356,11486,0.3908
2356,11480,0.218436
2357,9803,0.745928
2358,9674,0.146468
2358,9546,0.45963
2358,11495,0.162989
2359,10729,0.239362
2359,12949,0.083151
2359,14286,0.053586
2359,16695,0.073
2359,14313,0.101416
2360,9309,0.376228
2360,10294,0.354385
2361,11490,0.19957
2361,12545,0.112131
2361,12556,0.095403
2361,10985,0.126884
2361,9546,0.056048
2362,9646,0.413498
2363,11492,0.344562
2363,14408,0.291814
2364,11493,0.509839
2364,11531,0.326966
2365,11494,0.114153
2365,11884,0.433321
2365,17216,0.074416
2366,11495,0.150957
2366,12065,0.098531
2366,9353,0.115431
2366,9306,0.050973
2367,11496,0.337794
2367,11541,0.123777
2368,9456,0.410879
2368,9431,0.053628
2368,14282,0.090662
2369,9180,0.109303
2369,13433,0.182415
2370,9517,0.328861
2370,9379,0.329072
2371,11502,0.218657
2371,13610,0.192845
2371,12556,0.087868
2371,10865,0.119299
2372,11504,0.209712
2373,10529,0.20373
2373,14126,0.061633
2373,15513,0.058191
2374,11505,0.062744
2374,11356,0.318342
2374,14107,0.105675
2374,13838,0.064937
2374,15827,0.05217
2375,11507,0.234298
2375,11315,0.458456
2376,11508,0.277063
2377,10097,0.11166
2377,9572,0.111949
2378,11510,0.472797
2378,14333,0.215281
2379,11511,0.250404
2379,9889,0.198325
2379,10732,0.173182
2379,9658,0.153148
2380,11512,0.357593
2380,11660,0.08588
2380,11645,0.085772
2380,10901,0.079605
2381,10879,0.183649
2382,11513,0.304778
2382,15353,0.151353
2382,11271,0.102468
2383,11514,0.696801
2384,9984,0.640685
2385,11515,0.531229
2386,11517,0.12189
2386,11518,0.318046
2386,9277,0.155175
2387,11519,0.07116
2388,11520,0.240812
2388,11865,0.369801
2389,11521,0.101375
2389,10820,0.184151
2389,13210,0.05884
2390,10345,0.062803
2390,11596,0.263056
2390,16760,0.238006
2391,11302,0.374903
2391,11525,0.373389
2392,11526,0.415339
2393,11527,0.527694
2393,14378,0.23654
2394,11528,0.316532
2394,9037,0.279001
2395,11529,0.074836
2395,11857,0.368516
2395,14665,0.115273
2395,15224,0.051558
2396,11535,0.547562
2396,9073,0.109661
2396,9063,0.17401
2397,11536,0.328253
2397,13318,0.311106
2397,13850,0.123212
2398,11537,0.415477
2398,17063,0.155853
2399,11538,0.163314
2399,10361,0.094267
2399,9686,0.262178
2400,11540,0.441838
2400,11015,0.222958
2401,9848,0.159256
2401,16795,0.174897
2401,16797,0.238242
2402,10691,0.155427
2402,10962,0.148355
2402,11357,0.096014
2402,16165,0.062245
2402,12046,0.085508
2403,11543,0.400031
2403,13520,0.064551
2403,15711,0.186182
2404,11544,0.323525
2404,9691,0.194541
2404,16141,0.150898
2405,11545,0.122626
2406,11546,0.177867
2406,11547,0.152217
2406,15963,0.100402
2407,11548,0.366678
2408,11549,0.655914
2409,11552,0.584632
2410,11553,0.420743
2410,17864,0.194865
2411,9519,0.133932
2411,11925,0.056346
2411,11135,0.05101
2411,9986,0.078892
2411,10853,0.063457
2412,10463,0.133789
2412,9883,0.232301
2412,11089,0.115514
2412,14959,0.110747
2413,11555,0.239486
2413,10812,0.159226
2413,14475,0.130224
2413,9711,0.137267
2414,11303,0.416239
2415,11557,0.276875
2415,15204,0.060087
2416,11559,0.353561
2416,17611,0.354007
2417,9225,0.443204
2418,9093,0.138551
2418,9695,0.051487
2418,12804,0.265068
2418,11008,0.13368
2419,9973,0.393464
2419,11712,0.253817
2420,11560,0.426285
2421,10982,0.466642
2422,10171,0.136486
2422,11574,0.163169
2422,14138,0.050838
2422,15154,0.067513
2422,15294,0.067492
2423,11563,0.183046
2423,9524,0.148183
2423,13386,0.102366
2423,10346,0.181887
2424,11459,0.167841
2424,9583,0.23258
2424,10537,0.080149
2424,11922,0.077997
2425,11566,0.21269
2425,9409,0.178848
2426,11567,0.059232
2426,12635,0.080426
2426,15068,0.052504
2426,9345,0.186596
2427,11568,0.534041
2427,12540,0.136467
2427,14379,0.147894
2428,9646,0.412249
2428,10809,0.171415
2429,11570,0.154195
2429,9925,0.106755
2429,9997,0.184055
2430,11571,0.447525
2430,9780,0.1307
2431,11573,0.060342
2431,11589,0.306674
2431,13952,0.051179
2431,13950,0.323826
2432,11571,0.628116
2433,11574,0.227635
2433,12376,0.064773
2433,13545,0.050891
2434,11575,0.306613
2434,14775,0.089303
2434,14805,0.109012
2434,11710,0.168241
2435,9373,0.294107
2435,11628,0.08199
2435,11630,0.188907
2435,11681,0.104064
2436,9618,0.271561
2437,10386,0.051844
2437,10296,0.162594
2437,12377,0.260704
2437,9426,0.109435
2437,14282,0.127404
2438,11577,0.141484
2438,13810,0.05485
2438,13170,0.069781
2438,9126,0.101028
2439,11582,0.686245
2440,11586,0.146556
2440,14016,0.186921
2441,11588,0.061174
2441,11545,0.272112
2441,12539,0.161145
2441,15823,0.053364
2441,18137,0.050273
2442,9506,0.281867
2442,12716,0.09481
2443,11591,0.306236
2443,13634,0.157428
2444,11592,0.125227
2444,13415,0.096412
2444,10798,0.126495
2444,17552,0.097689
2445,11593,0.225456
2445,10765,0.413457
2446,11595,0.080256
2446,16639,0.056753
2446,18102,0.060445
2447,9132,0.430578
2448,11598,0.158081
2448,10840,0.122247
2448,9169,0.060883
2449,9636,0.144141
2449,9449,0.231288
2449,10537,0.279811
2450,9782,0.317312
2450,11604,0.153664
2451,10203,0.097212
2451,9508,0.213671
2451,11604,0.085202
2451,10042,0.076816
2452,11600,0.105511
2452,12184,0.34417
2452,18015,0.067866
2453,11602,0.190968
2453,12937,0.318354
2453,9188,0.055971
2454,11600,0.099497
2454,12164,0.237488
2454,10539,0.057702
2455,11603,0.315508
2456,11605,0.195266
2456,10313,0.256051
2456,9775,0.222308
2457,11606,0.15347
2457,11610,0.287187
2457,15151,0.157426
2458,10530,0.096687
2458,9752,0.215126
2458,10270,0.230453
2458,16122,0.052365
2458,16214,0.053803
2459,11608,0.262877
2459,14290,0.123248
2460,11609,0.647305
2461,11612,0.185814
2461,11613,0.217106
2462,11161,0.137486
2462,9226,0.421808
2463,11614,0.117807
2463,11616,0.240508
2463,16417,0.087087
2464,11615,0.05927
2464,11624,0.249604
2464,13139,0.137675
2464,16516,0.050142
2465,11617,0.126565
2465,14220,0.074407
2465,10126,0.051383
2465,10537,0.131139
2465,9269,0.074288
2466,11621,0.613086
2467,10806,0.375596
2467,10784,0.306432
2467,12971,0.051381
2468,11623,0.68011
2469,10049,0.491765
2470,11629,0.213227
2470,9396,0.315114
2471,11631,0.06454
2471,9359,0.484602
2471,11571,0.06455
2472,11632,0.293367
2472,12861,0.178482
2472,13510,0.096142
2473,9187,0.410917
2474,11633,0.253234
2474,14659,0.488826
2475,9440,0.124363
2475,11557,0.093442
2475,16350,0.070081
2475,9465,0.123186
2475,13549,0.069829
2476,11634,0.129682
2476,15801,0.152948
2476,9539,0.056857
2476,17502,0.106208
2477,11635,0.174495
2477,9746,0.120387
2478,9753,0.191524
2478,9255,0.332296
2478,10338,0.195249
2479,9272,0.476777
2479,9423,0.170928
2480,11640,0.537737
2481,11642,0.186764
2481,13657,0.195089
2481,15338,0.128347
2481,16655,0.052959
2481,9711,0.063096
2482,11643,0.055788
2482,12407,0.143836
2482,16145,0.231865
2482,10229,0.051109
2482,17408,0.055746
2482,17606,0.055785
2483,11647,0.073674
2483,9068,0.059006
2484,9493,0.213137
2484,9589,0.141253
2485,11653,0.417575
2486,11654,0.101336
2486,10497,0.325286
2487,9835,0.076975
2488,11655,0.349864
2488,10353,0.159465
2488,9835,0.060718
2489,11657,0.558104
2489,14234,0.197103
2490,9560,0.646931
2491,11659,0.183577
2491,11711,0.290094
2491,9427,0.10827
2492,11284,0.125708
2492,13226,0.068535
2492,13259,0.117676
2492,13912,0.076113
2492,15282,0.155011
2493,11660,0.586541
2494,11661,0.372124
2494,16295,0.378826
2495,11589,0.096528
2495,10617,0.127091
2495,9434,0.218465
2495,12656,0.06995
2495,13950,0.071155
2496,10298,0.366715
2496,9180,0.076893
2497,9419,0.81656
2498,11319,0.446535
2498,11753,0.090201
2498,13721,0.10169
2499,11665,0.187544
2499,15653,0.086237
2500,9880,0.716173
2501,9569,0.052207
2501,11292,0.375838
2501,12233,0.140756
2501,10757,0.082705
2502,11668,0.62792
2503,9242,0.581627
2504,10074,0.293725
2504,12648,0.062658
2504,9755,0.228644
2504,16148,0.052049
2504,12992,0.063516
2505,11671,0.328214
2506,9883,0.14376
2506,9112,0.113038
2506,9181,0.288039
2506,10463,0.083583
2507,11672,0.147408
2507,12091,0.050994
2507,13314,0.233106
2507,13986,0.05042
2507,17351,0.070873
2508,11674,0.813188
2509,9780,0.27168
2509,10631,0.162675
2510,11227,0.116256
2511,11676,0.193009
2511,11155,0.081132
2511,12011,0.188411
2512,11678,0.451017
2512,12231,0.113716
2512,16893,0.068276
2513,9890,0.076134
2513,13839,0.07676
2513,13617,0.358377
2514,11292,0.693566
2515,11682,0.134115
2516,9629,0.092613
2516,9203,0.157184
2516,15798,0.237471
2516,16766,0.062997
2516,14960,0.063053
2517,11686,0.212163
2517,12305,0.489022
2518,11687,0.067409
2518,11691,0.321544
2518,11690,0.207958
2519,11688,0.262346
2519,9870,0.366118
2519,14384,0.121263
2520,11689,0.104186
2520,9816,0.265219
2520,10618,0.164221
2520,10850,0.071598
2521,11690,0.779854
2522,11232,0.256553
2522,12606,0.085782
2523,11692,0.207213
2523,14454,0.139011
2523,18327,0.058634
2524,9711,0.285875
2525,9441,0.660802
2526,11693,0.217097
2526,9912,0.09257
2526,10104,0.050681
2526,9647,0.100267
2527,11694,0.079549
2527,12285,0.468553
2527,14859,0.10769
2528,9440,0.163926
2528,9184,0.097984
2528,9583,0.24148
2528,11587,0.053788
2529,11695,0.570209
2529,12331,0.108476
2530,10172,0.739368
2531,11697,0.175606
2531,17241,0.244571
2532,11698,0.090976
2532,11699,0.070857
2532,12898,0.070345
2532,15013,0.050575
2532,18205,0.082221
2532,10968,0.089234
2532,18365,0.070995
2533,11688,0.774931
2534,11700,0.29912
2534,12175,0.110256
2534,15271,0.059492
2534,15764,0.063913
2535,11688,0.078639
2535,12981,0.17493
2535,9250,0.083624
2535,15382,0.050854
2535,15844,0.060618
2535,15964,0.089532
2536,9070,0.58213
2537,9130,0.658407
2538,9275,0.204234
2538,9825,0.089791
2538,10949,0.126323
2538,13907,0.119816
2538,14758,0.093855
2539,11703,0.468169
2539,13497,0.087524
2540,11704,0.273589
2540,10929,0.19266
2541,11704,0.138627
2541,9219,0.11948
2541,10929,0.105533
2541,17308,0.051869
2541,18244,0.095419
2542,9409,0.327057
2542,9249,0.182091
2542,9782,0.091945
2542,15615,0.133618
2543,11706,0.353709
2543,10186,0.298965
2544,11558,0.195247
2545,11707,0.487969
2545,12508,0.166015
2546,11709,0.270182
2546,9883,0.059161
2546,10311,0.082531
2547,11710,0.493373
2547,11575,0.165854
2548,9498,0.07257
2548,9533,0.208917
2548,10420,0.135532
2549,9387,0.269106
2549,11713,0.130273
2549,14589,0.069966
2549,9291,0.061068
2549,17490,0.084033
2550,11714,0.472466
2550,11990,0.267967
2551,11715,0.485506
2551,13179,0.170869
2551,13187,0.118514
2552,9285,0.082692
2552,12408,0.106537
2552,12592,0.242906
2552,12969,0.139265
2552,13669,0.05741
2553,10537,0.163131
2553,9409,0.144742
2554,9958,0.425043
2554,16975,0.280223
2555,11716,0.133543
2555,9706,0.13348
2555,16355,0.095795
2555,12851,0.171314
2556,11718,0.42507
2556,15463,0.233316
2557,10987,0.084841
2557,11954,0.063528
2557,11956,0.135659
2557,15171,0.085649
2557,17322,0.055505
2558,11721,0.087656
2559,11723,0.413759
2559,12593,0.103366
2559,11457,0.100324
2559,9650,0.096925
2559,14261,0.063917
2560,11724,0.195292
2560,9359,0.327542
2560,16740,0.058206
2561,9392,0.064145
2561,11557,0.061791
2561,11651,0.186307
2561,9047,0.065864
2562,9532,0.324503
2562,13309,0.078845
2562,15948,0.053252
2563,11725,0.112086
2563,14921,0.469305
2564,10098,0.153353
2564,13568,0.150314
2565,11727,0.15318
2565,12855,0.139844
2565,13263,0.179782
2565,13446,0.071074
2565,16545,0.09999
2566,11729,0.053362
2566,12278,0.095208
2566,15098,0.059989
2566,9059,0.066247
2567,11730,0.572781
2568,10977,0.176123
2569,11731,0.489269
2570,10015,0.221538
2570,11816,0.161495
2570,13290,0.100699
2571,11732,0.644033
2572,9189,0.051618
2572,11735,0.198819
2572,11826,0.20008
2572,14352,0.106377
2572,11278,0.123035
2573,10955,0.209017
2573,9959,0.462535
2573,11198,0.142425
2574,10064,0.419659
2574,10287,0.146285
2574,9134,0.056914
2575,11739,0.701938
2576,11740,0.283838
2576,11429,0.174014
2577,11741,0.07868
2577,9737,0.100487
2577,15120,0.078704
2577,11008,0.058793
2577,9695,0.055755
2577,10017,0.097676
2578,9527,0.298066
2578,11822,0.311141
2579,11742,0.431866
2579,12610,0.10055
2579,9987,0.113625
2580,11743,0.367729
2580,15042,0.086714
2581,9825,0.145962
2582,9755,0.06095
2582,11789,0.344814
2582,16213,0.07915
2582,10074,0.08509
2583,10166,0.32746
2583,10415,0.228239
2583,12933,0.06806
2583,18306,0.054332
2584,11745,0.073282
2584,9442,0.257177
2584,9061,0.073052
2585,11429,0.210435
2585,11751,0.305709
2585,13613,0.109506
2586,11746,0.527541
2587,11747,0.121988
2587,12166,0.081264
2587,15211,0.110944
2587,10276,0.102777
2588,11745,0.139978
2588,16386,0.132972
2589,10113,0.571046
2589,13965,0.177714
2590,10377,0.298791
2591,11749,0.258022
2591,11783,0.235174
2591,9874,0.135335
2592,10971,0.664309
2593,11750,0.196267
2593,13918,0.05475
2593,14052,0.070883
2594,10354,0.599426
2594,9615,0.129202
2595,11752,0.310777
2595,13857,0.42301
2596,11754,0.274386
2597,9219,0.158467
2597,11704,0.434846
2598,11756,0.217154
2598,12843,0.165963
2599,11757,0.621119
2600,11758,0.561847
2601,11759,0.363939
2601,10397,0.141376
2602,11760,0.061284
2602,11913,0.165111
2602,13327,0.08618
2602,9268,0.110692
2603,11761,0.377423
2603,14224,0.093239
2603,9220,0.090179
2603,9631,0.065272
2604,11762,0.334898
2604,12632,0.128609
2604,14344,0.055158
2604,10269,0.066964
2605,11763,0.159275
2605,10778,0.300271
2605,14413,0.253082
2606,11764,0.686243
2607,11765,0.824756
2608,11768,0.731713
2609,11769,0.712904
2610,10601,0.129816
2610,9151,0.56431
2611,10368,0.373881
2612,10465,0.258826
2612,10171,0.104434
2612,14844,0.050153
2612,16916,0.107073
2613,11772,0.161074
2613,13768,0.40063
2613,14903,0.061463
2614,11773,0.295387
2614,9340,0.333301
2614,15868,0.087139
2615,11774,0.334841
2616,9298,0.371033
2616,10907,0.14048
2617,11776,0.328713
2617,10764,0.09649
2617,9189,0.060278
2618,11779,0.114729
2618,13861,0.089324
2618,14714,0.089408
2618,14820,0.140073
2618,14851,0.089263
2618,15881,0.190788
2619,10949,0.509918
2619,12263,0.177043
2620,11784,0.083495
2620,13076,0.227984
2621,11785,0.559965
2621,15717,0.151573
2622,11786,0.05047
2622,11682,0.053054
2623,11787,0.320101
2623,10704,0.137046
2623,10807,0.067028
2623,16914,0.071391
2623,12883,0.051245
2624,11789,0.549715
2625,11594,0.253589
2625,14530,0.101443
2625,9203,0.122706
2625,16964,0.19092
2625,17276,0.06651
2626,11790,0.102102
2627,11791,0.054037
2627,13048,0.233141
2627,10777,0.30155
2627,16849,0.050258
2628,11792,0.225785
2628,10269,0.075925
2628,14289,0.134949
2629,11793,0.748585
2630,10311,0.400909
2631,11794,0.753222
2632,9220,0.133307
2632,12137,0.186182
2633,10825,0.209788
2633,9403,0.130833
2633,9318,0.081511
2634,11802,0.118702
2634,12699,0.267362
2634,13904,0.071652
2635,11803,0.196599
2635,9451,0.479333
2635,16958,0.062723
2636,11804,0.176443
2636,11814,0.450533
2637,11805,0.450337
2638,9737,0.381699
2639,10791,0.080849
2639,9392,0.314529
2639,9068,0.241748
2640,11809,0.089147
2640,9656,0.157321
2640,11965,0.112748
2641,9984,0.26314
2641,9250,0.062024
2641,13630,0.10863
2641,9144,0.09834
2642,9872,0.451165
2643,11810,0.763935
2644,10601,0.166883
2644,10025,0.070846
2644,11819,0.238917
2644,14472,0.051776
2644,10317,0.069779
2645,10557,0.07748
2645,11812,0.138621
2645,11316,0.077433
2645,10357,0.077475
2646,9175,0.594403
2647,9391,0.574223
2648,11820,0.261147
2648,15750,0.203506
2649,11822,0.270939
2649,9450,0.061838
2649,15051,0.269426
2649,9527,0.057251
2649,13764,0.100628
2650,11823,0.409856
2650,12002,0.101745
2650,12955,0.076058
2650,14553,0.051901
2651,11194,0.545853
2652,11667,0.099371
2652,10988,0.05442
2653,10215,0.568117
2654,10001,0.14935
2654,11006,0.282078
2654,13383,0.051186
2654,12549,0.112604
2655,9573,0.106879
2655,9277,0.571508
2656,11827,0.758239
2657,11828,0.375795
2657,9945,0.07583
2657,16057,0.124082
2657,9456,0.075586
2657,10281,0.081819
2658,11831,0.330457
2658,10989,0.192878
2658,13023,0.102973
2658,10968,0.081298
2659,11832,0.499641
2659,15803,0.138886
2660,11833,0.608307
2661,10627,0.646768
2662,10964,0.665704
2663,11834,0.192325
2663,14310,0.372675
2663,14810,0.192244
2663,16278,0.064649
2664,9242,0.150558
2664,9188,0.290931
2664,9176,0.094886
2664,9318,0.275326
2665,11835,0.368164
2666,11839,0.355276
2666,11841,0.063058
2666,12865,0.158792
2666,13493,0.167982
2667,9076,0.460685
2668,11840,0.389003
2668,9641,0.09751
2669,10012,0.069284
2669,11683,0.167505
2669,12689,0.088591
2670,11842,0.203231
2670,14305,0.203233
2670,14597,0.145851
2671,11843,0.143986
2671,11476,0.126417
2671,13935,0.0586
2672,11844,0.460819
2673,11845,0.270203
2674,11846,0.31275
2674,17331,0.174947
2674,12636,0.122856
2675,11847,0.250474
2675,17030,0.058766
2676,11848,0.534739
2677,11849,0.572384
2678,11850,0.11287
2679,11851,0.489036
2679,9510,0.175168
2680,11853,0.549607
2680,13738,0.095276
2681,11854,0.167107
2681,12389,0.365021
2682,10227,0.762634
2683,11855,0.274186
2683,14335,0.429007
2684,11856,0.632014
2685,10568,0.202649
2685,10782,0.257375
2686,11860,0.696165
2687,11283,0.099983
2687,13674,0.058067
2687,12181,0.210913
2687,12072,0.121827
2688,9639,0.052766
2688,9486,0.083861
2688,13640,0.077238
2689,11861,0.621782
2690,11863,0.303422
2691,11864,0.07763
2691,14236,0.222537
2691,15901,0.07763
2692,9766,0.338504
2692,10650,0.161393
2692,14105,0.056527
2693,10160,0.2077
2693,11977,0.053543
2693,15616,0.084685
2693,14600,0.324211
2694,9053,0.288584
2694,11979,0.096214
2694,11988,0.281625
2695,9514,0.288662
2695,12595,0.092155
2695,16612,0.05735
2696,11867,0.17468
2696,13903,0.397983
2696,14430,0.059021
2697,11868,0.089561
2697,11966,0.131562
2697,14563,0.104409
2697,14979,0.053258
2698,11870,0.345087
2698,15860,0.208827
2699,11871,0.121719
2699,15073,0.26744
2699,15083,0.17036
2699,15677,0.071051
2700,11870,0.287708
2701,11873,0.181261
2701,10977,0.088387
2702,11208,0.555601
2702,11088,0.124202
2703,11875,0.462599
2704,9516,0.273805
2705,11876,0.219802
2706,10372,0.184656
2706,10766,0.056555
2706,17876,0.066954
2707,11877,0.292176
2707,13071,0.327584
2708,11878,0.112145
2708,9267,0.082436
2709,11880,0.703339
2710,9314,0.1423
2710,14505,0.088239
2710,13135,0.365496
2711,11881,0.440891
2711,13206,0.276911
2712,11883,0.531687
2713,11885,0.550365
2713,13146,0.096015
2714,11886,0.514654
2714,15816,0.07822
2714,16873,0.077398
2715,11508,0.130536
2715,12409,0.111055
2715,13783,0.065943
2715,14729,0.145128
2716,11889,0.83931
2717,11890,0.053133
2717,10547,0.254115
2717,13880,0.056694
2718,9508,0.259619
2718,9547,0.103242
2718,10985,0.081486
2719,11891,0.054653
2719,15572,0.055579
2719,15578,0.128428
2720,11894,0.111037
2720,13508,0.154652
2720,11335,0.110932
2721,9040,0.229834
2721,11907,0.230981
2722,11898,0.497145
2722,14201,0.262042
2723,11899,0.114123
2723,15779,0.06156
2724,11900,0.095076
2724,12789,0.084909
2724,10878,0.127663
2724,9508,0.050087
2724,13253,0.133292
2725,9674,0.44825
2725,10317,0.130981
2725,9270,0.071155
2726,9065,0.452098
2727,11902,0.178535
2727,14009,0.085556
2727,16005,0.101049
2727,9269,0.08135
2727,10537,0.085916
2728,11903,0.236339
2728,15183,0.417663
2729,11906,0.418593
2729,11907,0.154087
2730,11061,0.665203
2731,10464,0.41382
2731,12210,0.06273
2731,12213,0.256738
2732,10071,0.787529
2733,11061,0.512143
2734,11909,0.67301
2735,11910,0.151129
2735,12159,0.583584
2736,9966,0.447659
2736,9351,0.380105
2737,11232,0.123589
2737,15796,0.087651
2738,11912,0.56877
2739,10916,0.288783
2739,10906,0.119448
2740,11913,0.500299
2741,11914,0.261652
2741,12195,0.246772
2741,13034,0.077786
2741,13277,0.139728
2742,11056,0.184527
2742,11942,0.30872
2742,9220,0.050805
2743,11916,0.372066
2744,9135,0.569938
2744,11123,0.11545
2745,10649,0.376375
2745,9090,0.116937
2745,9222,0.132594
2746,11917,0.117998
2746,11938,0.062583
2746,10287,0.267847
2746,17231,0.07909
2747,11918,0.156808
2747,10339,0.22133
2747,12134,0.091102
2747,9978,0.050307
2748,11919,0.412313
2749,11920,0.235654
2749,10420,0.07937
2749,16257,0.140414
2749,10163,0.104133
2749,18361,0.108811
2750,11921,0.069308
2750,12501,0.107286
2750,10254,0.118691
2750,14560,0.069442
2750,15583,0.056956
2750,15647,0.069344
2750,9928,0.058977
2751,11926,0.415966
2751,13371,0.202789
2751,16798,0.060073
2752,10701,0.179432
2752,13507,0.146906
2752,16126,0.146718
2752,11780,0.081923
2753,11928,0.13263
2753,10365,0.211483
2754,11929,0.165411
2754,12554,0.117723
2754,11018,0.308581
2754,13129,0.119655
2755,11932,0.16401
2755,11776,0.169772
2755,11280,0.121795
2756,11933,0.238833
2756,12153,0.32872
2756,9225,0.090051
2757,9212,0.837858
2758,11935,0.442399
2758,16515,0.123875
2758,10726,0.070528
2759,11913,0.198416
2759,12493,0.066021
2759,16757,0.076139
2760,11936,0.062045
2760,10307,0.105754
2760,14353,0.110001
2760,9701,0.112205
2760,15221,0.062389
2761,11937,0.158299
2761,14137,0.218079
2761,16318,0.158183
2762,9270,0.128239
2762,10977,0.141866
2762,9142,0.050704
2763,10359,0.371597
2763,10276,0.251206
2764,11939,0.054719
2764,11940,0.060482
2764,12899,0.190173
2765,11831,0.146585
2765,9073,0.102706
2766,11943,0.519753
2767,11944,0.075321
2767,12261,0.097389
2767,12348,0.153166
2767,9984,0.127989
2767,10489,0.099814
2768,11947,0.599278
2769,11948,0.524778
2769,10631,0.314979
2770,11949,0.391696
2771,11951,0.127824
2771,10365,0.201374
2772,10420,0.112096
2772,10171,0.137473
2772,11374,0.175675
2773,11952,0.10321
2773,11913,0.270052
2773,10320,0.296206
2774,9142,0.155113
2774,14142,0.162413
2774,9818,0.122786
2775,10726,0.325361
2776,11919,0.379464
2776,18281,0.209427
2777,10224,0.180146
2777,9869,0.132982
2778,11955,0.440011
2778,15082,0.084572
2778,11591,0.065893
2779,9133,0.397816
2780,9570,0.290274
2780,15223,0.094893
2780,15780,0.113759
2781,11958,0.147355
2781,12941,0.438325
2782,11960,0.566491
2783,11961,0.409794
2783,10401,0.195826
2784,11962,0.133957
2784,16670,0.133957
2785,9561,0.133095
2785,9718,0.179527
2785,15594,0.050149
2785,16871,0.089712
2785,11014,0.056672
2786,11968,0.369125
2786,10965,0.240023
2787,11917,0.196597
2787,10287,0.150375
2787,9453,0.077187
2787,9942,0.055358
2788,11969,0.053175
2788,14371,0.135814
2788,15081,0.103727
2788,16045,0.088376
2788,16507,0.104354
2789,11970,0.530053
2790,11971,0.410505
2790,9549,0.178658
2790,11483,0.224561
2791,11972,0.126033
2791,12216,0.4485
2791,13205,0.060276
2791,12589,0.068982
2792,10033,0.417078
2792,9267,0.21231
2793,11973,0.084028
2793,10276,0.089988
2794,11974,0.308495
2794,15312,0.143401
2794,15374,0.308547
2795,11540,0.454697
2795,11993,0.15407
2795,15443,0.075023
2795,10428,0.060236
2796,11375,0.21954
2796,9093,0.06428
2796,10051,0.07018
2796,16780,0.05358
2797,11980,0.325491
2797,12001,0.23203
2797,14511,0.07809
2798,11981,0.104649
2798,14645,0.102691
2798,12403,0.104212
2798,14860,0.077899
2798,18230,0.127764
2799,9510,0.088174
2799,9508,0.2921
2799,10042,0.085821
2800,9466,0.191484
2800,9869,0.121926
2801,11983,0.058476
2801,10187,0.098364
2801,10148,0.10145
2801,13002,0.106278
2802,11984,0.149331
2802,14834,0.347462
2802,17674,0.083494
2803,10820,0.602279
2804,10318,0.343816
2804,10319,0.094963
2804,11186,0.153957
2805,9151,0.635262
2806,11151,0.200098
2806,13929,0.256602
2807,11989,0.346702
2807,9942,0.060604
2807,16425,0.147897
2808,10311,0.112063
2808,12116,0.054147
2808,11421,0.056421
2809,11156,0.129244
2809,12360,0.351488
2809,10125,0.061811
2810,9026,0.058803
2810,10205,0.175768
2810,10314,0.108313
2811,11405,0.316833
2811,14226,0.199327
2812,11991,0.261239
2812,13953,0.2882
2812,14593,0.051211
2813,11992,0.3489
2814,11995,0.103814
2814,14751,0.071294
2814,14752,0.086443
2814,10360,0.099391
2814,15033,0.10378
2815,10118,0.542191
2816,11996,0.219837
2816,14212,0.089416
2817,11368,0.133174
2817,10107,0.13222
2818,11540,0.168851
2818,11993,0.491951
2819,11997,0.160683
2819,10754,0.091447
2819,12943,0.055859
2819,15962,0.100131
2820,11998,0.267309
2820,11999,0.267314
2821,12003,0.28456
2822,10861,0.250434
2822,12005,0.069219
2822,11083,0.061411
2822,15058,0.107781
2822,16332,0.099271
2823,9653,0.515601
2823,10887,0.296645
2824,12004,0.804233
2825,12004,0.770724
2826,9674,0.197756
2826,12006,0.165764
2826,9151,0.158925
2826,17175,0.061952
2827,12007,0.81817
2828,12008,0.58985
2829,12009,0.161256
2829,12117,0.127802
2829,10171,0.067848
2830,11083,0.436288
2830,10961,0.099668
2830,11633,0.06564
2830,9337,0.066385
2831,11107,0.482696
2831,17128,0.084331
2831,17184,0.116687
2832,12011,0.222155
2833,12012,0.497038
2833,12022,0.206033
2834,10907,0.366404
2834,9298,0.062858
2834,13358,0.06399
2834,9219,0.13905
2835,9298,0.357457
2836,12014,0.388529
2836,12062,0.272698
2837,12016,0.496416
2837,16340,0.141132
2838,12019,0.130494
2838,12026,0.085701
2838,12028,0.092897
2838,12030,0.179063
2839,12023,0.1561
2839,12888,0.070856
2839,15423,0.068572
2839,15917,0.210266
2839,16294,0.127942
2839,16322,0.069385
2840,9836,0.099473
2840,12416,0.099454
2840,13719,0.138625
2840,9158,0.29599
2841,12024,0.704282
2842,12019,0.157055
2842,12026,0.227799
2843,12025,0.064358
2843,13127,0.073037
2843,11431,0.180243
2843,9169,0.086031
2844,12027,0.117207
2844,9298,0.13273
2844,9282,0.093291
2844,10507,0.091142
2845,12029,0.058372
2845,11508,0.232741
2846,9845,0.223494
2846,16605,0.223496
2846,17264,0.120764
2847,12031,0.218059
2847,12612,0.117672
2847,14799,0.121106
2848,9922,0.339192
2848,10027,0.144505
2848,12043,0.057329
2849,9188,0.089193
2849,9237,0.095024
2849,9180,0.168446
2850,12037,0.518323
2851,12040,0.515685
2852,12041,0.226824
2852,12072,0.09504
2853,12042,0.218526
2853,11243,0.297578
2854,12043,0.2077
2854,9953,0.242542
2854,13161,0.067766
2855,12044,0.145436
2855,12906,0.503218
2855,14609,0.066589
2856,11742,0.3411
2857,12048,0.423437
2857,13824,0.312907
2858,12049,0.068677
2858,13399,0.090001
2858,9615,0.11202
2858,9762,0.085953
2859,12050,0.070656
2859,12053,0.123714
2859,13357,0.083866
2859,12383,0.063458
2859,13650,0.05198
2859,13958,0.070699
2859,14720,0.050962
2860,12051,0.512001
2860,13807,0.121675
2861,9508,0.167903
2861,10232,0.125147
2861,9033,0.160236
2862,10482,0.169377
2862,12363,0.168942
2862,14843,0.384164
2862,17698,0.076936
2863,12055,0.349987
2863,10228,0.158456
2863,14861,0.070545
2864,12056,0.146591
2864,12452,0.169409
2864,12483,0.071172
2864,11107,0.121981
2864,17409,0.052783
2865,12057,0.052547
2865,9728,0.44711
2865,9172,0.081896
2866,12058,0.454608
2866,14170,0.075925
2867,12059,0.292252
2867,9411,0.238654
2868,11229,0.358901
2868,10534,0.095628
2868,15342,0.080675
2868,10901,0.066327
2868,11008,0.089546
2869,12060,0.730657
2870,10604,0.419473
2870,15967,0.139311
2870,13479,0.069137
2870,18157,0.061407
2871,12061,0.416938
2871,14159,0.202171
2871,14917,0.078378
2872,9889,0.089527
2872,9171,0.089684
2873,12063,0.524334
2874,11823,0.312175
2874,9112,0.054933
2874,9472,0.056499
2874,16120,0.154039
2875,9224,0.121415
2875,9150,0.085874
2875,13240,0.367942
2876,12064,0.665035
2877,12066,0.30278
2877,12750,0.235897
2878,12067,0.320251
2878,12078,0.133299
2878,14788,0.21232
2879,12068,0.515304
2880,12069,0.059351
2881,12070,0.121111
2881,13379,0.052041
2881,14749,0.098262
2881,11926,0.072325
2881,13371,0.050147
2881,15961,0.101385
2881,13364,0.075542
2882,10053,0.073758
2883,12073,0.630393
2884,10378,0.0591
2884,14350,0.05021
2884,15124,0.075889
2884,16140,0.207372
2884,17323,0.062853
2885,12075,0.833432
2886,12076,0.19361
2886,12658,0.262617
2886,16243,0.055213
2887,12077,0.827271
2888,12080,0.43989
2888,12770,0.360253
2889,12081,0.188711
2889,9054,0.10381
2890,11770,0.302015
2891,12082,0.606109
2892,9932,0.65466
2893,10021,0.12242
2893,9653,0.133054
2893,11397,0.121943
2893,11929,0.059606
2894,12083,0.533536
2895,10051,0.316887
2895,12573,0.05734
2895,11838,0.144424
2895,14189,0.063777
2895,11375,0.074789
2896,12085,0.182808
2896,9931,0.102232
2896,12620,0.102251
2897,10030,0.372413
2897,12099,0.224007
2897,12498,0.052178
2898,12086,0.682402
2899,9059,0.091392
2899,9897,0.072162
2899,10420,0.079689
2900,9380,0.474947
2901,12087,0.520003
2901,16252,0.09033
2902,12089,0.270252
2902,16892,0.262013
2903,12092,0.196821
2903,13313,0.370844
2903,16730,0.196026
2904,12093,0.58629
2905,12094,0.429356
2905,12465,0.069924
2906,12096,0.824635
2907,12097,0.343129
2907,16656,0.058432
2907,16657,0.060414
2908,9303,0.312844
2908,9135,0.148906
2908,10308,0.084009
2908,9516,0.067084
2909,12100,0.21138
2909,9371,0.253412
2909,17860,0.073281
2910,12101,0.779338
2911,10475,0.625253
2912,12102,0.110552
2912,10205,0.2
2913,12103,0.311698
2913,14956,0.060234
2913,9577,0.144838
2913,15497,0.082931
2913,11226,0.112851
2914,9925,0.363397
2915,12104,0.266093
2916,11667,0.462374
2916,9201,0.060507
2917,12106,0.075857
2917,10890,0.12139
2917,10891,0.204471
2917,14434,0.068105
2918,12107,0.290966
2918,13062,0.259723
2919,12108,0.110861
2919,13590,0.172802
2919,13927,0.079151
2919,17328,0.078687
2919,15457,0.173715
2920,12109,0.729439
2921,12110,0.263693
2921,14198,0.201802
2922,12111,0.129656
2922,14596,0.215622
2922,16363,0.072478
2922,15800,0.126149
2922,12423,0.059075
2923,12112,0.084444
2923,10875,0.283439
2923,9945,0.064771
2923,14296,0.074177
2924,11106,0.383422
2924,15730,0.057921
2924,13840,0.104465
2925,12115,0.659856
2926,12118,0.053882
2926,12119,0.105652
2926,16159,0.209366
2927,9908,0.147039
2927,9267,0.084434
2928,12120,0.190754
2928,12688,0.33692
2928,14416,0.180481
2929,12121,0.611778
2930,12122,0.606855
2931,12124,0.156616
2931,16032,0.138999
2932,9631,0.701128
2933,12125,0.363422
2933,13195,0.266831
2933,16406,0.122153
2934,12126,0.545155
2935,12127,0.083784
2935,10132,0.368553
2935,9403,0.075377
2935,9289,0.058904
2935,11253,0.077016
2936,9515,0.596281
2936,9394,0.137737
2937,12122,0.602061
2938,12129,0.314123
2938,13649,0.356465
2938,16955,0.067145
2939,12130,0.517852
2940,12131,0.31761
2940,10228,0.131072
2941,11660,0.375514
2942,12128,0.180259
2942,12133,0.251395
2943,12132,0.132479
2943,13642,0.059793
2943,14404,0.085754
2944,9041,0.548871
2945,9409,0.175182
2945,10013,0.225632
2946,9932,0.818206
2947,9442,0.719408
2948,12135,0.306413
2948,13136,0.279887
2948,15402,0.117701
2948,9946,0.071672
2949,9187,0.386249
2949,9072,0.165751
2950,12085,0.411439
2950,12625,0.08236
2950,12290,0.054147
2951,11328,0.380343
2951,11304,0.380308
2952,12140,0.618698
2953,9309,0.225379
2954,9772,0.131865
2954,9547,0.203689
2955,12145,0.486664
2955,10508,0.26669
2956,12147,0.077356
2956,9583,0.183886
2956,12680,0.155371
2956,10621,0.092049
2957,11940,0.111425
2957,14697,0.079889
2957,11743,0.159084
2957,15470,0.062675
2958,12149,0.137719
2958,13097,0.116182
2958,15470,0.053382
2958,12631,0.067445
2958,11940,0.051994
2959,12150,0.062359
2959,12630,0.114958
2959,12140,0.152567
2959,9508,0.196204
2959,16078,0.064214
2959,16525,0.060777
2960,10811,0.082373
2961,9114,0.126306
2961,9138,0.277343
2961,14022,0.121715
2961,12613,0.092021
2962,12151,0.098414
2962,14335,0.077336
2963,10911,0.17205
2963,12699,0.221202
2963,13921,0.080005
2964,12153,0.432631
2964,9497,0.129335
2964,13680,0.185929
2965,12154,0.198763
2965,13176,0.414099
2966,12155,0.407476
2966,16487,0.216263
2967,12156,0.456129
2967,14272,0.26654
2968,12157,0.317413
2968,12536,0.143016
2968,15132,0.108745
2969,10542,0.242188
2969,15396,0.081485
2969,10207,0.142577
2969,9179,0.07423
2970,9097,0.724839
2971,9068,0.099462
2971,10016,0.121678
2971,9795,0.346241
2972,12162,0.09462
2972,12695,0.295688
2972,13443,0.094577
2973,9130,0.067603
2973,9548,0.191071
2973,10625,0.106518
2974,9315,0.21296
2974,9486,0.220279
2974,10261,0.052074
2975,10160,0.146771
2975,10571,0.065299
2975,14600,0.198095
2975,11977,0.067203
2976,10467,0.13813
2976,9527,0.192125
2976,14539,0.060008
2976,9450,0.069742
2977,10967,0.321724
2977,9635,0.09229
2977,12387,0.106324
2977,13757,0.108237
2978,12167,0.508461
2979,12168,0.451092
2980,9286,0.812468
2981,10524,0.568741
2982,12172,0.125247
2982,13961,0.228646
2982,17358,0.24656
2983,12173,0.051301
2983,9355,0.12344
2983,10049,0.104525
2984,12174,0.396137
2984,14508,0.224707
2985,12176,0.359479
2985,12903,0.199938
2985,12932,0.119864
2986,12177,0.408958
2986,15333,0.144237
2986,16934,0.094214
2986,10871,0.065617
2987,12179,0.210138
2987,13706,0.107332
2987,14117,0.12685
2988,12181,0.060121
2988,14708,0.069541
2989,12182,0.105253
2989,9358,0.105642
2990,12185,0.091146
2990,12209,0.171072
2990,13464,0.248784
2990,16739,0.15177
2991,12186,0.275543
2992,12187,0.637812
2993,12188,0.605874
2994,11832,0.305835
2994,13426,0.180754
2995,11607,0.364864
2995,11669,0.176245
2995,13988,0.178903
2996,12189,0.372868
2996,9441,0.074208
2996,14857,0.066609
2996,13971,0.06672
2997,12190,0.59813
2998,12194,0.116559
2998,13778,0.116551
2998,17470,0.083592
2999,12188,0.661489
3000,10152,0.149531
3000,12937,0.054603
3000,13139,0.209714
3000,11602,0.050487
3000,13389,0.054574
3000,12021,0.085606
3001,12196,0.256548
3001,13111,0.32035
3001,9954,0.074017
3002,12198,0.217327
3002,12620,0.265338
3003,11477,0.768629
3004,12201,0.497026
3005,12203,0.387351
3005,14704,0.393574
3006,12204,0.10693
3006,11865,0.270734
3006,15357,0.10079
3006,16132,0.068101
3007,12205,0.663305
3008,11424,0.398884
3008,11565,0.081902
3008,12351,0.267796
3009,12211,0.634694
3010,12214,0.490638
3011,10803,0.352537
3012,12217,0.668887
3013,12219,0.085149
3013,10782,0.151415
3013,10388,0.218022
3014,10125,0.142776
3014,12360,0.130462
3014,11156,0.122142
3014,14216,0.066989
3014,9613,0.06598
3015,11192,0.145089
3015,9193,0.43444
3016,10423,0.390127
3016,14650,0.051227
3016,12354,0.085538
3017,9059,0.082783
3017,11084,0.382127
3018,12223,0.234772
3018,14568,0.338524
3019,12224,0.433796
3020,10458,0.265521
3020,10524,0.410304
3021,9780,0.239903
3021,9179,0.207266
3022,12225,0.08231
3022,12226,0.374194
3022,12254,0.114732
3022,9336,0.054748
3023,12227,0.478148
3023,12499,0.155303
3023,9927,0.052932
3024,9337,0.283674
3024,9352,0.463494
3025,12228,0.62104
3026,12229,0.215507
3026,14927,0.473493
3026,9262,0.096271
3027,10293,0.331045
3027,9541,0.094765
3028,12230,0.438602
3028,13766,0.282915
3029,12234,0.710544
3030,12235,0.530306
3030,14617,0.085658
3030,15956,0.10698
3031,10592,0.17767
3031,12442,0.27224
3031,17192,0.142593
3032,12236,0.300604
3032,12267,0.316998
3033,12237,0.415236
3033,14878,0.090953
3033,17387,0.089124
3033,17388,0.09098
3034,12238,0.853449
3035,12239,0.742947
3036,12241,0.434548
3037,12242,0.485702
3037,9698,0.117006
3038,9270,0.057446
3038,9618,0.20534
3038,9448,0.062716
3038,16803,0.050396
3039,12244,0.57161
3040,12246,0.892154
3041,12247,0.532635
3041,12249,0.154191
3042,12244,0.152867
3042,13289,0.253407
3042,17760,0.197476
3043,12250,0.086694
3043,9692,0.052011
3043,12800,0.39965
3043,14400,0.166595
3043,9270,0.05845
3044,12251,0.3814
3044,10744,0.249581
3044,9160,0.129849
3045,12253,0.859178
3046,9565,0.802628
3047,12255,0.29578
3047,12803,0.080435
3047,12258,0.117379
3047,18349,0.103211
3048,9151,0.661445
3049,12256,0.136197
3049,12264,0.537354
3050,12257,0.903473
3051,12258,0.313539
3051,12458,0.441237
3051,9694,0.113251
3052,12259,0.106001
3052,14718,0.087219
3052,16726,0.064698
3053,12260,0.660814
3054,9409,0.14677
3054,10757,0.142285
3054,10224,0.200938
3054,9262,0.113065
3055,12262,0.125639
3055,12938,0.287676
3055,14399,0.21967
3056,9337,0.32674
3056,9352,0.386894
3057,9223,0.524344
3057,14101,0.238621
3058,9409,0.13391
3058,12265,0.126011
3058,14421,0.371535
3058,15173,0.08068
3059,12266,0.381528
3059,12289,0.268955
3059,13490,0.06695
3060,9409,0.387118
3060,9197,0.450084
3061,12269,0.386346
3062,11252,0.123708
3062,9890,0.14143
3062,14359,0.252501
3062,15666,0.060917
3063,12271,0.457086
3063,15291,0.373474
3064,12273,0.249844
3064,12260,0.481209
3065,12274,0.505283
3065,9953,0.128076
3066,12275,0.380589
3066,12276,0.380589
3067,12279,0.236509
3067,12293,0.137587
3067,18022,0.112944
3068,11790,0.053065
3068,10171,0.119441
3069,10224,0.097767
3070,12282,0.363739
3070,15734,0.196597
3071,12283,0.529854
3072,10457,0.264393
3072,14143,0.111567
3072,9603,0.05503
3073,12284,0.633761
3074,9565,0.452799
3074,16274,0.243431
3075,12286,0.632864
3076,9219,0.519658
3077,12287,0.562009
3078,12288,0.102803
3078,14582,0.088838
3078,14607,0.15255
3078,9853,0.074001
3079,9497,0.617109
3080,12069,0.149118
3080,13614,0.130279
3081,12290,0.071564
3081,12085,0.269532
3081,12625,0.071565
3082,12293,0.314104
3082,12279,0.406744
3082,15489,0.056798
3083,12294,0.075233
3083,13576,0.294381
3083,9954,0.053061
3083,14431,0.089938
3083,15189,0.066648
3084,12295,0.316662
3084,12897,0.250131
3085,12296,0.476994
3085,17103,0.141516
3086,12299,0.299093
3086,10656,0.461404
3087,11667,0.382642
3088,12302,0.403644
3088,12451,0.189
3088,13112,0.080439
3089,12304,0.171579
3089,12341,0.218249
3089,12358,0.175875
3090,12306,0.102521
3090,12311,0.123323
3090,15970,0.275122
3090,18196,0.098677
3091,12073,0.587016
3091,14244,0.195669
3092,9503,0.597949
3093,12310,0.6784
3094,12312,0.105136
3094,12313,0.185767
3094,13860,0.137385
3095,12315,0.178341
3095,16139,0.050221
3095,16732,0.078642
3095,17097,0.052754
3095,9796,0.173248
3095,17098,0.12482
3096,10803,0.157366
3096,12935,0.074902
3096,12936,0.176884
3096,12603,0.097909
3096,9882,0.071871
3096,9248,0.072655
3097,12302,0.406399
3097,12305,0.207584
3098,12316,0.624125
3099,9622,0.11541
3099,10798,0.220634
3099,11292,0.157369
3099,9569,0.147677
3099,12233,0.052838
3099,18208,0.073744
3100,12318,0.292743
3100,12319,0.354478
3101,11843,0.068463
3101,9282,0.318855
3101,10505,0.17841
3102,12320,0.266258
3102,9151,0.119343
3103,12321,0.127745
3103,16205,0.498057
3104,12322,0.057256
3104,13022,0.065997
3104,9498,0.102255
3105,12323,0.088152
3105,12488,0.490386
3105,17915,0.088778
3106,9256,0.429026
3106,9265,0.177453
3107,12326,0.727464
3108,12327,0.154037
3108,13875,0.068594
3108,9905,0.14698
3108,14067,0.089071
3109,9128,0.555754
3109,12993,0.133863
3110,9402,0.119533
3110,11501,0.155293
3110,9780,0.185955
3110,15494,0.120401
3111,12330,0.502057
3111,11345,0.11327
3112,9955,0.204285
3112,13124,0.113158
3112,17877,0.159229
3112,17501,0.148527
3113,11229,0.61595
3114,12333,0.091088
3114,12600,0.140005
3114,14877,0.064202
3114,14886,0.066697
3114,12837,0.053484
3115,12334,0.435747
3115,9905,0.175643
3115,13849,0.124853
3116,12335,0.132703
3116,10534,0.398625
3116,10901,0.079156
3117,12337,0.621702
3118,12338,0.68952
3119,12339,0.055381
3119,11873,0.09051
3120,9337,0.338555
3120,9880,0.278661
3121,10373,0.119221
3121,10977,0.061274
3121,9045,0.091717
3122,12338,0.405804
3122,12683,0.330506
3123,12340,0.575554
3123,12341,0.171139
3124,12340,0.755126
3125,12342,0.359479
3126,12344,0.31933
3126,14625,0.142703
3126,9352,0.056076
3126,16383,0.07249
3126,16384,0.072495
3127,9678,0.504712
3127,18201,0.115119
3128,12345,0.105832
3128,12051,0.05865
3129,12349,0.136525
3129,14099,0.097933
3129,14767,0.175192
3129,14769,0.330093
3130,12350,0.711572
3131,12352,0.085583
3131,13677,0.121189
3131,13947,0.065529
3131,15143,0.121085
3131,15755,0.157251
3131,15975,0.065553
3132,12353,0.125921
3132,14674,0.123718
3132,16358,0.125985
3133,12359,0.38645
3134,12361,0.201133
3134,12665,0.120952
3134,9679,0.055835
3134,16202,0.078277
3134,16311,0.051067
3135,12362,0.085873
3135,18084,0.059869
3135,17884,0.083613
3136,12365,0.187678
3136,13531,0.427585
3137,12366,0.604809
3138,12367,0.499035
3138,17575,0.154316
3139,12368,0.374345
3139,10133,0.286221
3139,10080,0.111044
3140,9217,0.589493
3140,15769,0.133042
3141,10275,0.145171
3141,9869,0.119093
3141,16158,0.087414
3142,10534,0.110339
3142,12335,0.28257
3142,14206,0.112021
3143,9152,0.189862
3143,9277,0.138845
3143,11051,0.115452
3143,13919,0.064095
3144,11929,0.346241
3144,12370,0.346414
3145,12371,0.327365
3145,16960,0.268107
3146,12374,0.264933
3146,15573,0.05048
3146,16529,0.05033
3147,12375,0.191473
3148,9946,0.412663
3148,13499,0.200849
3149,10174,0.586918
3150,12378,0.056152
3150,14127,0.162256
3151,12379,0.693759
3152,12380,0.218458
3152,12381,0.218423
3153,12382,0.362428
3153,9626,0.50065
3154,12383,0.376117
3154,13650,0.110487
3154,13651,0.231448
3155,12384,0.195429
3155,12797,0.069574
3155,14492,0.079096
3155,14818,0.070537
3155,15427,0.086967
3155,16390,0.052019
3156,12385,0.152173
3156,12388,0.155741
3156,9054,0.079175
3157,12388,0.35968
3157,17466,0.192849
3158,12389,0.877275
3159,11840,0.104337
3159,9409,0.050171
3160,12391,0.659775
3161,12393,0.5454
3161,12399,0.123455
3161,13667,0.105963
3162,9580,0.163099
3162,12404,0.051937
3162,10369,0.060029
3162,10683,0.050503
3162,9801,0.125286
3162,12937,0.051765
3163,10298,0.066533
3163,9269,0.087808
3163,10169,0.084234
3163,9336,0.138971
3163,9547,0.067064
3164,12394,0.785613
3165,12395,0.340868
3165,13235,0.068359
3165,14573,0.15041
3166,9465,0.089132
3166,12497,0.05671
3166,11587,0.268587
3166,9245,0.051857
3167,12396,0.403347
3167,13056,0.285589
3168,12397,0.207916
3168,12643,0.099522
3169,12398,0.243765
3169,9859,0.158686
3169,14922,0.165423
3170,9449,0.073608
3170,9545,0.160109
3170,9162,0.136793
3171,9466,0.285598
3171,9928,0.090804
3171,9869,0.078505
3172,9897,0.501134
3172,11205,0.149958
3172,17258,0.095061
3173,12400,0.484388
3173,15984,0.097794
3173,11657,0.096692
3174,9187,0.051524
3174,10287,0.055613
3174,10100,0.082551
3174,10876,0.082702
3175,12401,0.062471
3175,12766,0.05306
3175,13644,0.052976
3176,12402,0.496961
3176,15141,0.074469
3177,12405,0.223724
3177,13156,0.157017
3177,12614,0.223749
3178,9669,0.819558
3179,12406,0.085292
3179,14557,0.180394
3179,13860,0.11775
3179,16255,0.080515
3180,10945,0.108995
3180,9205,0.175007
3181,12410,0.190213
3181,12843,0.139662
3181,14056,0.213946
3181,14674,0.088469
3181,13144,0.063944
3182,9869,0.312007
3182,17828,0.082932
3183,12412,0.589295
3184,10198,0.585727
3185,12413,0.303013
3185,10049,0.328437
3186,10049,0.20737
3186,12295,0.056924
3187,10226,0.100597
3187,14377,0.070616
3187,10684,0.186691
3187,16416,0.100696
3188,12415,0.498364
3188,14193,0.089925
3189,12417,0.820657
3190,10544,0.279163
3190,9873,0.198002
3190,12382,0.305917
3191,12421,0.657556
3192,12423,0.230365
3192,15100,0.096709
3192,15800,0.143394
3192,12480,0.052367
3192,16763,0.055752
3192,11246,0.062488
3193,12424,0.056088
3193,13432,0.069852
3193,13558,0.134206
3194,12425,0.573907
3195,12426,0.286789
3195,10984,0.442363
3195,10049,0.075334
3196,9595,0.283898
3196,9054,0.386777
3197,12427,0.562462
3198,12428,0.090372
3198,14311,0.273433
3198,9492,0.057437
3198,9255,0.052894
3198,10255,0.056427
3199,12430,0.34373
3199,11648,0.115118
3200,12432,0.051733
3200,11028,0.119867
3200,14467,0.059325
3201,12434,0.320184
3202,12435,0.479472
3203,12437,0.719453
3204,12438,0.52885
3205,12439,0.154065
3205,9657,0.25603
3205,9226,0.116024
3206,10703,0.118371
3206,13254,0.058445
3207,9289,0.266255
3207,9589,0.065775
3208,12440,0.487736
3208,10126,0.230489
3209,12441,0.085889
3209,11594,0.395615
3210,12443,0.203026
3210,12790,0.319253
3210,15518,0.060064
3211,12444,0.070257
3211,13348,0.095645
3211,14776,0.066729
3212,12445,0.271308
3212,10309,0.131274
3212,16247,0.131681
3213,12446,0.655587
3214,9328,0.618719
3215,12447,0.664642
3216,12448,0.332442
3216,18338,0.332236
3217,12449,0.407691
3217,14560,0.179872
3217,17960,0.099935
3218,9151,0.632472
3219,12453,0.501407
3220,12454,0.260115
3221,10811,0.177465
3222,12455,0.130745
3222,12457,0.192142
3222,12655,0.102949
3222,15579,0.075135
3222,16481,0.063991
3223,12458,0.190221
3224,12459,0.163833
3224,12916,0.203901
3224,15225,0.234965
3224,15244,0.050112
3225,12460,0.253536
3225,11993,0.131847
3225,10428,0.114522
3225,16984,0.219038
3226,12461,0.389672
3226,13469,0.294078
3227,12462,0.059622
3227,13273,0.106017
3227,9986,0.191551
3227,14929,0.150478
3227,17294,0.067223
3228,11396,0.080911
3228,12502,0.349239
3228,9281,0.062453
3229,12465,0.132715
3229,12477,0.552349
3230,12466,0.485087
3230,12468,0.109873
3230,17048,0.067391
3231,11110,0.573302
3232,12467,0.343331
3232,12469,0.167289
3232,11127,0.095839
3233,10384,0.058702
3233,11845,0.088406
3234,12471,0.17962
3234,13306,0.165985
3234,14001,0.14712
3234,16399,0.242566
3235,12472,0.108673
3235,12473,0.203471
3235,14863,0.09402
3235,15420,0.131069
3236,12474,0.265957
3236,12495,0.195253
3237,12475,0.875863
3238,12476,0.440434
3238,15913,0.071779
3239,10030,0.300244
3239,9806,0.167844
3239,17499,0.167906
3240,10021,0.237124
3240,9188,0.06067
3241,10841,0.140697
3241,17615,0.100961
3242,9464,0.431856
3242,10509,0.365401
3243,10409,0.350053
3243,12402,0.12514
3244,9328,0.171648
3244,12500,0.548738
3245,12478,0.190228
3245,13472,0.114411
3245,13735,0.114411
3245,13736,0.089158
3245,16701,0.089158
3246,9960,0.317537
3247,12485,0.217747
3247,9772,0.228838
3248,9655,0.362421
3248,13553,0.065183
3248,13606,0.16969
3249,9655,0.461453
3249,13553,0.180223
3250,12252,0.427652
3250,12458,0.350242
3251,12488,0.529068
3251,13453,0.102422
3252,12489,0.228998
3252,10844,0.424516
3253,10533,0.869409
3254,12490,0.151036
3254,13461,0.336927
3254,10458,0.150466
3255,12492,0.596828
3256,12493,0.288278
3256,14057,0.290242
3256,14934,0.07119
3256,14935,0.076131
3257,12494,0.346934
3257,16580,0.283195
3258,12494,0.679163
3259,12496,0.138893
3259,12889,0.27553
3259,14284,0.125553
3260,9942,0.18517
3260,9771,0.119921
3260,9242,0.138243
3261,12498,0.448712
3261,12485,0.311166
3262,12187,0.592506
3263,9273,0.570858
3263,9068,0.107635
3264,12503,0.251689
3264,10080,0.141054
3265,12504,0.458597
3265,12559,0.284538
3266,9178,0.316466
3266,12505,0.340868
3266,10966,0.128561
3267,12507,0.210412
3267,12519,0.342542
3268,12509,0.306248
3268,14109,0.405626
3269,12510,0.503844
3270,12511,0.297441
3270,16308,0.166969
3270,9282,0.050606
3270,17816,0.080022
3271,9037,0.232366
3271,9128,0.424942
3272,9048,0.180812
3272,12512,0.212911
3272,12243,0.097474
3273,12513,0.136276
3273,16538,0.407489
3274,12514,0.331847
3274,11667,0.056365
3274,10124,0.210388
3274,18011,0.062434
3275,9594,0.223971
3275,12514,0.232002
3275,18301,0.08576
3276,12517,0.060103
3276,12525,0.094484
3276,16326,0.162867
3276,17099,0.060307
3277,12518,0.374498
3277,10047,0.060122
3277,17342,0.07871
3278,12520,0.082802
3278,14604,0.15465
3278,14671,0.051175
3278,9382,0.055262
3278,16442,0.079457
3278,9948,0.088361
3279,12521,0.300052
3279,14790,0.11699
3279,15373,0.057073
3280,12522,0.518514
3281,12523,0.210698
3281,12552,0.338914
3282,12524,0.122493
3282,9262,0.229351
3282,17601,0.06849
3283,9695,0.841983
3284,12526,0.816571
3285,12528,0.110555
3285,14949,0.087378
3285,13075,0.142653
3286,10596,0.518443
3286,9111,0.313004
3287,12529,0.370463
3287,14044,0.207217
3288,12530,0.690039
3289,12531,0.551724
3290,12329,0.098147
3290,9801,0.086113
3290,9270,0.067357
3291,10353,0.414549
3291,14945,0.107292
3292,9225,0.488349
3293,12534,0.27556
3294,9056,0.665886
3295,12535,0.839484
3296,12333,0.23935
3296,12600,0.254005
3296,12837,0.077316
3296,9111,0.100263
3297,12537,0.345712
3297,12551,0.144644
3297,17019,0.068333
3298,12540,0.759407
3299,12542,0.128019
3299,12558,0.50809
3300,10680,0.209274
3300,11789,0.203767
3301,12544,0.446576
3301,16279,0.09099
3302,12547,0.693677
3303,12548,0.07609
3303,10729,0.053157
3303,13335,0.051515
3304,10758,0.378961
3304,13329,0.199774
3304,14478,0.058198
3305,9336,0.207059
3305,10169,0.139195
3305,9547,0.063458
3305,9345,0.05546
3306,10900,0.160524
3306,11496,0.319311
3307,10240,0.59702
3308,12553,0.316358
3308,16621,0.176845
3309,10272,0.146575
3309,11333,0.148829
3309,11184,0.347115
3309,10761,0.174443
3310,12557,0.409705
3310,12838,0.156876
3310,12841,0.245365
3311,12560,0.323661
3312,12561,0.135411
3312,14382,0.135417
3312,15216,0.275442
3313,10327,0.063292
3314,11229,0.716362
3315,10501,0.520359
3316,12563,0.120704
3316,13876,0.228144
3316,13884,0.10991
3316,16185,0.057875
3317,12564,0.168022
3317,14982,0.093919
3317,10039,0.276875
3318,12565,0.414854
3318,14375,0.264795
3319,12566,0.524074
3320,12567,0.509228
3320,12660,0.143849
3321,9882,0.489067
3322,10803,0.621746
3323,12568,0.182147
3323,12732,0.065325
3323,11193,0.13055
3324,12570,0.085737
3324,13038,0.160958
3324,13635,0.070011
3324,9911,0.096353
3324,10997,0.140117
3325,12571,0.660897
3326,10307,0.60149
3327,12574,0.249497
3328,12575,0.298561
3328,10299,0.196685
3328,13789,0.145539
3328,14302,0.054937
3329,12576,0.6248
3330,12577,0.704996
3331,9645,0.182275
3331,12784,0.117934
3331,9089,0.128021
3332,12568,0.112959
3332,12732,0.359051
3332,13540,0.052097
3332,11193,0.116213
3333,12578,0.687971
3334,12544,0.08292
3334,14875,0.274298
3335,12187,0.347094
3335,9144,0.112469
3335,9852,0.129717
3335,15408,0.06078
3336,12580,0.754853
3337,12581,0.589018
3338,12581,0.838089
3339,12582,0.415493
3339,12583,0.42199
3340,9297,0.278302
3340,9520,0.052674
3340,15630,0.086456
3340,9933,0.055927
3340,9589,0.088918
3340,11014,0.093394
3341,12584,0.485408
3341,11347,0.065563
3341,15057,0.124113
3342,10194,0.316235
3342,14115,0.360663
3343,12585,0.660313
3344,12586,0.563685
3345,10059,0.197964
3345,12854,0.351984
3345,14153,0.11251
3345,14908,0.082601
3346,12587,0.318922
3346,15943,0.198055
3347,12589,0.595452
3347,9424,0.182954
3348,12590,0.093065
3348,13872,0.27378
3348,14250,0.275009
3348,15843,0.065986
3348,17847,0.066104
3349,10529,0.255404
3350,11014,0.281267
3350,15630,0.112209
3350,17911,0.093061
3351,12591,0.623799
3352,9645,0.270717
3352,9539,0.087263
3353,9054,0.139735
3353,9420,0.057113
3353,9953,0.181342
3354,12595,0.758228
3355,12595,0.711901
3356,12597,0.600868
3357,11517,0.052371
3357,10690,0.267135
3357,12601,0.072987
3357,12165,0.052359
3357,16301,0.197105
3358,12598,0.349113
3358,10803,0.153897
3358,12603,0.125896
3358,12613,0.117439
3359,10689,0.052824
3359,12913,0.136794
3359,9917,0.080648
3359,15318,0.304066
3359,18175,0.050247
3360,10148,0.098253
3360,12779,0.119321
3361,12599,0.192238
3362,12605,0.215701
3362,11417,0.265713
3362,17295,0.064443
3363,9317,0.257463
3363,12607,0.257483
3364,12606,0.657017
3365,9767,0.390108
3366,9539,0.526652
3367,12611,0.70266
3368,12616,0.367604
3368,17078,0.254557
3369,12617,0.070826
3369,12619,0.271764
3369,13355,0.372303
3370,12618,0.785789
3371,11428,0.082801
3371,9337,0.314098
3371,9880,0.253505
3372,12234,0.563726
3373,12621,0.271216
3373,13812,0.316583
3374,12622,0.461841
3375,12623,0.53798
3375,16221,0.136872
3376,10047,0.459101
3377,9283,0.255253
3377,12595,0.492596
3378,9772,0.118368
3378,12072,0.063757
3378,9433,0.077145
3379,9801,0.127019
3379,13254,0.104667
3379,14383,0.080747
3379,10369,0.131129
3379,12995,0.050135
3380,12624,0.426867
3380,15799,0.074339
3380,16134,0.074339
3381,10624,0.457245
3381,12039,0.176441
3382,9762,0.099342
3382,9234,0.179847
3383,11585,0.450933
3383,11384,0.091063
3384,12626,0.528211
3385,12627,0.61166
3386,9319,0.705129
3387,12629,0.551522
3388,9309,0.081331
3388,9337,0.117038
3388,9777,0.158424
3389,9737,0.061268
3389,13730,0.299273
3389,15344,0.084702
3389,16672,0.131758
3390,12631,0.060117
3390,14296,0.103791
3390,10875,0.076686
3390,16679,0.158147
3391,12633,0.572633
3392,9470,0.18018
3392,10388,0.093543
3392,10772,0.09254
3392,15359,0.077545
3392,10782,0.076899
3393,12636,0.054354
3393,9146,0.055013
3394,11316,0.071338
3394,10357,0.072484
3394,17060,0.10509
3395,10356,0.759982
3396,12600,0.094904
3396,16972,0.05441
3397,9291,0.152058
3398,9744,0.624715
3399,12639,0.122616
3399,13672,0.334975
3399,14007,0.156476
3399,15078,0.05924
3400,9889,0.568127
3401,10107,0.083582
3401,11368,0.392685
3401,14144,0.173189
3402,9383,0.309011
3402,16678,0.118656
3402,17069,0.077856
3402,17070,0.087438
3403,12640,0.114537
3403,13157,0.250687
3404,10134,0.216622
3404,17950,0.051927
3405,12641,0.35446
3405,9785,0.385472
3406,9449,0.075446
3407,12644,0.409851
3408,12646,0.172313
3408,13817,0.340017
3408,12622,0.193165
3409,9589,0.584309
3409,17118,0.174619
3410,11278,0.568077
3411,12649,0.349784
3411,16806,0.052502
3411,16866,0.096948
3412,12653,0.720508
3413,12654,0.231055
3413,12664,0.410927
3414,10021,0.357539
3415,10088,0.176953
3415,9835,0.175149
3415,13628,0.184424
3416,9373,0.223852
3416,9431,0.144216
3416,13931,0.108729
3417,10557,0.361104
3417,16589,0.120848
3417,9631,0.093841
3417,9969,0.060262
3418,9245,0.194304
3418,9220,0.468255
3419,12657,0.200178
3419,16502,0.071091
3420,9303,0.678805
3421,9302,0.175998
3421,13161,0.076172
3422,10341,0.050257
3422,11789,0.075483
3423,12659,0.319139
3423,15820,0.139472
3423,17193,0.149546
3424,9779,0.460373
3424,13438,0.073652
3424,16176,0.120219
3425,9584,0.609515
3426,10107,0.15279
3426,9219,0.519406
3426,11704,0.159443
3427,12661,0.281219
3427,14112,0.096019
3427,9155,0.158472
3428,12662,0.707204
3429,12663,0.178628
3429,14042,0.192937
3430,9308,0.491508
3430,13416,0.130445
3431,10129,0.881813
3432,9862,0.128833
3432,12671,0.077405
3432,12915,0.082482
3432,13293,0.084265
3432,17338,0.065271
3433,11018,0.158854
3434,10542,0.441257
3434,14577,0.092438
3434,9780,0.0583
3435,12669,0.414414
3435,13763,0.290553
3436,12438,0.426026
3436,14095,0.356789
3437,11341,0.625162
3438,10316,0.823451
3439,12670,0.447418
3439,10044,0.258911
3440,10008,0.158952
3440,12672,0.167328
3440,9059,0.096027
3441,12673,0.247674
3441,12681,0.117796
3441,13785,0.327025
3442,12674,0.337571
3442,9653,0.060635
3442,9220,0.059917
3443,11920,0.227617
3443,10420,0.223441
3444,12676,0.38943
3444,10132,0.067119
3445,11339,0.803547
3446,12677,0.103189
3446,12398,0.053001
3446,10445,0.104119
3447,12678,0.529925
3447,13029,0.082603
3448,9180,0.071723
3449,12679,0.503721
3449,17980,0.359267
3450,11110,0.675354
3451,9940,0.433637
3451,12686,0.433889
3452,12685,0.495309
3453,9746,0.117293
3453,9041,0.162566
3453,10571,0.062891
3453,10353,0.053581
3454,10312,0.536716
3455,12671,0.215034
3456,12691,0.21741
3456,10707,0.32846
3456,13900,0.051027
3456,10812,0.051087
3456,13022,0.074989
3457,10263,0.487736
3457,13450,0.061988
3458,9496,0.637701
3459,10366,0.283467
3459,13713,0.066155
3459,11986,0.108231
3460,12692,0.616138
3461,12693,0.05016
3461,14438,0.219813
3461,12042,0.057895
3462,11833,0.739677
3463,12694,0.215736
3463,9960,0.175382
3463,9993,0.055326
3463,13213,0.085282
3464,11790,0.158543
3465,12696,0.072286
3465,10333,0.116362
3465,11818,0.070261
3465,16038,0.054829
3466,12698,0.37297
3466,15832,0.433407
3467,10834,0.195438
3468,9719,0.189463
3468,9763,0.129512
3468,9640,0.112172
3468,14356,0.07362
3468,16725,0.085096
3468,12538,0.062182
3469,9795,0.654868
3470,10256,0.086751
3470,13011,0.270087
3470,13216,0.054756
3470,14591,0.208151
3471,12237,0.454136
3472,12701,0.28688
3472,13819,0.079857
3472,13079,0.08017
3472,17905,0.110808
3472,18373,0.080167
3473,12702,0.315852
3474,12703,0.094016
3474,13882,0.071274
3475,12705,0.272807
3476,12706,0.343829
3476,9351,0.352706
3476,14542,0.147551
3477,12708,0.579593
3478,12711,0.130841
3478,9760,0.071894
3478,14242,0.122941
3479,12712,0.231645
3479,15265,0.097124
3479,9273,0.15138
3479,16843,0.152121
3480,12715,0.295153
3480,14256,0.20707
3481,12716,0.127788
3481,11315,0.087231
3481,16734,0.078816
3481,17228,0.127925
3482,12718,0.0605
3482,13732,0.347538
3482,11190,0.275218
3482,10627,0.059223
3483,9509,0.386871
3484,12720,0.150297
3484,15875,0.068816
3484,18195,0.202655
3484,13068,0.187398
3485,11318,0.538398
3486,9220,0.243794
3486,9245,0.204624
3486,9177,0.121658
3486,11364,0.118815
3487,12722,0.514215
3488,12723,0.712481
3489,12724,0.675599
3490,12725,0.283756
3490,12726,0.143456
3491,10139,0.236854
3491,13081,0.096587
3491,13067,0.068738
3492,12727,0.707391
3493,9172,0.724684
3494,9605,0.890742
3495,12730,0.112208
3495,12745,0.228765
3495,13561,0.146017
3495,16521,0.104743
3496,12731,0.166847
3497,12732,0.301014
3497,11193,0.107369
3498,12733,0.181009
3498,12958,0.141458
3498,12994,0.114081
3498,14336,0.164623
3498,10904,0.054745
3499,12553,0.13309
3499,16266,0.417982
3500,9306,0.123732
3500,12737,0.294002
3501,12739,0.828621
3502,12740,0.60985
3503,9573,0.470573
3503,13975,0.105291
3503,16625,0.137123
3504,12741,0.39932
3504,13732,0.062942
3505,12742,0.335437
3505,17790,0.099582
3506,12748,0.203734
3506,10908,0.087217
3507,9819,0.116374
3507,9068,0.052614
3507,9045,0.266471
3508,9212,0.223492
3508,14315,0.069913
3509,10550,0.284797
3509,12751,0.117022
3509,16254,0.1304
3510,12752,0.429202
3510,15804,0.086236
3511,10265,0.686611
3512,12085,0.656441
3513,9762,0.31276
3513,15687,0.089412
3513,11383,0.105089
3514,12753,0.727401
3515,12754,0.417213
3515,12773,0.127859
3516,9201,0.501951
3516,11972,0.0729
3517,9600,0.489258
3517,11194,0.393821
3518,12756,0.286399
3518,13729,0.286528
3519,12758,0.349612
3520,10556,0.402655
3521,12760,0.248307
3521,17168,0.13347
3522,11651,0.191887
3523,12761,0.05142
3523,13818,0.448326
3523,15937,0.111737
3524,11974,0.431342
3524,15312,0.226208
3525,12762,0.294702
3526,12058,0.286115
3527,12763,0.055523
3527,9749,0.353833
3527,9799,0.063958
3528,12764,0.072157
3528,12965,0.124755
3528,9506,0.066178
3528,15814,0.095495
3529,12765,0.65726
3530,12769,0.09089
3530,11028,0.197713
3530,10311,0.06272
3530,15388,0.089199
3531,9765,0.304791
3531,10978,0.106304
3531,10267,0.14649
3532,10438,0.225071
3532,10603,0.092483
3532,9503,0.119365
3532,10138,0.119496
3532,15541,0.066993
3533,12770,0.562552
3534,12772,0.377827
3534,13957,0.313107
3534,9087,0.057589
3535,9653,0.381277
3535,9401,0.112304
3536,12774,0.54706
3537,12775,0.643483
3538,12757,0.801152
3539,11159,0.870736
3540,12777,0.184858
3540,14082,0.394671
3541,10740,0.603043
3542,10082,0.091227
3542,10125,0.4105
3542,12360,0.079834
3542,11156,0.051095
3543,9201,0.151861
3543,12997,0.12657
3543,9316,0.062294
3543,13975,0.083551
3543,11503,0.056242
3544,9374,0.161869
3544,10132,0.05642
3544,14419,0.149288
3544,15785,0.06667
3544,9289,0.082191
3544,16878,0.066775
3545,12778,0.701417
3546,9782,0.197915
3546,15849,0.085003
3546,11707,0.08196
3547,10777,0.409662
3548,12780,0.054051
3548,12781,0.118327
3549,12782,0.11602
3549,9292,0.212879
3550,12783,0.272322
3550,17517,0.191752
3551,12785,0.72731
3552,12786,0.850623
3553,12791,0.169748
3554,12792,0.239386
3554,12977,0.229983
3555,9289,0.169436
3555,9070,0.215648
3556,12794,0.400114
3556,14602,0.162461
3557,12795,0.618425
3558,12796,0.250782
3558,13199,0.618045
3559,12168,0.564493
3560,12798,0.700354
3561,12799,0.195048
3561,13203,0.195023
3561,16001,0.195054
3561,14389,0.139915
3562,12178,0.432471
3562,12847,0.051765
3563,10502,0.192013
3563,11824,0.057767
3563,16178,0.09639
3563,17292,0.078173
3564,9942,0.357139
3564,12436,0.4626
3565,12805,0.51347
3565,9060,0.097612
3565,13560,0.092584
3566,12806,0.251053
3566,13090,0.053928
3566,10568,0.129698
3567,9205,0.205163
3567,9589,0.107775
3568,12808,0.326583
3568,10311,0.107845
3569,12809,0.139647
3569,14902,0.30683
3569,17344,0.241139
3569,17538,0.052142
3570,12810,0.222435
3570,11408,0.416633
3571,12811,0.061303
3571,10509,0.061075
3571,15603,0.194896
3571,17306,0.107133
3572,12812,0.533625
3573,12813,0.091081
3573,10275,0.198988
3573,15723,0.106111
3573,10053,0.225341
3574,10775,0.397963
3574,14854,0.285592
3575,10893,0.407267
3576,12815,0.064356
3576,9111,0.078507
3576,10596,0.229287
3576,13770,0.225885
3576,16974,0.063907
3577,10596,0.305896
3578,12816,0.088595
3578,14761,0.447355
3578,17946,0.082103
3579,12818,0.373766
3579,9358,0.063124
3579,15771,0.084742
3579,10560,0.233699
3580,12819,0.312307
3580,9716,0.074368
3580,9821,0.097852
3581,12822,0.096164
3581,12824,0.063453
3581,9942,0.157428
3581,9752,0.430549
3582,12823,0.422338
3583,10104,0.262063
3583,15907,0.165814
3583,11552,0.128539
3584,12827,0.119604
3584,13772,0.16665
3585,12824,0.638917
3586,9786,0.359576
3586,9166,0.361212
3587,12829,0.448022
3587,14647,0.205128
3588,9583,0.119934
3588,13976,0.162019
3588,15649,0.123947
3588,10174,0.125878
3588,12325,0.123335
3589,12832,0.277598
3589,16160,0.155197
3589,16508,0.21585
3590,9036,0.672609
3591,12834,0.585872
3592,12840,0.358976
3592,12970,0.31646
3593,10950,0.539937
3593,10952,0.130809
3593,12414,0.087727
3594,10311,0.079914
3594,13596,0.05255
3595,12844,0.337875
3595,16994,0.142438
3596,12845,0.098158
3596,12872,0.203616
3596,11318,0.246957
3597,12846,0.240114
3597,13275,0.082681
3597,15767,0.180564
3597,16617,0.082681
3598,9201,0.652158
3599,10977,0.126075
3599,9358,0.229393
3599,13575,0.092492
3599,14021,0.070118
3599,13925,0.068394
3599,10595,0.084364
3600,10011,0.107012
3600,9450,0.260759
3600,9527,0.135412
3601,12848,0.849004
3602,10622,0.493976
3603,11248,0.30608
3603,11239,0.33578
3604,12850,0.443131
3604,16956,0.12562
3604,11554,0.061035
3605,12856,0.112154
3605,13502,0.161757
3605,14576,0.062709
3605,17372,0.061167
3606,12857,0.052821
3606,14364,0.136253
3606,14366,0.28255
3607,12859,0.543291
3608,9103,0.337524
3608,9048,0.243008
3609,12860,0.238934
3610,12589,0.457278
3610,10066,0.313502
3610,15949,0.12883
3611,12862,0.386789
3611,15874,0.165656
3612,12863,0.069019
3612,10915,0.083395
3612,12714,0.100404
3612,14199,0.064747
3612,14673,0.058662
3613,9766,0.337939
3613,10650,0.318545
3614,12864,0.1701
3614,12965,0.222331
3614,14174,0.1441
3615,9212,0.537282
3616,12869,0.133006
3616,12870,0.179385
3616,9705,0.084824
3616,14749,0.115118
3616,14757,0.142502
3617,12871,0.843832
3618,12873,0.898628
3619,12874,0.074786
3619,14992,0.477484
3619,13211,0.268112
3620,10028,0.474313
3621,12872,0.223617
3621,11318,0.160394
3622,12876,0.084875
3622,13229,0.085164
3622,10681,0.084633
3623,11909,0.630993
3623,16652,0.189346
3624,11283,0.274238
3624,11319,0.051812
3624,10118,0.155852
3624,16768,0.108723
3625,9738,0.277218
3626,10140,0.363273
3626,17801,0.203494
3627,10704,0.568797
3628,12880,0.393537
3629,12881,0.399452
3629,10071,0.096648
3630,12882,0.798217
3631,11787,0.371946
3631,12883,0.147477
3631,15061,0.190741
3632,12886,0.295999
3632,14486,0.311265
3632,15062,0.104058
3633,12887,0.462609
3633,16174,0.066464
3633,13262,0.142082
3633,17788,0.066453
3634,9966,0.214362
3634,9351,0.167249
3634,15152,0.070805
3634,13627,0.08115
3634,9649,0.074494
3634,9651,0.090762
3635,12890,0.517922
3636,12891,0.631477
3637,12892,0.224143
3637,13394,0.325856
3638,12893,0.133609
3638,14728,0.290381
3638,15091,0.070902
3638,15976,0.055255
3639,12897,0.410291
3640,11993,0.479348
3640,10428,0.181703
3641,12900,0.685832
3642,12901,0.229443
3642,14184,0.374612
3643,12904,0.106531
3643,13295,0.053175
3643,14241,0.127811
3643,14572,0.11972
3643,15932,0.105522
3643,17319,0.05639
3644,9253,0.57344
3645,12905,0.295635
3645,12906,0.411941
3646,12907,0.363611
3646,11296,0.089518
3646,16051,0.315783
3647,9306,0.206115
3647,9270,0.072747
3647,10664,0.050682
3648,12909,0.242848
3648,12912,0.338876
3648,17434,0.102278
3649,12910,0.491274
3649,12926,0.150907
3650,12911,0.363241
3650,10916,0.055437
3650,14614,0.086425
3651,12917,0.148197
3651,11166,0.091861
3651,11350,0.176034
3652,12908,0.159358
3652,11105,0.11794
3653,12918,0.096508
3653,12933,0.120515
3653,17976,0.111178
3654,12919,0.111336
3654,18005,0.174432
3655,12920,0.081154
3655,17631,0.081154
3655,16550,0.081145
3655,13297,0.058083
3655,12295,0.057709
3656,9122,0.353024
3656,12928,0.283266
3657,12921,0.242787
3657,14433,0.213124
3657,15404,0.078136
3657,17994,0.103841
3658,12906,0.55946
3658,14609,0.151389
3659,12925,0.81405
3660,12929,0.266844
3661,12930,0.515976
3661,15293,0.106143
3662,12931,0.148677
3662,14916,0.15142
3662,14862,0.151403
3663,10391,0.648877
3664,12934,0.385816
3664,13444,0.165746
3664,17373,0.092702
3665,9607,0.283237
3665,9636,0.209777
3666,12940,0.495561
3666,11903,0.067257
3666,17005,0.086818
3667,11015,0.295401
3667,16564,0.195914
3667,14663,0.219736
3668,10370,0.78324
3669,12940,0.500185
3669,16928,0.077877
3670,9289,0.194514
3671,12942,0.158408
3671,12947,0.299336
3672,12943,0.273786
3673,9738,0.124097
3673,13145,0.102011
3673,16354,0.247843
3673,11524,0.098026
3674,9220,0.465329
3674,9245,0.104499
3675,9978,0.090196
3675,12968,0.129471
3675,11415,0.06124
3675,12134,0.061972
3675,10339,0.238227
3676,12945,0.068698
3676,13531,0.103032
3676,14397,0.06766
3676,17541,0.06868
3677,9460,0.352904
3677,11455,0.151682
3677,11504,0.050976
3678,12946,0.519829
3679,12948,0.681017
3680,10365,0.119171
3680,11928,0.13623
3680,14593,0.132381
3681,9791,0.40839
3682,12886,0.106825
3682,12968,0.109361
3682,12989,0.096478
3683,12950,0.635911
3683,10292,0.22402
3684,12951,0.479267
3684,14716,0.148116
3685,12952,0.302087
3685,11973,0.21269
3686,12953,0.195767
3686,16036,0.089671
3686,17973,0.160423
3687,12953,0.600355
3687,15806,0.138408
3688,12954,0.407299
3688,13772,0.244282
3689,10313,0.236001
3689,15664,0.070619
3689,17657,0.095133
3689,17664,0.058653
3690,9986,0.347653
3691,9568,0.284908
3691,16147,0.207592
3692,10727,0.494056
3693,12959,0.381534
3693,13470,0.242181
3694,12960,0.393274
3694,14258,0.372158
3695,12961,0.378123
3695,13989,0.0649
3695,15791,0.138494
3696,10575,0.327489
3696,9683,0.329417
3697,12964,0.562865
3698,12115,0.694694
3699,12967,0.401828
3699,14172,0.187777
3700,9741,0.314834
3700,16265,0.104695
3700,16826,0.271129
3701,12840,0.204929
3701,12970,0.327591
3702,12972,0.275378
3702,13078,0.12606
3703,12973,0.288122
3703,12178,0.118014
3703,16550,0.112213
3704,12975,0.304236
3704,11044,0.304246
3705,12976,0.794984
3706,12978,0.166558
3706,14823,0.157402
3706,15754,0.379062
3706,15856,0.064331
3707,12980,0.566068
3708,11929,0.553744
3709,9334,0.15111
3710,12982,0.062295
3710,12535,0.403221
3710,14670,0.074641
3710,14251,0.074637
3711,12591,0.800335
3712,10383,0.585738
3713,9617,0.08862
3713,9610,0.121896
3713,9772,0.120904
3714,10171,0.404703
3714,14138,0.267181
3715,12984,0.508336
3716,12985,0.411578
3716,12986,0.161946
3716,14849,0.090138
3717,9269,0.238838
3717,10537,0.430863
3718,12178,0.500579
3718,12847,0.095224
3719,11348,0.136276
3719,9437,0.25978
3719,9267,0.078151
3719,10006,0.085891
3720,12988,0.155707
3720,10314,0.321715
3720,16506,0.112886
3721,12989,0.097198
3721,13000,0.050163
3721,12782,0.079131
3721,14167,0.136648
3721,14175,0.050567
3721,14950,0.165342
3722,12991,0.459281
3722,14871,0.11131
3723,12993,0.088106
3723,9128,0.505421
3724,10941,0.320158
3725,12996,0.624501
3726,12997,0.447933
3726,11823,0.087211
3726,17171,0.086389
3727,12998,0.078831
3727,11657,0.118603
3727,13961,0.055639
3728,9953,0.082839
3728,13538,0.234624
3728,15538,0.068275
3728,11711,0.053179
3728,16546,0.053029
3728,9427,0.097171
3729,12999,0.160642
3729,11162,0.184686
3729,16429,0.134974
3729,16485,0.134974
3730,13001,0.267317
3730,13045,0.089483
3731,10330,0.611454
3732,13002,0.094538
3732,9527,0.054063
3732,10321,0.063151
3732,13048,0.105967
3733,13003,0.41174
3733,9308,0.192546
3734,9377,0.676019
3735,12181,0.278814
3736,13004,0.195239
3736,11526,0.49784
3737,13005,0.476475
3737,14723,0.204499
3737,15262,0.06856
3738,12886,0.51671
3739,13006,0.233459
3739,14039,0.06612
3739,14040,0.172029
3740,10537,0.589701
3741,9459,0.52686
3741,9607,0.163947
3742,13007,0.606278
3743,9806,0.365467
3743,15070,0.08002
3744,13008,0.411884
3744,13846,0.082825
3744,16067,0.109752
3745,9359,0.121785
3745,9179,0.082185
3745,9608,0.082056
3746,13009,0.206101
3746,13020,0.21718
3746,16068,0.206101
3747,9594,0.353119
3747,12680,0.264271
3747,13341,0.104674
3748,13010,0.059213
3748,13715,0.457901
3748,9749,0.263767
3749,9729,0.824638
3750,9255,0.279305
3750,9618,0.255823
3750,9756,0.121969
3751,13013,0.051281
3751,13216,0.137877
3751,10256,0.341574
3751,14545,0.083561
3751,14544,0.053422
3752,13014,0.245605
3752,15365,0.454434
3753,13015,0.171067
3753,13016,0.184913
3753,13858,0.386596
3754,13017,0.161343
3754,15254,0.073762
3754,12977,0.132154
3754,15256,0.102966
3755,13018,0.22301
3756,13019,0.749052
3757,11205,0.827128
3758,13021,0.405359
3758,9653,0.070413
3758,9851,0.107549
3759,13022,0.255179
3759,10302,0.348419
3760,13024,0.214679
3760,10653,0.351393
3760,11381,0.096413
3761,13025,0.314768
3761,13894,0.219213
3761,13895,0.090527
3761,16090,0.107717
3762,13026,0.384834
3762,13027,0.150607
3762,13413,0.06715
3763,12540,0.670742
3764,13028,0.217323
3764,9806,0.110823
3764,17428,0.050138
3765,13029,0.638845
3766,9559,0.143815
3766,10732,0.057643
3766,11185,0.465344
3766,9256,0.064214
3767,11532,0.47973
3768,13035,0.628371
3769,13036,0.205372
3769,14295,0.316947
3769,16936,0.094034
3769,16939,0.094034
3770,13037,0.179827
3770,13121,0.13961
3770,15387,0.058332
3771,10035,0.498731
3772,13042,0.373155
3772,15145,0.372922
3773,13043,0.172481
3773,9724,0.103565
3773,16981,0.070216
3773,13543,0.109944
3774,13044,0.334817
3774,11594,0.189085
3775,10836,0.33008
3775,10054,0.119539
3775,17248,0.119557
3775,17571,0.093142
3776,11589,0.093387
3776,9746,0.14129
3776,13139,0.076524
3776,16615,0.092834
3776,16649,0.093492
3777,9321,0.089428
3777,10855,0.089985
3778,9509,0.069667
3778,10116,0.080423
3778,17910,0.073319
3779,13047,0.167723
3779,10497,0.09515
3780,11038,0.386173
3780,14004,0.20272
3781,13049,0.098398
3781,13054,0.304194
3781,12649,0.151595
3781,13673,0.107907
3782,13051,0.502929
3783,13052,0.076573
3783,13053,0.051022
3783,10619,0.366906
3783,15155,0.180153
3784,13056,0.440092
3784,10619,0.139338
3784,15155,0.058957
3785,13057,0.212856
3785,9546,0.321776
3785,16655,0.135066
3786,9781,0.409835
3787,13058,0.185329
3788,13059,0.601572
3789,13060,0.360819
3789,13061,0.322659
3790,13063,0.264422
3790,13718,0.395022
3791,13064,0.423926
3791,14800,0.074564
3791,14645,0.068917
3792,13066,0.132404
3792,14419,0.217327
3793,10370,0.741513
3794,11318,0.490486
3795,13068,0.242048
3795,13059,0.310476
3796,13069,0.510785
3796,11660,0.078175
3796,17590,0.115572
3797,13053,0.118171
3797,16894,0.121077
3797,14289,0.185608
3797,17411,0.051136
3798,13070,0.099534
3798,9847,0.134868
3798,14000,0.099541
3798,9282,0.102177
3798,13731,0.157107
3799,13073,0.248322
3799,9093,0.075727
3799,9758,0.083183
3799,10631,0.132512
3799,16112,0.11684
3800,13074,0.387219
3801,10520,0.2098
3801,9507,0.346626
3802,13077,0.360674
3802,18367,0.360667
3803,10489,0.387303
3803,12261,0.205069
3804,13079,0.14057
3804,13819,0.332017
3804,12701,0.124925
3804,17905,0.095361
3805,13080,0.221397
3805,18173,0.158813
3806,13083,0.487338
3806,13084,0.252984
3807,13083,0.437893
3807,13084,0.314114
3808,9182,0.0522
3808,13400,0.081003
3808,13401,0.21504
3808,13402,0.119162
3808,16309,0.141021
3808,9215,0.083172
3809,13088,0.426926
3809,13089,0.413308
3810,12766,0.203079
3810,12401,0.180587
3810,13644,0.159107
3811,13092,0.258203
3811,16375,0.108382
3811,15874,0.066916
3811,13848,0.063883
3812,9594,0.109576
3812,15152,0.079557
3812,12731,0.229434
3812,10178,0.172288
3813,13096,0.470631
3814,9274,0.123771
3814,9303,0.282864
3815,13097,0.07745
3815,13396,0.107583
3815,9899,0.06851
3815,11821,0.072107
3816,10529,0.128352
3816,13098,0.198017
3816,13099,0.269942
3817,13100,0.214036
3817,13182,0.318374
3817,9212,0.062833
3817,9825,0.073188
3818,13103,0.308912
3818,17539,0.364689
3819,13106,0.586292
3820,11535,0.402584
3820,9063,0.234998
3820,9073,0.22829
3821,12457,0.140327
3821,13692,0.052021
3821,14786,0.052036
3821,12455,0.06674
3821,16854,0.051988
3821,11246,0.050182
3822,13107,0.225553
3822,10433,0.158089
3822,14183,0.225758
3823,13108,0.223193
3823,14205,0.304145
3824,9178,0.117271
3824,9762,0.058291
3824,10022,0.389237
3824,11929,0.074452
3824,12370,0.074482
3825,12954,0.239615
3825,13193,0.364343
3826,13109,0.0694
3826,14435,0.051263
3827,10384,0.40247
3828,11008,0.626045
3829,11683,0.419115
3830,13113,0.308708
3830,17780,0.459485
3831,13114,0.462571
3831,17743,0.098159
3832,13115,0.578488
3833,13116,0.102688
3833,17001,0.050213
3834,10524,0.427074
3834,13117,0.395246
3835,13118,0.075101
3835,15490,0.444119
3835,17925,0.13784
3836,10056,0.295872
3836,11874,0.295951
3837,13119,0.229988
3837,14980,0.069281
3837,16982,0.212448
3837,17865,0.088107
3838,13120,0.307915
3838,13334,0.261903
3838,9358,0.051338
3839,13123,0.419022
3839,15753,0.330814
3840,11799,0.172205
3840,11335,0.345125
3840,10590,0.14787
3841,13125,0.22999
3841,15908,0.364321
3842,9647,0.235216
3842,14287,0.301972
3843,9570,0.091891
3843,9090,0.091874
3843,10108,0.064539
3843,9445,0.051699
3844,13126,0.477601
3845,13128,0.178664
3845,12774,0.140888
3846,13129,0.12488
3846,13207,0.396896
3846,10365,0.131115
3847,9753,0.235595
3848,13131,0.113388
3848,14391,0.421417
3848,17404,0.112586
3849,13134,0.176854
3849,13240,0.12959
3850,9337,0.415529
3850,9880,0.195114
3851,9695,0.069238
3851,14483,0.051833
3851,9572,0.052281
3852,9645,0.173368
3852,12516,0.169558
3853,11838,0.398165
3853,10051,0.118047
3853,14189,0.117991
3853,9966,0.119203
3854,9180,0.249088
3855,9782,0.085309
3855,14496,0.127801
3855,9262,0.303629
3855,9249,0.076634
3856,12583,0.192635
3856,17979,0.290681
3857,12511,0.121438
3857,17056,0.169306
3857,16308,0.313245
3858,13138,0.089839
3858,10693,0.122378
3858,10619,0.105561
3858,15343,0.089855
3858,9717,0.07278
3859,10296,0.349679
3859,15957,0.223253
3860,13139,0.501517
3861,13140,0.05109
3861,15194,0.233727
3861,15707,0.152993
3861,14728,0.052726
3862,13141,0.095556
3862,9465,0.125941
3862,14838,0.096272
3862,11934,0.134277
3863,11164,0.694776
3864,13142,0.254125
3864,13659,0.411784
3865,11943,0.211371
3865,16856,0.211798
3866,9940,0.634715
3867,13143,0.265227
3867,13149,0.107591
3867,14682,0.05028
3867,15370,0.10767
3868,13144,0.411472
3869,11706,0.307685
3870,13145,0.207383
3870,11825,0.139782
3871,11522,0.276305
3871,9724,0.49459
3872,11706,0.446508
3873,9942,0.077992
3873,11989,0.307183
3874,13147,0.080304
3874,13174,0.109416
3874,13744,0.196565
3874,14121,0.109417
3875,10138,0.309549
3875,15541,0.198515
3876,9203,0.409747
3876,11566,0.452391
3877,9521,0.133613
3877,9508,0.267871
3878,13150,0.051869
3878,11761,0.313681
3878,9631,0.186736
3878,15675,0.069986
3878,10557,0.051061
3879,10613,0.328119
3879,9964,0.062874
3880,9082,0.489382
3881,9878,0.33691
3881,15545,0.073066
3881,11530,0.060222
3881,10142,0.083747
3882,13152,0.084692
3882,13769,0.173906
3882,10224,0.094257
3883,13153,0.247771
3883,13184,0.315253
3884,9274,0.051683
3884,9272,0.052844
3884,9423,0.091268
3884,14661,0.223115
3884,15668,0.086118
3884,9191,0.085062
3885,10905,0.414455
3886,13154,0.272221
3887,13155,0.391012
3888,12818,0.496374
3889,12148,0.0789
3889,12776,0.435389
3889,11801,0.130087
3890,13159,0.478743
3891,13160,0.162386
3891,12787,0.210304
3891,13126,0.149946
3892,13150,0.146928
3892,17100,0.064755
3892,17109,0.141736
3893,13163,0.529432
3893,16346,0.172482
3894,9497,0.676531
3895,10196,0.746318
3896,9337,0.391929
3896,9880,0.346841
3897,13165,0.238032
3897,14377,0.184379
3898,13166,0.257674
3898,14852,0.138824
3898,10665,0.248973
3899,10196,0.787177
3900,13168,0.178501
3900,13169,0.070855
3900,13171,0.092961
3900,9048,0.109847
3901,12188,0.069533
3901,11748,0.114615
3901,14794,0.058837
3901,12042,0.051037
3902,9643,0.443934
3902,15982,0.053306
3903,11556,0.237238
3903,12354,0.237141
3904,9889,0.448728
3904,9486,0.235807
3904,9315,0.163561
3905,13173,0.73943
3906,13177,0.450525
3906,13188,0.232027
3907,13178,0.062599
3907,9770,0.116544
3907,9989,0.143908
3908,13183,0.098434
3908,11309,0.438961
3909,13186,0.60026
3910,13011,0.155976
3910,10385,0.084839
3910,9472,0.090434
3910,9112,0.094965
3911,13189,0.544499
3912,11823,0.34458
3912,16120,0.134575
3913,11802,0.249202
3913,13904,0.464718
3914,13191,0.409725
3915,13192,0.463575
3916,13193,0.193217
3916,12954,0.509308
3917,13193,0.567871
3917,12954,0.154037
3918,13196,0.643056
3919,9547,0.078272
3919,10277,0.126817
3919,14150,0.122463
3920,13197,0.673753
3921,12021,0.113369
3921,13356,0.053512
3921,10152,0.221352
3921,13389,0.109941
3921,15696,0.100685
3922,13198,0.805449
3923,10282,0.112011
3923,9337,0.110004
3924,13200,0.30022
3924,16016,0.064591
3925,13201,0.207752
3925,9676,0.303689
3925,14341,0.113698
3926,9947,0.273252
3926,11267,0.240764
3926,15196,0.081097
3927,9861,0.482103
3928,13198,0.068731
3928,13889,0.095565
3928,9643,0.067968
3928,14116,0.097162
3929,13202,0.271618
3929,15700,0.128984
3930,13204,0.196585
3930,12589,0.225075
3930,11566,0.2679
3931,13205,0.656899
3932,9594,0.573339
3933,11689,0.618691
3934,12759,0.335364
3934,11387,0.08583
3934,16767,0.081689
3935,13208,0.468891
3935,13303,0.161663
3936,13210,0.790728
3937,11968,0.30368
3938,13211,0.246016
3938,13223,0.09581
3938,13225,0.184381
3938,14436,0.068269
3938,16148,0.053768
3939,13217,0.559435
3940,13218,0.133682
3940,9345,0.136694
3940,11171,0.054066
3940,10249,0.07602
3941,13219,0.055576
3941,13912,0.157407
3942,9278,0.137942
3942,9602,0.293532
3942,10249,0.064621
3943,13221,0.255291
3943,9630,0.286972
3944,10704,0.711117
3945,11852,0.143339
3945,13338,0.055551
3945,12782,0.061071
3945,10171,0.074039
3946,13222,0.115359
3946,13232,0.097183
3946,9076,0.088803
3947,13224,0.372384
3947,14243,0.110487
3947,16814,0.153956
3948,9415,0.16156
3948,13551,0.090571
3948,9358,0.110132
3948,9316,0.347973
3949,9225,0.444641
3950,13221,0.163314
3950,9630,0.149043
3950,16273,0.488283
3951,13227,0.102829
3951,9179,0.1001
3951,9979,0.102784
3952,9630,0.724988
3953,13228,0.326352
3953,13234,0.187327
3954,9630,0.367762
3954,15229,0.058953
3955,13230,0.809722
3956,13231,0.481043
3957,13233,0.269311
3957,16191,0.082384
3957,11044,0.093308
3958,11335,0.372623
3958,13508,0.105041
3958,11368,0.120684
3958,14369,0.067509
3959,9217,0.588143
3960,13236,0.176741
3960,10072,0.057761
3960,9821,0.050071
3961,9361,0.192157
3961,14732,0.105338
3961,11230,0.153634
3961,9363,0.12014
3961,9269,0.070493
3962,13237,0.073719
3962,14964,0.249646
3962,16099,0.134633
3962,16100,0.132524
3963,13238,0.1728
3963,15601,0.34999
3963,16991,0.099977
3963,15934,0.05874
3963,16618,0.068037
3964,13239,0.168486
3964,16403,0.219925
3965,13241,0.078128
3965,11090,0.114774
3965,14205,0.087073
3965,9267,0.066174
3966,13246,0.478132
3966,14771,0.289888
3967,10869,0.551545
3968,9224,0.477691
3969,13247,0.513325
3969,17045,0.134674
3970,13248,0.385666
3970,13779,0.131616
3970,13780,0.075254
3970,13791,0.139239
3970,14850,0.053982
3971,10404,0.152171
3971,10435,0.066668
3971,14210,0.054388
3972,12732,0.059326
3972,12568,0.059148
3972,15180,0.059839
3972,13540,0.058417
3973,11824,0.308554
3973,14312,0.213401
3973,9456,0.259074
3974,13250,0.599656
3975,9910,0.095346
3975,9958,0.076369
3975,12097,0.102054
3975,13942,0.139009
3976,13251,0.085553
3976,11667,0.054181
3976,18333,0.065394
3977,13252,0.296037
3977,15547,0.170054
3977,15553,0.138717
3978,11873,0.16984
3978,10595,0.066894
3978,10977,0.11365
3979,9402,0.398884
3979,13266,0.064643
3979,9780,0.21047
3979,11501,0.064536
3980,9509,0.448177
3980,9910,0.210351
3981,10649,0.100526
3981,13255,0.187265
3981,13274,0.266762
3981,15946,0.104682
3982,12181,0.163275
3982,13645,0.098349
3982,13765,0.09847
3982,14943,0.229074
3983,11423,0.557492
3983,13579,0.23906
3984,9758,0.645505
3985,13256,0.784483
3986,10404,0.103784
3986,9048,0.063124
3986,12512,0.065885
3987,9522,0.543883
3987,14447,0.135942
3988,13257,0.399966
3989,10140,0.19482
3989,13039,0.084508
3990,13260,0.123382
3990,13286,0.20472
3990,15047,0.057657
3990,17581,0.090409
3991,13261,0.459817
3992,13262,0.572032
3993,10836,0.746713
3994,11825,0.284705
3994,15356,0.130315
3995,13264,0.058632
3995,14293,0.247717
3995,14735,0.058633
3995,15978,0.081739
3996,13265,0.827447
3997,11667,0.509747
3997,10162,0.157522
3998,9325,0.471964
3999,9270,0.229788
3999,13704,0.052404
4000,13268,0.616897
4001,13269,0.821526
4002,13270,0.094622
4002,12583,0.483646
4003,9816,0.090415
4003,9297,0.271792
4003,9162,0.159915
4004,13271,0.143599
4004,9942,0.085184
4004,13337,0.087513
4004,16225,0.184248
4005,9275,0.520775
4006,11989,0.582088
4006,12932,0.118565
4007,9973,0.129238
4007,9665,0.237526
4007,15309,0.092715
4008,13276,0.091218
4008,9431,0.16627
4008,9373,0.179193
4008,9724,0.146827
4008,11825,0.128746
4009,13278,0.422001
4010,13178,0.409032
4011,13279,0.293226
4011,13291,0.264279
4012,13280,0.091713
4012,9309,0.054747
4012,13292,0.197334
4012,9481,0.307137
4012,17140,0.055165
4013,13281,0.685763
4014,9179,0.11055
4014,9109,0.057271
4015,13282,0.321448
4016,13283,0.096056
4016,14988,0.061317
4016,11444,0.095975
4016,14991,0.144072
4017,9633,0.617272
4017,17268,0.164131
4018,9273,0.533154
4019,10338,0.116524
4019,9082,0.169394
4020,13285,0.077575
4020,13302,0.127703
4020,15643,0.069294
4020,10968,0.059223
4020,18207,0.060447
4020,15264,0.060356
4021,9796,0.05406
4021,9157,0.092814
4021,10156,0.154639
4022,13287,0.481537
4022,13293,0.21628
4023,13286,0.172702
4023,13634,0.291995
4024,12678,0.576528
4025,13293,0.161065
4025,15523,0.182998
4025,10140,0.106823
4025,14150,0.073529
4026,13294,0.168918
4026,13297,0.148937
4026,13676,0.050115
4026,12295,0.123577
4026,12920,0.050115
4026,16550,0.050107
4027,13296,0.303647
4027,10007,0.074629
4028,11215,0.174921
4028,15663,0.07665
4028,14567,0.212223
4028,17683,0.073742
4029,13298,0.25147
4029,17936,0.25147
4030,12074,0.284942
4030,10341,0.216125
4030,10862,0.138249
4031,9984,0.45096
4032,13300,0.87327
4033,12088,0.653393
4034,13301,0.717532
4035,9138,0.406726
4035,9114,0.406811
4036,12018,0.146939
4036,13304,0.243816
4036,16954,0.066146
4036,15939,0.340561
4037,9256,0.19028
4037,9201,0.075307
4037,9265,0.251498
4038,13305,0.522571
4038,10637,0.129415
4039,11521,0.050194
4039,12360,0.099996
4039,15107,0.069505
4039,11156,0.052317
4040,13306,0.597319
4041,9176,0.091754
4041,9043,0.1264
4041,9462,0.205985
4042,13308,0.471081
4042,13310,0.377804
4043,9387,0.906216
4044,11775,0.058979
4044,14393,0.157446
4044,10365,0.083747
4045,13311,0.135441
4045,13312,0.188996
4045,12688,0.188966
4046,11161,0.14203
4046,13951,0.181369
4047,10262,0.513066
4047,14292,0.078057
4048,9905,0.138105
4048,14188,0.055372
4048,10512,0.126423
4049,13316,0.671075
4050,13319,0.2058
4050,13647,0.19906
4051,13320,0.498448
4051,9728,0.098838
4052,13321,0.076214
4052,9542,0.403992
4052,10618,0.054862
4053,13323,0.253379
4053,16721,0.108976
4053,11810,0.060918
4054,13324,0.302837
4054,10208,0.187473
4055,13325,0.468991
4056,13326,0.657939
4057,9770,0.844952
4058,9068,0.852995
4059,10225,0.802459
4060,13328,0.758923
4061,9035,0.494652
4062,13330,0.270907
4062,15515,0.279342
4063,13331,0.36984
4063,11296,0.254611
4064,13332,0.274229
4064,15694,0.339541
4065,13336,0.111629
4065,13110,0.085992
4065,10927,0.072661
4065,16066,0.082172
4065,17298,0.059782
4066,12423,0.074622
4066,14123,0.107129
4066,10987,0.051152
4066,14484,0.14274
4066,16763,0.065097
4066,9192,0.052127
4067,9180,0.616761
4068,13339,0.348252
4069,10087,0.138347
4070,13340,0.209184
4071,13342,0.503782
4072,12683,0.767257
4073,12297,0.275015
4073,12905,0.192598
4073,13685,0.197345
4074,13344,0.748098
4075,13347,0.290875
4075,15320,0.215085
4075,9960,0.088323
4075,18234,0.06385
4076,13349,0.235904
4076,16772,0.07892
4077,9843,0.307251
4077,9833,0.167787
4077,9635,0.145097
4078,13353,0.744067
4079,12075,0.903816
4080,13354,0.659913
4081,10423,0.108946
4081,13093,0.091663
4082,12075,0.780205
4083,12905,0.274432
4083,14765,0.389706
4084,12075,0.352565
4084,9850,0.354035
4085,13208,0.216443
4086,13359,0.222742
4086,15021,0.486692
4087,13360,0.201699
4087,13361,0.247041
4087,9932,0.305557
4088,9253,0.263772
4088,9200,0.2882
4088,10883,0.151042
4088,16107,0.063146
4089,13362,0.063906
4089,13367,0.14142
4089,9889,0.339087
4089,10090,0.05122
4090,9996,0.1217
4090,9247,0.364026
4090,16647,0.067495
4091,13364,0.414642
4092,13366,0.338927
4092,15268,0.174205
4093,9966,0.287708
4094,13368,0.420729
4095,13369,0.385578
4095,13555,0.06206
4095,15000,0.158047
4096,10384,0.792037
4097,9083,0.533969
4098,13372,0.288315
4098,14880,0.231536
4099,11232,0.23489
4100,13373,0.293596
4100,16192,0.381026
4100,13363,0.099183
4100,17281,0.052654
4101,13374,0.518722
4101,17475,0.223624
4102,13374,0.373198
4103,11107,0.606118
4104,11780,0.149991
4104,15569,0.209165
4104,13507,0.150022
4105,13376,0.339528
4105,9738,0.301993
4105,16490,0.137872
4106,13377,0.092979
4106,11827,0.163728
4106,14230,0.050431
4106,15168,0.050529
4106,16879,0.107652
4107,13378,0.482015
4107,14072,0.063685
4107,14569,0.149249
4108,9248,0.215969
4108,12936,0.13168
4108,14251,0.056503
4109,13380,0.695771
4110,13382,0.502515
4111,9966,0.091394
4111,12988,0.198748
4111,10515,0.12202
4111,10827,0.210084
4111,9179,0.058944
4112,11357,0.179849
4112,11077,0.081909
4112,10691,0.070149
4112,10962,0.234716
4112,13975,0.063497
4113,10314,0.369278
4114,11800,0.513118
4115,13387,0.172693
4115,9373,0.222
4115,9431,0.298636
4116,13390,0.145816
4116,13895,0.078127
4116,17497,0.081773
4117,13391,0.177348
4118,9219,0.165398
4118,12930,0.37123
4118,10604,0.213455
4119,13395,0.798672
4120,10723,0.115502
4120,14163,0.16072
4120,12915,0.160463
4120,17862,0.099731
4121,13398,0.209331
4121,11152,0.162859
4122,11796,0.580922
4123,13403,0.795999
4124,10048,0.256497
4125,10263,0.375511
4126,13404,0.814809
4127,10275,0.193732
4127,14371,0.081195
4127,16158,0.051583
4128,11556,0.441497
4129,13407,0.150741
4129,14089,0.238265
4129,9951,0.181442
4129,16768,0.123475
4130,9188,0.243101
4131,9658,0.725124
4132,10604,0.651216
4133,13409,0.13256
4133,14412,0.169954
4133,18061,0.126469
4134,12457,0.163035
4134,10142,0.059501
4134,9545,0.091512
4134,16481,0.077662
4134,9878,0.08718
4135,9873,0.47282
4136,13411,0.161008
4136,14980,0.383646
4137,9820,0.05629
4137,14778,0.068469
4137,13530,0.06783
4137,14374,0.080659
4137,15847,0.155306
4138,13414,0.548762
4139,13417,0.482044
4140,13418,0.356811
4140,16547,0.132069
4140,16789,0.094739
4140,9359,0.087796
4141,12710,0.206923
4141,9881,0.567444
4142,11014,0.820958
4143,13419,0.282191
4143,13879,0.07538
4144,13420,0.540985
4144,10881,0.114726
4144,9264,0.128889
4145,9467,0.33625
4146,13421,0.076494
4146,11590,0.22526
4146,9267,0.069896
4146,10033,0.066818
4146,9333,0.093496
4147,9956,0.212305
4147,9851,0.26188
4148,10420,0.306726
4149,13424,0.085995
4149,13558,0.144038
4149,14961,0.131018
4150,10718,0.400803
4150,10275,0.092109
4151,13425,0.402306
4151,10607,0.292085
4151,10384,0.06652
4152,10409,0.156824
4152,12490,0.180953
4152,15613,0.107989
4153,12487,0.06799
4153,12535,0.168539
4153,9048,0.133943
4154,13428,0.863939
4155,13429,0.226525
4155,13776,0.176527
4155,17051,0.126628
4156,10529,0.493661
4156,13532,0.106529
4157,13431,0.778781
4158,13434,0.603837
4159,13436,0.181295
4159,13452,0.137871
4159,15554,0.410164
4160,13439,0.409706
4160,10384,0.196975
4161,13440,0.540624
4161,16181,0.198115
4162,13441,0.615165
4163,13442,0.449025
4163,16096,0.155581
4164,13448,0.603142
4165,9270,0.054156
4165,9230,0.125179
4165,14541,0.051507
4166,11180,0.431655
4166,9204,0.417242
4167,13449,0.134273
4167,13465,0.442991
4167,17965,0.068538
4168,10607,0.089757
4168,14006,0.444552
4168,14845,0.160572
4169,13451,0.485258
4169,14237,0.196947
4169,9750,0.059854
4170,10727,0.611276
4171,9654,0.205294
4171,15920,0.142065
4172,10834,0.266008
4172,14540,0.554867
4173,13449,0.214696
4173,13465,0.491944
4174,13456,0.791118
4175,13457,0.151685
4175,15714,0.324961
4175,15144,0.109215
4176,13458,0.662504
4177,9409,0.086979
4178,13459,0.152284
4178,13743,0.105213
4178,14698,0.059023
4178,11802,0.152291
4178,17826,0.057745
4179,13460,0.692142
4180,13462,0.424396
4181,13463,0.593295
4182,11413,0.404492
4182,15278,0.191733
4183,12732,0.108196
4183,13621,0.087779
4183,12568,0.062186
4183,16019,0.085554
4183,17633,0.051447
4184,9546,0.187209
4184,13681,0.307882
4185,13467,0.436941
4186,13468,0.132516
4186,10607,0.292649
4186,13425,0.11189
4187,13471,0.897541
4188,9870,0.255529
4188,13475,0.293925
4188,13583,0.113423
4189,10405,0.746751
4190,11780,0.370491
4190,13507,0.207097
4191,13473,0.518474
4192,13474,0.402731
4193,13476,0.379688
4194,9910,0.368404
4195,12644,0.729234
4196,9180,0.247078
4197,11690,0.397877
4198,10384,0.51433
4199,10529,0.540204
4200,13477,0.303541
4200,15536,0.335739
4201,11589,0.484695
4201,9297,0.084621
4201,13952,0.092653
4202,13479,0.379868
4202,10223,0.256604
4203,13481,0.59001
4203,14904,0.153927
4204,9090,0.291863
4204,9519,0.265646
4205,13483,0.096056
4205,15624,0.351077
4205,16720,0.053716
4205,17866,0.138562
4206,12289,0.857353
4207,9427,0.324305
4207,9933,0.109681
4207,16546,0.145694
4208,13485,0.196561
4208,13486,0.151482
4209,13489,0.273113
4210,9128,0.601789
4211,10638,0.18507
4211,9713,0.479072
4212,13492,0.36431
4212,13742,0.28645
4213,13494,0.541786
4213,15530,0.320299
4214,13495,0.49357
4215,9505,0.287236
4215,14128,0.380478
4216,12188,0.441709
4217,13498,0.502363
4218,10877,0.126741
4218,11836,0.126801
4218,9269,0.077603
4218,10097,0.12645
4219,13501,0.33911
4219,13432,0.251538
4219,16940,0.05548
4220,13503,0.312335
4220,11161,0.142751
4221,13504,0.149446
4221,17144,0.149448
4222,13258,0.092778
4222,10039,0.254145
4222,13405,0.095051
4223,13505,0.951762
4224,13506,0.727003
4225,13507,0.704911
4226,13508,0.462287
4227,13507,0.423747
4227,13681,0.13341
4228,10718,0.544418
4229,9267,0.144429
4229,13653,0.08175
4229,12095,0.086922
4229,17870,0.111559
4230,13511,0.312072
4230,14070,0.436579
4231,10829,0.343146
4231,11523,0.156732
4232,13514,0.370526
4232,10651,0.214696
4233,13515,0.536255
4234,11016,0.067085
4235,12707,0.200998
4235,12054,0.052702
4236,9441,0.715294
4237,13517,0.587921
4238,13516,0.293505
4238,10535,0.37215
4239,13517,0.655652
4240,13519,0.239683
4240,15218,0.15514
4241,13521,0.610843
4242,10985,0.336297
4242,15476,0.304541
4243,9071,0.07824
4243,9686,0.071663
4243,11182,0.13166
4243,14270,0.05841
4243,11538,0.130885
4243,9201,0.099557
4244,9738,0.052226
4244,14085,0.212749
4244,11998,0.071012
4244,10485,0.111645
4244,17022,0.051114
4245,13523,0.358994
4245,16220,0.131854
4245,10669,0.131862
4246,13524,0.1042
4246,12555,0.301719
4246,9432,0.053171
4246,14957,0.193751
4247,13525,0.078265
4247,16357,0.502423
4248,11523,0.352943
4248,15477,0.104791
4248,15760,0.104788
4249,13527,0.148708
4249,13469,0.350579
4249,12461,0.165552
4250,13528,0.685483
4251,13529,0.391356
4252,11155,0.101088
4252,11676,0.158339
4252,17273,0.066195
4253,10787,0.144808
4253,9048,0.077802
4253,11702,0.119168
4254,13533,0.253055
4254,17148,0.446506
4255,9305,0.624413
4256,13534,0.25964
4256,14509,0.45693
4257,10208,0.691874
4258,10188,0.751792
4259,13535,0.393366
4259,14177,0.213203
4260,13536,0.406173
4261,13537,0.623316
4262,9052,0.32499
4262,10882,0.095931
4263,13539,0.057081
4263,12088,0.09522
4263,9601,0.147916
4263,10637,0.076447
4263,14386,0.052417
4263,11547,0.083534
4264,10262,0.813204
4265,10876,0.065768
4265,14519,0.080109
4265,15403,0.125568
4265,11008,0.11414
4266,13544,0.250672
4266,17353,0.24693
4266,10808,0.300262
4267,13546,0.325472
4267,14460,0.164061
4268,11226,0.454843
4268,10762,0.178357
4269,13547,0.078818
4269,13963,0.20324
4269,16227,0.172176
4270,13548,0.203777
4271,13549,0.482267
4272,13550,0.186193
4272,16130,0.397449
4273,11689,0.56064
4274,12813,0.204935
4274,10275,0.185678
4274,9589,0.08333
4275,13554,0.332169
4275,10815,0.150574
4275,10714,0.216166
4276,13559,0.22621
4276,14090,0.50585
4277,13561,0.175619
4277,12730,0.106332
4277,16712,0.080407
4277,12745,0.080407
4278,10424,0.508052
4279,13563,0.754597
4280,9472,0.166024
4280,14638,0.079034
4280,16959,0.056555
4280,9356,0.055834
4281,13564,0.440003
4281,16385,0.255138
4281,10830,0.054814
4282,9179,0.148147
4282,9212,0.238895
4283,10353,0.332455
4283,10449,0.2309
4283,11258,0.086189
4284,9302,0.444101
4284,9452,0.084486
4285,13565,0.804897
4286,10392,0.396783
4286,10324,0.215219
4287,11148,0.117946
4287,16478,0.164716
4287,9366,0.296372
4287,11004,0.163448
4288,12180,0.249554
4288,9801,0.1437
4288,17951,0.112112
4288,17952,0.11315
4289,10830,0.383961
4289,9353,0.215307
4289,10347,0.090179
4290,13566,0.205145
4290,10406,0.080465
4291,9540,0.686075
4292,13569,0.367031
4292,10596,0.252029
4293,13570,0.167159
4293,13571,0.436522
4293,13842,0.067655
4294,10171,0.092241
4294,12866,0.083971
4294,10353,0.063789
4295,9634,0.242994
4296,10276,0.182122
4296,10370,0.293361
4296,14717,0.243067
4297,13572,0.741378
4298,10623,0.061942
4299,10508,0.422199
4300,13573,0.694145
4301,10146,0.126326
4301,15355,0.175094
4301,12704,0.282536
4302,13575,0.332508
4303,12019,0.06359
4303,9652,0.229714
4303,16150,0.060359
4303,17368,0.088631
4304,10196,0.641775
4305,9380,0.31536
4306,13578,0.381264
4307,13580,0.108835
4307,17385,0.237549
4308,13582,0.665348
4309,13584,0.745938
4310,13585,0.442899
4310,9723,0.192471
4310,17334,0.0966
4311,9487,0.087143
4311,17458,0.198751
4312,9712,0.203579
4312,13648,0.083525
4312,14226,0.101198
4313,9496,0.392639
4313,14923,0.190371
4313,10108,0.081903
4313,17422,0.063995
4314,13587,0.2345
4314,15885,0.463179
4315,13588,0.412714
4315,14069,0.079001
4315,15063,0.062259
4316,9176,0.099981
4316,9129,0.092248
4316,10901,0.080114
4316,10534,0.330959
4317,13589,0.226665
4318,13590,0.393314
4319,9267,0.11788
4319,11365,0.10929
4319,9269,0.066589
4319,9181,0.12168
4319,16261,0.050483
4320,13592,0.053099
4320,13939,0.095029
4320,14012,0.053147
4320,15742,0.053184
4320,16904,0.074087
4320,17354,0.179285
4321,13593,0.307153
4322,13594,0.088212
4322,13675,0.288275
4322,11036,0.138076
4322,17620,0.088217
4323,12779,0.421427
4323,12921,0.33534
4323,14433,0.102561
4324,13369,0.754863
4325,9752,0.320947
4326,13597,0.316858
4326,14204,0.240653
4327,10560,0.086932
4327,12818,0.449903
4327,15399,0.083242
4327,9250,0.05324
4327,15771,0.065417
4328,10092,0.357818
4328,12685,0.278811
4329,13598,0.575513
4330,10646,0.608554
4331,13599,0.136618
4331,13039,0.369296
4331,11608,0.06404
4331,16395,0.100321
4331,17112,0.062314
4332,13600,0.130822
4332,17488,0.130822
4332,10764,0.130819
4333,13601,0.183159
4333,13604,0.255355
4334,13602,0.496595
4334,9269,0.205547
4335,9046,0.102646
4335,13741,0.130292
4335,17398,0.242879
4335,10298,0.055466
4335,10858,0.203034
4336,13167,0.679776
4337,13605,0.525539
4337,9895,0.349057
4338,13608,0.05673
4338,14177,0.129006
4338,10869,0.056556
4339,13611,0.091264
4339,11278,0.300806
4339,15314,0.095681
4340,13612,0.078446
4340,9438,0.07836
4341,13596,0.432969
4341,14793,0.115068
4342,13615,0.130267
4343,13616,0.580605
4344,9744,0.392624
4344,9741,0.351411
4345,13617,0.173711
4345,9890,0.506272
4346,13618,0.464603
4346,11680,0.05404
4346,13641,0.161131
4347,9592,0.422382
4348,9146,0.36746
4348,14223,0.058279
4348,9154,0.055372
4348,11987,0.079391
4348,14835,0.051171
4348,14760,0.141501
4349,13619,0.454992
4350,13620,0.398509
4350,14987,0.267673
4351,13618,0.665174
4352,13622,0.390411
4352,16058,0.257419
4353,9819,0.056471
4353,9047,0.052652
4353,9430,0.0689
4353,17763,0.067201
4354,13623,0.189532
4355,9925,0.53084
4356,12347,0.267785
4356,10805,0.32011
4356,10267,0.058656
4357,13625,0.055646
4357,13643,0.144799
4358,9220,0.365928
4358,9177,0.066725
4358,9245,0.124347
4358,10313,0.066347
4359,11668,0.056964
4360,13627,0.274759
4360,11034,0.26782
4360,16072,0.057698
4360,16683,0.054166
4361,9490,0.717714
4362,13629,0.398099
4362,17189,0.099897
4363,12381,0.406884
4364,11329,0.231541
4364,11829,0.301423
4364,16950,0.08474
4365,13632,0.239903
4366,13633,0.072408
4366,16668,0.070669
4366,10681,0.101241
4367,13634,0.376826
4367,17210,0.211088
4368,10069,0.39887
4368,9128,0.418365
4369,13636,0.109219
4370,10335,0.243412
4370,15191,0.434263
4371,13624,0.319566
4371,9777,0.131558
4371,15782,0.129239
4371,16509,0.092319
4372,9255,0.598726
4373,11615,0.386939
4373,11624,0.408056
4374,13639,0.072079
4374,11345,0.129425
4375,13640,0.47719
4376,10885,0.418284
4376,11323,0.123662
4377,9642,0.701617
4378,10096,0.117729
4378,10054,0.070544
4378,18083,0.154168
4379,9392,0.218209
4379,9068,0.192766
4379,9811,0.123712
4379,16204,0.113029
4380,12779,0.688621
4381,13646,0.192284
4381,17507,0.479747
4381,17829,0.064405
4382,13652,0.61098
4383,13654,0.138858
4383,10539,0.156467
4383,15902,0.121011
4383,16167,0.057422
4383,16524,0.122212
4383,17499,0.07338
4384,13655,0.080078
4384,14813,0.080125
4384,9946,0.221222
4385,13658,0.200066
4385,11651,0.367567
4386,13661,0.580226
4387,12520,0.153245
4387,16164,0.151461
4387,14604,0.330943
4388,13662,0.238783
4388,13663,0.306413
4389,10729,0.798426
4390,11033,0.554005
4390,12169,0.111857
4391,12918,0.296248
4391,14361,0.177666
4391,15043,0.052035
4391,15993,0.077674
4391,12728,0.115579
4392,13664,0.574895
4393,11731,0.668791
4394,9151,0.741474
4395,13666,0.628879
4396,9180,0.405805
4397,9600,0.094469
4397,12991,0.09319
4397,17782,0.052201
4398,11696,0.221346
4398,14968,0.138546
4398,9909,0.233081
4399,9387,0.379403
4399,9291,0.169589
4400,10463,0.354517
4400,9883,0.197168
4400,11089,0.087972
4401,13673,0.368564
4401,12649,0.332282
4402,13678,0.743112
4403,13193,0.345646
4403,12954,0.249021
4404,13682,0.671765
4405,13683,0.064065
4405,9674,0.168214
4405,15585,0.064208
4405,11387,0.064178
4406,13236,0.47004
4406,15506,0.228447
4406,10574,0.053899
4407,13085,0.471726
4407,10283,0.195171
4408,10275,0.254983
4408,10946,0.121653
4408,9589,0.20677
4409,13684,0.119087
4409,16549,0.125612
4410,13685,0.353144
4411,13687,0.380848
4411,14220,0.099288
4411,14495,0.163396
4411,16194,0.069781
4412,12295,0.43332
4412,12897,0.194227
4413,10971,0.66843
4414,13688,0.231946
4414,15833,0.059769
4414,17013,0.132775
4415,13690,0.784464
4416,10333,0.15507
4416,14651,0.100208
4416,13527,0.16634
4416,16110,0.054088
4417,10935,0.41036
4417,10198,0.137935
4418,13693,0.265221
4418,14639,0.163692
4418,14942,0.069429
4418,9835,0.06501
4419,10613,0.074615
4419,13694,0.430533
4419,15575,0.25858
4420,13695,0.538896
4420,14744,0.199568
4421,13696,0.776452
4422,13697,0.45195
4422,17579,0.052223
4422,13433,0.062487
4422,18065,0.05127
4423,10777,0.620573
4424,13698,0.575537
4424,13701,0.202303
4425,13699,0.312278
4426,13700,0.566472
4427,11303,0.297735
4427,12360,0.309014
4427,14216,0.076795
4428,13550,0.387418
4428,9418,0.143969
4429,13507,0.792507
4430,13705,0.447655
4431,13709,0.274713
4431,16299,0.190483
4432,13710,0.116362
4433,13711,0.14321
4434,13712,0.285627
4434,15307,0.367009
4435,13714,0.655901
4436,9390,0.135442
4437,13717,0.200252
4437,18340,0.256825
4438,10339,0.324633
4438,11830,0.231874
4439,10030,0.365229
4439,12498,0.166977
4439,17978,0.106727
4440,11869,0.666807
4441,13722,0.432718
4442,9373,0.584421
4443,10296,0.526283
4443,13723,0.133924
4444,13722,0.226756
4444,13902,0.076357
4445,13724,0.095734
4445,9594,0.293112
4445,15123,0.050356
4445,9584,0.140418
4445,11235,0.06884
4446,13725,0.153659
4446,11833,0.298111
4446,10380,0.105598
4447,13726,0.248366
4447,15555,0.059729
4447,13902,0.058021
4447,13722,0.071486
4447,16152,0.053929
4447,14480,0.059712
4448,13727,0.218522
4448,9176,0.139034
4448,9818,0.1222
4449,11504,0.417168
4449,14856,0.116194
4450,13731,0.39431
4450,13070,0.172382
4451,11735,0.118919
4451,9676,0.078428
4452,9676,0.297167
4452,13774,0.306052
4452,12112,0.062231
4453,9437,0.116286
4453,16259,0.065732
4453,10379,0.066032
4453,11805,0.101618
4453,9412,0.076713
4454,13733,0.697864
4455,13256,0.11284
4455,14938,0.114887
4456,13737,0.571392
4456,14999,0.12969
4457,10183,0.099238
4457,10387,0.162737
4457,15452,0.219069
4458,13738,0.125048
4458,11853,0.583246
4459,13739,0.49255
4460,10319,0.118041
4460,16081,0.140704
4460,10628,0.261809
4460,11288,0.141358
4461,10595,0.209347
4462,10718,0.800151
4463,9786,0.829665
4464,13740,0.403039
4464,15105,0.079213
4464,15317,0.287107
4465,11374,0.201346
4466,13722,0.428414
4466,17557,0.132828
4467,10871,0.226387
4467,14130,0.176122
4467,11077,0.126566
4468,9304,0.553967
4468,13574,0.120148
4469,10373,0.112059
4469,16236,0.1003
4469,10700,0.068894
4469,17245,0.063985
4469,12224,0.115743
4470,13746,0.165678
4470,9806,0.123499
4471,9178,0.12797
4471,9073,0.050535
4471,9563,0.30559
4471,10022,0.088559
4471,13508,0.05202
4472,13747,0.347476
4473,9701,0.578394
4473,15221,0.115873
4474,13748,0.31358
4474,16379,0.105415
4475,13749,0.147907
4475,9273,0.063223
4475,15360,0.071554
4475,16263,0.119305
4475,16349,0.119285
4476,13750,0.495169
4477,13751,0.158491
4477,14152,0.38206
4478,13752,0.505344
4478,17989,0.121421
4479,10881,0.127888
4479,11276,0.199746
4479,18112,0.060127
4480,13754,0.145012
4480,14339,0.05869
4481,10881,0.207517
4481,15200,0.09511
4481,16834,0.132948
4482,13756,0.42721
4483,13758,0.592403
4484,13759,0.272276
4484,14017,0.06943
4484,11205,0.152709
4484,15947,0.06943
4484,16527,0.087896
4485,13760,0.146329
4485,17684,0.137445
4485,17805,0.320117
4485,17806,0.132281
4486,13761,0.206025
4486,15627,0.386709
4487,9676,0.512983
4488,13763,0.284751
4488,12669,0.285707
4489,13764,0.270339
4489,11822,0.303313
4489,15051,0.114198
4490,11788,0.050594
4490,12810,0.113439
4490,16030,0.125882
4490,11408,0.113427
4490,17209,0.072366
4490,17449,0.072381
4491,11262,0.109453
4491,13840,0.2112
4491,9292,0.086084
4492,13767,0.515536
4493,9647,0.666377
4494,10374,0.379305
4495,13773,0.271593
4496,13775,0.340974
4496,13878,0.236651
4497,13777,0.156215
4497,17383,0.1034
4498,13781,0.128172
4498,15416,0.089665
4498,9649,0.069446
4498,16275,0.050142
4498,9140,0.067973
4498,16966,0.050142
4498,12018,0.050176
4498,16204,0.050141
4498,17491,0.08939
4499,13201,0.789037
4500,11276,0.356593
4500,16955,0.104649
4501,13784,0.571907
4501,12193,0.262919
4502,13786,0.203956
4502,14342,0.093383
4502,14346,0.203844
4503,13788,0.422939
4504,13785,0.12272
4504,12673,0.452167
4505,13790,0.102325
4505,9947,0.103609
4505,15996,0.056112
4505,16539,0.119739
4506,9815,0.554878
4506,13811,0.176888
4507,10662,0.737977
4508,13793,0.062211
4508,17824,0.480504
4508,17825,0.160458
4509,10298,0.225285
4510,13794,0.156758
4510,18064,0.15673
4511,13795,0.444669
4512,13796,0.575427
4512,14524,0.111007
4513,12195,0.154907
4513,9552,0.27806
4514,13798,0.732203
4515,9226,0.129056
4515,11127,0.104956
4515,9806,0.152419
4515,12280,0.070759
4516,13799,0.212658
4516,13801,0.349158
4516,15665,0.055402
4516,16493,0.051409
4517,13802,0.050455
4518,9418,0.425226
4518,13385,0.113244
4519,13803,0.060707
4519,14046,0.22869
4519,16002,0.060721
4519,11932,0.420727
4520,11517,0.104923
4520,12354,0.453672
4520,17090,0.057763
4521,13805,0.078355
4521,9459,0.09177
4521,15119,0.140169
4521,10858,0.076051
4522,11517,0.463885
4522,9277,0.251206
4523,9269,0.405139
4523,9086,0.338663
4524,12061,0.63944
4525,9247,0.327483
4526,13808,0.408775
4526,15614,0.177666
4526,18368,0.053105
4527,13809,0.14475
4527,13491,0.063854
4527,10522,0.092837
4527,14754,0.071246
4527,17711,0.05134
4528,13111,0.352163
4529,10276,0.276977
4529,16301,0.306843
4530,13074,0.292746
4530,10276,0.096911
4530,14635,0.084887
4531,11969,0.268867
4531,13197,0.061093
4531,16889,0.107145
4531,11970,0.374885
4532,13815,0.596003
4533,13816,0.305282
4533,18129,0.305282
4534,11920,0.212197
4534,13486,0.126076
4535,13819,0.379201
4536,13820,0.579606
4537,13821,0.129556
4537,15006,0.253508
4537,15085,0.176208
4537,15590,0.054626
4537,15732,0.095847
4538,13822,0.512311
4538,15156,0.142052
4539,13823,0.126144
4540,9726,0.253942
4541,13825,0.821317
4542,13826,0.601442
4543,13827,0.357328
4544,9940,0.615942
4545,11195,0.194524
4545,13197,0.349959
4546,12040,0.09105
4547,13829,0.815856
4548,13830,0.59933
4549,13831,0.875865
4550,13832,0.325413
4551,13833,0.140028
4551,10468,0.156801
4551,12672,0.054488
4551,16536,0.229893
4552,13834,0.704798
4553,11018,0.138084
4553,9219,0.067474
4553,15831,0.285618
4553,9180,0.058285
4554,13835,0.480637
4555,13837,0.341954
4555,18327,0.07656
4556,13838,0.278652
4557,10020,0.067148
4558,13840,0.734843
4559,13841,0.78144
4560,10187,0.505938
4560,10695,0.080053
4561,9143,0.25347
4561,9122,0.412912
4562,13843,0.744796
4563,9132,0.649242
4564,9847,0.388056
4564,13844,0.385882
4565,13847,0.511998
4565,9875,0.265434
4566,13848,0.32973
4566,15107,0.1246
4567,11802,0.307737
4567,13459,0.159323
4568,11736,0.118487
4568,9751,0.111343
4568,15810,0.12138
4568,17566,0.077669
4568,11373,0.08655
4569,13852,0.05134
4569,13853,0.065494
4569,15131,0.255077
4569,15133,0.051351
4569,15567,0.076965
4570,12178,0.282414
4571,13854,0.330592
4572,13855,0.368996
4573,11363,0.140202
4573,16419,0.259243
4573,16824,0.152258
4574,9128,0.495905
4575,13862,0.459881
4575,13937,0.085974
4575,14264,0.15355
4576,13863,0.060057
4576,9267,0.161736
4576,11032,0.080791
4577,12224,0.46173
4578,9923,0.564622
4579,13868,0.154333
4579,17275,0.276087
4580,13870,0.648793
4581,10885,0.547825
4582,13873,0.780243
4583,9800,0.139369
4583,18166,0.194473
4584,10338,0.406617
4584,12081,0.06271
4584,10184,0.062604
4585,10719,0.070452
4585,11983,0.113233
4585,12327,0.082686
4585,17418,0.054242
4585,10187,0.083465
4586,13877,0.145654
4586,11205,0.489254
4587,10397,0.25511
4588,13881,0.173418
4588,11514,0.545769
4589,13882,0.090168
4589,13887,0.052515
4589,10695,0.106884
4589,10187,0.07661
4589,15751,0.211386
4590,11051,0.234458
4590,14233,0.091188
4590,10333,0.162018
4591,9873,0.570522
4592,13883,0.338111
4592,14254,0.208416
4593,9605,0.636641
4594,9292,0.732599
4595,13891,0.745955
4596,13892,0.235715
4596,14879,0.380325
4596,16651,0.127393
4597,13893,0.764727
4598,12073,0.306398
4599,9669,0.744974
4600,11513,0.209836
4600,15848,0.051445
4600,11927,0.071711
4600,9646,0.130152
4601,9974,0.44358
4601,15474,0.169617
4602,11269,0.651903
4603,13898,0.203414
4604,10052,0.212229
4604,9178,0.337551
4605,13901,0.283283
4606,10021,0.365562
4606,11409,0.0635
4607,13905,0.116531
4608,13906,0.717285
4609,13908,0.255997
4609,16277,0.35159
4610,13909,0.370885
4611,10298,0.131422
4611,14341,0.08828
4611,9269,0.21492
4611,9945,0.065729
4611,14352,0.076049
4612,13910,0.406399
4612,18013,0.081443
4613,13911,0.093265
4613,14852,0.540864
4614,13913,0.084208
4614,14181,0.078749
4614,16489,0.128523
4615,13917,0.17401
4615,15422,0.124819
4615,17811,0.321975
4616,13372,0.193331
4616,12535,0.212626
4616,15512,0.062547
4617,13922,0.358667
4617,13923,0.290405
4618,10631,0.12923
4618,14354,0.120268
4618,9289,0.110447
4618,16159,0.100193
4618,18217,0.129493
4619,13923,0.144447
4619,13908,0.07717
4619,17718,0.052922
4620,12177,0.147486
4620,15106,0.105822
4620,15333,0.189287
4620,15608,0.085849
4621,11796,0.065028
4621,11401,0.114992
4621,15954,0.071477
4622,9201,0.323929
4623,13926,0.653751
4624,13928,0.061851
4624,15397,0.13968
4624,15436,0.240855
4625,9521,0.181612
4626,13930,0.816193
4627,9758,0.447814
4627,9641,0.179027
4628,10385,0.063854
4628,9580,0.30975
4628,12404,0.053393
4629,9741,0.361895
4629,16265,0.125992
4629,16341,0.060827
4630,13932,0.413538
4630,16195,0.059664
4631,13934,0.628732
4632,13935,0.282045
4632,14528,0.282053
4633,13581,0.33461
4634,9076,0.295148
4634,9570,0.372069
4635,13938,0.77666
4636,13940,0.817168
4637,11347,0.576987
4638,13944,0.30466
4638,16170,0.113184
4638,16522,0.14886
4638,9382,0.063036
4638,17410,0.053758
4639,13945,0.119506
4639,15213,0.166598
4639,16922,0.166598
4639,17238,0.119506
4640,13946,0.066728
4640,14252,0.083178
4640,14257,0.093713
4640,14267,0.146821
4641,9504,0.069299
4641,9750,0.073797
4641,9444,0.129881
4642,13948,0.211686
4642,14347,0.118332
4642,16722,0.118332
4642,17462,0.164952
4643,13949,0.149855
4643,14190,0.052779
4643,11601,0.206695
4643,10122,0.076659
4644,11156,0.130805
4644,12360,0.377836
4644,11303,0.104889
4645,9151,0.407556
4646,9036,0.238833
4646,12184,0.238592
4647,9966,0.467477
4647,9351,0.392073
4648,9932,0.477077
4648,9366,0.171772
4648,10392,0.097222
4649,9932,0.267916
4649,13361,0.267927
4649,9235,0.183787
4650,9716,0.166015
4650,9821,0.36049
4650,9932,0.138418
4650,14146,0.075758
4651,13955,0.09911
4651,9256,0.175079
4651,15384,0.290596
4651,13373,0.067754
4652,12684,0.309936
4652,10107,0.312919
4653,13959,0.085593
4653,9655,0.21933
4654,13960,0.312428
4654,17974,0.077102
4655,9885,0.271745
4655,9148,0.185751
4656,13962,0.253594
4656,14043,0.061717
4656,9162,0.068592
4656,16872,0.232436
4657,13005,0.071296
4657,14504,0.14447
4657,12645,0.090532
4657,10441,0.05343
4657,17029,0.071382
4658,9075,0.499359
4658,9351,0.225305
4659,12695,0.255062
4660,13964,0.148891
4660,9913,0.096648
4660,10224,0.251284
4661,9589,0.895654
4662,13966,0.811445
4663,10729,0.351235
4663,12949,0.1006
4663,14118,0.072404
4664,13967,0.28889
4664,11036,0.331526
4665,13968,0.270422
4665,16454,0.19398
4666,13969,0.682378
4667,13970,0.409464
4667,17430,0.190059
4668,13971,0.940012
4669,13971,0.427361
4669,13972,0.341646
4670,11470,0.389274
4670,14469,0.063401
4670,14522,0.063401
4670,16486,0.07972
4670,9567,0.09595
4671,10720,0.612234
4672,13973,0.663274
4673,11578,0.095393
4674,11682,0.383221
4675,13934,0.587859
4676,13974,0.542385
4676,15075,0.104296
4677,13617,0.447411
4677,9890,0.176586
4678,10226,0.175594
4678,17393,0.137339
4679,10226,0.335813
4679,11596,0.245846
4679,16875,0.069769
4680,13048,0.441311
4680,10927,0.087441
4680,15959,0.119762
4681,9641,0.154497
4681,16669,0.226532
4682,13977,0.486443
4683,13978,0.55703
4683,13979,0.188383
4684,11973,0.428952
4685,10174,0.1071
4685,13001,0.218087
4685,14736,0.195521
4685,16272,0.053316
4686,13981,0.123355
4686,13167,0.321162
4687,13982,0.699663
4688,9926,0.363582
4689,12086,0.351576
4689,13932,0.116665
4689,13544,0.115595
4690,12588,0.126746
4690,10399,0.126754
4691,9187,0.139965
4691,11461,0.418143
4692,13991,0.407035
4693,13992,0.214991
4693,9288,0.305532
4694,9594,0.433427
4694,9911,0.29731
4695,9349,0.079939
4695,14357,0.068456
4695,9633,0.095748
4696,9940,0.179726
4696,14772,0.10699
4696,15269,0.149053
4696,16957,0.149146
4697,13993,0.111629
4697,10437,0.079957
4697,9862,0.111742
4698,13994,0.581223
4699,13995,0.26638
4699,14884,0.557861
4700,13996,0.122915
4700,17058,0.171353
4701,13997,0.636885
4702,13998,0.349116
4702,12214,0.121267
4702,9895,0.12348
4703,13999,0.137149
4703,14064,0.446903
4704,13695,0.476789
4704,14000,0.295537
4705,9465,0.429485
4706,13473,0.882067
4707,13306,0.477752
4707,12471,0.427579
4708,13648,0.157735
4708,11017,0.230863
4708,12932,0.105056
4709,14005,0.371864
4709,17237,0.199129
4710,14008,0.728358
4711,14010,0.406043
4712,14011,0.399374
4713,9674,0.064072
4713,14357,0.079212
4713,10345,0.072564
4714,10384,0.54322
4715,10267,0.434997
4715,12689,0.252488
4715,11683,0.131404
4716,14016,0.451059
4716,14725,0.18105
4716,10761,0.08204
4717,11331,0.449318
4717,10966,0.435009
4718,14019,0.622906
4719,14020,0.369689
4719,14762,0.101712
4719,16822,0.083311
4720,10379,0.319503
4720,14848,0.091956
4720,12768,0.095656
4721,9447,0.101011
4721,17720,0.054155
4721,10079,0.222351
4721,10718,0.050901
4721,17721,0.115731
4721,17722,0.067093
4722,14023,0.293996
4722,15896,0.348248
4723,14024,0.377572
4724,9559,0.097228
4725,14025,0.072853
4725,15328,0.190242
4725,16388,0.141292
4726,12784,0.323431
4726,9074,0.235186
4727,14026,0.226321
4727,15471,0.156956
4727,16776,0.226321
4728,14027,0.165789
4728,16753,0.172714
4729,11119,0.202414
4729,14028,0.098306
4729,15472,0.052681
4729,11273,0.305154
4730,9382,0.107188
4730,10136,0.130555
4730,9220,0.083316
4730,10603,0.080894
4730,9503,0.054187
4731,14031,0.248861
4731,14619,0.533406
4732,13704,0.257465
4733,14032,0.403122
4734,14033,0.108035
4734,9393,0.399413
4735,14035,0.34611
4735,9249,0.187954
4735,14584,0.256817
4736,14037,0.671073
4737,14038,0.529546
4737,15993,0.200272
4738,14041,0.299911
4738,15623,0.25859
4738,16306,0.175965
4739,14045,0.057157
4739,14466,0.07001
4739,14520,0.089208
4739,11327,0.098432
4740,9043,0.357178
4741,14047,0.317353
4742,14048,0.396894
4742,14049,0.231106
4743,14050,0.179122
4743,18033,0.179166
4744,14051,0.827321
4745,12613,0.195032
4745,13139,0.051401
4745,16427,0.066044
4745,15850,0.124436
4745,14022,0.13415
4746,12613,0.247031
4746,14022,0.478294
4747,9607,0.10897
4747,9925,0.072392
4747,13627,0.094349
4747,9409,0.093566
4748,14053,0.306978
4748,15710,0.379028
4749,14054,0.110441
4749,14055,0.311751
4749,10483,0.102649
4750,9205,0.548462
4751,9409,0.14026
4752,10320,0.545644
4753,9457,0.241291
4753,13702,0.188262
4754,14059,0.057075
4754,16595,0.079706
4755,14061,0.50918
4755,14062,0.144886
4756,14062,0.183275
4757,9986,0.581316
4758,9753,0.424177
4759,14065,0.438431
4760,9758,0.537815
4761,14066,0.466223
4761,11791,0.36566
4762,14067,0.088713
4762,13584,0.074551
4762,16664,0.055922
4763,9066,0.600801
4764,14068,0.813315
4765,9345,0.602781
4766,14071,0.245986
4766,13856,0.203244
4766,15404,0.053199
4766,15985,0.097201
4767,12067,0.334078
4768,14073,0.285778
4768,14074,0.337099
4769,14075,0.486541
4769,14779,0.279004
4770,14076,0.571514
4771,11796,0.13417
4771,14689,0.058884
4771,14796,0.104463
4771,10148,0.0816
4771,15330,0.058883
4771,13245,0.102966
4771,16553,0.081427
4772,14077,0.371644
4772,10507,0.14466
4773,14079,0.356237
4774,10665,0.458792
4775,10799,0.204882
4775,10788,0.432748
4776,14080,0.43498
4776,14081,0.441788
4777,11662,0.448249
4778,14083,0.058966
4778,15321,0.165479
4778,15328,0.259679
4779,14079,0.87293
4780,14084,0.121888
4780,14114,0.209655
4780,16207,0.055783
4780,11376,0.055587
4780,16573,0.055788
4780,18098,0.055787
4781,11084,0.629372
4782,14085,0.381768
4782,15524,0.129765
4782,13273,0.065395
4783,14086,0.516918
4783,12333,0.224668
4784,14087,0.552317
4785,14080,0.685539
4786,14088,0.678303
4787,14092,0.17364
4787,14439,0.268026
4787,13400,0.084251
4788,14093,0.055025
4788,13982,0.088391
4788,12193,0.070031
4788,16585,0.059937
4788,17196,0.106163
4788,17627,0.054602
4789,9059,0.05172
4789,15788,0.061123
4790,14094,0.424733
4790,14095,0.359623
4791,9993,0.264784
4791,13213,0.430664
4792,14096,0.704936
4793,14097,0.073548
4793,14808,0.072918
4793,14846,0.125366
4794,14098,0.34033
4794,14462,0.220647
4795,12727,0.338456
4795,18139,0.338483
4796,10691,0.517251
4796,14653,0.256425
4797,14103,0.702116
4798,13353,0.827468
4799,11852,0.223423
4799,14104,0.283022
4799,11306,0.097745
4799,10233,0.073065
4800,9267,0.135787
4800,11365,0.179796
4800,14776,0.147248
4800,18018,0.082342
4801,10355,0.166235
4802,14106,0.244923
4803,11585,0.461292
4804,10757,0.105336
4804,9913,0.188973
4805,14108,0.588501
4806,13833,0.552331
4806,16881,0.168168
4807,9225,0.331234
4807,11195,0.327764
4808,9169,0.473542
4809,14109,0.350845
4809,12509,0.282496
4810,11180,0.531275
4811,14110,0.893518
4812,10343,0.630655
4813,10677,0.095963
4813,9737,0.059994
4813,16852,0.223577
4813,10052,0.186271
4814,14111,0.588374
4815,12187,0.552353
4816,14113,0.132032
4816,14872,0.291504
4817,11410,0.423347
4818,10404,0.362533
4818,14330,0.226192
4819,14116,0.640172
4820,14118,0.685411
4821,10393,0.80115
4822,14119,0.605515
4823,9666,0.363379
4823,15498,0.354201
4824,11431,0.192186
4824,14831,0.061061
4824,15354,0.050659
4824,18122,0.084789
4825,9210,0.39598
4825,11084,0.378472
4826,13320,0.367159
4826,10643,0.149985
4827,14125,0.499323
4827,9701,0.281264
4828,14128,0.243607
4829,13769,0.139068
4829,9782,0.296366
4829,9133,0.098779
4830,14129,0.792154
4831,11485,0.262317
4831,10177,0.354251
4832,14132,0.133021
4832,11124,0.472653
4832,17983,0.104804
4833,10162,0.426811
4834,14134,0.337719
4835,13342,0.209167
4836,14135,0.293928
4836,14136,0.15939
4836,14140,0.159564
4837,9169,0.159088
4837,14452,0.107922
4837,10317,0.057135
4837,13718,0.148104
4838,14137,0.404921
4838,16473,0.212528
4839,14139,0.370545
4840,14135,0.510793
4841,14141,0.309889
4841,15201,0.254646
4841,10900,0.077558
4842,14137,0.549192
4843,11417,0.148656
4843,9180,0.127893
4844,14147,0.488637
4845,12815,0.71701
4846,12887,0.367979
4846,13262,0.134425
4846,13085,0.134375
4847,9351,0.0894
4847,13400,0.3088
4847,15465,0.053835
4847,9055,0.207416
4848,14148,0.076935
4848,15092,0.472931
4848,9811,0.08503
4849,14149,0.28377
4850,14154,0.230531
4850,14039,0.155564
4850,11207,0.091909
4851,11989,0.328424
4851,12815,0.198386
4852,11472,0.42607
4853,10372,0.243349
4853,11804,0.111653
4853,11814,0.243546
4854,12614,0.091737
4854,17833,0.058866
4855,14155,0.747973
4856,10729,0.361039
4856,12949,0.117114
4857,9821,0.165344
4857,9646,0.298376
4858,10335,0.482894
4859,14158,0.06483
4859,14666,0.057088
4859,14669,0.068995
4859,11775,0.061691
4860,14160,0.307008
4861,12950,0.110388
4861,14161,0.085965
4861,14546,0.126016
4861,15761,0.065808
4861,9554,0.052567
4862,12433,0.059466
4862,14526,0.059488
4862,17091,0.059488
4863,9508,0.202276
4863,17050,0.088323
4864,11033,0.362428
4864,12956,0.227437
4865,14162,0.245755
4865,14905,0.131866
4866,12433,0.068967
4866,14166,0.253267
4866,14664,0.138982
4866,17320,0.106397
4867,14164,0.457928
4868,11038,0.298415
4868,15662,0.159582
4869,14165,0.317626
4869,9942,0.076072
4869,10570,0.076037
4869,16458,0.066691
4870,11051,0.393897
4871,12433,0.250201
4871,15786,0.250224
4872,12886,0.60884
4873,10284,0.458998
4874,13689,0.098522
4874,9862,0.408716
4875,14163,0.520302
4876,14173,0.327627
4876,9201,0.17138
4877,14176,0.1322
4877,9109,0.103289
4877,15598,0.055536
4878,14178,0.745933
4879,14179,0.430881
4880,9054,0.307356
4880,12018,0.100855
4880,9142,0.096396
4880,9595,0.10896
4881,9606,0.277518
4882,14180,0.3803
4883,11330,0.577242
4884,13460,0.832881
4885,14182,0.440653
4886,9268,0.260495
4887,9798,0.102369
4887,12047,0.46943
4887,9600,0.133546
4888,9180,0.05251
4888,10542,0.144049
4888,9780,0.23957
4889,14185,0.233835
4889,16492,0.103008
4889,10606,0.126105
4890,14186,0.74321
4891,9128,0.589764
4892,13946,0.195345
4892,15283,0.19539
4892,16733,0.195173
4893,14187,0.086961
4893,17124,0.066381
4893,17370,0.182899
4893,9269,0.082098
4893,18089,0.064643
4894,11445,0.20567
4894,14971,0.115095
4894,17745,0.050745
4894,18086,0.050483
4895,14191,0.61768
4896,11028,0.301728
4897,14192,0.756278
4898,9881,0.197638
4898,9788,0.331006
4898,16397,0.232522
4899,14194,0.133134
4899,14195,0.109586
4899,14570,0.061269
4899,16434,0.085414
4900,9270,0.110152
4900,10950,0.119082
4901,13727,0.696938
4902,11713,0.054865
4903,14196,0.571127
4904,14197,0.131229
4904,15994,0.218251
4904,14266,0.131237
4904,9592,0.160061
4904,9508,0.082489
4905,9390,0.364861
4906,10187,0.614538
4907,9192,0.239476
4907,9249,0.196039
4907,9587,0.151246
4908,12035,0.18804
4908,14975,0.063071
4908,10480,0.112114
4909,14199,0.176891
4909,17608,0.17752
4909,17955,0.126351
4910,14200,0.211325
4910,12109,0.316716
4911,14202,0.216427
4911,14957,0.063748
4911,15419,0.410106
4912,9934,0.121645
4912,9950,0.332971
4912,16224,0.279702
4912,14756,0.061281
4913,9796,0.211422
4913,10703,0.152092
4914,12995,0.606379
4915,14207,0.217904
4916,14210,0.396124
4917,13507,0.367056
4917,14211,0.315032
4918,10818,0.394079
4918,15102,0.077097
4918,11842,0.078791
4919,9167,0.366532
4919,10041,0.21641
4920,12029,0.221082
4920,14296,0.074079
4920,15407,0.052418
4921,14213,0.074032
4921,14967,0.067953
4922,12071,0.863941
4923,12995,0.169429
4923,14383,0.12167
4923,13254,0.212822
4924,9616,0.193769
4924,11008,0.110988
4925,14218,0.286619
4925,9355,0.068211
4926,10729,0.220466
4927,14219,0.082196
4927,9070,0.109519
4927,11547,0.074918
4927,12332,0.110851
4927,14303,0.082188
4928,9412,0.598865
4929,14220,0.370965
4929,9925,0.237108
4929,9220,0.079818
4930,14222,0.262202
4931,14225,0.285621
4931,17772,0.398174
4932,14226,0.1177
4932,11405,0.575847
4933,14227,0.394893
4933,14231,0.106052
4934,10397,0.099661
4935,14228,0.653728
4936,14229,0.832394
4937,13664,0.561144
4937,18067,0.123073
4938,10242,0.184802
4938,10945,0.237709
4938,9770,0.450186
4939,14232,0.152569
4939,12614,0.210801
4940,9986,0.631899
4941,11608,0.715679
4942,9600,0.133903
4942,11789,0.163095
4942,12991,0.163252
4943,10234,0.068088
4944,10989,0.442311
4944,12519,0.197596
4944,10801,0.154171
4945,11961,0.724242
4946,11111,0.713165
4947,14238,0.12043
4947,11427,0.114968
4947,9954,0.25604
4948,10328,0.59539
4949,14240,0.369877
4949,9750,0.054511
4949,16646,0.070366
4949,10204,0.052598
4950,11226,0.275353
4950,10762,0.359918
4951,14242,0.31531
4952,9949,0.740967
4953,10256,0.185052
4953,14544,0.183551
4953,16761,0.150693
4953,10907,0.081806
4954,11996,0.168498
4954,17131,0.178789
4955,14248,0.381663
4955,16216,0.150231
4956,9085,0.24053
4957,14253,0.622207
4958,14255,0.180748
4959,14260,0.537893
4959,13123,0.208518
4960,14262,0.105999
4960,17173,0.397958
4960,11462,0.105916
4961,14265,0.094863
4961,10175,0.059752
4962,9668,0.302668
4962,12140,0.302622
4962,13613,0.102554
4963,14266,0.391972
4963,15994,0.281172
4964,14268,0.272387
4965,14271,0.629111
4966,13372,0.336361
4967,10985,0.576591
4968,14273,0.4733
4969,14275,0.827324
4970,11250,0.297593
4970,11044,0.213461
4971,14276,0.626813
4972,14271,0.479182
4972,11178,0.25485
4973,14278,0.138025
4974,10834,0.314592
4975,14167,0.127703
4976,11909,0.515071
4977,14280,0.195169
4977,17038,0.364041
4977,12731,0.094313
4978,14281,0.355237
4979,14283,0.367563
4980,14285,0.698048
4981,14286,0.130509
4981,14313,0.153242
4981,10807,0.078376
4981,15319,0.205979
4981,10714,0.098787
4982,14288,0.458227
4983,14289,0.169419
4983,12638,0.169911
4984,14290,0.387107
4984,14881,0.309524
4985,11730,0.232469
4986,14291,0.613673
4987,9723,0.437144
4988,14297,0.171014
4988,15540,0.099173
4988,16471,0.063301
4988,12626,0.067296
4989,14293,0.342738
4989,11879,0.2713
4990,10977,0.31478
4991,9402,0.074947
4991,10979,0.507692
4992,9192,0.155043
4992,10987,0.215902
4993,10762,0.257625
4993,9577,0.256012
4994,13638,0.09684
4994,10078,0.26183
4994,17208,0.069568
4995,11766,0.37591
4995,11416,0.217824
4996,9793,0.418989
4996,9791,0.214111
4997,14299,0.151108
4997,11199,0.150812
4997,13074,0.123625
4998,14300,0.798638
4999,14302,0.145388
4999,12575,0.310497
5000,14304,0.852335
5001,9128,0.209461
5001,9730,0.166058
5002,12488,0.840214
5003,10138,0.162661
5003,11345,0.191165
5004,11233,0.541758
5005,10820,0.642867
5006,14310,0.811748
5007,13390,0.47125
5008,14316,0.254336
5008,12704,0.181769
5009,10719,0.327597
5010,10298,0.559649
5011,9302,0.461956
5011,9452,0.127978
5012,9313,0.532658
5012,14065,0.197452
5013,14317,0.11427
5013,15234,0.159301
5013,17106,0.20442
5014,9905,0.323563
5014,13104,0.223758
5015,10162,0.242627
5016,14319,0.116115
5016,15950,0.529242
5017,10680,0.543601
5018,14321,0.625878
5019,9276,0.3149
5019,9275,0.226954
5020,14323,0.826191
5021,14324,0.252771
5021,14578,0.152008
5021,11106,0.21913
5022,13963,0.249135
5022,16446,0.116959
5022,9099,0.119359
5022,17759,0.083996
5023,14325,0.500429
5024,9334,0.917673
5025,14326,0.130281
5026,14327,0.751094
5027,14328,0.486905
5028,14329,0.662124
5029,10096,0.70146
5030,10276,0.273471
5030,14717,0.310479
5031,10370,0.638438
5032,10242,0.776364
5033,10048,0.297001
5034,14330,0.174982
5034,10180,0.086406
5034,10404,0.258252
5035,14331,0.733323
5036,14332,0.49745
5037,14334,0.347545
5037,17732,0.195247
5038,13628,0.476475
5039,14337,0.534828
5040,14338,0.23769
5040,13778,0.274134
5041,11423,0.511458
5042,11590,0.067548
5042,15316,0.12769
5042,9220,0.17408
5042,17157,0.094482
5042,9342,0.069281
5043,11065,0.459254
5044,11197,0.234301
5044,15093,0.233957
5045,9579,0.15853
5045,15395,0.115121
5045,12387,0.205985
5046,14343,0.622466
5047,12980,0.098341
5047,10312,0.073861
5048,10575,0.773818
5049,14345,0.166725
5049,14592,0.115746
5049,16052,0.298305
5050,10861,0.754226
5051,9750,0.424013
5052,14348,0.302704
5052,14072,0.302874
5053,14349,0.301432
5053,16628,0.089443
5053,17843,0.089432
5054,10052,0.543886
5055,12918,0.310755
5055,14361,0.173049
5056,9235,0.080697
5056,11004,0.483161
5057,11868,0.14915
5057,15300,0.149048
5058,14355,0.483657
5058,13373,0.271955
5059,9743,0.240576
5059,9609,0.227303
5060,14358,0.398837
5061,14360,0.22887
5061,15016,0.187458
5061,15045,0.228756
5061,9048,0.095235
5062,9165,0.174336
5062,9991,0.390592
5063,14008,0.51794
5064,9319,0.063881
5064,11439,0.119495
5064,10876,0.050677
5064,9047,0.115189
5065,13026,0.108908
5065,11671,0.24295
5065,16505,0.218382
5066,13059,0.638509
5067,9134,0.317528
5068,10159,0.837942
5069,14363,0.537711
5070,14365,0.57072
5071,12190,0.420839
5072,14367,0.077253
5072,10162,0.141618
5072,12006,0.087197
5073,9105,0.06272
5074,10727,0.337311
5074,15597,0.079244
5074,13929,0.149721
5074,16491,0.137124
5075,14368,0.477612
5076,14332,0.46717
5077,11578,0.44641
5078,9869,0.364744
5078,9837,0.150832
5079,10120,0.329599
5079,9383,0.151586
5079,10981,0.111859
5079,9185,0.147711
5080,10167,0.096143
5080,15049,0.149343
5080,15056,0.300226
5081,14372,0.127451
5081,9966,0.177322
5081,16026,0.278368
5081,17795,0.127451
5082,9205,0.730142
5083,14374,0.209475
5083,14675,0.209473
5083,14778,0.134297
5083,15847,0.080609
5084,10725,0.72124
5085,10321,0.324438
5086,9292,0.471012
5087,10636,0.592235
5087,10203,0.164866
5088,14380,0.310861
5088,17846,0.242251
5089,12338,0.170069
5089,12684,0.36889
5090,14381,0.736913
5091,14385,0.050383
5091,15012,0.061499
5091,15763,0.105838
5091,11356,0.083771
5091,16231,0.117209
5092,14388,0.489636
5092,16838,0.229854
5093,14389,0.273695
5093,13203,0.241542
5094,14390,0.460749
5094,11262,0.116049
5095,10232,0.462176
5096,14394,0.19229
5096,10331,0.192094
5096,9950,0.187142
5096,9446,0.189991
5097,10551,0.517323
5097,14393,0.130457
5098,14396,0.277468
5098,10450,0.496358
5099,13428,0.607895
5099,12535,0.221359
5100,14398,0.208814
5101,13428,0.561918
5102,9068,0.095033
5102,13910,0.205854
5102,10079,0.062511
5103,14401,0.754464
5104,9128,0.745338
5105,14405,0.429115
5106,14406,0.173958
5106,15220,0.358058
5107,14289,0.270907
5107,17411,0.173276
5108,14409,0.217878
5108,14631,0.102137
5108,14667,0.060441
5108,15746,0.102137
5108,9238,0.082033
5109,14410,0.113446
5109,15113,0.458336
5110,9032,0.451052
5110,11094,0.421882
5111,14411,0.37531
5111,14413,0.221226
5111,17396,0.116922
5112,14414,0.077738
5112,9515,0.068875
5112,11415,0.143166
5112,12479,0.068944
5112,9868,0.077288
5113,10272,0.369185
5113,14411,0.362026
5114,14415,0.240343
5114,13381,0.338277
5115,11895,0.526
5116,9250,0.134582
5117,13180,0.183163
5117,9523,0.253663
5117,9442,0.30684
5118,14418,0.177611
5118,10655,0.182892
5119,13353,0.732156
5120,14420,0.823645
5121,9875,0.204604
5121,13847,0.632178
5122,14424,0.47405
5122,12600,0.062591
5123,14425,0.862003
5124,12656,0.323576
5125,12752,0.529343
5126,14427,0.517827
5127,13243,0.128025
5127,14428,0.083939
5127,16056,0.512588
5128,14429,0.106352
5128,13372,0.181141
5129,14169,0.150254
5129,14585,0.071998
5129,13067,0.068833
5130,9936,0.352118
5131,9207,0.715136
5132,13956,0.163674
5132,10318,0.123064
5132,9935,0.20011
5132,15684,0.059459
5132,18287,0.070263
5133,14437,0.227062
5133,14075,0.199578
5133,14779,0.181049
5133,14892,0.073198
5133,12948,0.056455
5134,10937,0.702585
5135,10655,0.072952
5135,14853,0.055779
5136,14440,0.617658
5137,14092,0.498115
5137,14439,0.161313
5138,14441,0.741861
5139,14442,0.095468
5139,14444,0.149569
5139,14446,0.203701
5139,15595,0.068482
5139,17845,0.095465
5140,11552,0.189054
5141,9750,0.116839
5142,10655,0.345252
5142,11266,0.412788
5143,10517,0.205726
5144,14448,0.332831
5144,14450,0.113369
5144,16103,0.082
5144,9584,0.098343
5145,11033,0.719472
5146,14451,0.27548
5146,13167,0.144796
5146,18352,0.144664
5146,18353,0.14485
5147,14453,0.835357
5148,9973,0.583639
5148,9337,0.191542
5149,14455,0.076903
5149,12918,0.064203
5150,9533,0.299177
5151,14457,0.841352
5152,9187,0.06616
5152,14459,0.076779
5152,14970,0.058242
5152,16920,0.055406
5152,17634,0.05539
5153,14458,0.079576
5153,10533,0.118965
5153,14728,0.085327
5154,14098,0.544902
5155,14461,0.791197
5156,12835,0.662902
5157,9964,0.695948
5158,9157,0.222231
5159,9718,0.542415
5160,14463,0.217421
5161,14464,0.639399
5162,14465,0.117717
5162,14649,0.18795
5162,15026,0.085703
5163,9589,0.192623
5163,16999,0.121094
5164,14468,0.556822
5165,9047,0.410746
5166,10799,0.302559
5166,10788,0.430639
5167,13664,0.374121
5168,10758,0.332741
5168,13329,0.242875
5168,11733,0.051253
5169,14473,0.322636
5169,14574,0.061057
5169,14972,0.093083
5169,15249,0.078698
5169,16619,0.051125
5170,12653,0.557684
5171,9487,0.212399
5171,9711,0.446508
5171,10182,0.081908
5172,14479,0.145065
5172,17686,0.14464
5172,9303,0.066102
5173,14480,0.361208
5174,14481,0.332795
5175,14482,0.116696
5176,10453,0.352012
5177,9128,0.526501
5177,12993,0.256515
5178,14485,0.558679
5179,10606,0.301047
5180,14487,0.505977
5181,14488,0.582225
5182,12454,0.457995
5182,14948,0.211748
5182,9090,0.064101
5183,12631,0.521738
5184,14491,0.572351
5185,9795,0.406816
5186,11733,0.485055
5187,14493,0.201499
5187,16198,0.053518
5187,9920,0.053423
5188,10643,0.099907
5188,12346,0.099599
5188,10537,0.082646
5188,14392,0.178757
5188,15781,0.098755
5189,14494,0.116374
5189,15104,0.065057
5189,16735,0.116092
5189,17032,0.06505
5190,10238,0.093094
5190,14165,0.278279
5190,11558,0.081335
5191,10424,0.524209
5192,10238,0.104721
5192,17785,0.187629
5193,9635,0.05407
5194,10680,0.809803
5195,9618,0.189744
5196,14499,0.535558
5197,11966,0.096828
5197,15828,0.206722
5197,15938,0.124415
5198,9665,0.602889
5199,14500,0.348116
5199,12045,0.204919
5199,12416,0.060703
5200,14501,0.439259
5201,14502,0.206925
5201,17264,0.29243
5202,14504,0.495177
5203,14112,0.462764
5203,14525,0.10264
5203,14562,0.218129
5204,10263,0.356258
5204,10204,0.175149
5205,14506,0.56868
5206,14507,0.079378
5206,15160,0.497206
5207,14508,0.100616
5208,10484,0.358076
5208,12036,0.279001
5209,14510,0.475625
5210,14511,0.341995
5211,14512,0.12107
5211,14199,0.096186
5211,9249,0.077117
5211,18118,0.055416
5212,9499,0.124405
5212,15892,0.160937
5213,14514,0.186695
5214,14516,0.64446
5215,14518,0.393062
5216,9973,0.567496
5217,12051,0.54728
5218,13156,0.615
5219,13659,0.47742
5219,11565,0.0891
5219,13142,0.091968
5220,14521,0.186891
5221,13093,0.366107
5221,14759,0.074455
5222,10162,0.554151
5223,9313,0.164893
5223,12045,0.103441
5223,11986,0.274364
5224,9759,0.343324
5224,11347,0.517731
5225,14527,0.687392
5226,14529,0.530289
5227,14531,0.138925
5227,9563,0.089765
5227,17813,0.166962
5228,14532,0.434124
5228,18339,0.168298
5229,14533,0.67461
5230,14534,0.742541
5231,9274,0.415152
5232,14535,0.116093
5232,15748,0.057275
5232,9870,0.215561
5233,10406,0.077983
5233,15107,0.065004
5234,11289,0.579434
5235,14077,0.631492
5236,10139,0.344504
5237,13405,0.541
5238,12266,0.344314
5238,12289,0.316153
5238,15691,0.067387
5239,14537,0.412611
5239,17626,0.353504
5240,11226,0.383389
5241,14016,0.521665
5242,14201,0.119111
5242,11898,0.548434
5243,14540,0.632401
5244,14543,0.588484
5245,10626,0.744457
5246,14548,0.395341
5247,9097,0.281433
5247,9754,0.219534
5248,10229,0.185948
5248,9919,0.056739
5248,9648,0.091566
5248,12016,0.089982
5249,14549,0.053231
5250,14550,0.160483
5250,15108,0.363997
5250,15864,0.070454
5251,11802,0.357086
5251,9910,0.154703
5252,9449,0.367523
5252,14551,0.244723
5253,9762,0.337439
5254,9579,0.158922
5254,9570,0.140977
5254,12387,0.265076
5254,13665,0.068817
5255,9609,0.133791
5255,9033,0.469784
5255,18248,0.061309
5256,11046,0.643787
5257,12221,0.484626
5258,14557,0.466885
5259,14558,0.495043
5259,17361,0.223689
5260,14559,0.31844
5260,15910,0.123414
5260,15918,0.097331
5261,14065,0.270109
5261,14993,0.244463
5261,13230,0.058795
5261,17794,0.081884
5262,14560,0.247338
5263,14561,0.811446
5264,14564,0.523469
5265,14065,0.269028
5266,14565,0.661172
5267,14567,0.428868
5268,14568,0.384318
5268,14797,0.12881
5268,12223,0.282149
5269,12488,0.271362
5269,16495,0.104628
5270,14571,0.08093
5270,16292,0.07954
5270,17709,0.129321
5271,10020,0.588144
5272,14575,0.176943
5273,9099,0.27826
5273,9337,0.393162
5274,10665,0.353996
5275,11091,0.396122
5276,14579,0.161822
5277,11139,0.070923
5277,17318,0.07944
5277,9696,0.096449
5277,9989,0.058966
5278,12693,0.408338
5278,9049,0.175021
5279,14585,0.263313
5279,9573,0.144631
5279,17685,0.075788
5280,14586,0.065317
5280,14911,0.099734
5280,12042,0.074465
5280,11584,0.15861
5281,14588,0.252334
5281,10272,0.05621
5281,9793,0.240155
5281,12836,0.055651
5282,9922,0.330678
5282,13011,0.29671
5282,9112,0.250334
5283,9922,0.442106
5283,13011,0.352424
5284,12295,0.39522
5285,10896,0.054428
5285,14681,0.062156
5285,18069,0.077608
5286,13011,0.470866
5287,14595,0.320078
5288,9400,0.627323
5289,14598,0.30585
5290,9821,0.07101
5290,9059,0.054182
5291,9262,0.396882
5292,9409,0.518315
5293,9409,0.055594
5293,11566,0.344215
5293,10254,0.063695
5293,9928,0.089682
5294,9409,0.417204
5295,14130,0.183304
5295,9868,0.133837
5295,11077,0.057704
5296,11123,0.05291
5297,14599,0.279504
5297,17075,0.228939
5297,17509,0.127976
5298,14177,0.275202
5299,9262,0.381007
5300,14601,0.14536
5300,13001,0.49023
5301,14603,0.484141
5302,11786,0.057392
5303,12210,0.402191
5304,14608,0.175858
5304,10482,0.406499
5305,11205,0.560234
5306,9255,0.314966
5307,9834,0.357032
5307,13488,0.357032
5308,9337,0.345995
5308,9352,0.310985
5309,14610,0.355479
5309,10671,0.089076
5310,12851,0.290492
5310,9706,0.124905
5311,14612,0.059523
5311,13901,0.082936
5311,15238,0.086494
5311,15437,0.213696
5311,15440,0.111545
5312,14613,0.290309
5313,14614,0.748974
5314,14615,0.261424
5314,17384,0.10896
5315,14616,0.436316
5316,14277,0.752106
5317,14618,0.294835
5317,17695,0.164814
5318,14620,0.301176
5319,14622,0.099246
5319,14869,0.136433
5319,16284,0.278993
5319,16716,0.135186
5320,14623,0.23235
5320,9205,0.168
5320,17838,0.061724
5320,18351,0.11048
5321,9680,0.667702
5322,14624,0.823946
5323,10276,0.176189
5323,14629,0.235209
5323,14632,0.209888
5324,14627,0.236646
5324,14641,0.052405
5324,15432,0.297789
5325,14628,0.687186
5326,14630,0.531348
5327,10148,0.082237
5327,9825,0.222404
5327,9275,0.054853
5327,10949,0.059078
5327,13245,0.120378
5328,14633,0.258149
5328,9712,0.179789
5329,14634,0.442526
5329,14641,0.183864
5330,14637,0.070867
5330,14163,0.053579
5330,17692,0.050837
5331,14640,0.731032
5332,12699,0.570636
5333,14648,0.519773
5334,11015,0.180698
5334,18290,0.285278
5334,18292,0.184354
5335,9099,0.223671
5335,9337,0.574471
5336,14654,0.177315
5336,17477,0.247185
5337,14487,0.093804
5337,14697,0.16445
5337,16992,0.064704
5337,17239,0.164333
5338,14656,0.286138
5339,11117,0.154503
5339,15862,0.154762
5340,10871,0.575471
5341,14660,0.295088
5341,9942,0.06846
5341,15406,0.07249
5341,17355,0.064993
5342,9501,0.469808
5342,9142,0.117002
5343,14662,0.086635
5343,14852,0.356707
5343,16426,0.086695
5344,10147,0.727222
5345,14663,0.579406
5346,9777,0.08001
5346,9770,0.172643
5347,12309,0.61425
5348,12535,0.119786
5348,12115,0.167442
5348,14670,0.403796
5349,9559,0.179371
5349,14577,0.143102
5349,12787,0.116882
5349,9780,0.066586
5350,11712,0.110886
5350,14672,0.159994
5350,9188,0.277548
5350,17384,0.08911
5351,14500,0.224455
5351,12045,0.178391
5352,9588,0.539508
5352,9532,0.209668
5353,11986,0.360855
5354,11942,0.325315
5355,14676,0.472368
5356,12557,0.270382
5356,12841,0.438232
5356,12838,0.057945
5357,10600,0.123613
5357,10930,0.123863
5358,9832,0.596735
5359,9220,0.395424
5359,9745,0.111654
5360,14680,0.144358
5360,16177,0.391101
5361,10374,0.28468
5362,13137,0.232978
5362,9419,0.249574
5363,14682,0.518911
5364,9362,0.127344
5364,10793,0.128072
5364,10841,0.128094
5365,14674,0.187993
5365,12705,0.05514
5365,12410,0.055798
5366,14683,0.830641
5367,14684,0.268308
5367,11042,0.079255
5368,14685,0.369335
5368,10165,0.1313
5369,14686,0.387666
5369,18160,0.170819
5370,11887,0.908165
5371,14688,0.324435
5372,11968,0.586472
5373,10257,0.416042
5374,9770,0.197934
5374,16088,0.085984
5375,14690,0.348447
5375,16022,0.065081
5375,17996,0.116531
5375,17997,0.062212
5376,14691,0.297813
5376,17038,0.192384
5377,11110,0.397875
5377,18078,0.222413
5378,14692,0.49775
5378,13186,0.251971
5379,14693,0.310733
5379,16398,0.163079
5379,9076,0.079758
5380,9565,0.388262
5380,14696,0.18066
5381,14694,0.05979
5381,16578,0.134582
5381,9711,0.402204
5381,10662,0.072697
5382,12273,0.285555
5382,18001,0.215372
5383,14695,0.263556
5383,11486,0.154062
5384,11508,0.310358
5384,15274,0.16268
5385,14700,0.214
5385,14701,0.213929
5386,14700,0.527629
5387,14703,0.821963
5388,14707,0.343475
5389,10011,0.452385
5390,14709,0.467573
5391,14710,0.451343
5391,16310,0.231346
5392,14711,0.39431
5392,17918,0.116985
5393,12897,0.658312
5394,14712,0.203294
5394,16423,0.118565
5394,16543,0.095191
5395,13681,0.503192
5396,14713,0.211648
5396,15889,0.211646
5397,9161,0.328808
5397,9092,0.271438
5398,13135,0.476684
5398,9314,0.24763
5399,13135,0.396383
5399,14505,0.253201
5400,14413,0.246666
5401,10775,0.888103
5402,9172,0.35608
5403,10902,0.128606
5403,14731,0.270685
5404,10560,0.710701
5405,9337,0.258748
5405,9099,0.180916
5405,17007,0.097942
5405,9352,0.069558
5405,9607,0.098592
5405,9134,0.065922
5406,14721,0.168424
5406,9654,0.221545
5406,18197,0.16281
5407,11244,0.196226
5407,9694,0.240398
5407,12258,0.093791
5408,9150,0.43399
5408,13840,0.311234
5409,14722,0.232748
5409,15875,0.130108
5409,16405,0.181268
5410,14724,0.55925
5410,9041,0.302108
5411,9910,0.542988
5412,12669,0.554504
5413,14726,0.646575
5414,14727,0.542419
5415,9695,0.060174
5416,9886,0.290567
5416,17555,0.111995
5417,13324,0.547308
5417,11720,0.128647
5418,14734,0.372203
5418,9267,0.148505
5419,14737,0.790776
5420,9180,0.333317
5420,9237,0.145627
5421,14738,0.707544
5422,9934,0.711637
5423,14739,0.303086
5424,14740,0.563977
5425,9047,0.197942
5425,9674,0.079571
5426,14741,0.729765
5427,14742,0.376551
5427,14743,0.240345
5427,9211,0.172401
5428,9255,0.221164
5429,10291,0.208919
5429,10110,0.210424
5429,17188,0.294749
5430,14753,0.691184
5431,13910,0.185953
5431,12724,0.140069
5432,14756,0.760076
5433,14757,0.133887
5434,13341,0.269839
5435,12362,0.204655
5435,10818,0.209962
5436,14098,0.837608
5437,11116,0.456809
5437,15559,0.226507
5438,9151,0.492352
5439,11116,0.489937
5440,11245,0.518592
5441,9274,0.368994
5441,14876,0.320748
5442,14763,0.099919
5442,9455,0.427925
5443,9043,0.176881
5443,9572,0.112852
5444,14765,0.186906
5444,10690,0.186882
5444,13581,0.134028
5445,11016,0.210599
5445,10595,0.167522
5445,10722,0.108172
5446,9041,0.28183
5446,17018,0.14842
5447,11164,0.553309
5447,9940,0.223358
5448,14766,0.644508
5449,11169,0.4655
5450,14768,0.597912
5451,11156,0.294255
5451,12360,0.257896
5452,14770,0.087654
5453,10429,0.129543
5453,14490,0.115804
5453,10373,0.311047
5454,14773,0.640188
5455,14774,0.33005
5456,14437,0.392923
5456,14892,0.250782
5457,13543,0.110367
5457,10719,0.091124
5458,9230,0.128766
5458,9048,0.438972
5459,14777,0.707315
5460,10614,0.659628
5461,14780,0.823928
5462,10980,0.34341
5463,14781,0.150449
5463,15773,0.15018
5464,14782,0.321914
5464,12638,0.157284
5465,14784,0.335938
5465,18052,0.153813
5466,12818,0.170664
5467,14787,0.071366
5467,16027,0.173241
5467,11365,0.08637
5467,17349,0.100789
5468,10276,0.267828
5468,12345,0.172431
5469,14789,0.411357
5469,14841,0.21348
5470,14792,0.504784
5471,14795,0.836834
5472,12358,0.327489
5472,12341,0.279752
5473,10149,0.30688
5473,10147,0.37274
5474,14798,0.822404
5475,13208,0.513572
5476,9584,0.180012
5476,13720,0.394246
5477,14802,0.433993
5478,9054,0.188238
5479,10677,0.215499
5479,16852,0.30556
5480,14803,0.12138
5480,10941,0.196436
5480,10382,0.130491
5481,14606,0.535231
5482,13730,0.199878
5482,9492,0.165358
5482,10449,0.189636
5482,14483,0.142088
5483,11747,0.205599
5483,14087,0.18714
5484,10415,0.288699
5484,10166,0.225713
5485,12415,0.220766
5485,14193,0.358886
5486,14804,0.161029
5486,15591,0.297929
5487,10121,0.314632
5487,15824,0.138094
5488,13952,0.588896
5489,13809,0.315143
5490,9234,0.325267
5491,11945,0.43453
5492,14806,0.547748
5493,14807,0.306101
5493,14809,0.466933
5493,9062,0.082747
5494,9043,0.409025
5495,9282,0.678885
5496,12187,0.288673
5496,13178,0.109936
5496,16728,0.377149
5497,12991,0.130246
5497,9600,0.156555
5497,11789,0.093349
5498,13071,0.4191
5499,13071,0.337635
5499,14811,0.316808
5499,16414,0.130939
5500,9632,0.383593
5501,10069,0.414419
5501,9128,0.338798
5502,14814,0.626306
5503,14815,0.747191
5504,14817,0.429385
5505,14529,0.467762
5506,9674,0.271968
5507,14821,0.865812
5508,14822,0.569872
5509,9667,0.298935
5510,11789,0.180748
5510,15534,0.050348
5511,10590,0.613255
5512,9795,0.200914
5512,15659,0.060201
5513,14825,0.388963
5513,14829,0.092515
5513,17929,0.103277
5514,9179,0.622258
5515,14379,0.85891
5516,10893,0.059161
5516,9245,0.054567
5516,13627,0.22387
5516,11034,0.129314
5517,9966,0.149588
5518,14828,0.397166
5518,15556,0.309125
5519,14824,0.291697
5520,14832,0.490441
5521,12123,0.377937
5521,17879,0.223385
5521,17881,0.146522
5522,14833,0.604379
5523,14836,0.148897
5523,16514,0.207727
5524,14838,0.407255
5524,16041,0.111478
5524,11615,0.0623
5524,9462,0.063308
5525,14840,0.743338
5526,10320,0.6549
5527,11139,0.144381
5527,12301,0.100041
5527,17026,0.096855
5527,17596,0.056097
5527,17419,0.056056
5527,18180,0.078198
5528,14842,0.509497
5528,17234,0.262664
5529,13155,0.913687
5530,9515,0.356932
5530,15207,0.357053
5531,12201,0.62195
5532,13372,0.23874
5533,14855,0.570901
5534,12109,0.111857
5534,15685,0.079133
5534,16276,0.14376
5534,13837,0.140746
5535,11444,0.090955
5535,14988,0.117111
5535,13283,0.089892
5536,11125,0.859493
5537,14858,0.237704
5538,14098,0.232543
5538,10319,0.266154
5538,14969,0.092617
5538,14462,0.123765
5539,14332,0.704144
5540,14862,0.117578
5540,16787,0.117591
5541,9100,0.508952
5542,12473,0.452377
5543,11105,0.395008
5544,14864,0.318711
5544,14954,0.071442
5544,14966,0.175754
5545,9210,0.330787
5545,12751,0.22413
5545,15450,0.12545
5546,14866,0.789683
5547,14867,0.223982
5548,14870,0.642527
5549,12329,0.11303
5549,15014,0.113905
5549,16839,0.154839
5549,17920,0.117102
5550,12699,0.293262
5550,10388,0.064577
5550,13904,0.066009
5550,11802,0.104253
5551,9068,0.262982
5551,10016,0.288217
5551,9795,0.118605
5552,14873,0.350053
5553,14874,0.306006
5554,14876,0.858926
5555,13056,0.415431
5556,11300,0.187422
5556,15140,0.146358
5557,10658,0.171226
5557,17121,0.472988
5558,10091,0.171746
5558,15037,0.37529
5559,14882,0.297599
5560,14885,0.33867
5560,16425,0.111466
5560,17728,0.071528
5561,9433,0.504806
5561,17117,0.111471
5562,13037,0.588426
5562,13121,0.129095
5563,14887,0.577425
5564,11330,0.485149
5565,14887,0.713527
5566,14888,0.466809
5567,14889,0.884963
5568,14890,0.606494
5568,9762,0.163982
5569,14891,0.802319
5570,12991,0.384873
5570,17639,0.184278
5570,17640,0.120273
5571,9047,0.132397
5571,15145,0.192575
5572,14895,0.445807
5572,18293,0.190644
5573,14895,0.466995
5573,18293,0.239582
5574,12036,0.301812
5574,14058,0.486897
5575,10989,0.114275
5575,17804,0.115961
5575,11444,0.161571
5575,13283,0.115841
5576,14896,0.302015
5576,16393,0.301966
5577,12440,0.298555
5577,14925,0.298511
5578,14897,0.526941
5579,14898,0.596551
5580,14901,0.06621
5580,14914,0.196811
5580,16071,0.322433
5581,10900,0.52621
5581,17235,0.149781
5582,14907,0.442635
5583,14848,0.391036
5583,16266,0.151614
5584,14909,0.720001
5585,14910,0.367501
5585,11448,0.123556
5586,14912,0.631224
5587,14913,0.611268
5588,11662,0.685886
5589,14110,0.292339
5590,14915,0.164804
5590,15846,0.118217
5590,16113,0.233242
5591,14918,0.275092
5591,15971,0.178177
5591,14438,0.210496
5592,14919,0.384246
5592,17093,0.299339
5593,14777,0.269518
5593,16421,0.26937
5594,14920,0.663919
5595,14924,0.334453
5595,9226,0.168807
5596,14925,0.728562
5597,14926,0.42697
5598,13572,0.900725
5599,9219,0.424234
5599,10206,0.157082
5600,9176,0.316346
5601,14931,0.359979
5602,10533,0.682651
5603,11842,0.441274
5604,14933,0.332442
5604,15140,0.241335
5605,11413,0.360782
5605,15813,0.274353
5605,9847,0.08135
5606,14937,0.5157
5606,17648,0.138361
5607,14939,0.625496
5608,14940,0.415236
5609,9427,0.177444
5610,14941,0.233118
5610,18199,0.128193
5611,9777,0.234177
5611,10025,0.269216
5612,14946,0.119402
5612,14143,0.056668
5612,17376,0.195769
5612,17437,0.105553
5613,14947,0.222782
5613,9106,0.362874
5614,14951,0.051693
5614,17970,0.188903
5614,9778,0.093054
5614,17971,0.108292
5615,12843,0.617258
5616,12621,0.206173
5616,9973,0.15215
5617,14955,0.29974
5617,17687,0.174647
5617,18081,0.100725
5618,9628,0.327106
5618,9327,0.234366
5618,16233,0.087066
5618,9295,0.087054
5619,9418,0.398145
5620,14958,0.188771
5621,14960,0.287613
5621,16943,0.085796
5621,16944,0.179039
5621,11004,0.075059
5622,9099,0.345923
5622,14962,0.343438
5623,14865,0.128397
5623,10326,0.382555
5624,14963,0.68064
5625,14965,0.287967
5625,16704,0.487432
5626,9628,0.173231
5626,16987,0.173501
5627,9589,0.478849
5627,9995,0.351815
5628,14973,0.562891
5629,10069,0.463229
5629,9128,0.35389
5630,14974,0.306361
5631,14976,0.783599
5632,12763,0.494931
5633,12692,0.811416
5634,14977,0.752478
5635,13098,0.202094
5635,14985,0.228109
5635,17459,0.061302
5636,14984,0.434944
5637,9635,0.336022
5638,13348,0.774242
5639,14990,0.130447
5639,16020,0.210046
5640,12560,0.341916
5641,14994,0.326113
5641,14996,0.182494
5642,13473,0.794141
5643,9188,0.83425
5644,14995,0.64463
5645,10822,0.199714
5645,10422,0.142022
5645,17836,0.103342
5645,17853,0.18468
5646,13737,0.12257
5647,14998,0.159189
5647,18090,0.114184
5648,12537,0.338924
5648,15000,0.123789
5648,17652,0.140458
5649,15001,0.316134
5650,10822,0.433587
5651,15002,0.200058
5651,15003,0.427459
5652,15005,0.889091
5653,9873,0.683907
5654,15007,0.563918
5655,15008,0.851417
5656,15009,0.492623
5657,15010,0.598291
5658,15013,0.582108
5659,15015,0.064324
5660,15016,0.133184
5660,15018,0.088005
5660,14022,0.066791
5660,15045,0.054644
5660,17676,0.101285
5660,17677,0.085759
5661,15017,0.598141
5662,13809,0.25998
5662,15019,0.59094
5663,15020,0.338836
5663,15770,0.472361
5664,9352,0.543552
5665,11895,0.297146
5665,11449,0.09249
5665,16804,0.163933
5665,9351,0.119462
5666,15027,0.465977
5667,15028,0.089053
5667,10091,0.443205
5667,15037,0.068684
5668,15029,0.124402
5668,17317,0.096949
5668,10491,0.084025
5669,15030,0.132677
5669,16903,0.319081
5670,15031,0.177348
5670,15341,0.0812
5671,15032,0.442881
5672,15033,0.191994
5672,10720,0.246671
5673,11789,0.138939
5673,17990,0.056907
5673,18185,0.057129
5674,15034,0.080178
5674,10045,0.092519
5675,15036,0.071813
5675,9488,0.380485
5675,11641,0.100616
5676,10695,0.100735
5676,10166,0.140673
5676,10187,0.113795
5676,9061,0.051678
5677,12948,0.444124
5678,15038,0.169404
5678,17031,0.336553
5679,15039,0.238886
5679,12043,0.33468
5680,15040,0.240699
5680,9973,0.151761
5681,15041,0.793692
5682,14115,0.331264
5682,10194,0.332528
5683,13069,0.407767
5683,12882,0.408948
5684,11402,0.378461
5685,15044,0.512895
5686,15045,0.529014
5687,9499,0.386115
5687,12738,0.410206
5688,9312,0.809175
5689,15046,0.568291
5689,15054,0.173826
5690,13623,0.207192
5690,16313,0.288806
5691,9652,0.414435
5691,9259,0.29023
5692,9922,0.324189
5692,16142,0.148439
5692,18276,0.147193
5693,15050,0.268926
5693,15334,0.133525
5694,15053,0.878606
5695,10279,0.26005
5696,15055,0.098492
5697,9135,0.829299
5698,10645,0.289949
5698,15326,0.235947
5699,15059,0.310764
5699,16087,0.210016
5699,16541,0.082506
5700,15060,0.215909
5700,12837,0.526699
5701,9752,0.335256
5702,11909,0.409345
5703,11918,0.220691
5704,15064,0.208923
5704,17543,0.150564
5705,13038,0.549868
5706,15065,0.18257
5706,17097,0.439201
5707,9593,0.263685
5707,12406,0.351586
5708,15067,0.398089
5708,16029,0.189087
5708,11667,0.099668
5709,9216,0.541648
5710,15069,0.177588
5710,12112,0.073281
5710,15989,0.247264
5711,12103,0.341025
5711,11226,0.164284
5712,10784,0.336015
5712,10806,0.464153
5713,15071,0.186342
5713,11315,0.266279
5714,15072,0.186061
5714,18236,0.139893
5715,15074,0.154909
5715,17251,0.154919
5716,11713,0.516639
5717,14627,0.500483
5717,15432,0.110275
5718,15076,0.237473
5718,16851,0.237606
5719,9577,0.610136
5720,15077,0.296144
5720,14918,0.135536
5720,16673,0.205965
5721,9072,0.285944
5721,9501,0.205549
5722,15080,0.484135
5723,9645,0.092868
5723,9510,0.164047
5723,9107,0.0531
5724,9099,0.633021
5725,15084,0.166837
5725,15089,0.40338
5726,15086,0.502679
5727,15087,0.518839
5728,13287,0.425136
5728,13282,0.37133
5729,15088,0.32378
5729,17291,0.14972
5729,12251,0.187471
5730,15087,0.289822
5730,14085,0.077625
5730,10485,0.202325
5731,11413,0.537872
5732,15090,0.619227
5733,10485,0.390665
5734,13478,0.606094
5735,15094,0.059048
5735,15612,0.256858
5735,16862,0.303671
5736,15095,0.191142
5736,13863,0.19186
5737,15096,0.34977
5737,9596,0.083413
5738,15099,0.550559
5739,9872,0.391478
5740,15103,0.214347
5740,10965,0.171134
5741,15104,0.085274
5741,15636,0.104112
5741,15995,0.066059
5741,11547,0.10199
5742,14167,0.253381
5742,12886,0.139535
5743,14935,0.075259
5744,9594,0.33044
5744,9351,0.117062
5744,9347,0.42255
5745,9780,0.756215
5746,9309,0.503935
5746,10631,0.236622
5747,15109,0.180606
5747,15161,0.132184
5747,9930,0.204062
5747,17585,0.060573
5748,15110,0.144647
5748,17202,0.169182
5748,13064,0.164046
5748,18053,0.127601
5749,15111,0.341397
5749,13841,0.133343
5750,10392,0.365642
5750,10324,0.088121
5750,17602,0.149957
5751,13632,0.303747
5751,14911,0.299264
5752,15112,0.362207
5753,15114,0.43245
5753,16267,0.062381
5753,10386,0.0853
5753,9456,0.063685
5754,9452,0.706136
5755,9701,0.233013
5755,15279,0.402014
5755,10307,0.216315
5756,15115,0.062021
5756,15527,0.246804
5756,17991,0.060464
5757,14442,0.696739
5758,15116,0.354878
5759,12115,0.473108
5760,15117,0.293177
5761,15121,0.830217
5762,15122,0.224783
5762,15125,0.207066
5762,9534,0.115509
5762,14830,0.065752
5763,13581,0.251247
5763,15608,0.131756
5764,11301,0.205689
5764,10361,0.178139
5764,16688,0.342121
5765,9946,0.319979
5765,13655,0.281813
5766,10479,0.233797
5766,9868,0.059103
5766,15953,0.126241
5767,15130,0.283881
5768,11779,0.461382
5768,13861,0.208185
5769,15134,0.28732
5769,10479,0.249103
5770,15135,0.069469
5770,15789,0.292632
5770,17232,0.16567
5771,9146,0.36695
5771,17061,0.087219
5771,14760,0.056493
5771,15525,0.061856
5771,9144,0.071441
5772,9316,0.466839
5773,15136,0.423801
5773,15740,0.151784
5773,16199,0.151527
5774,15137,0.349742
5774,10657,0.413005
5775,15139,0.39901
5775,16402,0.254679
5776,9592,0.443835
5776,13345,0.203227
5777,15142,0.177123
5777,17390,0.164124
5778,10380,0.640236
5779,15144,0.47499
5780,12762,0.50451
5781,15146,0.527492
5782,9201,0.432952
5783,12346,0.457127
5784,15147,0.29941
5784,15621,0.245078
5785,15148,0.154975
5785,15208,0.399818
5786,15149,0.619227
5787,15150,0.404861
5788,11331,0.232169
5788,15368,0.106335
5789,10221,0.815231
5790,15153,0.746218
5791,10314,0.267264
5791,9516,0.092935
5792,13614,0.456434
5793,9942,0.100478
5794,9258,0.940763
5795,15157,0.485185
5796,15158,0.82196
5797,10629,0.109013
5797,12270,0.088997
5797,17582,0.107599
5798,9054,0.63779
5799,13619,0.285435
5799,10335,0.154158
5800,9556,0.585898
5801,14427,0.473848
5802,9459,0.378378
5802,16089,0.072
5803,10395,0.210723
5803,16984,0.115407
5803,12460,0.216718
5804,10353,0.260832
5804,17887,0.268171
5805,9979,0.385735
5806,11524,0.228486
5807,15162,0.739328
5808,9391,0.435286
5808,10265,0.432007
5809,15164,0.63672
5810,15165,0.131816
5810,15986,0.165487
5810,17986,0.124303
5811,15166,0.800223
5812,10313,0.109985
5812,15169,0.090368
5812,10704,0.368673
5812,9775,0.114729
5813,9263,0.254537
5813,9199,0.357132
5814,15170,0.42693
5814,17661,0.27239
5815,15172,0.185578
5815,11365,0.359767
5816,10692,0.642716
5817,15174,0.207503
5817,15175,0.098007
5817,11969,0.290791
5817,15179,0.09226
5818,11766,0.474567
5818,10223,0.239414
5819,10423,0.744699
5820,11969,0.139017
5821,15176,0.144071
5821,15332,0.148552
5821,9835,0.155511
5822,9584,0.258123
5822,10783,0.373497
5823,14873,0.27449
5823,16104,0.356315
5824,9561,0.544534
5825,10689,0.577916
5826,15181,0.059949
5826,15182,0.325752
5826,15184,0.107243
5826,15186,0.107241
5827,15187,0.096495
5827,11517,0.174301
5827,15188,0.094762
5827,17899,0.316447
5828,15190,0.273099
5828,15280,0.223684
5828,12280,0.126955
5828,17500,0.15887
5829,10925,0.134699
5830,15196,0.363059
5830,13056,0.271338
5831,10301,0.144686
5831,11008,0.064744
5832,15198,0.272829
5832,9760,0.154065
5833,9762,0.582186
5834,15202,0.659147
5835,15203,0.712698
5836,11710,0.461084
5837,9750,0.42228
5837,10380,0.424137
5838,10296,0.77293
5839,15206,0.114156
5839,15634,0.110615
5840,15209,0.771228
5841,15210,0.608004
5842,9752,0.54902
5843,9187,0.627088
5844,10192,0.235252
5844,9036,0.370449
5845,15212,0.251362
5845,15749,0.096755
5846,15214,0.227519
5847,14957,0.728699
5848,15215,0.401921
5848,9104,0.267448
5849,9351,0.581101
5850,9942,0.282703
5850,10397,0.213222
5850,9459,0.328595
5851,9991,0.105912
5851,9165,0.505015
5852,9634,0.363968
5852,16464,0.151223
5853,9385,0.261485
5853,9412,0.222464
5854,11311,0.224114
5855,9767,0.409147
5856,9134,0.629362
5857,15222,0.440097
5857,10822,0.215794
5858,9718,0.336947
5858,15974,0.188662
5859,15226,0.704297
5860,12540,0.830362
5861,15066,0.242501
5862,13247,0.521469
5863,15231,0.513624
5864,15232,0.265715
5864,13333,0.45011
5865,15233,0.447294
5866,9298,0.623384
5867,15235,0.160942
5867,15273,0.118176
5867,11373,0.073757
5867,14733,0.075271
5867,10449,0.054033
5868,15236,0.108374
5868,15242,0.19387
5868,18134,0.306573
5869,12063,0.137639
5869,9799,0.243982
5870,15237,0.162092
5870,15673,0.417437
5871,15239,0.526113
5872,9862,0.217484
5873,13901,0.092043
5873,15239,0.067752
5873,15731,0.170318
5873,12838,0.055174
5873,9078,0.050705
5874,15240,0.212811
5874,15248,0.111684
5874,15429,0.111684
5874,15915,0.051125
5875,15241,0.059275
5875,15337,0.136803
5875,16933,0.112862
5875,18169,0.145321
5876,15243,0.532437
5876,17285,0.10749
5877,15245,0.196135
5877,9654,0.11906
5877,15758,0.326267
5877,12415,0.109315
5878,15246,0.505647
5878,15043,0.156103
5879,15247,0.512503
5880,14210,0.293552
5880,15596,0.379332
5881,15251,0.611808
5882,15245,0.348461
5882,9654,0.184784
5882,15758,0.150013
5883,10265,0.484456
5884,15252,0.510104
5884,16833,0.113639
5885,15253,0.801195
5886,10294,0.837553
5887,10362,0.266802
5887,15255,0.234228
5888,15257,0.213175
5888,9746,0.310035
5888,17735,0.071707
5889,13785,0.508139
5890,15258,0.214568
5890,10397,0.129242
5890,16844,0.181475
5890,16845,0.083246
5891,15259,0.19181
5891,16212,0.167817
5892,9947,0.259103
5892,15227,0.150309
5892,11267,0.122992
5892,15996,0.068753
5892,15196,0.095939
5893,9787,0.437478
5894,11785,0.133513
5894,15717,0.258094
5894,13076,0.076908
5894,17062,0.167802
5895,9782,0.217599
5895,9515,0.205313
5896,10651,0.282776
5896,9584,0.167893
5896,16930,0.186402
5897,9427,0.123324
5897,11117,0.068974
5898,15263,0.294944
5898,14016,0.378455
5899,15264,0.489648
5900,15266,0.297491
5900,16092,0.480141
5901,15267,0.053311
5901,12446,0.432718
5901,17531,0.095358
5901,17708,0.05324
5902,9383,0.358606
5902,11458,0.274443
5903,10270,0.131741
5903,10530,0.131792
5903,16214,0.28129
5904,15270,0.410945
5905,14638,0.231279
5906,15271,0.154817
5906,13005,0.242244
5906,16347,0.086294
5907,15272,0.114483
5907,9749,0.139453
5907,17399,0.192681
5907,9442,0.108774
5908,15274,0.416544
5908,11508,0.298743
5909,10915,0.313464
5909,9082,0.122417
5909,17374,0.199994
5910,15276,0.73679
5911,10238,0.051029
5911,14318,0.128306
5912,13421,0.252829
5912,15316,0.160957
5913,15279,0.19537
5913,12343,0.196444
5914,13668,0.412721
5914,10342,0.120341
5915,9873,0.702469
5916,15016,0.105614
5916,10941,0.083655
5916,14360,0.068186
5916,15018,0.142666
5917,15284,0.620409
5918,11331,0.381781
5918,10966,0.38178
5919,13578,0.376788
5920,15286,0.263013
5921,15287,0.354035
5921,9220,0.053984
5921,11073,0.06592
5921,14710,0.092266
5922,13967,0.206912
5922,13675,0.093514
5922,10268,0.094747
5922,16830,0.13211
5923,15289,0.323729
5923,11354,0.401111
5924,13629,0.366741
5925,15290,0.430516
5926,15292,0.882702
5927,9126,0.200827
5928,11463,0.637691
5929,13485,0.418055
5929,9196,0.414403
5930,9337,0.487807
5931,15297,0.242799
5931,16143,0.113709
5932,12031,0.298537
5933,14108,0.124644
5933,16501,0.124681
5933,9740,0.089435
5934,14409,0.406011
5935,11857,0.617996
5936,10953,0.772119
5937,14419,0.471653
5937,9289,0.227563
5938,15298,0.288901
5939,10545,0.074727
5939,10027,0.180414
5939,9922,0.193517
5939,12043,0.118104
5940,9068,0.20272
5940,16319,0.265171
5940,17792,0.159677
5941,15299,0.204416
5942,15301,0.849467
5943,15302,0.725539
5944,15304,0.778074
5945,15305,0.424664
5946,12567,0.772369
5947,9203,0.38762
5947,9614,0.164034
5947,12630,0.093334
5947,13130,0.056129
5948,9270,0.203016
5948,9230,0.2047
5949,11504,0.287225
5949,14856,0.217199
5950,13905,0.741726
5951,15308,0.204661
5952,9415,0.569499
5953,12040,0.589721
5954,9503,0.156932
5954,10603,0.219887
5955,15310,0.118278
5955,9777,0.196169
5955,16946,0.121684
5955,18317,0.121684
5956,15311,0.547818
5957,12008,0.685795
5958,9090,0.229641
5959,15313,0.855178
5960,15314,0.385115
5960,11182,0.053259
5961,15315,0.848226
5962,15314,0.670409
5963,9712,0.74848
5964,10929,0.273463
5965,15322,0.476976
5965,15323,0.21272
5966,15324,0.292916
5966,16476,0.210119
5967,14491,0.194925
5968,15325,0.346494
5968,18354,0.089621
5968,18356,0.050085
5969,11882,0.193069
5969,10351,0.123283
5970,10773,0.453677
5971,15327,0.080545
5971,9309,0.204144
5971,9791,0.054063
5971,13624,0.068575
5971,17689,0.068135
5971,17490,0.10949
5971,18100,0.067068
5972,10772,0.074665
5972,11668,0.285515
5972,10782,0.052463
5973,9762,0.369556
5974,12205,0.139542
5974,10166,0.057669
5974,17018,0.126096
5974,9041,0.153768
5975,15329,0.592291
5975,15764,0.123133
5976,15331,0.812367
5977,9474,0.3587
5977,9522,0.253894
5978,11042,0.185007
5979,10838,0.156228
5979,15997,0.341424
5980,15336,0.278906
5980,17055,0.128035
5981,15339,0.285884
5981,15346,0.28519
5981,17604,0.100327
5982,10000,0.287478
5983,12560,0.426759
5984,11608,0.256276
5985,12560,0.477963
5986,14156,0.314979
5986,16211,0.116576
5986,11281,0.082494
5987,11522,0.317788
5987,17781,0.138768
5988,12555,0.605206
5989,9589,0.402693
5989,17118,0.22782
5990,10806,0.72211
5991,10769,0.237352
5991,10853,0.061494
5991,17406,0.101084
5992,15347,0.614101
5993,15348,0.743389
5994,15349,0.49767
5994,17296,0.114028
5995,12528,0.137868
5995,10649,0.212496
5995,9454,0.142606
5996,13213,0.449883
5997,10039,0.676737
5998,11852,0.375096
5998,13688,0.16695
5999,15351,0.146912
6000,13161,0.17612
6000,9958,0.077055
6000,11209,0.1224
6000,17369,0.107027
6001,15352,0.896975
6002,10885,0.175363
6002,17278,0.211877
6002,9154,0.11844
6003,15328,0.712413
6004,11521,0.335672
6005,14419,0.591046
6006,12546,0.438138
6006,10271,0.162714
6007,13230,0.893276
6008,13059,0.242938
6008,17630,0.224347
6009,15358,0.242019
6009,9143,0.151664
6009,15361,0.294446
6010,12722,0.087366
6010,12778,0.070895
6011,10861,0.269796
6012,15363,0.248836
6012,10404,0.293849
6013,15364,0.306018
6014,15366,0.195151
6014,11369,0.407178
6015,15367,0.869564
6016,15368,0.341134
6017,15369,0.458435
6018,15371,0.074562
6018,9459,0.074337
6018,13286,0.133312
6018,17622,0.133316
6019,11110,0.395408
6019,10609,0.455951
6020,10269,0.33527
6021,9220,0.730899
6022,15375,0.436611
6023,15376,0.491022
6024,15118,0.174991
6025,15378,0.518193
6026,15379,0.48047
6027,15379,0.74254
6028,15381,0.138957
6028,15192,0.140473
6028,9942,0.137764
6029,15015,0.233389
6029,17442,0.436775
6030,15383,0.558519
6031,15384,0.570885
6032,10380,0.094284
6033,15385,0.159869
6033,13084,0.128344
6033,15669,0.128905
6033,17114,0.073073
6033,17985,0.052942
6033,18055,0.100372
6034,15386,0.299539
6035,10380,0.540978
6035,17115,0.13627
6036,9366,0.587042
6037,9232,0.23042
6037,12697,0.247407
6037,12923,0.085411
6037,14503,0.115932
6038,15389,0.875864
6039,15390,0.863941
6040,12331,0.701045
6041,15391,0.419771
6041,15525,0.298564
6042,10676,0.453941
6043,10537,0.75099
6044,10359,0.487062
6045,13799,0.485532
6046,15398,0.311215
6046,13610,0.315045
6047,9837,0.511207
6048,14490,0.343733
6048,16124,0.232462
6049,15400,0.709706
6050,15401,0.819594
6051,11648,0.497497
6052,15405,0.626549
6053,10048,0.470363
6053,18068,0.079485
6054,15409,0.586665
6055,15411,0.837868
6056,15412,0.115357
6056,17486,0.160944
6056,9801,0.114667
6056,10369,0.083863
6057,15415,0.247977
6058,9180,0.275408
6059,9351,0.59561
6060,10032,0.425822
6061,11523,0.264382
6061,13536,0.12785
6061,15477,0.078462
6062,11883,0.426174
6063,15418,0.631215
6064,12770,0.501756
6064,9289,0.167121
6065,11517,0.884768
6066,14449,0.214997
6066,10569,0.091218
6066,10628,0.051365
6066,18308,0.071916
6067,15421,0.455428
6068,10178,0.141157
6068,9649,0.261325
6068,11683,0.14119
6069,11015,0.391615
6069,15422,0.398323
6070,15424,0.739472
6071,13814,0.378928
6072,15426,0.618191
6073,15427,0.418774
6074,10100,0.403276
6075,9676,0.259629
6075,15428,0.362018
6076,15430,0.549719
6077,15431,0.455736
6077,15441,0.249774
6078,11373,0.401425
6079,15433,0.384809
6080,10720,0.586513
6081,15434,0.587525
6082,10976,0.453741
6082,9674,0.342799
6083,15438,0.293224
6083,15439,0.195816
6083,9777,0.162092
6084,12115,0.444134
6084,12403,0.411256
6085,9420,0.183469
6085,9953,0.237768
6086,10389,0.414235
6087,9673,0.557536
6088,15444,0.693522
6089,13450,0.475797
6089,15990,0.140667
6090,10196,0.607626
6090,11192,0.27311
6091,15445,0.744745
6092,15447,0.192534
6092,9942,0.219343
6093,15448,0.155293
6093,9197,0.159166
6094,15449,0.478965
6095,12480,0.376892
6095,10168,0.298308
6095,14721,0.061903
6096,15451,0.148536
6096,15738,0.148536
6097,15453,0.222475
6097,17039,0.132151
6098,15454,0.082825
6098,15732,0.084066
6099,14967,0.219448
6099,15919,0.097882
6100,15456,0.271411
6101,15457,0.446544
6101,9411,0.340299
6101,12059,0.086789
6102,13405,0.280363
6102,16745,0.061903
6102,17256,0.089775
6102,10228,0.070037
6103,10403,0.401836
6103,10390,0.281205
6104,9849,0.448212
6105,11585,0.2687
6105,11135,0.268641
6106,15461,0.306294
6106,9927,0.184339
6107,15462,0.136215
6107,10941,0.111532
6107,10382,0.45867
6108,15464,0.750276
6109,15466,0.391202
6110,15467,0.666228
6111,15200,0.054359
6112,15468,0.28358
6112,16031,0.110213
6112,12466,0.062126
6112,17044,0.134162
6112,15823,0.059564
6113,15469,0.586137
6114,9638,0.701396
6115,10287,0.088776
6115,9047,0.258847
6115,10876,0.070311
6115,11439,0.069631
6116,15472,0.377334
6117,11448,0.219308
6118,15473,0.188639
6118,16961,0.134813
6119,14885,0.565451
6120,12140,0.727635
6121,15478,0.580486
6122,15479,0.700456
6123,14838,0.559977
6124,15480,0.159397
6124,9599,0.19425
6124,17200,0.09406
6125,15482,0.170515
6125,18231,0.165511
6126,15387,0.728986
6127,15483,0.599412
6128,9249,0.129999
6129,15484,0.584566
6130,15486,0.459967
6131,15488,0.385898
6132,9953,0.195468
6132,9219,0.195818
6133,15491,0.188364
6133,14160,0.138677
6133,16392,0.181012
6134,15496,0.34638
6135,15486,0.462683
6136,9267,0.065737
6136,17527,0.089639
6137,15501,0.503787
6138,15502,0.613206
6139,9678,0.384524
6139,10232,0.317566
6140,15503,0.402934
6140,10232,0.473209
6141,15504,0.905126
6142,15505,0.297224
6142,10726,0.388218
6143,15506,0.306067
6143,9612,0.169567
6144,15508,0.719819
6145,15509,0.100191
6145,10134,0.128798
6145,11554,0.099942
6145,12831,0.100091
6146,15510,0.737861
6147,15511,0.65779
6148,11596,0.540011
6149,12329,0.128158
6149,9674,0.268582
6149,12006,0.169729
6150,15512,0.857084
6151,9161,0.124651
6151,9092,0.192477
6151,16601,0.07248
6151,18215,0.072472
6151,18378,0.072352
6152,15514,0.54956
6152,12266,0.286834
6153,10739,0.48671
6153,15516,0.349134
6154,15517,0.87766
6155,11346,0.116603
6155,12849,0.146484
6156,15519,0.43258
6157,15520,0.354382
6158,11036,0.184437
6159,15063,0.096129
6159,16241,0.398905
6160,10691,0.656982
6161,9823,0.696076
6162,9911,0.470491
6163,15522,0.099141
6163,10990,0.250938
6163,16015,0.142924
6163,17049,0.05534
6163,14443,0.098089
6164,13882,0.87285
6165,12844,0.443917
6166,9202,0.523755
6167,15528,0.22939
6167,17377,0.409434
6168,11648,0.469697
6169,15532,0.482219
6170,15533,0.245453
6171,9110,0.76093
6172,9250,0.265482
6173,10126,0.324234
6174,14419,0.222259
6175,15537,0.39139
6176,15539,0.498448
6177,10048,0.65753
6178,12204,0.073646
6178,10276,0.065643
6179,15542,0.484944
6180,15544,0.133891
6180,16382,0.34538
6180,17120,0.131099
6181,15546,0.078967
6181,14837,0.215408
6181,12651,0.155194
6182,11387,0.432899
6183,9352,0.796419
6184,9508,0.121633
6184,18080,0.055295
6185,10174,0.597996
6186,12168,0.340418
6187,15548,0.299932
6188,15549,0.052903
6188,14356,0.057396
6188,9763,0.064882
6188,10512,0.057387
6189,15550,0.496404
6190,15552,0.259339
6190,17727,0.202576
6191,9314,0.642564
6192,9628,0.320213
6192,11676,0.286918
6193,11318,0.193426
6193,17224,0.193438
6194,12296,0.514657
6194,17103,0.09289
6195,10804,0.637968
6196,15557,0.133811
6196,11842,0.291143
6197,14324,0.42262
6197,16718,0.140958
6197,9449,0.074969
6197,11648,0.06809
6198,14639,0.707803
6199,12358,0.096206
6199,12341,0.298472
6200,15560,0.133463
6200,12087,0.45567
6200,16645,0.133463
6201,15561,0.128605
6201,15489,0.263166
6201,15565,0.080184
6201,12842,0.092227
6202,9735,0.109968
6202,15300,0.165565
6202,11054,0.103845
6203,15564,0.169212
6203,12815,0.321461
6203,16971,0.091452
6203,14885,0.084335
6204,15566,0.327388
6205,14324,0.299863
6205,16868,0.299806
6206,15568,0.197918
6206,9768,0.433747
6207,9888,0.834045
6208,11444,0.361425
6209,9248,0.482523
6210,11335,0.543476
6211,15574,0.176294
6211,11915,0.176256
6212,15576,0.874448
6213,15577,0.579475
6214,10648,0.167249
6214,12638,0.156779
6215,11034,0.330764
6216,11269,0.631794
6217,12406,0.363993
6218,15580,0.247194
6219,13978,0.887046
6220,15581,0.278146
6220,16935,0.073853
6220,18331,0.102955
6221,11245,0.743327
6222,9583,0.179778
6222,10621,0.130652
6223,9273,0.425474
6223,10317,0.456787
6224,15586,0.190331
6224,15587,0.181812
6224,15783,0.169003
6225,12230,0.274696
6226,15589,0.08655
6226,15607,0.12079
6227,15590,0.236374
6227,13821,0.325836
6228,15592,0.263195
6228,16887,0.161103
6229,10453,0.483165
6230,15593,0.667199
6231,15599,0.278967
6231,15922,0.155947
6231,9203,0.145592
6232,15600,0.489763
6233,13844,0.236395
6233,18028,0.128572
6234,15602,0.551212
6234,16401,0.106672
6235,15271,0.144764
6235,16117,0.088255
6235,9584,0.122622
6236,15605,0.140261
6236,13556,0.196821
6236,16230,0.195534
6237,9832,0.791852
6238,15606,0.820981
6239,10725,0.643105
6240,15609,0.172319
6240,15610,0.220998
6240,9968,0.123481
6241,9780,0.302232
6242,15314,0.543756
6243,9041,0.285378
6244,15611,0.73238
6245,9041,0.146895
6246,13465,0.143537
6246,15613,0.138653
6247,10370,0.453959
6247,13820,0.28979
6248,10767,0.523981
6249,9273,0.593829
6250,9312,0.631688
6251,15617,0.267205
6251,17962,0.250875
6252,15618,0.288019
6253,15619,0.492838
6254,15620,0.56781
6255,13856,0.181825
6255,14071,0.173077
6256,15621,0.328953
6256,15076,0.184066
6257,15622,0.441719
6258,10403,0.126033
6258,10390,0.175622
6259,15625,0.863364
6260,15201,0.424051
6260,17423,0.063235
6260,14141,0.152909
6261,10871,0.289552
6262,15626,0.279562
6263,10195,0.256151
6263,9250,0.117322
6263,10024,0.117697
6264,9969,0.165698
6264,16811,0.06002
6265,15627,0.305826
6265,16953,0.210304
6266,15628,0.75041
6267,15629,0.195001
6267,12866,0.194302
6267,14133,0.116695
6268,9604,0.574948
6269,15632,0.398508
6269,15633,0.285858
6270,14451,0.242513
6270,16911,0.069126
6270,17302,0.169295
6270,17303,0.130322
6270,17294,0.055079
6270,17304,0.069108
6271,15635,0.635916
6272,15637,0.878818
6273,15638,0.081461
6273,14719,0.092314
6273,9665,0.103395
6274,15639,0.52201
6275,15640,0.420614
6276,15641,0.463758
6277,13059,0.224565
6277,13068,0.213884
6278,15642,0.355166
6279,15645,0.614872
6280,9507,0.155922
6280,10245,0.057109
6280,9070,0.072568
6281,15648,0.476838
6282,15650,0.650599
6283,15651,0.562729
6284,15652,0.071044
6284,16859,0.071056
6284,16899,0.091179
6284,17107,0.05246
6285,9291,0.073865
6286,15655,0.169084
6286,16969,0.292515
6286,16970,0.129748
6287,15657,0.12769
6287,12707,0.127599
6288,10256,0.256271
6289,9693,0.304989
6290,10803,0.238213
6291,15661,0.237663
6291,15850,0.206908
6291,12016,0.175068
6291,17089,0.069167
6292,9631,0.253478
6293,9815,0.799524
6294,10704,0.335803
6295,13636,0.375181
6295,11187,0.181543
6295,17255,0.061098
6296,15667,0.227613
6296,10502,0.312079
6297,10224,0.771379
6298,10704,0.15632
6299,15671,0.598454
6300,15673,0.307989
6301,10850,0.378185
6302,11278,0.55774
6303,15676,0.805626
6304,13867,0.425055
6305,15678,0.295774
6306,15679,0.092114
6306,16075,0.058727
6306,16076,0.113641
6306,16077,0.075562
6306,16314,0.058888
6307,15680,0.171507
6307,17768,0.118419
6307,18303,0.105749
6307,18305,0.105749
6308,15681,0.473256
6309,15682,0.246686
6310,15683,0.077249
6311,9632,0.191883
6312,15684,0.227013
6313,9870,0.473824
6314,15689,0.401697
6314,15811,0.106629
6314,16116,0.192056
6315,15691,0.069155
6315,12266,0.229276
6315,13490,0.11139
6315,12289,0.223115
6316,15692,0.555016
6317,15695,0.618135
6318,15698,0.653114
6319,10738,0.469754
6319,10739,0.199464
6319,17861,0.138756
6320,15699,0.058944
6320,11057,0.053861
6320,15690,0.074285
6320,10915,0.096509
6321,10720,0.83215
6322,9870,0.711053
6323,14578,0.338941
6323,12115,0.481256
6324,15701,0.757307
6325,15702,0.89124
6326,15704,0.217071
6327,15705,0.586626
6328,11273,0.470569
6328,10484,0.276753
6329,14728,0.455131
6329,12893,0.400485
6330,15706,0.38531
6330,17810,0.38531
6331,15708,0.213927
6331,17629,0.213914
6332,15709,0.693904
6333,12555,0.283076
6333,17498,0.158264
6334,15584,0.05457
6334,16025,0.43825
6335,12115,0.57087
6335,12535,0.146843
6336,11156,0.089974
6336,12360,0.159158
6337,10303,0.400495
6338,15700,0.394674
6339,9187,0.567948
6340,9539,0.164373
6340,9070,0.317093
6341,9848,0.441449
6341,9958,0.116853
6342,10030,0.093165
6342,12498,0.366327
6342,12485,0.224233
6342,17362,0.065014
6343,10410,0.218876
6343,16929,0.102398
6343,9277,0.158757
6344,9922,0.473676
6345,15712,0.270964
6345,9126,0.274671
6345,12707,0.186966
6346,15715,0.877649
6347,9059,0.311296
6347,15012,0.123849
6347,14455,0.104985
6348,15716,0.772275
6349,10400,0.1713
6349,17112,0.372983
6349,17427,0.159631
6350,15719,0.358811
6350,17024,0.162235
6350,17793,0.160415
6351,12662,0.400894
6352,15720,0.200845
6352,11463,0.10938
6353,15721,0.154954
6353,13368,0.115306
6353,9824,0.084927
6353,9048,0.200398
6354,10276,0.14318
6354,15725,0.218301
6354,16479,0.073416
6355,15726,0.780716
6356,10104,0.504282
6357,14165,0.275968
6358,12974,0.10887
6358,15965,0.316172
6358,16876,0.191793
6359,15727,0.457068
6360,15728,0.830029
6361,9655,0.236648
6362,15729,0.451877
6362,9852,0.175178
6363,10155,0.322969
6364,14029,0.426201
6365,15732,0.755169
6366,15733,0.22276
6367,11549,0.197592
6367,17835,0.213916
6368,15736,0.10354
6368,15737,0.059336
6369,9242,0.065181
6369,11042,0.118917
6369,9942,0.078537
6369,13006,0.118666
6370,15739,0.388065
6370,16861,0.170903
6371,14390,0.706316
6372,15743,0.606531
6372,15744,0.199181
6373,15745,0.283439
6374,12538,0.739705
6375,14452,0.181676
6375,17753,0.082993
6376,10977,0.24065
6377,15751,0.858096
6378,11465,0.169243
6378,12519,0.282129
6378,11144,0.094651
6379,15752,0.114325
6379,9755,0.254183
6379,10074,0.125227
6380,15114,0.487601
6380,16267,0.147702
6380,17214,0.057261
6381,11369,0.857871
6382,14016,0.28865
6383,15756,0.14419
6384,11878,0.121397
6384,10390,0.139299
6384,18027,0.139631
6385,10479,0.742238
6386,15759,0.283671
6386,15762,0.203484
6386,9270,0.124398
6387,15337,0.349654
6388,12524,0.617896
6389,9071,0.339945
6389,10347,0.269647
6390,9686,0.097337
6390,10747,0.145704
6390,9390,0.176578
6391,15765,0.163469
6391,15905,0.163203
6391,10967,0.227726
6392,13693,0.538355
6393,15766,0.527708
6394,15768,0.533088
6395,9677,0.115254
6395,10245,0.381798
6396,10725,0.849449
6397,15773,0.465551
6397,15909,0.263032
6398,15774,0.597426
6399,15268,0.357901
6400,13842,0.860405
6401,15775,0.1051
6401,9870,0.290855
6401,9359,0.237049
6401,9391,0.136968
6402,14766,0.83186
6403,13842,0.312666
6404,15776,0.461096
6405,10725,0.520941
6405,13929,0.290056
6406,15778,0.475604
6407,13358,0.324571
6408,10311,0.078269
6408,11786,0.104553
6409,14422,0.177769
6409,10331,0.48161
6410,10174,0.454084
6410,18243,0.252908
6411,15784,0.328174
6411,15851,0.328693
6412,9297,0.206093
6413,15787,0.568528
6414,9782,0.118034
6414,16895,0.067406
6415,9872,0.655326
6416,12731,0.280195
6417,13844,0.163466
6417,9847,0.170638
6417,11014,0.090011
6418,9472,0.095813
6418,10529,0.187794
6419,15793,0.352216
6419,12940,0.37021
6420,9289,0.114386
6421,10051,0.460731
6421,9819,0.080095
6421,14189,0.222237
6422,15794,0.384627
6422,15906,0.149101
6422,13841,0.207866
6423,9872,0.400791
6424,13165,0.363277
6425,12289,0.380067
6425,12266,0.095999
6425,15691,0.11304
6426,14477,0.433779
6427,12555,0.153814
6427,14986,0.191006
6428,9503,0.207451
6428,10704,0.230769
6428,15825,0.393574
6429,15802,0.074867
6429,9601,0.068697
6430,9741,0.685245
6431,15805,0.180873
6431,16376,0.115447
6432,9272,0.190082
6433,15807,0.200338
6433,15852,0.358388
6433,17191,0.199273
6434,10353,0.26982
6435,9431,0.649876
6436,15808,0.783376
6437,9291,0.21649
6437,9387,0.277751
6438,11310,0.234251
6438,11641,0.300613
6439,15810,0.457938
6439,16846,0.243531
6440,10382,0.225415
6440,9542,0.225434
6440,16352,0.22551
6441,15812,0.264575
6442,15817,0.473135
6442,15818,0.30526
6443,15819,0.158369
6443,15098,0.227385
6444,10333,0.298821
6444,12673,0.259155
6444,13785,0.100578
6444,18357,0.100593
6445,15821,0.297343
6445,12614,0.297313
6446,9747,0.777026
6447,11356,0.698143
6448,13353,0.757214
6449,13282,0.745199
6450,15829,0.817177
6451,10761,0.703573
6452,15830,0.507439
6453,9859,0.277601
6453,16153,0.137372
6454,13575,0.271824
6455,15834,0.073857
6455,16062,0.1613
6455,16565,0.073857
6455,15805,0.102962
6456,15835,0.393097
6457,12446,0.308205
6457,17568,0.172339
6458,12907,0.274049
6458,15836,0.335914
6459,11862,0.284999
6459,14517,0.397253
6460,10219,0.649563
6461,15838,0.281135
6462,15839,0.251146
6462,16570,0.120619
6463,15840,0.427105
6464,12372,0.203553
6464,16459,0.261231
6465,12699,0.295934
6465,11802,0.180382
6465,9933,0.064332
6466,15842,0.12513
6466,18158,0.196039
6467,15672,0.248928
6467,12310,0.248916
6468,12744,0.299641
6468,16734,0.281304
6469,15845,0.345373
6470,9076,0.23535
6471,15848,0.269852
6471,11927,0.346276
6472,14560,0.297962
6472,16182,0.088601
6472,16400,0.123169
6473,15854,0.197418
6474,12559,0.51579
6474,12504,0.200422
6475,15855,0.206074
6475,17104,0.11138
6475,15871,0.142405
6475,17624,0.079884
6476,9094,0.883192
6477,15857,0.072445
6477,9509,0.428686
6477,9059,0.123615
6477,9908,0.0692
6478,14560,0.57224
6479,10881,0.199008
6479,16834,0.142767
6480,10024,0.129929
6480,10195,0.117614
6481,15434,0.824625
6482,9209,0.72689
6483,11316,0.183506
6484,9777,0.336526
6485,9777,0.679438
6486,15859,0.784481
6487,9392,0.407403
6487,13318,0.083721
6488,11868,0.31756
6489,15861,0.763997
6490,9097,0.460372
6491,15863,0.257934
6492,15864,0.85233
6493,15865,0.778319
6494,9410,0.412109
6495,15869,0.289141
6496,15870,0.512942
6497,15871,0.242072
6497,13286,0.130294
6498,15872,0.466294
6499,9371,0.102178
6499,9150,0.059001
6499,12100,0.149627
6499,9665,0.186618
6500,15873,0.097142
6501,12295,0.640824
6502,9573,0.488954
6503,9201,0.613109
6504,12791,0.427146
6505,15878,0.101081
6505,16363,0.112577
6505,10033,0.245642
6506,15879,0.832956
6507,10311,0.220952
6508,15880,0.750313
6509,15882,0.215387
6509,15883,0.179962
6509,13827,0.136694
6509,9760,0.091529
6510,9355,0.659403
6511,15884,0.852688
6512,15886,0.307543
6513,15888,0.459186
6513,9401,0.199036
6513,10904,0.165796
6514,10777,0.538454
6515,10900,0.546237
6516,12438,0.239579
6516,15977,0.236357
6517,15889,0.654228
6518,10989,0.527791
6519,10238,0.298651
6520,15890,0.637813
6521,15891,0.349896
6521,16470,0.324753
6521,9409,0.065891
6522,9269,0.372592
6523,15894,0.852262
6524,9786,0.329635
6524,9234,0.32873
6525,15897,0.315411
6525,14427,0.315411
6526,15898,0.172419
6526,15912,0.240225
6527,10160,0.188915
6528,15899,0.737028
6529,15900,0.819308
6530,15904,0.312063
6531,9277,0.253075
6531,10803,0.214578
6531,12603,0.084152
6532,9701,0.4065
6532,14749,0.337743
6533,9791,0.263166
6534,9292,0.419127
6535,15837,0.566498
6535,14559,0.300953
6536,15914,0.507253
6537,15916,0.838535
6538,9509,0.191021
6538,10372,0.134356
6538,16967,0.240232
6539,14393,0.300124
6540,14098,0.392422
6540,15921,0.392437
6541,15923,0.516051
6542,15924,0.267547
6542,15925,0.345881
6543,15926,0.120169
6543,15927,0.055019
6543,11296,0.083568
6543,17288,0.053305
6543,12430,0.177718
6543,17668,0.09343
6544,15928,0.564061
6545,15929,0.803733
6546,15930,0.626008
6547,12250,0.468746
6548,15931,0.334212
6548,16774,0.428868
6549,15933,0.384406
6550,15934,0.200054
6550,16618,0.400005
6550,17688,0.200114
6551,11645,0.39003
6552,15935,0.808631
6553,15936,0.735313
6554,9815,0.434957
6555,15032,0.184344
6556,12018,0.146961
6556,15939,0.558244
6557,15940,0.631183
6558,9589,0.471903
6559,15941,0.289807
6560,15942,0.783599
6561,15944,0.262737
6562,14087,0.428907
6563,15951,0.637948
6564,15952,0.406204
6564,12636,0.40209
6565,13785,0.394028
6566,9534,0.749231
6567,15351,0.284032
6567,9277,0.281447
6568,9131,0.677994
6569,15955,0.365091
6569,17215,0.18194
6570,9950,0.715156
6571,13569,0.171389
6571,10235,0.277382
6571,9055,0.12499
6572,10456,0.269736
6572,15958,0.580201
6573,11802,0.185111
6573,13904,0.2581
6574,9716,0.340878
6575,9070,0.11974
6575,12731,0.133003
6575,10545,0.248195
6576,13428,0.562076
6576,12535,0.292217
6577,15960,0.273146
6577,15966,0.488812
6578,14214,0.191279
6578,9151,0.073851
6579,9931,0.130718
6579,15815,0.252057
6579,16952,0.314604
6580,15962,0.153416
6580,16453,0.157223
6580,18238,0.112791
6581,13712,0.283322
6582,9337,0.448634
6583,15968,0.42154
6583,16285,0.285592
6584,15969,0.310109
6584,14617,0.248809
6585,9925,0.447608
6585,9997,0.204124
6586,12348,0.344029
6586,11944,0.344318
6587,14081,0.698861
6588,15972,0.616466
6589,15973,0.449548
6590,12540,0.638225
6591,13515,0.257442
6591,9425,0.12063
6592,15979,0.538824
6593,15980,0.371277
6594,9337,0.325436
6594,9880,0.205251
6595,15983,0.682243
6596,9415,0.435608
6597,15985,0.562924
6598,15987,0.779914
6599,15991,0.502484
6600,15992,0.681636
6601,10529,0.161348
6601,16596,0.22901
6602,15299,0.088961
6603,15840,0.216525
6603,13548,0.459452
6603,14072,0.050564
6603,10834,0.079557
6604,16000,0.384038
6605,13450,0.409589
6605,15868,0.097338
6606,11520,0.487886
6606,9060,0.421171
6607,16003,0.285567
6607,18316,0.488245
6608,16004,0.11598
6608,10599,0.279529
6608,10537,0.231217
6609,13353,0.786254
6610,16006,0.820306
6611,16007,0.167099
6611,12319,0.157016
6611,17822,0.162493
6612,10571,0.277782
6612,9568,0.177744
6612,11008,0.0523
6613,16008,0.467275
6614,16009,0.314824
6614,16017,0.170275
6614,16750,0.052957
6615,16010,0.341342
6616,9795,0.462339
6617,10495,0.756538
6618,12808,0.428826
6619,12037,0.578157
6620,16011,0.519001
6621,16012,0.479737
6622,16013,0.075725
6622,9740,0.095602
6622,16099,0.063561
6623,16014,0.435444
6624,10111,0.244104
6624,16018,0.3206
6625,9989,0.405359
6626,9881,0.288722
6627,16021,0.613478
6628,9861,0.718362
6629,9114,0.066587
6629,9138,0.280674
6629,12613,0.179644
6629,14022,0.139799
6630,13079,0.383443
6630,12701,0.095884
6630,16696,0.221363
6630,17842,0.110353
6631,16028,0.821546
6632,12498,0.279492
6632,12485,0.185474
6632,13312,0.073393
6632,14911,0.054472
6633,9385,0.431471
6634,16033,0.364441
6635,16034,0.231932
6635,16937,0.129651
6636,16035,0.282428
6637,9455,0.49051
6638,16037,0.291592
6639,9412,0.131311
6639,12160,0.131324
6640,16039,0.081941
6640,16040,0.067038
6640,12724,0.052175
6640,16042,0.1413
6640,16043,0.200586
6640,9171,0.065638
6641,9932,0.174502
6641,12012,0.123971
6641,13651,0.144932
6641,10798,0.091883
6641,12022,0.084464
6642,16046,0.70084
6643,16047,0.506151
6644,16048,0.254315
6644,16534,0.555451
6645,16049,0.323198
6646,16050,0.38178
6647,16053,0.406304
6647,17693,0.219573
6648,9260,0.384826
6649,9905,0.341322
6650,13236,0.522092
6651,10180,0.169189
6651,9488,0.151976
6652,10311,0.444795
6653,16055,0.578943
6654,14179,0.361899
6655,16060,0.113507
6655,16298,0.274435
6655,17162,0.145656
6655,17496,0.11348
6656,16061,0.774288
6657,16067,0.549949
6657,16222,0.134123
6658,16069,0.751323
6659,11162,0.482905
6659,9377,0.309382
6660,10145,0.791716
6661,9800,0.13513
6661,10139,0.411874
6662,16073,0.276789
6662,13940,0.135161
6663,10784,0.369146
6664,9508,0.533591
6665,16074,0.243621
6666,11195,0.626106
6667,15679,0.134924
6668,11804,0.606522
6669,10015,0.219023
6670,10731,0.313602
6671,16079,0.414769
6672,16082,0.589424
6673,16083,0.158651
6673,16662,0.209741
6674,12284,0.784408
6675,16084,0.768872
6676,9351,0.312963
6676,10432,0.209004
6677,9335,0.582376
6678,11822,0.244955
6679,9073,0.303996
6680,9073,0.773462
6681,16088,0.092353
6681,9770,0.294119
6682,9786,0.364277
6682,10515,0.36439
6683,14660,0.730929
6684,9604,0.229503
6685,16091,0.581713
6686,16093,0.833283
6687,10409,0.11582
6687,10048,0.196526
6688,16095,0.830583
6689,16096,0.585099
6690,16097,0.342135
6690,13815,0.175373
6691,16098,0.843832
6692,16101,0.786291
6693,16102,0.461888
6694,12051,0.582205
6694,11880,0.171772
6695,11920,0.260209
6695,16257,0.260428
6696,10545,0.337453
6696,9491,0.472349
6697,16105,0.902114
6698,14487,0.409777
6698,17299,0.160095
6699,16106,0.076256
6699,14873,0.160423
6699,16448,0.086555
6699,17863,0.060952
6700,9932,0.343444
6701,9388,0.280919
6701,9652,0.228447
6702,9913,0.346629
6703,12614,0.225704
6703,17400,0.126308
6703,17526,0.176067
6704,16109,0.345515
6705,12090,0.329763
6706,16115,0.836325
6707,16116,0.643261
6708,10854,0.40042
6708,14421,0.400673
6709,16118,0.449658
6710,10482,0.67562
6711,16121,0.581177
6712,14108,0.288385
6713,9298,0.483604
6713,9507,0.081988
6713,9282,0.109127
6714,9561,0.350235
6714,11969,0.267047
6715,16123,0.235746
6716,16021,0.34429
6717,15642,0.455212
6718,16125,0.487344
6719,9890,0.814216
6720,10140,0.110306
6720,13039,0.069497
6721,9298,0.551531
6722,16127,0.330424
6722,17688,0.330424
6723,10703,0.051076
6724,15824,0.346549
6725,9777,0.675718
6726,16131,0.751344
6727,9827,0.250619
6728,12332,0.464274
6729,16133,0.351017
6729,16138,0.065622
6729,16169,0.090238
6730,9733,0.430301
6730,9446,0.430194
6731,9242,0.367376
6731,9303,0.193716
6732,16137,0.247613
6732,13239,0.280818
6733,14954,0.228918
6733,16752,0.149667
6733,16908,0.097189
6733,12445,0.052419
6733,16950,0.089725
6734,14954,0.210182
6734,11645,0.327132
6735,11521,0.369535
6736,9740,0.353479
6737,16142,0.555492
6737,12209,0.240386
6738,9270,0.200524
6739,16146,0.493117
6740,14768,0.843798
6741,16146,0.74066
6742,14790,0.240535
6742,10985,0.150833
6743,14075,0.771692
6744,14754,0.132261
6744,17953,0.267625
6745,9972,0.642933
6746,16149,0.336018
6747,12737,0.446406
6748,9137,0.471342
6749,12540,0.857151
6750,13305,0.347018
6750,10637,0.136529
6750,16155,0.182182
6751,16154,0.347274
6752,11843,0.199227
6753,9192,0.518669
6753,10987,0.149062
6754,16156,0.100804
6754,16157,0.072443
6754,17127,0.129398
6754,17435,0.072364
6755,15214,0.409007
6756,11563,0.370578
6757,16161,0.885026
6758,11935,0.827311
6759,11221,0.105112
6759,11246,0.111796
6759,10365,0.147368
6760,9927,0.409824
6760,9828,0.318596
6761,16166,0.725417
6762,9417,0.595472
6763,12073,0.654582
6764,14865,0.343513
6765,16169,0.280293
6766,11748,0.322975
6766,10163,0.321001
6767,16172,0.324419
6768,10271,0.399356
6768,11195,0.393924
6769,10313,0.48298
6769,11237,0.198327
6770,16173,0.824635
6771,10049,0.228726
6771,12614,0.065474
6771,11227,0.059202
6772,13317,0.832638
6773,15317,0.678435
6774,9207,0.271042
6775,10456,0.403047
6776,9380,0.829893
6777,9519,0.843284
6778,13460,0.431387
6779,16175,0.560963
6780,16179,0.451343
6781,16180,0.54551
6782,13463,0.299374
6782,17913,0.267197
6783,9351,0.444078
6783,12567,0.443007
6784,16183,0.462322
6785,16184,0.602493
6786,9128,0.529418
6787,9052,0.233484
6787,16186,0.171782
6787,16888,0.296221
6788,16187,0.843971
6789,16188,0.823976
6790,16189,0.082103
6790,11020,0.128618
6790,12719,0.105203
6790,16193,0.135463
6791,9176,0.300259
6792,16197,0.529797
6792,14356,0.15676
6793,16201,0.462598
6794,16203,0.263429
6794,15072,0.366774
6795,13623,0.30819
6796,16206,0.351196
6797,16208,0.526116
6798,16209,0.243203
6799,16210,0.504838
6800,14156,0.275557
6801,14146,0.608635
6802,12826,0.300028
6803,12953,0.220833
6803,16707,0.221244
6804,16213,0.611305
6805,16213,0.337112
6805,12552,0.107235
6805,12523,0.164123
6805,18077,0.107235
6806,9696,0.737597
6807,13193,0.242882
6807,12954,0.168288
6807,13372,0.214092
6808,9589,0.222304
6808,9806,0.53513
6809,16215,0.590285
6810,11480,0.306282
6811,9752,0.377558
6812,9437,0.293626
6813,16217,0.167069
6813,14020,0.200715
6814,16218,0.221829
6815,9928,0.390162
6815,13127,0.306726
6816,16145,0.274567
6817,16219,0.776192
6818,9589,0.316963
6819,11513,0.272657
6820,9589,0.241784
6820,17073,0.191632
6821,14460,0.570915
6822,10195,0.279593
6823,9316,0.23969
6823,12964,0.333905
6824,10313,0.406523
6824,9775,0.305654
6824,15169,0.07468
6825,16226,0.564571
6826,9978,0.658997
6827,16228,0.647517
6828,16229,0.239999
6828,15650,0.308439
6829,10458,0.565966
6830,14857,0.720839
6831,15607,0.301698
6832,14929,0.246506
6832,11645,0.095388
6833,16232,0.489747
6833,18252,0.071049
6834,16234,0.12582
6834,16411,0.098075
6834,9907,0.096583
6835,13474,0.779045
6836,16235,0.672346
6837,9487,0.536507
6838,16238,0.363211
6839,16239,0.516891
6840,10293,0.222346
6840,16568,0.198002
6841,13179,0.762384
6842,9025,0.190333
6842,9200,0.388638
6843,11131,0.707781
6844,9831,0.260847
6845,16242,0.574809
6846,16244,0.650792
6847,16245,0.896684
6848,16246,0.471896
6849,16248,0.828151
6850,9559,0.545082
6851,16249,0.0747
6851,9553,0.103981
6851,9679,0.074497
6851,17152,0.074701
6852,9150,0.584596
6853,16251,0.207391
6853,10761,0.148294
6854,16253,0.868165
6855,9180,0.05588
6855,11651,0.130741
6856,16256,0.052292
6857,16258,0.711215
6858,9718,0.274468
6858,10725,0.259668
6859,11903,0.061067
6859,12700,0.133364
6860,14606,0.508131
6861,16260,0.90627
6862,16261,0.201189
6862,16533,0.233023
6862,17343,0.32598
6863,16262,0.099721
6863,11322,0.333698
6863,10881,0.221461
6864,11504,0.562324
6865,11641,0.185963
6865,10180,0.185927
6866,16264,0.130014
6866,14336,0.273389
6867,16268,0.644332
6868,16269,0.230416
6868,18002,0.165395
6869,16270,0.320293
6870,16271,0.343462
6871,11961,0.218911
6872,9385,0.248652
6873,11948,0.384302
6874,10660,0.327204
6875,16280,0.441174
6876,10423,0.328713
6876,10684,0.065283
6876,17476,0.065275
6876,16768,0.065301
6877,16281,0.222586
6877,16989,0.222586
6878,10571,0.134682
6878,14062,0.132594
6878,17482,0.13548
6879,16282,0.249914
6879,10738,0.249599
6880,16283,0.13284
6880,9097,0.142823
6880,9754,0.139114
6881,12183,0.467166
6882,10069,0.394644
6882,9128,0.408901
6883,9718,0.298818
6884,9352,0.87888
6885,13111,0.426732
6886,16287,0.762132
6887,16288,0.63946
6888,16289,0.171945
6888,16290,0.266858
6889,13479,0.472528
6890,16291,0.430774
6891,14761,0.109464
6892,16293,0.253389
6892,16296,0.257677
6893,15459,0.28507
6893,10944,0.41392
6894,9234,0.364143
6895,13569,0.325599
6895,10276,0.403239
6896,13569,0.499113
6897,13590,0.314456
6897,12108,0.461802
6898,16297,0.638285
6899,12187,0.431873
6899,10560,0.33656
6900,10499,0.143345
6900,9487,0.079791
6901,16300,0.233433
6902,16301,0.926286
6903,16302,0.232174
6903,16303,0.363749
6904,14579,0.418025
6905,9780,0.438529
6906,16304,0.464271
6907,11079,0.318571
6907,9343,0.227406
6907,11564,0.291344
6908,16305,0.235023
6909,11868,0.112086
6909,11966,0.111906
6909,15828,0.080456
6909,17563,0.17561
6909,15861,0.080403
6910,16309,0.575476
6911,9178,0.365357
6911,9373,0.245517
6912,16312,0.572202
6913,9073,0.432465
6914,16315,0.753471
6915,10788,0.312785
6915,10799,0.311966
6916,9427,0.151831
6916,11117,0.06079
6916,15681,0.084358
6917,10788,0.555445
6918,16317,0.248488
6919,10815,0.207665
6920,16320,0.645366
6921,9711,0.312035
6921,9836,0.16469
6921,16579,0.060354
6922,16327,0.240566
6923,10965,0.349354
6924,10397,0.242096
6925,16329,0.326802
6926,15072,0.317026
6927,16308,0.455194
6928,16334,0.444955
6929,15038,0.299749
6930,16335,0.487979
6931,9203,0.365543
6931,16336,0.36929
6932,11464,0.567711
6933,16338,0.293787
6934,13184,0.411763
6934,12969,0.321178
6935,16343,0.608006
6936,16344,0.545534
6937,16345,0.620644
6938,16346,0.551261
6939,16348,0.089304
6939,17316,0.082351
6939,13074,0.078096
6940,16349,0.54123
6941,10619,0.272605
6942,16351,0.153413
6942,10085,0.238132
6942,17703,0.10394
6943,15810,0.296399
6944,16353,0.194423
6944,17194,0.194423
6944,17493,0.194085
6945,16356,0.664029
6946,16036,0.353426
6946,10011,0.100954
6947,9622,0.385705
6947,16358,0.453869
6948,9696,0.553266
6949,10022,0.255074
6950,16357,0.20275
6950,16482,0.204322
6951,12465,0.63929
6952,9041,0.349015
6952,13479,0.074609
6952,14412,0.079504
6952,12346,0.056637
6953,16359,0.565556
6954,16360,0.112361
6954,15681,0.156802
6954,17839,0.102498
6954,18030,0.112499
6955,9570,0.486127
6955,9392,0.155617
6956,16361,0.62594
6957,13838,0.465988
6958,16362,0.320206
6958,12034,0.23069
6959,9995,0.463608
6959,9589,0.315641
6960,12540,0.775805
6961,11369,0.471655
6962,9733,0.280111
6962,16364,0.341346
6963,11218,0.432775
6964,9684,0.86578
6965,16366,0.564374
6966,9277,0.452267
6967,11409,0.427556
6968,16367,0.474713
6969,16368,0.776929
6970,16369,0.864612
6971,16370,0.38067
6972,16371,0.30445
6973,10577,0.551592
6974,9201,0.73479
6975,16372,0.51282
6976,9863,0.894754
6977,9872,0.391805
6978,9255,0.226799
6978,9492,0.243285
6979,16374,0.85625
6980,11241,0.194384
6980,13194,0.270988
6980,12392,0.194394
6981,12947,0.173027
6982,16377,0.241881
6983,16378,0.603135
6984,10109,0.447517
6985,16380,0.641445
6986,16381,0.365854
6987,9165,0.065202
6988,14096,0.835012
6989,16387,0.757527
6990,16389,0.317217
6990,13840,0.375899
6991,11609,0.864874
6992,9188,0.683459
6993,11252,0.188635
6993,10791,0.119688
6993,10781,0.086073
6994,9932,0.287403
6995,12041,0.779039
6996,10313,0.425544
6997,11873,0.078451
6997,10595,0.050981
6998,16391,0.745255
6999,9373,0.609066
7000,11789,0.18846
7000,10977,0.158389
7001,15921,0.67355
7002,14192,0.522107
7003,10637,0.235944
7004,16394,0.73182
7005,16396,0.82522
7006,14311,0.189306
7006,9619,0.123825
7006,9492,0.207993
7007,9913,0.236973
7008,12034,0.401032
7009,9146,0.424405
7010,11328,0.819308
7011,9718,0.413456
7012,16404,0.42979
7013,9076,0.823887
7014,9389,0.74339
7015,9179,0.757093
7016,9281,0.765328
7017,9255,0.334486
7017,9695,0.308637
7018,9302,0.349469
7018,17138,0.2286
7019,16407,0.375177
7020,11215,0.399529
7021,16408,0.479361
7022,16409,0.751635
7023,16410,0.502524
7024,16412,0.092744
7024,17882,0.071672
7024,9183,0.29668
7024,10968,0.167901
7025,9179,0.432994
7026,16413,0.426559
7026,18202,0.201586
7027,16415,0.748785
7028,14332,0.420834
7028,9218,0.100659
7029,16416,0.266077
7030,15334,0.224603
7030,16686,0.126894
7030,15050,0.341608
7031,10048,0.166788
7031,9474,0.23853
7032,9953,0.470646
7033,16420,0.609734
7034,16424,0.128605
7034,16782,0.070106
7034,16979,0.24389
7034,17414,0.126402
7035,9737,0.197942
7035,10017,0.141875
7035,10052,0.153802
7036,16428,0.1976
7036,13665,0.19744
7036,12216,0.197257
7037,10980,0.373001
7038,16431,0.721175
7039,14132,0.876611
7040,16433,0.26733
7040,11663,0.297729
7041,16435,0.658889
7042,11824,0.352195
7042,15644,0.164218
7043,10199,0.681366
7044,13659,0.098769
7044,16436,0.080818
7044,17125,0.071145
7044,9230,0.076191
7044,17660,0.099181
7045,16437,0.120949
7045,9707,0.216393
7046,16438,0.223144
7046,16436,0.451619
7047,12088,0.399034
7047,9628,0.187843
7048,15580,0.171228
7048,12406,0.240658
7048,9230,0.192133
7049,16440,0.189511
7049,17339,0.413891
7050,16441,0.885025
7051,16443,0.34518
7051,16676,0.345297
7052,16444,0.373922
7052,18320,0.20361
7053,16445,0.290027
7053,12611,0.288771
7054,13014,0.257666
7055,16447,0.472666
7056,16354,0.254374
7057,16449,0.213658
7057,16483,0.153258
7058,16450,0.507374
7058,16451,0.269324
7059,16452,0.687095
7060,9442,0.748758
7061,9388,0.693431
7062,12178,0.419126
7063,11302,0.302973
7064,16456,0.27537
7065,13578,0.210662
7065,16609,0.096722
7066,16457,0.256189
7067,9946,0.379586
7068,9350,0.325882
7069,16461,0.760482
7070,16463,0.749771
7071,10778,0.351098
7072,16465,0.686937
7073,16466,0.48018
7074,10964,0.246668
7075,11549,0.254486
7075,15617,0.330064
7076,9986,0.238242
7076,11451,0.118051
7076,11278,0.103525
7077,16467,0.207808
7077,10261,0.352992
7077,9964,0.081634
7077,16696,0.06137
7078,10296,0.217347
7078,15235,0.209201
7078,16764,0.180546
7079,14194,0.327991
7080,16468,0.38026
7081,16469,0.640421
7082,10456,0.504933
7082,9479,0.123273
7083,16472,0.747272
7084,10185,0.284856
7084,9245,0.296763
7085,16474,0.206239
7086,9596,0.904438
7087,16475,0.626813
7088,14373,0.170136
7088,9540,0.506957
7089,9741,0.482796
7090,9176,0.19036
7090,9090,0.149031
7091,16480,0.266514
7092,13048,0.410124
7093,12986,0.317957
7094,9691,0.330519
7095,9683,0.267475
7096,9135,0.832756
7097,16484,0.344428
7098,11146,0.469334
7099,15650,0.513145
7100,14940,0.749972
7101,16488,0.076092
7102,10495,0.117616
7103,16491,0.478141
7103,9197,0.221813
7104,16494,0.841314
7105,16496,0.695502
7106,14738,0.484386
7106,17894,0.223747
7107,16497,0.583226
7108,15063,0.409495
7109,10275,0.179115
7109,11969,0.165373
7110,16498,0.171416
7110,13414,0.306953
7111,16499,0.770883
7112,16500,0.820367
7113,9953,0.571215
7114,10328,0.397999
7115,9473,0.635964
7116,16504,0.854778
7117,10621,0.641861
7118,11565,0.305722
7119,15998,0.095257
7120,13511,0.336738
7121,16510,0.920435
7122,16511,0.815157
7123,15541,0.310873
7123,16512,0.259232
7123,10138,0.142277
7124,16513,0.40121
7125,11339,0.254135
7126,9505,0.459495
7127,10811,0.098829
7128,14873,0.128327
7128,15791,0.128424
7129,9817,0.382997
7130,16517,0.35871
7131,12644,0.659604
7132,16515,0.363066
7133,9803,0.759932
7134,16518,0.309041
7135,9082,0.613467
7136,16519,0.224601
7136,16165,0.094726
7137,11415,0.332322
7138,16507,0.206088
7139,16526,0.861777
7140,14906,0.389576
7141,13944,0.295922
7142,13928,0.472422
7143,16532,0.523675
7144,10125,0.173638
7144,10049,0.228886
7145,12540,0.360429
7145,9850,0.326557
7146,14081,0.860392
7147,13640,0.373316
7147,13249,0.110586
7147,11597,0.101019
7148,10428,0.510949
7149,13353,0.461859
7150,16537,0.483044
7151,10108,0.234751
7151,10570,0.238173
7152,13546,0.390997
7153,16542,0.841415
7154,15850,0.201151
7154,17898,0.201153
7155,16544,0.373235
7155,16781,0.373439
7156,16546,0.441203
7157,11875,0.417517
7158,16547,0.269413
7159,16548,0.398749
7160,10321,0.201769
7160,13048,0.228014
7161,16551,0.335461
7162,10397,0.272303
7163,16552,0.296159
7164,16554,0.882054
7165,16556,0.705763
7166,11542,0.138242
7166,9345,0.187969
7166,12533,0.164363
7167,9946,0.379214
7168,16558,0.725699
7169,15591,0.431183
7170,12535,0.797657
7171,13840,0.355813
7171,16559,0.356116
7172,9157,0.053058
7172,9352,0.086338
7173,16560,0.689192
7174,16561,0.893434
7175,11051,0.798866
7176,16562,0.391631
7176,17892,0.280512
7177,12737,0.667116
7178,11518,0.528874
7179,15688,0.1588
7179,15674,0.234533
7179,12600,0.231726
7180,14055,0.299803
7180,16581,0.102706
7180,17506,0.053226
7180,17691,0.055844
7180,18206,0.100362
7181,10720,0.759047
7182,16563,0.167596
7183,10599,0.206765
7184,15617,0.697277
7185,16566,0.276941
7186,10156,0.546451
7187,11401,0.252893
7188,16567,0.348199
7189,16569,0.364208
7190,10279,0.486388
7191,12148,0.284885
7192,16571,0.319592
7193,9441,0.318157
7194,16572,0.287041
7195,16574,0.371403
7195,11771,0.240395
7196,16575,0.492003
7197,16576,0.618186
7198,16577,0.050497
7199,11081,0.801788
7200,10972,0.85339
7201,10456,0.123262
7201,16579,0.229225
7201,9479,0.149763
7201,16714,0.086888
7202,16582,0.691803
7203,9070,0.138645
7203,15359,0.073804
7203,18224,0.192916
7204,16583,0.61714
7205,14296,0.216027
7206,16584,0.850238
7207,16586,0.801076
7208,16587,0.479455
7209,13230,0.796985
7210,16588,0.516197
7211,16590,0.242685
7212,9456,0.307227
7213,16591,0.749651
7214,16593,0.624075
7215,9824,0.221428
7215,11926,0.120412
7216,11045,0.246309
7217,16594,0.635784
7218,16595,0.674119
7219,16597,0.435254
7220,12714,0.519405
7221,16598,0.844481
7222,13910,0.246928
7223,16599,0.073987
7223,16847,0.053506
7223,16848,0.28613
7223,17165,0.074582
7223,17392,0.053486
7224,13239,0.573746
7224,17229,0.193502
7225,16602,0.171794
7226,12685,0.605674
7227,16604,0.611671
7228,16607,0.229095
7228,18279,0.270612
7228,18280,0.146251
7229,16608,0.328253
7229,9635,0.190609
7230,16610,0.361877
7231,16611,0.308992
7232,16613,0.637863
7233,11489,0.150681
7234,10539,0.795005
7235,9128,0.625644
7236,16620,0.615853
7237,14957,0.570374
7238,16622,0.445609
7239,10443,0.577791
7240,15736,0.131303
7240,15737,0.12991
7240,15229,0.125416
7241,16624,0.678889
7242,16626,0.156261
7242,16997,0.125678
7242,17619,0.268563
7243,15216,0.742722
7244,15312,0.173274
7244,16627,0.189829
7244,9055,0.189691
7245,10397,0.056525
7246,16629,0.458806
7246,10137,0.329935
7247,16630,0.468699
7248,16631,0.900723
7249,16632,0.512174
7250,9093,0.257893
7250,13621,0.260886
7250,14474,0.209448
7251,11044,0.289156
7252,12628,0.446151
7253,16633,0.611147
7254,16634,0.340629
7254,17311,0.244595
7255,9479,0.428304
7256,16635,0.393284
7256,16857,0.393286
7257,16636,0.441122
7257,17347,0.260456
7258,16637,0.864427
7259,16638,0.8486
7260,15017,0.289367
7260,17679,0.207511
7261,16640,0.755824
7262,16641,0.880356
7263,16642,0.732378
7264,16643,0.33799
7265,9427,0.401836
7265,11116,0.402513
7266,9074,0.149718
7267,13965,0.748956
7268,16644,0.644129
7269,12805,0.279627
7269,17529,0.190827
7270,12115,0.437718
7271,11645,0.135696
7272,15226,0.388707
7272,14159,0.183921
7273,16648,0.13988
7273,17484,0.19399
7274,16650,0.788681
7275,16653,0.38061
7275,14867,0.38061
7276,10573,0.441067
7277,14056,0.696909
7278,12498,0.174759
7278,10030,0.311882
7279,12815,0.193525
7279,10423,0.327856
7280,9592,0.388255
7280,9174,0.299431
7281,16659,0.800499
7282,13933,0.221443
7282,10256,0.286637
7283,12016,0.474691
7283,16663,0.224655
7284,16660,0.265245
7284,12733,0.270861
7285,16661,0.401575
7286,9225,0.288295
7286,9359,0.365697
7287,9459,0.594669
7288,16665,0.805902
7289,16667,0.426954
7290,16671,0.071677
7290,14734,0.126543
7291,9491,0.854482
7292,9398,0.59237
7293,9925,0.267756
7293,14220,0.267705
7294,9986,0.277846
7294,10137,0.250179
7295,16673,0.647206
7296,16675,0.248545
7297,16677,0.681343
7298,10280,0.641847
7299,9439,0.298164
7300,16680,0.713284
7301,12018,0.138492
7301,17871,0.138173
7301,15814,0.09965
7302,16681,0.431309
7303,16682,0.562955
7304,12386,0.213737
7304,17632,0.213745
7305,16684,0.389462
7306,12636,0.548798
7307,9026,0.339317
7308,9452,0.532123
7309,16687,0.206154
7310,16689,0.701968
7311,16690,0.695596
7312,16691,0.457546
7313,16692,0.771327
7314,12701,0.829374
7315,16694,0.483614
7316,10551,0.292661
7316,14393,0.179401
7316,17286,0.108769
7317,9831,0.237298
7318,16697,0.755619
7319,9342,0.237025
7319,9589,0.141942
7320,9342,0.688816
7321,11685,0.642647
7322,16699,0.382698
7323,16700,0.204698
7324,16702,0.65857
7325,16703,0.146493
7325,9426,0.114467
7325,9273,0.301502
7326,9216,0.267411
7326,10393,0.2578
7327,16706,0.541077
7328,12367,0.414059
7328,9132,0.078086
7329,11408,0.641256
7330,16708,0.113454
7330,9796,0.211244
7331,16709,0.108865
7331,9038,0.088347
7331,16711,0.131838
7331,9039,0.060879
7331,9267,0.060074
7331,10809,0.078883
7331,12237,0.062205
7332,16710,0.177833
7332,9858,0.211341
7333,9315,0.698456
7334,16308,0.327286
7334,9260,0.176002
7334,12511,0.149882
7335,15753,0.273755
7336,13405,0.585743
7337,10676,0.197525
7338,9959,0.668511
7339,16715,0.860554
7340,14094,0.83341
7341,14094,0.482972
7341,14095,0.391115
7342,12323,0.363946
7342,14095,0.426118
7343,11655,0.396352
7344,11008,0.33928
7344,11439,0.201022
7345,12583,0.105972
7346,15670,0.476032
7347,16719,0.63607
7348,16720,0.106716
7348,16762,0.139433
7349,16724,0.090616
7349,11316,0.157475
7350,13066,0.312494
7351,9447,0.227215
7352,16727,0.48253
7352,17348,0.343785
7353,16728,0.4156
7353,15452,0.462412
7354,13026,0.800128
7355,16731,0.693478
7356,9241,0.638296
7357,16736,0.812573
7358,16737,0.246836
7358,16738,0.246836
7358,9424,0.254552
7359,16741,0.634667
7360,12259,0.368241
7360,16779,0.471403
7361,14833,0.176335
7361,11776,0.175482
7362,16742,0.827996
7363,16302,0.26823
7364,16746,0.861033
7365,16747,0.8329
7366,16748,0.543805
7367,12662,0.567636
7368,16749,0.42141
7369,10107,0.731694
7370,16751,0.440719
7370,15674,0.170876
7371,13745,0.274619
7371,16753,0.242239
7371,16919,0.072917
7371,17397,0.072917
7372,16754,0.117326
7372,9373,0.22558
7372,11626,0.256907
7373,9570,0.243485
7374,9658,0.53717
7375,16755,0.344104
7376,16756,0.314186
7377,9296,0.194038
7377,15392,0.092701
7377,15388,0.37636
7378,9525,0.503405
7379,15379,0.543399
7380,9180,0.510245
7381,16755,0.541475
7382,9026,0.253795
7383,9997,0.258187
7384,12969,0.261417
7385,16758,0.752144
7386,16759,0.272235
7387,9377,0.139694
7387,11135,0.485507
7388,16765,0.367832
7389,9781,0.808841
7390,9811,0.502254
7391,10707,0.177664
7391,9508,0.128611
7392,16770,0.806072
7393,16771,0.71026
7394,11118,0.072161
7394,17135,0.356868
7395,16773,0.482036
7396,14807,0.492361
7396,14809,0.3144
7397,16775,0.647658
7398,15189,0.680813
7399,16777,0.329892
7399,17040,0.210574
7400,16778,0.42979
7401,9234,0.187801
7401,9052,0.286843
7402,16781,0.208405
7403,13568,0.330404
7404,9309,0.507513
7405,16784,0.880356
7406,11142,0.123723
7406,9861,0.298926
7407,12327,0.112116
7407,10484,0.176658
7408,16785,0.519835
7408,12360,0.355592
7409,16786,0.59918
7410,9718,0.16287
7410,15974,0.12368
7410,10725,0.075845
7410,17337,0.067699
7411,16788,0.132912
7411,17599,0.083437
7412,12058,0.635266
7413,9072,0.439728
7414,9205,0.425179
7415,13933,0.412082
7416,11275,0.692244
7417,14748,0.517928
7418,16791,0.563232
7419,16792,0.881251
7420,16796,0.791805
7421,16799,0.81405
7422,16800,0.516761
7423,16801,0.549404
7424,15153,0.395429
7425,9508,0.231205
7426,15681,0.168944
7427,16805,0.400812
7428,10803,0.329114
7429,12860,0.34067
7430,16808,0.873817
7431,11828,0.50071
7431,16809,0.349466
7432,16812,0.659212
7433,16813,0.24449
7433,9721,0.244405
7434,13441,0.649933
7435,16428,0.44271
7436,11846,0.197024
7436,11261,0.274317
7437,16816,0.616282
7438,16817,0.092105
7439,11982,0.486364
7440,16818,0.684906
7441,16819,0.380669
7442,9712,0.430949
7442,10578,0.303802
7443,16820,0.283611
7443,17508,0.556575
7444,11520,0.510737
7445,10383,0.696001
7446,10953,0.196691
7447,16827,0.409416
7448,16828,0.361198
7449,9188,0.137489
7449,10308,0.236873
7450,10257,0.412786
7450,9178,0.142603
7451,9941,0.568678
7452,11011,0.285667
7453,16832,0.725764
7454,16834,0.315013
7455,16836,0.208251
7455,17916,0.050535
7456,13715,0.336512
7457,9068,0.568519
7458,16840,0.844952
7459,16841,0.689383
7460,14651,0.452014
7461,16842,0.462972
7462,15335,0.191146
7462,14934,0.120828
7462,14057,0.245097
7463,11786,0.440572
7464,9821,0.214636
7465,9199,0.821349
7466,12538,0.450519
7467,9255,0.276051
7468,10139,0.232785
7468,13067,0.23285
7469,12295,0.283424
7470,9859,0.066208
7471,16850,0.16173
7471,15930,0.348544
7472,16855,0.565781
7473,15443,0.397334
7474,16858,0.197111
7474,17395,0.161445
7474,17545,0.155923
7474,17802,0.161445
7475,11182,0.130725
7475,16863,0.152778
7475,15239,0.298469
7476,16860,0.823362
7477,9836,0.463047
7478,9743,0.669538
7479,9780,0.605648
7480,14420,0.214647
7480,16864,0.379349
7481,16865,0.819076
7482,16867,0.640925
7483,10107,0.358793
7484,12972,0.328066
7484,16868,0.514039
7485,11702,0.787959
7486,9462,0.172786
7487,16869,0.20613
7487,13951,0.431625
7488,16870,0.468906
7489,9068,0.339993
7489,9152,0.462068
7490,9373,0.389582
7490,11413,0.260508
7491,16874,0.44299
7491,12810,0.15163
7491,11408,0.185005
7492,16877,0.234469
7493,16880,0.730794
7494,10024,0.603597
7495,9055,0.514355
7496,10862,0.85233
7497,9547,0.280728
7497,15887,0.318616
7498,16882,0.445978
7499,16883,0.587585
7500,16884,0.186497
7501,16885,0.384107
7502,16886,0.637127
7503,15485,0.121293
7504,9750,0.503989
7504,10298,0.31911
7505,10610,0.362192
7506,15562,0.405679
7507,16890,0.151405
7507,13890,0.171248
7508,16891,0.528617
7509,10328,0.355262
7510,10464,0.250116
7510,14693,0.058796
7510,12610,0.073035
7511,16897,0.875364
7512,11961,0.430868
7513,16471,0.429844
7514,16900,0.301179
7515,9700,0.756914
7516,16901,0.801195
7517,16902,0.262533
7517,17151,0.123021
7517,10973,0.314177
7518,16906,0.702477
7519,10082,0.269707
7520,16909,0.751344
7521,16910,0.804125
7522,9723,0.733873
7523,16912,0.480065
7524,9272,0.283167
7525,16913,0.876774
7526,16915,0.341226
7527,16917,0.538314
7528,16918,0.789293
7529,14119,0.211688
7530,11401,0.840763
7531,16572,0.34707
7532,9355,0.303513
7532,9351,0.310429
7533,13159,0.289514
7533,16996,0.056343
7533,12534,0.079688
7533,10942,0.230787
7534,16921,0.172857
7534,12679,0.258963
7534,18017,0.271542
7535,10170,0.274968
7536,13508,0.693598
7537,14336,0.217373
7538,16923,0.496486
7539,15149,0.585247
7540,16924,0.345732
7540,9317,0.084668
7541,9927,0.472464
7541,10041,0.396704
7542,16926,0.440178
7543,16927,0.770776
7544,9873,0.604353
7545,10076,0.260425
7546,15601,0.450158
7546,12907,0.380366
7547,12907,0.452643
7548,15601,0.254499
7548,15934,0.403942
7549,16931,0.199072
7550,12515,0.403604
7550,9417,0.148658
7551,12346,0.141205
7551,9542,0.187711
7551,17405,0.129075
7552,9376,0.845444
7553,9642,0.451605
7553,11280,0.250569
7554,9043,0.245303
7554,18341,0.163793
7554,18342,0.190867
7554,9672,0.11642
7555,11399,0.644689
7556,9500,0.723998
7557,16938,0.143532
7558,10260,0.421674
7559,9723,0.481173
7560,12882,0.409847
7561,15245,0.208764
7561,9897,0.256263
7561,9299,0.163782
7561,15160,0.116717
7562,16942,0.516205
7562,17680,0.28852
7563,16945,0.306407
7563,14462,0.306398
7564,16947,0.162133
7564,14560,0.517918
7565,16948,0.497203
7566,16949,0.732811
7567,10533,0.618596
7568,13051,0.197215
7569,16951,0.723438
7570,9097,0.364143
7571,16953,0.816622
7572,13934,0.348691
7572,10308,0.345656
7572,10155,0.138322
7573,9791,0.574728
7574,15152,0.683331
7575,16962,0.508088
7576,16963,0.177787
7577,16965,0.248866
7578,11324,0.611432
7579,10354,0.331092
7579,18009,0.378347
7580,10977,0.390917
7580,9269,0.374328
7581,11463,0.638998
7582,9441,0.473407
7583,16510,0.628491
7584,9250,0.257208
7585,10918,0.294687
7585,17252,0.222448
7586,16973,0.165845
7587,9871,0.140761
7587,10327,0.102468
7587,10555,0.081254
7588,13161,0.297953
7589,9180,0.050099
7590,12560,0.197606
7591,16976,0.373572
7592,11209,0.271895
7593,16978,0.572223
7594,16361,0.623497
7595,11149,0.269626
7595,12740,0.092559
7596,13209,0.646815
7597,16235,0.592718
7598,15526,0.367137
7599,16980,0.824432
7600,11239,0.434412
7601,10839,0.386486
7602,16983,0.244647
7603,16985,0.17763
7604,16986,0.476474
7605,12145,0.582306
7606,10940,0.256656
7607,11510,0.695123
7608,16990,0.871554
7609,16991,0.391148
7610,16993,0.203492
7610,18289,0.311792
7610,9864,0.158659
7611,16995,0.427888
7612,9277,0.341827
7613,13238,0.288569
7613,11772,0.288483
7614,16998,0.718873
7615,16999,0.364193
7616,9966,0.671053
7617,12075,0.394524
7618,16999,0.800901
7619,11378,0.680706
7620,17002,0.339181
7621,17003,0.882557
7622,17004,0.725661
7623,9630,0.493541
7624,17006,0.859952
7625,11718,0.471517
7626,17007,0.179326
7626,13665,0.128866
7627,17009,0.591168
7627,17010,0.17222
7628,17011,0.880355
7629,9745,0.29008
7630,10314,0.113071
7630,9342,0.06171
7631,17012,0.846554
7632,9758,0.653443
7633,17016,0.15421
7633,9846,0.10923
7634,17017,0.867364
7635,10097,0.834067
7636,15685,0.230685
7637,14697,0.275307
7637,18295,0.201812
7638,14744,0.504387
7639,17021,0.092318
7639,10356,0.34639
7639,11660,0.157406
7640,10049,0.153372
7641,11413,0.131822
7641,17854,0.414519
7641,17703,0.097896
7642,11365,0.160633
7643,9387,0.43293
7644,17025,0.539763
7645,17027,0.295644
7646,17028,0.118949
7646,13616,0.165819
7647,9646,0.443893
7648,9305,0.20166
7648,11514,0.322401
7648,17031,0.32241
7649,17033,0.232927
7650,13283,0.262283
7650,13286,0.187413
7651,17034,0.336408
7652,9242,0.414336
7653,15989,0.696351
7654,9522,0.350088
7654,9825,0.350053
7655,17038,0.384221
7656,13167,0.226851
7657,12814,0.590006
7658,11081,0.651907
7659,17041,0.92703
7660,17042,0.840298
7661,10421,0.571091
7662,16788,0.582011
7663,17044,0.43903
7663,15468,0.398805
7664,17046,0.560039
7665,10083,0.339541
7666,17047,0.141822
7666,15617,0.325993
7667,11199,0.379247
7668,13987,0.14157
7669,13628,0.401801
7670,10677,0.358492
7671,9337,0.11339
7672,9846,0.410897
7672,13709,0.411041
7673,10294,0.70596
7674,11063,0.401836
7675,13978,0.760266
7676,9377,0.601328
7677,17052,0.637167
7678,12085,0.749491
7679,9990,0.347629
7680,12383,0.350993
7680,9680,0.291913
7680,9025,0.165191
7681,17053,0.168377
7681,9269,0.078997
7681,17463,0.094322
7681,9925,0.094244
7681,18063,0.168746
7682,17054,0.187402
7682,18318,0.187402
7683,10539,0.166034
7683,18381,0.166053
7684,11155,0.284256
7685,17057,0.522597
7686,12662,0.834461
7687,12662,0.536422
7688,10052,0.319576
7688,12213,0.456059
7689,15570,0.158275
7689,9909,0.124769
7690,17059,0.455559
7691,15268,0.429397
7692,17064,0.510585
7693,17065,0.397825
7694,9337,0.582208
7695,15908,0.4102
7696,17066,0.437437
7696,17067,0.437437
7697,17068,0.736556
7698,12688,0.13199
7698,17154,0.229698
7698,17155,0.381995
7699,9868,0.186149
7700,10330,0.354559
7700,13613,0.366678
7701,17071,0.380547
7701,10539,0.211549
7702,17072,0.803688
7703,14328,0.321303
7703,17432,0.157039
7703,9255,0.072162
7704,17074,0.224504
7705,15220,0.753895
7706,17076,0.735431
7707,14914,0.569951
7708,17079,0.165501
7708,9382,0.118407
7708,9948,0.080492
7708,17580,0.269534
7709,17080,0.48403
7710,17081,0.66243
7711,11015,0.491258
7712,17082,0.300583
7712,9082,0.354623
7713,9499,0.134207
7713,10697,0.134545
7713,9324,0.293855
7713,9827,0.123493
7714,10623,0.402123
7714,17084,0.403806
7715,10165,0.170033
7715,18032,0.436948
7716,17085,0.397042
7716,11062,0.34269
7717,15445,0.261343
7718,13199,0.31097
7719,17087,0.744892
7720,12921,0.84252
7721,17092,0.866646
7722,17093,0.94416
7723,17094,0.373362
7724,17095,0.785927
7725,17096,0.659218
7726,9942,0.215156
7727,11298,0.269672
7727,10118,0.268075
7728,10548,0.09151
7728,16614,0.09145
7728,18045,0.127278
7728,18066,0.091511
7729,17102,0.613073
7730,17105,0.486767
7731,9242,0.152744
7731,11667,0.200542
7731,9120,0.25458
7732,9820,0.403799
7732,9815,0.271941
7733,15830,0.771408
7734,10726,0.20753
7734,11104,0.148306
7734,9189,0.143661
7735,17110,0.478638
7736,17111,0.399249
7736,17185,0.142518
7737,14760,0.529027
7738,10380,0.502704
7739,12091,0.390457
7740,17116,0.83457
7741,11704,0.164657
7742,11657,0.679166
7743,12051,0.585795
7744,9188,0.506314
7744,10195,0.336418
7745,17121,0.458275
7745,17321,0.137335
7746,10649,0.302326
7747,9355,0.326685
7748,16835,0.346331
7749,11444,0.125459
7750,17126,0.231182
7751,15089,0.446238
7751,17519,0.377825
7752,17129,0.217974
7752,16602,0.102689
7752,10107,0.132653
7753,12967,0.28381
7754,17130,0.910413
7755,17132,0.790353
7756,9055,0.468604
7757,17133,0.576814
7758,10573,0.401824
7759,14869,0.678412
7760,10353,0.286883
7761,17134,0.311035
7762,17137,0.433988
7763,15214,0.75118
7764,17138,0.70998
7765,15214,0.524118
7766,9674,0.348816
7767,17139,0.755163
7768,10305,0.369995
7769,15189,0.302157
7769,12294,0.425074
7770,11598,0.209274
7771,17141,0.344235
7772,17142,0.48034
7773,17143,0.808859
7774,17145,0.188371
7775,17146,0.319579
7776,10728,0.379608
7776,17147,0.099163
7776,10914,0.089561
7777,17149,0.248697
7778,9177,0.370298
7778,12430,0.430152
7779,10107,0.49799
7780,17150,0.803998
7781,9729,0.379784
7782,12633,0.815035
7783,17153,0.330612
7784,10232,0.152256
7785,10030,0.351523
7785,12921,0.322021
7785,14433,0.138602
7786,9516,0.457184
7787,12760,0.488213
7788,10850,0.495322
7789,12500,0.781658
7790,11693,0.946704
7791,11789,0.858539
7792,11657,0.587436
7793,17158,0.83003
7794,17159,0.569311
7795,14216,0.683191
7796,17160,0.141586
7797,17161,0.832601
7798,17163,0.413364
7799,17164,0.695073
7800,14721,0.428308
7800,13616,0.229069
7801,17164,0.716229
7802,9323,0.278282
7802,10825,0.274402
7803,17167,0.670278
7804,17169,0.6225
7805,17170,0.384908
7806,14977,0.410809
7807,9456,0.550593
7808,10539,0.52509
7808,14110,0.203818
7809,11560,0.658281
7810,17172,0.382769
7811,13854,0.488134
7812,17174,0.359644
7813,17176,0.297352
7814,10710,0.250066
7815,10697,0.500172
7815,13801,0.359306
7816,17178,0.639445
7817,10711,0.252728
7817,16807,0.25132
7818,17179,0.451396
7819,15328,0.41059
7820,17180,0.333738
7821,17181,0.601507
7822,17182,0.834568
7823,17128,0.44221
7824,17183,0.279929
7825,12514,0.297515
7826,12699,0.434953
7827,11656,0.24918
7828,15829,0.488487
7829,9097,0.158673
7830,17195,0.092477
7830,17197,0.484067
7831,17198,0.821963
7832,9893,0.284387
7832,10119,0.10768
7833,17199,0.512171
7834,13064,0.600048
7835,14744,0.584411
7836,13588,0.226675
7837,17206,0.895995
7838,17207,0.63773
7839,17028,0.330791
7840,17212,0.800499
7841,17213,0.647678
7842,12326,0.742906
7843,17217,0.632495
7844,9765,0.399475
7845,17218,0.896947
7846,17219,0.411402
7847,17220,0.228032
7848,12863,0.835489
7849,17221,0.795724
7850,17222,0.427136
7850,17223,0.333621
7851,17225,0.651761
7852,13883,0.124787
7853,9969,0.395664
7854,17227,0.647696
7855,14177,0.49772
7856,17230,0.804146
7857,17233,0.117495
7857,12677,0.101478
7858,14138,0.726265
7859,17236,0.622721
7860,9110,0.384341
7861,14494,0.450038
7862,12851,0.614238
7863,12633,0.521871
7863,10355,0.185766
7864,17240,0.40664
7865,10393,0.419107
7866,17247,0.590526
7866,13373,0.270263
7867,17249,0.508683
7868,17250,0.292433
7869,17254,0.507196
7870,9373,0.339806
7871,17257,0.701946
7872,9596,0.681246
7873,11868,0.126924
7873,15152,0.255335
7873,15861,0.276432
7874,17259,0.595201
7875,9594,0.520674
7876,17260,0.398794
7877,12294,0.89686
7878,10369,0.269912
7878,11151,0.351372
7879,9048,0.389936
7879,13576,0.411514
7880,17262,0.073172
7880,9219,0.103878
7880,17307,0.103499
7881,12740,0.383172
7882,9498,0.929269
7883,11070,0.590347
7883,9277,0.290506
7884,17265,0.266141
7885,17266,0.201971
7886,10945,0.255918
7887,9853,0.649106
7888,10614,0.75894
7889,17269,0.336496
7890,17270,0.518857
7891,17271,0.214323
7891,17893,0.123292
7892,17272,0.338836
7893,16897,0.461864
7894,17274,0.770776
7895,9417,0.477677
7896,17277,0.433594
7897,9780,0.289454
7897,12106,0.241581
7898,17279,0.76154
7899,11878,0.202477
7900,17282,0.178344
7901,17283,0.643076
7902,17284,0.668295
7903,9525,0.582684
7904,17287,0.854778
7905,10408,0.122702
7906,17290,0.431722
7907,12911,0.670667
7908,10788,0.820215
7909,14087,0.520314
7910,12575,0.549284
7911,11560,0.852423
7912,17300,0.198922
7912,17301,0.179554
7913,10272,0.257983
7913,10378,0.090999
7913,10375,0.126888
7913,9589,0.180925
7913,17314,0.150065
7914,17305,0.162344
7914,17764,0.164576
7914,12983,0.062413
7914,14116,0.062537
7914,18278,0.106804
7915,17306,0.603322
7916,17309,0.560159
7917,15349,0.297161
7917,17296,0.183011
7918,17310,0.314145
7919,13247,0.307555
7919,17312,0.220621
7920,17313,0.288517
7921,17315,0.17388
7922,10456,0.249182
7922,9836,0.249302
7923,9559,0.353536
7923,9179,0.341602
7924,10203,0.19757
7925,11547,0.357346
7926,13921,0.715265
7927,17324,0.521166
7928,17325,0.501863
7929,17326,0.556009
7930,17327,0.378947
7931,11846,0.12825
7931,11838,0.240439
7931,17678,0.179796
7932,9506,0.144955
7932,18085,0.096703
7933,17329,0.255713
7933,13340,0.183013
7934,17330,0.561666
7935,17332,0.816104
7936,13887,0.210717
7936,13882,0.431134
7937,12708,0.437504
7938,17336,0.691154
7939,17340,0.640808
7940,9073,0.592293
7941,17341,0.843782
7942,9070,0.314843
7943,12555,0.457485
7943,9415,0.369745
7944,9782,0.339956
7944,10045,0.178741
7945,17345,0.682849
7946,17346,0.72544
7947,17350,0.30574
7948,14627,0.457852
7949,15059,0.788736
7950,10380,0.389792
7950,17115,0.186426
7951,9169,0.224884
7952,15864,0.598047
7953,15841,0.871678
7954,17356,0.838257
7955,17357,0.349654
7956,13340,0.402839
7956,13819,0.403422
7957,11802,0.127203
7958,9205,0.491037
7959,13459,0.204195
7960,13367,0.43387
7961,9179,0.193049
7961,9070,0.187847
7962,12075,0.397896
7962,17360,0.398254
7963,17360,0.76165
7964,17360,0.796061
7965,17363,0.833512
7966,17364,0.811357
7967,17365,0.267876
7968,11008,0.18924
7969,17366,0.460471
7970,17366,0.540738
7971,15640,0.612672
7972,9337,0.388716
7973,17367,0.772002
7974,10469,0.117915
7974,18012,0.123035
7975,9234,0.270739
7976,10035,0.569505
7977,9057,0.205971
7977,9819,0.094807
7978,11565,0.27349
7978,9025,0.19264
7978,9200,0.17719
7979,17371,0.912103
7980,15181,0.371907
7981,17378,0.405288
7981,9873,0.390996
7982,17377,0.502695
7982,17380,0.110676
7983,17379,0.259733
7984,17381,0.7214
7985,17382,0.760345
7986,13150,0.394696
7987,17386,0.617125
7988,17389,0.783617
7989,17391,0.473712
7990,9465,0.362975
7991,16379,0.372811
7992,17394,0.584245
7993,12019,0.288045
7993,12259,0.288411
7994,15714,0.547716
7995,11382,0.671274
7996,13221,0.926135
7997,10611,0.350432
7998,10204,0.849933
7999,9267,0.203545
8000,9212,0.322907
8001,17398,0.312744
8002,17399,0.903966
8003,17402,0.57925
8004,10197,0.313979
8004,12572,0.347445
8005,10163,0.398714
8006,17403,0.342429
8007,13752,0.613517
8008,17407,0.61764
8009,9201,0.822564
8010,10494,0.137536
8011,9212,0.841578
8012,10360,0.456067
8013,17412,0.649646
8014,10056,0.275086
8014,11874,0.27515
8015,17413,0.764857
8016,17416,0.34353
8017,17417,0.370623
8018,17420,0.786291
8019,17421,0.859502
8020,15201,0.654913
8021,15201,0.502854
8021,14141,0.227909
8022,16136,0.411836
8023,10320,0.162282
8024,12089,0.457099
8025,17424,0.885026
8026,17425,0.408892
8026,9212,0.236637
8027,17426,0.339402
8028,11219,0.263161
8028,18190,0.245031
8029,10901,0.897575
8030,9546,0.246999
8031,14822,0.393088
8032,9273,0.441392
8033,17433,0.674301
8034,9260,0.130426
8034,9266,0.181088
8035,9678,0.383422
8036,17438,0.522704
8037,17439,0.667863
8038,17441,0.328825
8038,16515,0.135242
8039,17443,0.601893
8040,13419,0.369555
8041,17444,0.586648
8042,17445,0.159358
8042,17643,0.50217
8043,14929,0.294502
8044,17446,0.766596
8045,17447,0.649935
8046,17448,0.29362
8046,17713,0.459326
8047,10600,0.13963
8048,17450,0.789084
8049,17451,0.331155
8049,14668,0.105505
8049,14812,0.188924
8050,9411,0.400533
8050,11004,0.363906
8051,17452,0.107192
8052,17453,0.764688
8053,17454,0.749121
8054,13311,0.127208
8055,17456,0.499325
8056,9750,0.712964
8057,11259,0.299884
8057,9750,0.447545
8058,9718,0.687918
8059,12774,0.338399
8060,9275,0.595921
8061,17460,0.415308
8062,17461,0.872853
8063,9525,0.456436
8064,16838,0.820302
8065,11356,0.619329
8066,17467,0.205036
8066,10665,0.200118
8067,17468,0.585991
8068,11566,0.190792
8068,9199,0.399422
8069,17469,0.875865
8070,12377,0.353808
8070,13127,0.329773
8071,17471,0.399565
8072,17472,0.283566
8073,11021,0.947783
8074,9942,0.260412
8074,12488,0.280834
8075,17473,0.83457
8076,17478,0.445752
8077,17479,0.614945
8078,10825,0.513488
8079,9770,0.359968
8080,11889,0.296147
8081,15510,0.544427
8082,10440,0.485727
8083,17481,0.709046
8084,17483,0.548066
8085,14571,0.688109
8086,14116,0.187391
8087,17484,0.337011
8088,11483,0.718326
8089,10267,0.181883
8090,13315,0.685167
8091,17487,0.344942
8091,17518,0.2551
8092,13720,0.369125
8093,15896,0.742384
8094,14023,0.248091
8094,15239,0.41176
8095,17489,0.179226
8095,15239,0.12844
8095,15896,0.43313
8096,17492,0.235961
8097,10556,0.207314
8098,11776,0.290451
8099,9723,0.42461
8099,17903,0.29133
8100,14771,0.61175
8101,14765,0.635816
8102,14767,0.417854
8102,14769,0.23358
8103,17501,0.298499
8104,17504,0.648852
8105,17505,0.182702
8105,15410,0.335847
8105,11296,0.114782
8106,12189,0.234109
8106,17501,0.298478
8107,17510,0.37554
8107,17583,0.123708
8107,12189,0.129291
8108,14335,0.934734
8109,9942,0.219797
8109,9180,0.407259
8110,17511,0.064844
8111,17512,0.276161
8112,17513,0.428624
8113,17515,0.200438
8114,17516,0.759568
8115,10380,0.479322
8116,9355,0.387063
8117,11455,0.292202
8118,10087,0.207308
8119,9891,0.267657
8120,9189,0.17936
8121,17520,0.776506
8122,10109,0.834987
8123,10154,0.834284
8124,17521,0.41771
8125,17522,0.672653
8126,16697,0.540644
8127,16154,0.643213
8128,17523,0.83792
8129,17524,0.864444
8130,11520,0.677948
8131,17525,0.455373
8132,10732,0.309586
8133,9525,0.559437
8134,11327,0.184278
8135,12486,0.487588
8136,11085,0.637279
8137,17528,0.603061
8138,13828,0.44598
8139,17530,0.505041
8139,17647,0.169903
8140,16342,0.206367
8140,15849,0.189327
8141,17532,0.618752
8142,11578,0.335226
8143,17533,0.503751
8144,9746,0.90374
8145,9815,0.80026
8146,17540,0.392647
8147,9291,0.213466
8148,16663,0.446353
8149,10720,0.770024
8150,10539,0.251531
8151,17544,0.465199
8152,9465,0.361006
8153,12530,0.344611
8153,10844,0.451654
8154,17546,0.394935
8154,17549,0.283297
8155,17547,0.541757
8156,17548,0.350733
8156,17547,0.383528
8157,17550,0.80358
8158,17551,0.543046
8158,12115,0.215307
8159,17548,0.509291
8160,12901,0.589984
8161,9541,0.35577
8162,17553,0.769377
8163,17554,0.41738
8164,9942,0.628324
8165,17556,0.653796
8166,14226,0.405052
8167,15152,0.510743
8168,17558,0.262672
8169,17559,0.317496
8170,10171,0.214488
8171,17560,0.244539
8171,17561,0.340905
8172,17562,0.265405
8173,17564,0.647307
8174,17566,0.420523
8175,15831,0.325189
8176,17567,0.416097
8177,17569,0.686664
8178,17570,0.936657
8179,17572,0.21945
8179,17573,0.170606
8179,10132,0.070859
8179,13479,0.069831
8180,17574,0.866882
8181,17576,0.486521
8181,12678,0.119154
8181,13029,0.120249
8182,17577,0.746251
8183,9460,0.470281
8184,9587,0.76701
8185,9630,0.299503
8185,10191,0.28759
8186,10380,0.48486
8187,14583,0.84739
8188,11589,0.169409
8189,15021,0.81718
8190,17586,0.649216
8191,14708,0.309936
8192,15113,0.458461
8193,17587,0.454737
8194,11391,0.515722
8195,9188,0.955196
8196,17588,0.293062
8197,13883,0.700156
8198,12165,0.689974
8199,17589,0.104854
8199,17588,0.396718
8199,14961,0.154912
8199,17592,0.158809
8200,17591,0.852508
8201,17593,0.487132
8202,9049,0.368843
8202,17594,0.368947
8203,17595,0.408489
8204,9522,0.554942
8205,17597,0.660931
8206,10929,0.211564
8206,17600,0.21005
8207,16361,0.411607
8208,9695,0.367104
8209,9183,0.352135
8209,12784,0.276288
8210,13111,0.829498
8211,14585,0.432563
8212,9922,0.436962
8213,14970,0.605001
8214,17603,0.608733
8215,10359,0.379533
8215,9210,0.397643
8216,9269,0.210496
8217,12460,0.455887
8218,17605,0.368039
8219,11070,0.44801
8220,17607,0.585737
8221,13672,0.850659
8222,10626,0.738745
8223,10047,0.37906
8224,11028,0.232051
8224,11645,0.233999
8225,10980,0.413702
8226,17610,0.75238
8227,9692,0.468626
8228,11015,0.365357
8228,12540,0.461867
8229,17612,0.338379
8230,17613,0.163489
8231,17614,0.640937
8232,17616,0.402191
8232,10472,0.323521
8233,17617,0.574551
8234,15683,0.371425
8235,17618,0.356629
8235,16101,0.356632
8236,10564,0.422301
8237,9862,0.369043
8238,13798,0.336132
8239,17616,0.762356
8240,9950,0.11472
8240,18168,0.429775
8241,14669,0.282663
8242,15673,0.212377
8243,17621,0.737339
8244,17623,0.316811
8245,9712,0.237735
8245,15235,0.367904
8246,11931,0.295534
8246,9621,0.215788
8247,17625,0.430002
8248,9667,0.514167
8249,13507,0.510295
8250,17628,0.642747
8251,16880,0.782353
8252,17630,0.441096
8253,13982,0.443633
8253,17631,0.241038
8254,12107,0.21286
8255,17635,0.539552
8256,9391,0.238773
8257,9700,0.571205
8258,12811,0.774583
8259,16634,0.448254
8260,17636,0.257465
8261,17637,0.129736
8262,17638,0.827323
8263,12535,0.498417
8263,13372,0.357504
8264,15776,0.689216
8265,15776,0.645083
8266,9568,0.205613
8267,17641,0.399118
8268,17642,0.470631
8269,17644,0.841034
8270,9825,0.45843
8270,12413,0.455423
8271,9599,0.616023
8272,9950,0.891907
8273,17645,0.462826
8274,17646,0.238695
8275,16980,0.428667
8276,17649,0.846382
8277,16820,0.178762
8277,17791,0.071595
8277,17508,0.289616
8278,17650,0.856353
8279,17651,0.793534
8280,10472,0.456974
8281,12611,0.490195
8281,13334,0.274411
8282,12228,0.213649
8283,9461,0.443408
8284,17653,0.716451
8285,12008,0.61764
8286,17654,0.632982
8287,17655,0.903931
8288,17656,0.425386
8289,12555,0.608677
8290,13590,0.663747
8291,15736,0.181337
8292,17658,0.490789
8293,17659,0.538365
8293,16695,0.170654
8294,17662,0.368966
8294,16007,0.431215
8295,17663,0.650917
8296,17665,0.326453
8297,9707,0.37786
8297,17666,0.36935
8298,9746,0.509941
8299,17669,0.492052
8300,13165,0.265981
8301,17671,0.645768
8302,17672,0.506283
8303,17673,0.697728
8304,17675,0.699899
8305,17681,0.658041
8306,17682,0.844347
8307,15369,0.94914
8308,17697,0.59366
8309,17699,0.595246
8310,17701,0.82604
8311,11851,0.734738
8312,9245,0.386821
8313,17702,0.4502
8314,17705,0.733286
8315,12540,0.752929
8316,10822,0.79781
8317,11548,0.687764
8318,11009,0.309369
8319,17706,0.641765
8320,17707,0.858934
8321,17710,0.369491
8321,18105,0.369573
8322,13998,0.423906
8323,17712,0.378143
8323,10527,0.16654
8324,17714,0.524901
8325,17715,0.672061
8326,12075,0.819062
8327,17716,0.102123
8327,18311,0.131055
8327,9350,0.20521
8327,18312,0.159476
8328,17717,0.660992
8329,12167,0.229636
8330,17719,0.490736
8331,14813,0.270125
8332,14001,0.843826
8333,17724,0.798407
8334,17725,0.227147
8334,18079,0.141032
8335,17726,0.334072
8336,16940,0.819299
8337,9571,0.390913
8338,17729,0.561423
8339,17730,0.324584
8340,10005,0.165955
8341,9281,0.34428
8342,10265,0.808707
8343,11110,0.87445
8344,15893,0.237739
8344,13640,0.236154
8345,17731,0.637876
8346,11886,0.29731
8347,17733,0.588911
8348,9942,0.2758
8348,9253,0.351808
8349,12346,0.366627
8349,12731,0.090892
8350,17737,0.320767
8351,17738,0.370448
8352,11543,0.359475
8353,17739,0.927028
8354,17740,0.566579
8355,17742,0.448506
8356,17744,0.767423
8357,10311,0.709245
8358,17747,0.709833
8359,17748,0.653265
8360,17749,0.811283
8361,13971,0.883277
8362,17750,0.399637
8363,17751,0.265702
8364,9595,0.49501
8365,17752,0.602036
8366,17511,0.773292
8367,17754,0.755621
8368,9730,0.697847
8369,17755,0.590282
8370,17756,0.610459
8371,9236,0.375631
8372,17758,0.408331
8373,12542,0.315676
8374,14577,0.248841
8374,10267,0.247194
8374,9134,0.237801
8375,15427,0.173512
8375,15691,0.352019
8375,11062,0.392044
8376,17761,0.438394
8377,13898,0.485592
8378,9337,0.26944
8379,9583,0.287256
8379,15650,0.207729
8380,10753,0.77192
8381,17762,0.618104
8382,17763,0.347942
8383,17763,0.39006
8384,9048,0.497366
8384,11051,0.355411
8385,17765,0.411143
8386,17140,0.584827
8387,17766,0.4211
8388,17767,0.482103
8389,12125,0.532716
8390,17768,0.186516
8391,17769,0.779045
8392,17486,0.794601
8393,17771,0.600927
8394,10820,0.677766
8395,17773,0.735938
8396,9151,0.412374
8397,17774,0.691163
8398,17776,0.356101
8398,12047,0.46789
8399,9155,0.351952
8400,17777,0.656326
8401,9618,0.597171
8402,17778,0.714367
8403,17779,0.743966
8404,9503,0.39196
8405,14190,0.380438
8406,17665,0.477307
8406,11329,0.339599
8407,15436,0.402202
8408,17783,0.844692
8409,17784,0.259411
8409,11668,0.315635
8409,12058,0.107678
8410,17786,0.306999
8410,17787,0.308828
8411,13266,0.740361
8412,17789,0.743116
8413,9257,0.388313
8414,10289,0.632855
8415,9175,0.227895
8416,17796,0.307107
8417,17796,0.553288
8418,9070,0.716837
8419,17797,0.292217
8420,17798,0.66028
8421,17799,0.60167
8422,17800,0.417545
8423,13568,0.463614
8424,10397,0.81832
8425,9345,0.233994
8426,13532,0.825706
8427,11650,0.29452
8427,9634,0.29444
8427,10308,0.294019
8428,17803,0.485143
8429,10589,0.469911
8430,17807,0.299515
8430,10842,0.346397
8430,10437,0.167315
8431,16596,0.317264
8432,17808,0.863941
8433,17809,0.834141
8434,10330,0.365226
8435,17815,0.604874
8436,16252,0.498608
8437,10069,0.41147
8437,11107,0.412926
8438,15871,0.288437
8439,14463,0.587998
8440,17817,0.443234
8441,17818,0.822838
8442,17819,0.44837
8443,17821,0.280226
8443,17934,0.28022
8444,17823,0.769586
8445,10308,0.513926
8446,13953,0.39548
8447,17827,0.487043
8448,11269,0.333154
8449,14447,0.631891
8450,10830,0.287403
8451,15710,0.244077
8451,12109,0.174858
8452,17830,0.446116
8452,15735,0.417982
8453,17832,0.438999
8454,12853,0.298531
8455,17134,0.134558
8455,9210,0.223662
8455,12751,0.322294
8455,18271,0.134557
8456,17837,0.395584
8457,9932,0.818923
8458,9468,0.723365
8459,11168,0.410422
8460,13370,0.339293
8460,10858,0.156104
8460,10428,0.138324
8461,9306,0.17153
8461,11873,0.193879
8462,13365,0.490579
8463,17840,0.718878
8464,17841,0.875294
8465,12647,0.417677
8466,17844,0.890252
8467,17848,0.266711
8468,12352,0.397568
8469,13428,0.631537
8470,17849,0.404396
8470,17850,0.226059
8470,17851,0.226057
8471,17852,0.525128
8472,10428,0.270606
8473,14291,0.341243
8474,17856,0.390082
8475,14022,0.676472
8476,11988,0.199335
8477,10688,0.628555
8478,9179,0.839795
8479,10600,0.532039
8480,17857,0.317769
8480,9178,0.209013
8480,12335,0.227945
8481,17858,0.382894
8482,13161,0.539011
8483,14585,0.371255
8484,10119,0.811395
8485,15920,0.294099
8486,11909,0.330761
8487,9204,0.421335
8488,16073,0.396965
8489,12360,0.228772
8490,17868,0.835502
8491,9995,0.590205
8492,17869,0.555705
8493,12189,0.350439
8493,10464,0.427093
8494,9441,0.169819
8495,13150,0.256148
8496,10820,0.627462
8496,9486,0.246723
8497,17872,0.804128
8498,9491,0.297774
8499,13056,0.491407
8500,11429,0.364547
8500,9750,0.511717
8501,17873,0.45952
8501,16031,0.276413
8502,15322,0.355809
8503,17874,0.489785
8504,12928,0.306867
8505,17878,0.407358
8506,17880,0.894406
8507,17883,0.511975
8508,17884,0.387583
8509,10079,0.867188
8510,17885,0.577386
8511,17886,0.555972
8512,17888,0.402481
8513,9928,0.486653
8514,12808,0.238953
8515,15866,0.442262
8516,17889,0.739831
8517,11051,0.534172
8518,17890,0.237875
8518,14395,0.237813
8518,17891,0.151818
8519,9727,0.370512
8520,17115,0.837381
8521,17895,0.205903
8522,12781,0.412272
8522,17896,0.412349
8523,13799,0.383786
8524,10600,0.461154
8525,17901,0.393137
8526,12360,0.306791
8526,13777,0.305664
8527,16312,0.804342
8528,12360,0.297923
8528,13777,0.282544
8529,17904,0.611812
8530,17906,0.250795
8531,9318,0.206499
8531,9134,0.271974
8532,17908,0.710949
8533,9319,0.305902
8534,9144,0.428442
8534,12187,0.41554
8535,13091,0.435611
8535,10972,0.312391
8536,10972,0.40118
8536,13091,0.401205
8537,10972,0.417063
8537,13091,0.417096
8538,11549,0.501663
8539,13695,0.319554
8540,10637,0.30098
8540,17912,0.188654
8541,17093,0.790917
8542,17914,0.731819
8543,16533,0.139553
8544,17917,0.231575
8544,17919,0.322833
8545,10279,0.183816
8546,13114,0.358273
8547,9711,0.913307
8548,17921,0.72046
8549,17922,0.892535
8550,13375,0.17091
8551,17923,0.783397
8552,17924,0.611357
8553,17926,0.265243
8554,17927,0.523385
8555,17928,0.667992
8556,11214,0.180656
8556,18192,0.257208
8557,10171,0.315764
8558,13904,0.285447
8559,17930,0.294228
8560,17931,0.315581
8560,17932,0.284455
8561,17933,0.38482
8562,9043,0.190112
8563,10929,0.454243
8564,10156,0.423266
8565,17935,0.443939
8566,9073,0.09517
8567,16623,0.183432
8567,14116,0.30501
8568,17937,0.719144
8569,9397,0.640437
8570,17938,0.447683
8571,9099,0.44472
8571,11527,0.418232
8572,12503,0.344628
8573,9951,0.349543
8574,17941,0.613696
8574,17943,0.154765
8575,17942,0.517441
8576,10370,0.448693
8576,10071,0.382003
8577,17944,0.418366
8577,17945,0.307144
8578,17948,0.441859
8579,11685,0.40581
8579,13959,0.501609
8580,10918,0.363895
8581,17953,0.45997
8582,13809,0.155324
8583,14766,0.592379
8584,17954,0.666184
8585,17956,0.888975
8586,17957,0.724134
8587,17958,0.721409
8588,17959,0.66646
8589,17961,0.895995
8590,10006,0.2914
8591,17963,0.226983
8592,13028,0.278519
8593,17964,0.167758
8594,17966,0.792
8595,10509,0.804031
8596,17967,0.486277
8596,17969,0.092508
8596,10311,0.108705
8597,17968,0.812559
8598,14379,0.813832
8599,11549,0.495586
8600,9730,0.759318
8601,9730,0.706441
8602,11552,0.448484
8602,10189,0.143876
8603,12708,0.666272
8604,14838,0.827307
8605,15851,0.447019
8606,11227,0.555141
8607,16341,0.665248
8608,15333,0.368357
8609,17508,0.494159
8609,16820,0.156533
8610,17975,0.390596
8611,17977,0.80102
8612,13038,0.133857
8612,18358,0.184939
8612,18359,0.186773
8612,18360,0.145257
8613,16419,0.187119
8613,9928,0.307728
8614,16343,0.613349
8615,13413,0.337058
8615,10393,0.311371
8615,13026,0.16891
8616,12997,0.435172
8617,9455,0.289891
8618,17981,0.50076
8619,17832,0.479873
8620,9232,0.435866
8621,9112,0.197976
8622,17987,0.625593
8623,17988,0.662903
8624,9589,0.701445
8625,10991,0.963773
8626,17992,0.919312
8627,11474,0.400572
8628,9825,0.527694
8629,17993,0.60202
8630,10980,0.446235
8630,10376,0.243045
8631,17998,0.670012
8632,17999,0.881951
8633,18000,0.858661
8634,10588,0.567693
8634,10890,0.136139
8634,12106,0.117456
8635,18003,0.855207
8636,18004,0.188692
8637,9499,0.400624
8638,11928,0.51355
8639,10342,0.141376
8640,11198,0.173134
8641,18007,0.307147
8642,12184,0.119531
8642,18277,0.188223
8643,18008,0.533039
8644,18010,0.849484
8645,9891,0.47241
8646,14415,0.149919
8646,12833,0.233783
8647,9270,0.295703
8648,9873,0.742476
8649,18014,0.311589
8649,9337,0.278923
8650,18016,0.370816
8651,15864,0.585867
8652,18019,0.255401
8653,14859,0.415538
8653,18020,0.415554
8654,18021,0.54195
8655,13282,0.386139
8655,13287,0.340779
8656,18023,0.813658
8657,18024,0.81493
8658,18025,0.875865
8659,18026,0.595524
8660,9547,0.351836
8660,10879,0.240838
8661,9142,0.195654
8662,18029,0.188692
8663,9600,0.309716
8664,18031,0.522077
8665,10885,0.876451
8666,9281,0.77788
8667,18034,0.843223
8668,18035,0.511547
8669,18036,0.861009
8670,18037,0.440916
8670,10169,0.207225
8671,18038,0.46802
8672,18039,0.842144
8673,18040,0.418163
8674,11429,0.282242
8675,9135,0.792742
8676,18041,0.456159
8677,18042,0.613028
8678,15137,0.294829
8678,11305,0.351112
8679,18043,0.6866
8680,18044,0.64209
8681,12335,0.900644
8682,10196,0.569623
8683,18046,0.106095
8684,18047,0.424884
8684,18048,0.167289
8684,18049,0.189141
8685,18050,0.664332
8686,15934,0.092312
8686,9813,0.0623
8686,18138,0.092347
8687,18051,0.198853
8688,15449,0.474258
8689,15456,0.21481
8690,9260,0.807826
8691,18053,0.487181
8691,16391,0.382761
8692,18054,0.89147
8693,10349,0.516086
8694,18056,0.508416
8695,18057,0.236083
8695,18058,0.236079
8696,18059,0.620668
8697,18060,0.473263
8698,17789,0.810381
8699,14379,0.52506
8700,11443,0.330466
8701,9087,0.470363
8702,15385,0.418314
8702,13084,0.42338
8703,11973,0.305486
8703,18310,0.140061
8704,9676,0.888016
8705,14806,0.369963
8706,18070,0.55794
8707,18071,0.502361
8708,9230,0.069317
8708,18072,0.333224
8708,18073,0.13782
8709,18072,0.486609
8710,15925,0.37786
8710,15924,0.266516
8711,18074,0.510543
8712,18075,0.44156
8712,9801,0.438759
8713,9293,0.333154
8713,10508,0.209704
8713,9141,0.070224
8713,12700,0.07002
8713,9570,0.070057
8714,18076,0.717569
8715,13672,0.45112
8716,12266,0.796261
8717,9825,0.468578
8717,12413,0.41193
8718,10695,0.729985
8719,18082,0.746917
8720,10232,0.485229
8720,9277,0.102218
8721,18087,0.54359
8722,9420,0.54042
8723,18088,0.83003
8724,17693,0.408935
8724,13527,0.407457
8725,14453,0.43344
8725,12115,0.43343
8726,18091,0.38063
8726,13517,0.285592
8727,18092,0.23891
8727,18093,0.333058
8728,18094,0.828055
8729,18095,0.07114
8730,13971,0.233882
8731,18096,0.76979
8732,18097,0.64192
8733,18099,0.877803
8734,18101,0.311278
8735,18103,0.349913
8736,18104,0.455028
8737,18106,0.604805
8738,18107,0.85018
8739,18108,0.210346
8740,15776,0.121351
8741,11060,0.17072
8741,13346,0.235928
8741,14929,0.240333
8742,18109,0.645998
8743,13400,0.362595
8743,18110,0.362566
8744,18111,0.294779
8744,11082,0.294202
8745,18113,0.51434
8745,18178,0.286895
8746,18114,0.609094
8747,18115,0.491294
8748,15665,0.739073
8749,10289,0.305444
8750,11195,0.903666
8751,18119,0.238974
8751,18174,0.238346
8752,9319,0.300337
8753,18123,0.155469
8753,18124,0.596543
8754,18125,0.877701
8755,10341,0.506388
8756,11552,0.735292
8757,18126,0.229629
8758,13799,0.430514
8759,9277,0.337905
8759,18128,0.372731
8760,13353,0.65859
8761,14453,0.673621
8762,18130,0.068939
8762,18131,0.232394
8762,18132,0.123329
8763,18133,0.467385
8764,10275,0.882202
8765,16957,0.39001
8765,16421,0.315061
8766,18135,0.640587
8767,10066,0.432698
8767,9426,0.313533
8768,18140,0.72155
8769,18141,0.425304
8769,12496,0.116924
8769,17538,0.070145
8769,18364,0.127487
8770,18142,0.14736
8770,18143,0.26359
8770,18144,0.099263
8771,17305,0.75768
8772,17975,0.517574
8773,12820,0.149628
8773,9760,0.561711
8774,16782,0.919428
8775,18145,0.147975
8775,9055,0.193105
8776,18146,0.733306
8777,18147,0.333641
8778,18148,0.529358
8779,18149,0.841035
8780,10917,0.329556
8781,18151,0.544172
8782,18152,0.254247
8782,18093,0.262189
8783,18153,0.380505
8783,9415,0.350029
8784,13217,0.44313
8785,18154,0.435654
8785,10231,0.431974
8786,12905,0.379801
8787,18155,0.861009
8788,18156,0.643956
8789,11596,0.483946
8790,11196,0.643969
8791,9373,0.43565
8791,10547,0.437711
8792,11199,0.540828
8793,9334,0.174565
8793,9784,0.543414
8794,18159,0.170376
8795,15094,0.760477
8796,18161,0.098518
8796,15758,0.07472
8797,18162,0.858938
8798,15146,0.28517
8798,16764,0.472245
8799,18163,0.176145
8799,18164,0.18665
8800,11986,0.840742
8801,12832,0.356368
8802,18165,0.835476
8803,9455,0.42647
8804,18170,0.272232
8805,18171,0.252423
8806,18172,0.217712
8806,10197,0.131566
8807,18176,0.85874
8808,18177,0.717861
8809,12900,0.469812
8810,11135,0.930468
8811,18179,0.584179
8812,9708,0.869402
8813,18181,0.412998
8814,18182,0.345187
8815,15737,0.166485
8815,15229,0.174995
8816,17577,0.472653
8817,17577,0.440309
8818,13247,0.50567
8818,13470,0.394271
8819,18183,0.590899
8820,18184,0.55712
8821,18187,0.468316
8822,13245,0.746375
8823,18188,0.398374
8823,18189,0.507035
8824,9156,0.273572
8825,9750,0.84647
8826,18191,0.482752
8827,14825,0.185037
8827,14829,0.328503
8828,17047,0.140871
8828,9857,0.086829
8828,13445,0.131892
8829,18193,0.282779
8830,18194,0.900342
8831,18198,0.832819
8832,13069,0.46673
8833,18200,0.376108
8834,18203,0.673273
8835,15182,0.66521
8836,18204,0.555088
8837,13004,0.101139
8838,13363,0.441046
8838,16192,0.316365
8839,9910,0.1192
8839,15934,0.362907
8839,16991,0.19302
8839,16618,0.120416
8840,11558,0.456546
8841,11204,0.465377
8841,12326,0.423277
8842,11021,0.418393
8843,9530,0.492845
8844,18209,0.163009
8844,9491,0.230725
8844,11985,0.299021
8845,18210,0.884252
8846,18211,0.431314
8846,18213,0.197478
8847,18212,0.460172
8848,18214,0.319758
8849,18216,0.866303
8850,18218,0.793301
8851,18219,0.386548
8852,11759,0.441577
8852,18220,0.441584
8853,11401,0.50355
8854,9694,0.437757
8855,12034,0.811907
8856,13425,0.386696
8856,14251,0.386672
8857,18221,0.478634
8858,17827,0.832601
8859,18222,0.852094
8860,11524,0.278352
8860,9972,0.366114
8861,13381,0.472135
8862,10474,0.608445
8863,18225,0.705927
8864,18226,0.350733
8864,18229,0.350733
8865,18227,0.776699
8866,18228,0.899996
8867,15254,0.300397
8867,9792,0.167817
8868,15439,0.220597
8869,11428,0.148619
8870,18232,0.866891
8871,9870,0.889436
8872,18233,0.318469
8873,16833,0.330281
8874,18235,0.854786
8875,18237,0.535994
8876,15401,0.326835
8877,18239,0.535769
8878,18240,0.451982
8879,18241,0.667146
8880,9942,0.26195
8880,18242,0.322759
8881,12266,0.502501
8882,18245,0.435539
8883,10909,0.137462
8884,18246,0.593087
8885,18247,0.117439
8886,9653,0.86386
8887,18249,0.796884
8888,12954,0.472418
8889,18250,0.798672
8890,13243,0.101678
8891,18251,0.483101
8892,11540,0.137894
8893,9522,0.476312
8893,9680,0.386481
8894,18253,0.798386
8895,9618,0.244229
8896,18254,0.634442
8897,18255,0.811446
8898,12556,0.425773
8898,18256,0.425437
8899,13845,0.47947
8900,18257,0.738216
8901,18258,0.633159
8902,18259,0.391831
8903,9649,0.276761
8903,10537,0.27968
8904,18264,0.533635
8905,18265,0.275139
8906,18266,0.69115
8907,18267,0.447114
8907,18268,0.319605
8908,18269,0.403357
8908,12751,0.267459
8909,18270,0.542267
8910,18272,0.703804
8911,18273,0.468118
8911,18274,0.139711
8912,12611,0.664721
8913,13933,0.33531
8914,18275,0.758691
8915,9126,0.869589
8916,18171,0.329026
8917,17884,0.33202
8918,11367,0.274663
8919,9243,0.561598
8920,18224,0.545851
8921,11791,0.335894
8921,18224,0.348405
8922,18282,0.759224
8923,9399,0.468443
8924,9629,0.137459
8925,18283,0.263292
8926,15924,0.369469
8927,18285,0.565443
8928,18286,0.468211
8928,13432,0.389621
8929,18288,0.737004
8930,18291,0.699889
8931,13442,0.833796
8932,14895,0.361404
8933,18294,0.259481
8934,10066,0.462998
8935,18296,0.262095
8936,18297,0.752685
8937,10806,0.751344
8938,18298,0.442575
8939,18299,0.592056
8940,18300,0.523965
8941,18302,0.729716
8942,15525,0.254955
8942,15391,0.47372
8943,12267,0.735134
8944,18304,0.796616
8945,11935,0.235374
8946,18307,0.795929
8947,10113,0.733942
8948,18309,0.341455
8949,9236,0.293218
8949,9918,0.291228
8950,10449,0.762058
8951,18313,0.251649
8952,18314,0.855207
8953,18315,0.592226
8954,16003,0.7117
8955,10464,0.360137
8955,10322,0.283478
8956,18319,0.878897
8957,18321,0.165073
8958,18322,0.814766
8959,18323,0.458307
8960,18324,0.396662
8961,18325,0.166847
8961,18326,0.166965
8961,15526,0.232759
8962,9289,0.262882
8962,12230,0.190257
8963,18328,0.769588
8964,18329,0.382923
8964,18330,0.379936
8965,10426,0.477778
8965,10074,0.211261
8965,12648,0.100588
8966,18332,0.315512
8967,18334,0.422148
8967,15077,0.293441
8968,18335,0.836774
8969,18336,0.763698
8970,18337,0.203871
8971,9302,0.212603
8972,9917,0.449191
8973,16595,0.051455
8974,12530,0.438068
8975,17592,0.224392
8976,18343,0.65904
8977,11004,0.907068
8978,9848,0.444968
8979,10207,0.206871
8980,13852,0.455362
8981,18345,0.377284
8982,17296,0.336576
8983,18346,0.420978
8984,18347,0.703148
8985,18290,0.306101
8985,12255,0.253146
8985,18348,0.285418
8986,16018,0.602717
8987,18350,0.320664
8988,13850,0.352449
8989,18355,0.581365
8990,10475,0.433941
8991,18362,0.828158
8992,9634,0.430971
8992,10308,0.430051
8993,18363,0.642469
8994,18366,0.330764
8994,16604,0.257759
8994,10555,0.184882
8995,10544,0.804675
8996,18369,0.735656
8997,18370,0.878252
8998,16644,0.283961
8998,18371,0.292003
8999,9695,0.397033
8999,18372,0.317677
9000,16977,0.312585
9001,18374,0.702065
9002,9230,0.641856
9003,18375,0.848987
9004,18376,0.664198
9005,9696,0.43768
9005,11139,0.325016
9006,18380,0.624622
9007,16798,0.134432
9008,18382,0.800853
9009,18382,0.649372
9010,9897,0.826924
9011,10560,0.853967
9012,12899,0.318294
9013,18383,0.839979
9014,9400,0.732493
9015,18384,0.542329
9016,10034,0.553158
9017,9170,0.241726
9018,9303,0.26194
9019,18385,0.664627
9020,18386,0.682047
9021,12597,0.469497
9022,18387,0.798044
9023,16496,0.417966
9023,12886,0.368116
9024,9942,0.254308
9025,18388,1.0
9026,18389,1.0
9027,18390,1.0
9028,18391,1.0
9029,18392,1.0
9030,18393,1.0
9031,18394,1.0
9032,18395,1.0
9033,18396,1.0
9034,18397,1.0
9035,18391,1.0
9036,18398,1.0
9037,18399,1.0
9038,18400,0.985533
9038,18401,0.014467
9039,18402,1.0
9040,18403,1.0
9041,18404,1.0
9042,18405,1.0
9043,18406,1.0
9044,18407,0.945303
9044,18408,0.054697
9045,18409,1.0
9046,18410,1.0
9047,18411,1.0
9048,18412,1.0
9049,18413,1.0
9050,18414,1.0
9051,18415,1.0
9052,18416,1.0
9053,18417,1.0
9054,18418,1.0
9055,18419,1.0
9056,18420,1.0
9057,18411,0.992248
9057,18421,0.007752
9058,18422,1.0
9059,18423,1.0
9060,18424,1.0
9061,18425,1.0
9062,18426,1.0
9063,18427,1.0
9064,18425,1.0
9065,18428,1.0
9066,18429,1.0
9067,18430,1.0
9068,18431,1.0
9069,18432,1.0
9070,18433,1.0
9071,18434,1.0
9072,18435,1.0
9073,18436,1.0
9074,18437,1.0
9075,18438,1.0
9076,18439,1.0
9077,18440,1.0
9078,18441,1.0
9079,18442,1.0
9080,18443,1.0
9081,18430,1.0
9082,18444,1.0
9083,18445,1.0
9084,18446,1.0
9085,18447,1.0
9086,18448,1.0
9087,18442,1.0
9088,18449,1.0
9089,18450,1.0
9090,18451,1.0
9091,18452,1.0
9092,18453,1.0
9093,18454,1.0
9094,18455,1.0
9095,18456,1.0
9096,18405,0.983957
9096,18457,0.016043
9097,18458,0.998871
9097,18459,0.001129
9098,18460,1.0
9099,18461,1.0
9100,18462,1.0
9101,18463,0.172007
9101,18464,0.827993
9102,18465,1.0
9103,18466,1.0
9104,18467,1.0
9105,18468,1.0
9106,18469,1.0
9107,18470,1.0
9108,18471,1.0
9109,18472,1.0
9110,18448,0.926864
9110,18473,0.073136
9111,18474,1.0
9112,18475,1.0
9113,18476,1.0
9114,18477,1.0
9115,18478,0.993506
9115,18479,0.006494
9116,18480,1.0
9117,18481,1.0
9118,18482,1.0
9119,18483,0.955556
9119,18484,0.044444
9120,18485,1.0
9121,18448,0.970986
9121,18486,0.029014
9122,18487,1.0
9123,18488,1.0
9124,18489,0.989708
9124,18490,0.010292
9125,18491,1.0
9126,18492,1.0
9127,18493,0.692308
9127,18494,0.307692
9128,18495,1.0
9129,18496,1.0
9130,18497,1.0
9131,18498,1.0
9132,18499,1.0
9133,18500,1.0
9134,18501,1.0
9135,18502,1.0
9136,18503,0.961538
9136,18504,0.038462
9137,18505,1.0
9138,18477,1.0
9139,18506,1.0
9140,18507,1.0
9141,18508,1.0
9142,18509,1.0
9143,18487,0.95302
9143,18510,0.04698
9144,18511,1.0
9145,18512,1.0
9146,18513,1.0
9147,18514,1.0
9148,18515,1.0
9149,18516,1.0
9150,18517,1.0
9151,18518,1.0
9152,18519,1.0
9153,18520,1.0
9154,18521,1.0
9155,18522,1.0
9156,18523,1.0
9157,18524,1.0
9158,18525,1.0
9159,18526,1.0
9160,18527,1.0
9161,18453,1.0
9162,18528,1.0
9163,18529,0.540881
9163,18485,0.459119
9164,18425,1.0
9165,18530,1.0
9166,18483,1.0
9167,18531,1.0
9168,18532,1.0
9169,18533,1.0
9170,18534,1.0
9171,18535,1.0
9172,18536,1.0
9173,18537,1.0
9174,18538,1.0
9175,18539,1.0
9176,18540,1.0
9177,18541,1.0
9178,18542,1.0
9179,18472,1.0
9180,18543,1.0
9181,18544,1.0
9182,18545,1.0
9183,18546,1.0
9184,18547,1.0
9185,18548,1.0
9186,18549,1.0
9187,18550,1.0
9188,18551,1.0
9189,18552,1.0
9190,18553,1.0
9191,18554,1.0
9192,18555,1.0
9193,18556,1.0
9194,18557,1.0
9195,18558,1.0
9196,18559,1.0
9197,18560,1.0
9198,18561,1.0
9199,18562,1.0
9200,18563,1.0
9201,18564,1.0
9202,18565,0.996357
9202,18566,0.003643
9203,18567,1.0
9204,18438,1.0
9205,18568,1.0
9206,18569,1.0
9207,18570,1.0
9208,18571,1.0
9209,18572,1.0
9210,18573,1.0
9211,18574,1.0
9212,18575,1.0
9213,18576,1.0
9214,18544,1.0
9215,18577,1.0
9216,18578,1.0
9217,18579,1.0
9218,18580,1.0
9219,18581,1.0
9220,18582,1.0
9221,18583,1.0
9222,18584,1.0
9223,18585,1.0
9224,18560,1.0
9225,18586,1.0
9226,18456,1.0
9227,18587,1.0
9228,18588,1.0
9229,18589,1.0
9230,18590,1.0
9231,18591,0.970588
9231,18592,0.029412
9232,18593,1.0
9233,18594,1.0
9234,18595,1.0
9235,18596,1.0
9236,18597,1.0
9237,18543,1.0
9238,18598,1.0
9239,18599,1.0
9240,18600,1.0
9241,18601,1.0
9242,18602,1.0
9243,18603,1.0
9244,18604,1.0
9245,18582,1.0
9246,18605,1.0
9247,18606,1.0
9248,18607,1.0
9249,18608,1.0
9250,18609,1.0
9251,18610,1.0
9252,18611,1.0
9253,18612,1.0
9254,18611,1.0
9255,18613,1.0
9256,18614,1.0
9257,18615,1.0
9258,18616,0.747573
9258,18617,0.252427
9259,18618,0.945701
9259,18619,0.054299
9260,18620,1.0
9261,18562,0.943396
9261,18621,0.056604
9262,18622,0.414604
9262,18623,0.585396
9263,18562,0.826667
9263,18624,0.173333
9264,18625,0.977273
9264,18626,0.022727
9265,18614,1.0
9266,18627,1.0
9267,18400,1.0
9268,18565,1.0
9269,18407,1.0
9270,18628,1.0
9271,18629,1.0
9272,18630,1.0
9273,18631,1.0
9274,18632,1.0
9275,18633,1.0
9276,18634,1.0
9277,18635,1.0
9278,18636,1.0
9279,18637,0.091892
9279,18638,0.908108
9280,18639,1.0
9281,18640,1.0
9282,18641,1.0
9283,18642,1.0
9284,18643,1.0
9285,18644,1.0
9286,18645,1.0
9287,18646,1.0
9288,18638,1.0
9289,18647,1.0
9290,18633,1.0
9291,18648,0.998014
9291,18649,0.001986
9292,18650,1.0
9293,18567,0.956923
9293,18651,0.043077
9294,18652,1.0
9295,18653,1.0
9296,18654,1.0
9297,18655,1.0
9298,18656,1.0
9299,18657,1.0
9300,18658,1.0
9301,18659,1.0
9302,18660,1.0
9303,18661,1.0
9304,18662,1.0
9305,18663,0.983226
9305,18664,0.016774
9306,18665,1.0
9307,18666,1.0
9308,18667,1.0
9309,18668,1.0
9310,18669,1.0
9311,18670,1.0
9312,18671,1.0
9313,18672,1.0
9314,18673,0.955414
9314,18674,0.044586
9315,18675,0.996558
9315,18676,0.003442
9316,18677,1.0
9317,18678,1.0
9318,18679,1.0
9319,18680,1.0
9320,18489,1.0
9321,18681,1.0
9322,18409,1.0
9323,18682,1.0
9324,18683,1.0
9325,18684,1.0
9326,18685,0.83871
9326,18686,0.16129
9327,18653,1.0
9328,18687,1.0
9329,18688,1.0
9330,18689,0.026846
9330,18663,0.973154
9331,18690,1.0
9332,18569,1.0
9333,18691,0.549451
9333,18692,0.450549
9334,18693,1.0
9335,18694,1.0
9336,18695,1.0
9337,18696,1.0
9338,18697,1.0
9339,18639,1.0
9340,18698,1.0
9341,18699,1.0
9342,18700,1.0
9343,18701,1.0
9344,18702,0.75
9344,18703,0.25
9345,18704,1.0
9346,18705,1.0
9347,18706,1.0
9348,18707,1.0
9349,18708,1.0
9350,18709,0.71308
9350,18710,0.28692
9351,18706,1.0
9352,18711,1.0
9353,18712,1.0
9354,18713,1.0
9355,18714,1.0
9356,18475,0.955975
9356,18715,0.044025
9357,18716,1.0
9358,18717,1.0
9359,18652,1.0
9360,18441,1.0
9361,18718,1.0
9362,18719,1.0
9363,18720,1.0
9364,18721,0.833333
9364,18722,0.166667
9365,18723,1.0
9366,18724,1.0
9367,18725,1.0
9368,18726,1.0
9369,18727,0.956522
9369,18728,0.043478
9370,18399,1.0
9371,18729,1.0
9372,18398,0.99117
9372,18730,0.00883
9373,18731,1.0
9374,18732,1.0
9375,18733,1.0
9376,18734,1.0
9377,18735,1.0
9378,18736,1.0
9379,18737,1.0
9380,18738,1.0
9381,18739,1.0
9382,18740,1.0
9383,18741,1.0
9384,18720,0.853659
9384,18742,0.146341
9385,18743,1.0
9386,18744,1.0
9387,18745,1.0
9388,18746,1.0
9389,18747,1.0
9390,18748,1.0
9391,18749,1.0
9392,18750,1.0
9393,18751,1.0
9394,18752,1.0
9395,18753,1.0
9396,18754,1.0
9397,18755,1.0
9398,18756,1.0
9399,18757,1.0
9400,18758,1.0
9401,18759,1.0
9402,18760,0.967391
9402,18761,0.032609
9403,18762,1.0
9404,18763,1.0
9405,18764,1.0
9406,18765,1.0
9407,18766,1.0
9408,18767,1.0
9409,18768,1.0
9410,18769,1.0
9411,18770,1.0
9412,18771,1.0
9413,18772,1.0
9414,18482,1.0
9415,18427,1.0
9416,18773,0.962264
9416,18774,0.037736
9417,18775,1.0
9418,18776,1.0
9419,18777,1.0
9420,18778,1.0
9421,18779,1.0
9422,18780,1.0
9423,18630,1.0
9424,18781,1.0
9425,18782,1.0
9426,18745,1.0
9427,18783,1.0
9428,18784,1.0
9429,18782,0.95
9429,18785,0.05
9430,18618,1.0
9431,18731,0.878363
9431,18786,0.121637
9432,18721,0.836364
9432,18787,0.163636
9433,18788,0.998671
9433,18789,0.001329
9434,18790,1.0
9435,18743,0.851852
9435,18791,0.148148
9436,18792,1.0
9437,18766,1.0
9438,18793,1.0
9439,18794,1.0
9440,18795,0.760642
9440,18547,0.239358
9441,18796,1.0
9442,18425,0.754045
9442,18797,0.245955
9443,18798,0.82
9443,18629,0.18
9444,18799,1.0
9445,18800,1.0
9446,18801,1.0
9447,18802,1.0
9448,18803,1.0
9449,18804,1.0
9450,18805,1.0
9451,18806,1.0
9452,18660,0.989399
9452,18807,0.010601
9453,18808,0.985294
9453,18809,0.014706
9454,18640,0.880734
9454,18810,0.119266
9455,18811,1.0
9456,18812,1.0
9457,18813,0.068966
9457,18814,0.931034
9458,18815,1.0
9459,18816,1.0
9460,18817,0.652174
9460,18818,0.347826
9461,18819,1.0
9462,18820,1.0
9463,18487,0.910714
9463,18821,0.089286
9464,18822,1.0
9465,18795,1.0
9466,18823,0.987988
9466,18824,0.012012
9467,18825,1.0
9468,18826,0.904762
9468,18827,0.095238
9469,18828,1.0
9470,18829,1.0
9471,18830,1.0
9472,18475,0.909375
9472,18831,0.090625
9473,18832,1.0
9474,18833,0.196774
9474,18834,0.803226
9475,18835,1.0
9476,18836,1.0
9477,18837,1.0
9478,18838,1.0
9479,18839,1.0
9480,18840,1.0
9481,18841,1.0
9482,18842,1.0
9483,18843,1.0
9484,18844,0.153846
9484,18845,0.846154
9485,18846,1.0
9486,18675,1.0
9487,18847,1.0
9488,18848,1.0
9489,18849,1.0
9490,18850,1.0
9491,18851,1.0
9492,18746,1.0
9493,18852,1.0
9494,18853,1.0
9495,18854,1.0
9496,18855,1.0
9497,18856,1.0
9498,18663,1.0
9499,18857,1.0
9500,18858,1.0
9501,18859,1.0
9502,18860,1.0
9503,18861,1.0
9504,18862,1.0
9505,18863,1.0
9506,18864,1.0
9507,18865,1.0
9508,18866,1.0
9509,18867,1.0
9510,18470,1.0
9511,18868,1.0
9512,18869,1.0
9513,18870,1.0
9514,18871,1.0
9515,18752,1.0
9516,18872,1.0
9517,18873,1.0
9518,18725,1.0
9519,18874,1.0
9520,18875,1.0
9521,18726,1.0
9522,18876,1.0
9523,18877,1.0
9524,18878,1.0
9525,18879,1.0
9526,18880,1.0
9527,18805,1.0
9528,18881,1.0
9529,18882,1.0
9530,18883,1.0
9531,18884,1.0
9532,18885,1.0
9533,18886,1.0
9534,18887,0.619048
9534,18888,0.380952
9535,18889,1.0
9536,18890,0.706422
9536,18891,0.293578
9537,18879,1.0
9538,18892,1.0
9539,18893,1.0
9540,18894,1.0
9541,18895,1.0
9542,18896,1.0
9543,18897,1.0
9544,18898,1.0
9545,18899,1.0
9546,18900,1.0
9547,18901,0.67872
9547,18695,0.32128
9548,18902,0.993902
9548,18903,0.006098
9549,18904,1.0
9550,18905,1.0
9551,18906,1.0
9552,18576,1.0
9553,18554,0.997271
9553,18907,0.002729
9554,18908,1.0
9555,18909,1.0
9556,18910,1.0
9557,18911,0.869565
9557,18912,0.130435
9558,18913,1.0
9559,18914,1.0
9560,18915,1.0
9561,18916,1.0
9562,18917,1.0
9563,18918,1.0
9564,18919,1.0
9565,18920,1.0
9566,18921,0.974576
9566,18922,0.025424
9567,18923,1.0
9568,18924,1.0
9569,18925,1.0
9570,18587,1.0
9571,18926,0.846154
9571,18927,0.153846
9572,18928,1.0
9573,18929,1.0
9574,18930,1.0
9575,18931,1.0
9576,18932,1.0
9577,18933,1.0
9578,18934,1.0
9579,18935,1.0
9580,18936,1.0
9581,18937,1.0
9582,18938,0.104167
9582,18910,0.895833
9583,18939,1.0
9584,18940,1.0
9585,18591,1.0
9586,18941,1.0
9587,18608,1.0
9588,18942,1.0
9589,18943,1.0
9590,18578,0.992718
9590,18944,0.007282
9591,18945,0.945946
9591,18946,0.054054
9592,18947,1.0
9593,18948,1.0
9594,18949,1.0
9595,18950,1.0
9596,18951,1.0
9597,18952,1.0
9598,18953,0.712329
9598,18954,0.287671
9599,18955,1.0
9600,18956,1.0
9601,18957,1.0
9602,18636,1.0
9603,18958,1.0
9604,18727,1.0
9605,18959,1.0
9606,18960,1.0
9607,18501,1.0
9608,18961,1.0
9609,18962,1.0
9610,18940,0.6
9610,18963,0.4
9611,18752,0.960784
9611,18964,0.039216
9612,18965,1.0
9613,18966,1.0
9614,18967,1.0
9615,18968,0.978933
9615,18969,0.021067
9616,18970,1.0
9617,18971,0.694149
9617,18828,0.305851
9618,18628,1.0
9619,18972,1.0
9620,18973,1.0
9621,18974,1.0
9622,18975,1.0
9623,18976,1.0
9624,18977,1.0
9625,18978,1.0
9626,18979,1.0
9627,18980,1.0
9628,18981,1.0
9629,18982,1.0
9630,18983,1.0
9631,18984,1.0
9632,18985,1.0
9633,18986,1.0
9634,18987,1.0
9635,18988,1.0
9636,18989,1.0
9637,18990,1.0
9638,18991,1.0
9639,18911,1.0
9640,18992,1.0
9641,18568,0.279221
9641,18943,0.691198
9641,18993,0.029582
9642,18994,1.0
9643,18995,1.0
9644,18996,1.0
9645,18450,1.0
9646,18997,1.0
9647,18998,1.0
9648,18999,1.0
9649,19000,1.0
9650,19001,1.0
9651,19002,1.0
9652,19003,1.0
9653,19004,1.0
9654,19005,1.0
9655,19006,1.0
9656,19007,1.0
9657,19008,1.0
9658,18866,0.951691
9658,19009,0.048309
9659,19010,1.0
9660,19011,1.0
9661,19012,1.0
9662,19013,0.910112
9662,19014,0.089888
9663,19015,1.0
9664,18720,0.932203
9664,19016,0.067797
9665,19017,0.969231
9665,19018,0.030769
9666,19019,1.0
9667,19020,1.0
9668,19021,1.0
9669,19022,1.0
9670,19023,0.923077
9670,19024,0.076923
9671,19025,1.0
9672,18406,0.981818
9672,19026,0.018182
9673,19027,1.0
9674,19028,1.0
9675,19029,1.0
9676,19030,1.0
9677,18645,1.0
9678,19031,1.0
9679,18554,0.989933
9679,19032,0.010067
9680,19033,1.0
9681,18537,1.0
9682,19034,1.0
9683,19035,1.0
9684,19036,1.0
9685,19037,1.0
9686,19038,1.0
9687,19034,1.0
9688,19039,1.0
9689,19040,1.0
9690,19041,1.0
9691,19042,1.0
9692,19043,0.986207
9692,19044,0.013793
9693,19045,1.0
9694,19046,1.0
9695,19047,1.0
9696,19048,1.0
9697,19049,1.0
9698,19050,1.0
9699,19051,1.0
9700,19052,1.0
9701,19053,1.0
9702,19039,1.0
9703,19054,1.0
9704,19055,1.0
9705,19056,1.0
9706,19057,1.0
9707,19058,0.895833
9707,19059,0.104167
9708,19060,1.0
9709,19061,1.0
9710,19062,1.0
9711,19063,1.0
9712,18982,1.0
9713,19064,1.0
9714,19065,1.0
9715,19066,1.0
9716,19067,1.0
9717,19068,1.0
9718,19069,1.0
9719,19070,1.0
9720,19071,1.0
9721,19072,1.0
9722,19073,1.0
9723,19074,1.0
9724,19075,1.0
9725,19076,1.0
9726,19077,1.0
9727,18591,0.981651
9727,19078,0.018349
9728,19079,1.0
9729,19080,1.0
9730,19081,1.0
9731,19082,0.6
9731,19083,0.4
9732,19084,1.0
9733,19085,1.0
9734,19086,1.0
9735,19087,1.0
9736,19082,1.0
9737,19088,1.0
9738,19089,1.0
9739,19090,1.0
9740,19091,1.0
9741,19092,1.0
9742,18464,1.0
9743,18962,1.0
9744,19093,1.0
9745,19094,0.375
9745,19095,0.625
9746,18594,1.0
9747,19096,1.0
9748,19097,1.0
9749,19098,1.0
9750,19099,1.0
9751,19100,1.0
9752,19101,0.953297
9752,19102,0.046703
9753,18710,1.0
9754,19103,1.0
9755,19104,0.98081
9755,19105,0.01919
9756,18448,0.996296
9756,19106,0.003704
9757,19107,0.912568
9757,19108,0.087432
9758,19109,1.0
9759,18973,1.0
9760,19110,1.0
9761,19111,1.0
9762,19112,1.0
9763,19113,1.0
9764,19114,1.0
9765,18786,1.0
9766,19115,1.0
9767,19116,1.0
9768,19082,1.0
9769,19117,0.791667
9769,19118,0.208333
9770,19119,1.0
9771,18544,0.99
9771,19120,0.01
9772,18788,1.0
9773,19121,1.0
9774,18921,1.0
9775,19122,1.0
9776,19123,1.0
9777,19124,1.0
9778,19125,1.0
9779,19126,1.0
9780,18760,1.0
9781,19127,1.0
9782,19128,1.0
9783,19129,1.0
9784,18693,1.0
9785,19130,1.0
9786,19131,1.0
9787,19132,1.0
9788,19133,1.0
9789,19134,1.0
9790,19135,1.0
9791,19136,1.0
9792,19137,1.0
9793,19138,0.928994
9793,19139,0.071006
9794,19140,1.0
9795,19141,1.0
9796,19142,1.0
9797,19143,1.0
9798,19144,1.0
9799,19145,1.0
9800,19146,1.0
9801,19147,1.0
9802,19148,1.0
9803,19149,1.0
9804,19150,1.0
9805,19151,0.860759
9805,19152,0.139241
9806,19153,1.0
9807,19154,1.0
9808,19155,1.0
9809,19156,0.995316
9809,19157,0.004684
9810,18552,0.501466
9810,19158,0.498534
9811,19159,1.0
9812,19160,1.0
9813,19161,1.0
9814,19162,1.0
9815,19163,1.0
9816,19164,1.0
9817,19165,1.0
9818,19166,1.0
9819,18411,1.0
9820,19167,1.0
9821,19067,1.0
9822,18772,1.0
9823,19168,1.0
9824,18836,1.0
9825,19169,1.0
9826,19170,1.0
9827,19171,1.0
9828,18638,1.0
9829,19172,1.0
9830,19173,1.0
9831,19174,1.0
9832,19175,1.0
9833,19176,1.0
9834,19177,1.0
9835,19178,1.0
9836,19179,1.0
9837,19180,0.752475
9837,19181,0.247525
9838,19182,1.0
9839,19183,1.0
9840,19184,1.0
9841,19185,1.0
9842,19186,0.95
9842,19187,0.05
9843,19176,1.0
9844,19188,1.0
9845,19189,1.0
9846,19190,1.0
9847,19191,1.0
9848,19192,0.985294
9848,19193,0.014706
9849,19194,1.0
9850,19195,0.974684
9850,19196,0.025316
9851,19197,1.0
9852,18511,1.0
9853,19198,1.0
9854,19199,1.0
9855,19200,1.0
9856,19201,1.0
9857,19202,0.75
9857,19203,0.25
9858,19204,1.0
9859,19205,1.0
9860,19206,1.0
9861,19207,1.0
9862,19208,1.0
9863,19209,1.0
9864,19210,1.0
9865,19211,1.0
9866,19212,0.878788
9866,19213,0.121212
9867,19214,1.0
9868,19215,1.0
9869,19181,0.634146
9869,19216,0.365854
9870,19217,1.0
9871,19218,0.822785
9871,19219,0.177215
9872,19220,1.0
9873,19221,1.0
9874,19222,1.0
9875,19223,1.0
9876,19224,1.0
9877,19225,1.0
9878,19226,1.0
9879,19227,1.0
9880,19228,0.996653
9880,19229,0.003347
9881,19230,1.0
9882,18607,1.0
9883,19231,1.0
9884,19232,1.0
9885,19233,1.0
9886,19234,1.0
9887,19114,1.0
9888,19235,1.0
9889,19236,1.0
9890,19237,1.0
9891,19238,1.0
9892,19239,1.0
9893,19240,1.0
9894,18914,0.380319
9894,19241,0.619681
9895,19242,1.0
9896,19243,1.0
9897,19244,1.0
9898,19245,1.0
9899,19246,0.848485
9899,18824,0.151515
9900,19123,0.977273
9900,19247,0.022727
9901,18596,0.992509
9901,19248,0.007491
9902,19249,1.0
9903,19250,1.0
9904,19251,1.0
9905,19252,1.0
9906,19253,1.0
9907,19254,1.0
9908,18503,1.0
9909,19255,1.0
9910,19256,0.99304
9910,19257,0.00696
9911,19258,0.8125
9911,19259,0.1875
9912,19260,0.992857
9912,19261,0.007143
9913,19262,1.0
9914,19263,1.0
9915,19264,1.0
9916,19265,1.0
9917,19266,0.889503
9917,19267,0.110497
9918,19148,0.935135
9918,19268,0.064865
9919,19269,1.0
9920,19270,1.0
9921,19271,1.0
9922,19272,1.0
9923,19273,1.0
9924,19225,0.617647
9924,19274,0.382353
9925,19224,1.0
9926,19275,1.0
9927,19276,1.0
9928,18824,1.0
9929,19277,0.894737
9929,19278,0.105263
9930,19279,1.0
9931,19280,1.0
9932,19281,1.0
9933,19282,1.0
9934,19283,1.0
9935,19284,1.0
9936,19285,1.0
9937,19286,1.0
9938,19225,1.0
9939,19287,1.0
9940,19288,1.0
9941,19289,1.0
9942,19256,1.0
9943,19290,1.0
9944,19174,1.0
9945,19291,1.0
9946,19292,1.0
9947,19293,1.0
9948,18740,0.973154
9948,19294,0.026846
9949,19295,1.0
9950,19296,1.0
9951,19297,1.0
9952,19298,0.8
9952,19299,0.2
9953,19300,1.0
9954,19301,0.971014
9954,19302,0.028986
9955,19303,1.0
9956,19197,1.0
9957,19266,1.0
9958,19192,1.0
9959,18458,1.0
9960,19304,1.0
9961,19305,1.0
9962,19306,1.0
9963,19307,1.0
9964,19308,1.0
9965,18616,1.0
9966,19309,1.0
9967,18962,0.991549
9967,19310,0.008451
9968,19311,1.0
9969,19312,1.0
9970,19313,0.8
9970,19314,0.2
9971,19315,0.4
9971,19316,0.6
9972,19317,1.0
9973,19017,1.0
9974,19318,1.0
9975,19319,1.0
9976,18957,1.0
9977,19320,1.0
9978,19321,1.0
9979,19322,1.0
9980,18886,1.0
9981,19284,1.0
9982,19323,1.0
9983,19298,0.714286
9983,19324,0.285714
9984,19325,1.0
9985,19326,1.0
9986,19327,1.0
9987,19328,1.0
9988,19329,1.0
9989,18480,1.0
9990,19330,1.0
9991,18530,1.0
9992,18392,1.0
9993,19331,1.0
9994,19332,0.666667
9994,19333,0.333333
9995,19334,1.0
9996,18606,0.974684
9996,19335,0.025316
9997,19336,1.0
9998,18516,0.911765
9998,19337,0.088235
9999,19107,0.935484
9999,19338,0.064516
10000,18595,0.989418
10000,19339,0.010582
10001,19340,0.880734
10001,19341,0.119266
10002,19306,1.0
10003,19342,0.155844
10003,19343,0.844156
10004,19344,1.0
10005,19345,1.0
10006,19346,1.0
10007,19347,0.869048
10007,19348,0.130952
10008,19349,0.945946
10008,19350,0.054054
10009,19245,1.0
10010,19351,1.0
10011,19352,1.0
10012,19353,1.0
10013,19354,1.0
10014,19332,1.0
10015,19355,1.0
10016,19356,1.0
10017,19357,1.0
10018,19358,1.0
10019,19359,1.0
10020,19360,1.0
10021,19361,1.0
10022,19362,1.0
10023,19363,1.0
10024,19364,1.0
10025,19365,1.0
10026,19366,1.0
10027,19367,1.0
10028,19368,1.0
10029,19326,1.0
10030,19369,1.0
10031,18538,1.0
10032,19370,1.0
10033,19371,1.0
10034,19292,0.613861
10034,19372,0.386139
10035,19373,1.0
10036,19374,1.0
10037,19375,1.0
10038,19376,1.0
10039,19377,1.0
10040,19378,1.0
10041,19379,1.0
10042,18866,0.996552
10042,19380,0.003448
10043,19381,1.0
10044,19382,1.0
10045,19107,1.0
10046,19383,1.0
10047,19384,1.0
10048,18834,1.0
10049,19385,1.0
10050,19386,1.0
10051,19387,1.0
10052,19388,1.0
10053,19389,1.0
10054,19390,1.0
10055,18890,1.0
10056,19391,1.0
10057,19392,1.0
10058,19393,1.0
10059,19394,1.0
10060,19395,1.0
10061,19396,1.0
10062,19397,0.955696
10062,19398,0.044304
10063,18727,0.985849
10063,19399,0.014151
10064,19400,1.0
10065,19401,1.0
10066,19402,1.0
10067,19403,1.0
10068,19385,0.444444
10068,19404,0.555556
10069,19405,1.0
10070,19406,1.0
10071,19407,1.0
10072,18965,1.0
10073,19408,1.0
10074,19104,1.0
10075,19408,1.0
10076,19409,1.0
10077,19410,1.0
10078,19411,1.0
10079,18802,1.0
10080,19412,1.0
10081,19413,1.0
10082,19414,1.0
10083,19415,1.0
10084,19403,0.363636
10084,19416,0.636364
10085,19417,0.179775
10085,19418,0.820225
10086,19419,1.0
10087,19383,0.926941
10087,19420,0.073059
10088,19178,1.0
10089,19419,0.956522
10089,19421,0.043478
10090,19422,1.0
10091,19423,0.819444
10091,19424,0.180556
10092,19425,1.0
10093,19426,0.818182
10093,19427,0.181818
10094,19428,1.0
10095,19429,1.0
10096,19430,1.0
10097,19431,1.0
10098,19432,1.0
10099,19433,1.0
10100,19434,1.0
10101,19435,1.0
10102,19436,1.0
10103,19437,0.948276
10103,18890,0.051724
10104,19260,1.0
10105,19438,1.0
10106,19439,0.976879
10106,19440,0.023121
10107,19441,1.0
10108,19256,1.0
10109,19442,0.9
10109,19443,0.1
10110,19444,0.875
10110,19445,0.125
10111,19446,0.959596
10111,19447,0.040404
10112,18819,1.0
10113,19448,1.0
10114,19449,1.0
10115,19450,1.0
10116,19451,1.0
10117,19452,1.0
10118,19453,1.0
10119,19240,1.0
10120,18548,1.0
10121,19454,1.0
10122,19455,1.0
10123,19456,1.0
10124,19457,1.0
10125,19414,1.0
10126,18407,1.0
10127,19458,1.0
10128,19459,1.0
10129,19460,1.0
10130,19461,1.0
10131,19462,1.0
10132,19463,1.0
10133,19412,0.955556
10133,19464,0.044444
10134,19465,1.0
10135,18411,0.994889
10135,19466,0.005111
10136,19467,1.0
10137,18702,1.0
10138,19468,1.0
10139,19469,1.0
10140,19470,1.0
10141,19471,1.0
10142,19226,1.0
10143,19472,1.0
10144,19473,1.0
10145,19474,1.0
10146,18869,1.0
10147,19475,1.0
10148,19476,0.815385
10148,19477,0.184615
10149,19475,1.0
10150,19478,0.517857
10150,18485,0.482143
10151,19479,0.857143
10151,19480,0.142857
10152,19481,1.0
10153,19482,1.0
10154,19483,1.0
10155,19484,1.0
10156,19485,1.0
10157,18834,0.978723
10157,19486,0.021277
10158,19487,0.953642
10158,19488,0.046358
10159,19489,1.0
10160,19490,0.96
10160,19491,0.04
10161,19492,1.0
10162,19493,1.0
10163,19494,1.0
10164,19495,1.0
10165,19496,1.0
10166,19497,1.0
10167,19479,1.0
10168,19498,1.0
10169,18695,0.966608
10169,19499,0.033392
10170,19500,1.0
10171,19501,1.0
10172,19502,1.0
10173,18461,1.0
10174,19503,1.0
10175,19482,1.0
10176,19504,1.0
10177,19505,1.0
10178,19506,1.0
10179,19507,1.0
10180,19508,1.0
10181,19509,0.150943
10181,19500,0.849057
10182,19510,0.538462
10182,19511,0.461538
10183,19512,0.857143
10183,19513,0.142857
10184,18710,0.78341
10184,19514,0.21659
10185,18655,0.986056
10185,19515,0.013944
10186,19516,0.733333
10186,19517,0.266667
10187,19476,1.0
10188,19518,1.0
10189,19519,1.0
10190,19520,1.0
10191,18983,0.694444
10191,19521,0.305556
10192,18398,1.0
10193,19522,1.0
10194,19523,0.966667
10194,19524,0.033333
10195,19525,1.0
10196,19526,1.0
10197,19527,1.0
10198,19528,1.0
10199,19529,0.591398
10199,19530,0.408602
10200,19531,1.0
10201,18853,0.75
10201,19532,0.25
10202,19531,0.970149
10202,19533,0.029851
10203,19534,1.0
10204,19535,1.0
10205,19536,1.0
10206,18424,1.0
10207,19537,1.0
10208,19538,1.0
10209,19539,1.0
10210,19540,1.0
10211,19327,0.986842
10211,19541,0.013158
10212,19542,1.0
10213,19543,1.0
10214,19544,1.0
10215,19545,1.0
10216,19546,1.0
10217,19547,1.0
10218,19548,1.0
10219,19549,1.0
10220,19550,1.0
10221,19551,1.0
10222,19552,1.0
10223,19553,1.0
10224,19262,1.0
10225,19554,1.0
10226,19555,1.0
10227,19556,1.0
10228,19557,1.0
10229,19558,1.0
10230,19559,0.588235
10230,19560,0.411765
10231,19561,1.0
10232,19562,1.0
10233,19563,1.0
10234,19564,1.0
10235,18419,1.0
10236,19561,1.0
10237,19565,1.0
10238,19566,1.0
10239,19567,1.0
10240,19568,1.0
10241,19569,0.384615
10241,19570,0.615385
10242,19571,1.0
10243,19572,1.0
10244,19573,1.0
10245,19574,1.0
10246,19575,0.833333
10246,19576,0.166667
10247,19577,1.0
10248,19578,1.0
10249,18636,1.0
10250,19579,1.0
10251,19580,1.0
10252,19581,1.0
10253,19582,1.0
10254,18824,1.0
10255,19583,1.0
10256,19584,1.0
10257,19585,1.0
10258,19156,1.0
10259,19586,1.0
10260,19529,1.0
10261,19587,1.0
10262,19588,1.0
10263,19589,1.0
10264,19590,1.0
10265,19591,1.0
10266,18578,0.992788
10266,19592,0.007212
10267,18786,0.491826
10267,19593,0.508174
10268,19594,0.873239
10268,19595,0.126761
10269,19596,1.0
10270,19101,1.0
10271,19597,0.146465
10271,19099,0.853535
10272,19598,1.0
10273,19599,1.0
10274,19135,1.0
10275,19600,1.0
10276,19601,1.0
10277,19602,1.0
10278,19603,1.0
10279,19604,1.0
10280,19439,0.921212
10280,19605,0.078788
10281,19606,1.0
10282,18648,1.0
10283,19607,1.0
10284,19608,1.0
10285,19609,1.0
10286,19610,1.0
10287,19418,1.0
10288,19611,1.0
10289,19612,1.0
10290,19613,1.0
10291,19444,1.0
10292,19614,1.0
10293,19615,1.0
10294,19616,0.971246
10294,19617,0.028754
10295,19618,1.0
10296,19619,1.0
10297,18693,1.0
10298,18407,0.99767
10298,19620,0.00233
10299,19621,1.0
10300,18772,0.917323
10300,19622,0.082677
10301,19623,0.496063
10301,19599,0.503937
10302,19624,1.0
10303,19625,1.0
10304,18733,1.0
10305,18818,1.0
10306,19626,1.0
10307,19627,1.0
10308,19628,1.0
10309,19629,1.0
10310,19630,1.0
10311,19631,1.0
10312,19632,1.0
10313,19633,1.0
10314,19634,1.0
10315,19635,1.0
10316,19636,1.0
10317,19365,1.0
10318,19637,1.0
10319,19638,1.0
10320,19639,1.0
10321,19640,1.0
10322,19641,1.0
10323,19642,1.0
10324,19151,1.0
10325,19643,1.0
10326,19644,1.0
10327,19218,1.0
10328,19645,1.0
10329,19646,1.0
10330,19647,1.0
10331,18899,1.0
10332,19648,1.0
10333,18519,0.956044
10333,19649,0.043956
10334,19650,1.0
10335,19651,1.0
10336,19652,1.0
10337,19653,1.0
10338,18710,1.0
10339,19654,1.0
10340,19655,0.727273
10340,19656,0.272727
10341,19657,1.0
10342,19658,1.0
10343,19659,1.0
10344,19659,1.0
10345,19343,1.0
10346,18878,0.936709
10346,19660,0.063291
10347,18434,0.987013
10347,19661,0.012987
10348,19021,1.0
10349,18830,1.0
10350,19662,1.0
10351,18773,1.0
10352,19409,0.97076
10352,19663,0.02924
10353,19664,1.0
10354,18969,1.0
10355,19665,1.0
10356,19666,1.0
10357,19667,0.956522
10357,19668,0.043478
10358,19667,0.863636
10358,19669,0.136364
10359,19670,1.0
10360,19671,0.980392
10360,19672,0.019608
10361,19673,1.0
10362,19616,1.0
10363,19652,1.0
10364,19674,1.0
10365,19675,1.0
10366,19676,1.0
10367,19676,1.0
10368,19677,1.0
10369,19147,0.959184
10369,19678,0.040816
10370,19679,1.0
10371,19680,1.0
10372,19681,1.0
10373,19682,1.0
10374,19683,0.989583
10374,19684,0.010417
10375,19685,1.0
10376,18429,1.0
10377,19686,0.868421
10377,19687,0.131579
10378,19685,1.0
10379,19688,1.0
10380,19689,1.0
10381,19681,0.980583
10381,19690,0.019417
10382,19691,1.0
10383,19692,1.0
10384,19693,1.0
10385,19694,1.0
10386,19695,1.0
10387,19696,1.0
10388,19697,0.830156
10388,19698,0.169844
10389,19699,1.0
10390,19446,0.969072
10390,19700,0.030928
10391,19325,1.0
10392,19151,0.814815
10392,19701,0.185185
10393,19702,1.0
10394,19703,1.0
10395,19704,1.0
10396,19705,1.0
10397,19706,1.0
10398,19707,1.0
10399,19708,1.0
10400,19709,1.0
10401,19710,1.0
10402,19711,1.0
10403,19446,1.0
10404,19712,1.0
10405,19713,1.0
10406,19714,0.803571
10406,19715,0.196429
10407,19716,1.0
10408,19717,1.0
10409,19718,1.0
10410,19719,1.0
10411,19720,1.0
10412,19721,1.0
10413,19722,1.0
10414,19723,1.0
10415,19497,1.0
10416,19713,1.0
10417,19724,1.0
10418,19725,1.0
10419,19726,1.0
10420,19727,1.0
10421,19728,1.0
10422,19729,0.875
10422,19730,0.125
10423,19731,1.0
10424,19732,1.0
10425,19733,1.0
10426,19734,1.0
10427,19735,1.0
10428,19736,1.0
10429,19682,0.962264
10429,19737,0.037736
10430,19738,1.0
10431,19739,1.0
10432,19740,1.0
10433,19741,1.0
10434,19742,1.0
10435,19610,1.0
10436,19743,1.0
10437,19556,1.0
10438,19744,1.0
10439,19487,1.0
10440,19745,1.0
10441,19746,1.0
10442,19747,1.0
10443,19748,1.0
10444,18611,0.985915
10444,19749,0.014085
10445,19750,1.0
10446,19751,1.0
10447,19726,0.555556
10447,19752,0.444444
10448,18801,1.0
10449,19753,1.0
10450,19754,1.0
10451,19755,1.0
10452,19695,0.992
10452,19756,0.008
10453,19757,1.0
10454,19758,1.0
10455,19759,1.0
10456,19760,1.0
10457,19761,0.979798
10457,19762,0.020202
10458,19763,1.0
10459,19764,1.0
10460,19765,1.0
10461,19766,1.0
10462,19057,0.972222
10462,19767,0.027778
10463,19231,0.66879
10463,19768,0.33121
10464,19769,1.0
10465,19770,1.0
10466,19771,1.0
10467,19772,0.928571
10467,19773,0.071429
10468,19774,1.0
10469,19775,0.95122
10469,19776,0.04878
10470,19777,1.0
10471,19778,1.0
10472,19779,1.0
10473,19780,1.0
10474,19311,1.0
10475,19781,1.0
10476,19782,1.0
10477,19783,1.0
10478,19784,1.0
10479,19785,1.0
10480,19786,1.0
10481,19787,1.0
10482,19788,1.0
10483,19789,1.0
10484,19790,1.0
10485,19791,1.0
10486,19792,1.0
10487,19793,1.0
10488,19794,0.545455
10488,19795,0.454545
10489,19796,1.0
10490,19253,1.0
10491,19797,0.375
10491,19798,0.625
10492,19799,1.0
10493,19800,1.0
10494,19801,1.0
10495,19802,1.0
10496,18814,1.0
10497,19803,1.0
10498,19804,1.0
10499,18847,0.586207
10499,19805,0.413793
10500,19806,1.0
10501,19807,1.0
10502,18812,1.0
10503,18468,1.0
10504,19808,1.0
10505,18641,1.0
10506,19809,1.0
10507,18641,0.92
10507,19810,0.08
10508,19811,1.0
10509,19740,0.839416
10509,19812,0.160584
10510,19813,1.0
10511,19814,1.0
10512,19815,1.0
10513,19816,1.0
10514,19817,1.0
10515,19242,1.0
10516,19818,1.0
10517,19799,0.981651
10517,19819,0.018349
10518,19820,1.0
10519,19821,1.0
10520,18865,1.0
10521,19822,1.0
10522,19823,1.0
10523,19824,1.0
10524,19763,1.0
10525,19825,0.935484
10525,19826,0.064516
10526,19827,1.0
10527,19828,1.0
10528,19829,1.0
10529,19830,1.0
10530,19101,0.892857
10530,19831,0.107143
10531,19832,1.0
10532,19833,1.0
10533,19834,1.0
10534,19835,1.0
10535,19836,1.0
10536,19837,1.0
10537,19838,1.0
10538,19839,1.0
10539,19840,1.0
10540,19841,1.0
10541,19842,1.0
10542,19843,1.0
10543,19844,1.0
10544,19845,1.0
10545,19846,1.0
10546,19847,1.0
10547,19848,1.0
10548,19849,1.0
10549,19850,1.0
10550,19851,1.0
10551,19852,1.0
10552,19853,1.0
10553,19851,1.0
10554,19854,0.934783
10554,19855,0.065217
10555,19856,1.0
10556,19857,1.0
10557,19858,1.0
10558,19859,1.0
10559,19860,1.0
10560,19783,1.0
10561,19861,1.0
10562,19818,1.0
10563,19862,1.0
10564,19863,1.0
10565,19864,0.759259
10565,19815,0.240741
10566,18842,1.0
10567,19865,1.0
10568,19866,1.0
10569,19867,1.0
10570,19868,1.0
10571,19869,1.0
10572,19276,1.0
10573,19870,1.0
10574,19871,1.0
10575,19035,0.987097
10575,19872,0.012903
10576,19873,1.0
10577,19874,1.0
10578,19875,1.0
10579,18868,1.0
10580,19876,1.0
10581,19877,1.0
10582,19878,1.0
10583,19879,1.0
10584,19880,1.0
10585,19881,1.0
10586,19882,1.0
10587,19883,1.0
10588,19884,1.0
10589,19885,1.0
10590,19886,1.0
10591,19887,1.0
10592,19888,1.0
10593,19889,1.0
10594,19867,0.973333
10594,19890,0.026667
10595,19891,1.0
10596,18474,1.0
10597,19892,1.0
10598,19893,1.0
10599,19894,1.0
10600,19895,1.0
10601,19896,0.859922
10601,19897,0.140078
10602,19898,1.0
10603,19853,1.0
10604,19899,1.0
10605,19253,0.846154
10605,19900,0.153846
10606,19799,0.873418
10606,19901,0.126582
10607,19902,1.0
10608,19903,1.0
10609,19904,1.0
10610,19905,1.0
10611,19118,0.888889
10611,19906,0.111111
10612,19907,1.0
10613,19308,1.0
10614,19908,1.0
10615,19909,1.0
10616,19910,1.0
10617,19911,1.0
10618,19912,1.0
10619,19913,1.0
10620,19914,1.0
10621,18939,0.993827
10621,19915,0.006173
10622,19916,1.0
10623,19917,1.0
10624,19918,1.0
10625,18902,1.0
10626,19919,1.0
10627,19920,1.0
10628,19921,1.0
10629,19922,1.0
10630,19923,1.0
10631,19924,1.0
10632,19909,1.0
10633,19429,1.0
10634,19925,1.0
10635,19926,1.0
10636,19927,1.0
10637,18981,0.970588
10637,19928,0.029412
10638,19064,1.0
10639,19929,1.0
10640,19930,0.848837
10640,19931,0.151163
10641,19932,1.0
10642,19933,1.0
10643,19934,1.0
10644,19522,1.0
10645,19935,1.0
10646,19936,1.0
10647,19937,1.0
10648,19938,1.0
10649,19939,1.0
10650,19115,1.0
10651,19940,1.0
10652,18853,1.0
10653,19941,1.0
10654,19942,1.0
10655,19943,1.0
10656,19944,1.0
10657,19720,1.0
10658,19945,1.0
10659,19946,1.0
10660,19947,1.0
10661,19948,1.0
10662,19949,1.0
10663,19950,1.0
10664,19951,1.0
10665,19952,1.0
10666,19946,1.0
10667,19953,1.0
10668,19954,1.0
10669,19955,1.0
10670,19956,1.0
10671,19957,1.0
10672,19958,1.0
10673,19959,1.0
10674,19960,1.0
10675,19961,1.0
10676,19962,1.0
10677,19963,1.0
10678,19208,1.0
10679,19964,1.0
10680,19965,1.0
10681,19966,1.0
10682,19967,1.0
10683,19968,1.0
10684,19969,1.0
10685,19948,1.0
10686,19970,1.0
10687,19971,1.0
10688,19972,1.0
10689,19973,1.0
10690,19974,1.0
10691,19975,0.981061
10691,19976,0.018939
10692,19977,1.0
10693,19978,1.0
10694,19979,1.0
10695,19476,1.0
10696,19980,1.0
10697,19981,0.553191
10697,19982,0.446809
10698,19983,1.0
10699,19896,1.0
10700,19984,1.0
10701,19985,1.0
10702,19986,1.0
10703,19142,1.0
10704,19987,1.0
10705,19988,1.0
10706,19989,1.0
10707,19990,1.0
10708,19991,1.0
10709,19992,1.0
10710,19993,1.0
10711,19994,1.0
10712,19995,1.0
10713,19996,1.0
10714,19997,1.0
10715,19998,1.0
10716,19999,1.0
10717,19127,1.0
10718,20000,1.0
10719,19626,1.0
10720,20001,1.0
10721,20002,1.0
10722,20003,1.0
10723,20004,1.0
10724,20005,1.0
10725,20006,1.0
10726,19212,1.0
10727,20007,0.859375
10727,20008,0.140625
10728,20009,0.23913
10728,20010,0.76087
10729,20011,1.0
10730,20012,1.0
10731,20013,1.0
10732,20014,1.0
10733,20015,0.857143
10733,20016,0.142857
10734,20017,1.0
10735,20018,1.0
10736,20019,1.0
10737,20020,1.0
10738,20021,1.0
10739,20022,1.0
10740,20023,0.423077
10740,20024,0.576923
10741,20025,1.0
10742,19453,0.904762
10742,20026,0.095238
10743,20027,1.0
10744,20028,1.0
10745,20029,1.0
10746,20030,0.945455
10746,20031,0.054545
10747,20032,1.0
10748,20033,1.0
10749,20034,1.0
10750,20035,1.0
10751,20036,1.0
10752,20037,0.12
10752,20038,0.88
10753,20039,1.0
10754,20030,1.0
10755,20038,1.0
10756,20040,1.0
10757,19262,0.992462
10757,20041,0.007538
10758,20042,1.0
10759,20043,1.0
10760,20044,1.0
10761,20045,1.0
10762,20046,1.0
10763,20047,1.0
10764,20048,1.0
10765,20049,1.0
10766,20050,1.0
10767,20051,1.0
10768,20052,1.0
10769,20053,1.0
10770,20054,1.0
10771,20055,1.0
10772,20056,1.0
10773,19118,1.0
10774,19960,0.817073
10774,20057,0.182927
10775,20058,1.0
10776,20059,1.0
10777,20060,1.0
10778,20061,1.0
10779,20062,1.0
10780,20063,0.111111
10780,20064,0.888889
10781,18924,1.0
10782,20065,1.0
10783,19651,0.99
10783,20066,0.01
10784,20067,1.0
10785,20068,1.0
10786,20069,1.0
10787,20070,1.0
10788,20071,1.0
10789,20072,0.423729
10789,20070,0.576271
10790,20073,1.0
10791,20074,1.0
10792,19470,0.986301
10792,20075,0.013699
10793,20076,1.0
10794,20077,1.0
10795,18588,1.0
10796,20078,1.0
10797,20079,0.976
10797,20080,0.024
10798,20081,1.0
10799,20071,0.972222
10799,20082,0.027778
10800,19603,1.0
10801,20083,1.0
10802,20084,1.0
10803,20085,1.0
10804,20086,1.0
10805,19613,1.0
10806,20067,0.923077
10806,20087,0.076923
10807,19987,0.974026
10807,20088,0.025974
10808,20089,1.0
10809,18997,1.0
10810,20090,1.0
10811,20091,1.0
10812,20092,1.0
10813,19340,1.0
10814,20093,0.953125
10814,20094,0.046875
10815,20095,0.75
10815,20096,0.25
10816,20097,1.0
10817,19211,0.68254
10817,20098,0.31746
10818,20099,1.0
10819,20100,1.0
10820,20101,1.0
10821,20102,1.0
10822,20103,1.0
10823,19211,1.0
10824,20104,1.0
10825,20105,1.0
10826,20064,1.0
10827,20106,1.0
10828,19190,0.931034
10828,20107,0.068966
10829,20108,1.0
10830,20109,1.0
10831,20110,1.0
10832,20111,0.861702
10832,20112,0.138298
10833,20113,1.0
10834,20114,1.0
10835,19694,1.0
10836,20115,1.0
10837,20116,1.0
10838,20117,1.0
10839,18958,1.0
10840,20118,1.0
10841,20119,1.0
10842,20120,1.0
10843,20121,1.0
10844,20122,1.0
10845,20123,1.0
10846,19782,1.0
10847,20124,1.0
10848,20125,1.0
10849,20126,1.0
10850,20127,1.0
10851,19995,1.0
10852,20128,1.0
10853,19327,0.867257
10853,20129,0.132743
10854,20130,1.0
10855,18681,0.98895
10855,20131,0.01105
10856,20132,1.0
10857,19551,1.0
10858,20133,1.0
10859,20134,1.0
10860,20135,1.0
10861,20136,1.0
10862,20137,0.357143
10862,19657,0.642857
10863,20076,0.189655
10863,20138,0.810345
10864,20139,1.0
10865,18851,1.0
10866,20140,1.0
10867,20141,1.0
10868,19638,1.0
10869,19173,0.92517
10869,20142,0.07483
10870,20090,1.0
10871,20143,1.0
10872,20144,1.0
10873,20145,1.0
10874,20146,1.0
10875,20147,1.0
10876,20148,1.0
10877,20149,1.0
10878,20150,1.0
10879,20151,1.0
10880,19686,1.0
10881,18625,1.0
10882,20152,1.0
10883,18563,1.0
10884,18965,0.592105
10884,20153,0.407895
10885,20154,1.0
10886,20155,1.0
10887,19004,1.0
10888,20156,1.0
10889,20157,1.0
10890,20158,1.0
10891,20159,1.0
10892,20160,1.0
10893,20161,1.0
10894,20162,1.0
10895,20163,0.896552
10895,20164,0.103448
10896,20165,1.0
10897,20166,1.0
10898,20167,1.0
10899,18532,1.0
10900,20168,1.0
10901,19835,1.0
10902,20169,1.0
10903,20170,1.0
10904,18759,1.0
10905,20171,1.0
10906,20172,1.0
10907,18656,1.0
10908,18615,0.568627
10908,20173,0.431373
10909,20174,1.0
10910,20175,1.0
10911,20176,1.0
10912,20177,1.0
10913,19144,0.773585
10913,20178,0.226415
10914,18915,1.0
10915,20179,0.960784
10915,20180,0.039216
10916,20172,1.0
10917,20181,1.0
10918,20182,1.0
10919,19135,1.0
10920,20177,1.0
10921,20183,1.0
10922,19614,1.0
10923,20184,1.0
10924,20185,1.0
10925,18603,0.771429
10925,20186,0.228571
10926,20185,1.0
10927,20187,1.0
10928,20188,1.0
10929,20189,1.0
10930,20190,1.0
10931,20191,0.984127
10931,20192,0.015873
10932,20193,1.0
10933,19977,1.0
10934,20194,1.0
10935,20195,1.0
10936,20196,0.540541
10936,20197,0.459459
10937,20198,1.0
10938,20199,1.0
10939,20200,1.0
10940,20201,1.0
10941,19691,0.911765
10941,20202,0.088235
10942,20203,1.0
10943,20204,1.0
10944,20205,1.0
10945,20206,1.0
10946,18924,1.0
10947,20207,1.0
10948,20208,1.0
10949,20209,1.0
10950,20210,1.0
10951,20211,1.0
10952,20212,1.0
10953,20213,1.0
10954,20214,1.0
10955,19875,1.0
10956,18638,0.861111
10956,20215,0.138889
10957,20216,1.0
10958,20217,0.945946
10958,20218,0.054054
10959,20219,1.0
10960,20220,1.0
10961,19125,0.911392
10961,20221,0.088608
10962,19975,1.0
10963,20222,1.0
10964,20223,1.0
10965,20224,1.0
10966,20225,1.0
10967,19165,1.0
10968,20226,1.0
10969,20227,0.96875
10969,20228,0.03125
10970,20229,1.0
10971,20230,1.0
10972,20231,1.0
10973,20201,1.0
10974,20232,1.0
10975,20233,1.0
10976,19439,1.0
10977,19891,1.0
10978,18786,0.979339
10978,20234,0.020661
10979,18835,1.0
10980,20235,1.0
10981,19158,1.0
10982,20236,0.984424
10982,20237,0.015576
10983,20238,1.0
10984,20239,1.0
10985,18901,1.0
10986,20240,1.0
10987,18555,0.983471
10987,20241,0.016529
10988,19535,0.988662
10988,20242,0.011338
10989,20243,1.0
10990,20244,1.0
10991,18808,1.0
10992,20245,1.0
10993,20246,1.0
10994,20247,1.0
10995,20248,1.0
10996,20249,1.0
10997,20250,1.0
10998,20251,1.0
10999,20252,1.0
11000,20253,1.0
11001,20223,1.0
11002,20254,1.0
11003,19548,0.771845
11003,20255,0.228155
11004,18596,0.626087
11004,20256,0.373913
11005,20257,1.0
11006,20258,1.0
11007,20259,1.0
11008,20260,1.0
11009,20261,1.0
11010,20262,1.0
11011,20013,1.0
11012,20263,0.651163
11012,20264,0.348837
11013,20265,1.0
11014,20266,1.0
11015,20267,1.0
11016,19808,1.0
11017,20268,1.0
11018,20269,1.0
11019,20270,1.0
11020,20271,1.0
11021,20272,1.0
11022,18953,1.0
11023,20273,1.0
11024,20274,1.0
11025,19830,0.933333
11025,20275,0.066667
11026,20276,1.0
11027,20277,1.0
11028,19631,0.55303
11028,20278,0.44697
11029,20279,0.948718
11029,20280,0.051282
11030,19465,0.88
11030,20281,0.12
11031,20282,1.0
11032,18400,1.0
11033,20283,1.0
11034,20284,1.0
11035,20285,1.0
11036,19594,1.0
11037,20286,1.0
11038,20287,1.0
11039,20288,1.0
11040,20289,1.0
11041,20290,1.0
11042,18571,1.0
11043,20291,1.0
11044,20292,1.0
11045,20293,1.0
11046,20294,1.0
11047,20295,1.0
11048,20296,1.0
11049,20163,1.0
11050,20297,1.0
11051,18519,1.0
11052,20298,0.666667
11052,20299,0.333333
11053,20300,1.0
11054,20301,1.0
11055,20302,1.0
11056,20303,1.0
11057,20304,1.0
11058,20305,1.0
11059,20306,1.0
11060,20163,0.833333
11060,20307,0.166667
11061,20308,1.0
11062,20309,1.0
11063,18705,1.0
11064,20310,1.0
11065,20311,1.0
11066,20312,1.0
11067,18814,0.902439
11067,20313,0.097561
11068,20314,1.0
11069,20315,1.0
11070,20316,1.0
11071,20317,1.0
11072,19358,1.0
11073,20318,1.0
11074,20319,1.0
11075,20320,1.0
11076,20321,1.0
11077,20143,1.0
11078,20322,1.0
11079,20323,1.0
11080,20324,1.0
11081,20325,1.0
11082,20326,1.0
11083,20136,1.0
11084,20327,1.0
11085,19893,0.985401
11085,20328,0.014599
11086,20329,1.0
11087,19118,1.0
11088,20330,1.0
11089,19231,0.897436
11089,20331,0.102564
11090,20332,1.0
11091,20333,1.0
11092,20334,1.0
11093,20335,1.0
11094,20336,1.0
11095,20337,1.0
11096,20338,1.0
11097,20339,1.0
11098,20340,1.0
11099,18615,0.894737
11099,20341,0.105263
11100,20342,1.0
11101,20343,1.0
11102,20344,0.076923
11102,20345,0.923077
11103,20346,1.0
11104,19212,0.920635
11104,20347,0.079365
11105,20348,1.0
11106,20349,1.0
11107,20350,1.0
11108,20351,1.0
11109,18845,1.0
11110,20352,1.0
11111,20353,1.0
11112,20354,0.133333
11112,20355,0.866667
11113,20351,1.0
11114,20356,1.0
11115,20357,1.0
11116,20358,1.0
11117,20359,1.0
11118,20360,1.0
11119,20361,1.0
11120,20362,1.0
11121,20363,1.0
11122,20364,1.0
11123,20365,1.0
11124,20366,1.0
11125,20367,1.0
11126,19186,1.0
11127,18456,0.291667
11127,20368,0.708333
11128,20369,1.0
11129,20370,1.0
11130,20371,1.0
11131,20372,1.0
11132,19405,1.0
11133,20373,1.0
11134,20374,1.0
11135,20093,1.0
11136,20375,1.0
11137,20376,1.0
11138,20377,1.0
11139,20378,1.0
11140,20379,1.0
11141,20380,1.0
11142,20381,1.0
11143,20382,0.916667
11143,20383,0.083333
11144,20384,1.0
11145,20385,1.0
11146,18629,1.0
11147,20386,1.0
11148,20387,0.8
11148,20388,0.2
11149,20389,1.0
11150,20390,1.0
11151,20391,1.0
11152,20392,1.0
11153,20393,0.971429
11153,20394,0.028571
11154,20395,1.0
11155,20396,0.864407
11155,20397,0.135593
11156,20398,1.0
11157,20399,1.0
11158,20400,1.0
11159,20401,1.0
11160,20402,1.0
11161,20403,1.0
11162,20404,1.0
11163,20405,1.0
11164,20406,1.0
11165,19971,1.0
11166,20407,1.0
11167,20408,1.0
11168,19407,0.982301
11168,20409,0.017699
11169,20393,1.0
11170,20410,1.0
11171,18656,1.0
11172,18996,1.0
11173,20411,1.0
11174,20412,1.0
11175,20413,1.0
11176,20414,1.0
11177,19748,1.0
11178,20415,1.0
11179,20416,1.0
11180,18478,1.0
11181,20417,1.0
11182,20418,1.0
11183,20419,1.0
11184,20420,1.0
11185,20421,1.0
11186,19637,1.0
11187,19154,1.0
11188,20422,1.0
11189,20423,1.0
11190,20424,1.0
11191,20425,1.0
11192,18556,1.0
11193,20426,1.0
11194,20427,1.0
11195,18439,1.0
11196,19695,0.847134
11196,20428,0.152866
11197,20429,1.0
11198,18458,1.0
11199,18628,1.0
11200,20430,1.0
11201,20431,1.0
11202,19205,1.0
11203,20432,1.0
11204,20433,1.0
11205,20434,1.0
11206,20435,1.0
11207,20085,1.0
11208,20436,0.752066
11208,20437,0.247934
11209,20438,1.0
11210,20439,1.0
11211,20440,1.0
11212,20441,1.0
11213,20442,1.0
11214,20443,1.0
11215,20444,1.0
11216,20443,1.0
11217,20445,1.0
11218,20446,1.0
11219,20447,1.0
11220,20448,1.0
11221,20449,1.0
11222,20092,1.0
11223,20450,1.0
11224,20451,1.0
11225,20452,1.0
11226,20046,1.0
11227,20453,1.0
11228,20454,1.0
11229,20455,1.0
11230,18718,0.975904
11230,20456,0.024096
11231,20457,0.96
11231,20458,0.04
11232,20459,1.0
11233,20460,1.0
11234,20440,1.0
11235,20461,1.0
11236,19626,0.965686
11236,20462,0.034314
11237,18992,1.0
11238,20463,1.0
11239,20464,1.0
11240,20465,1.0
11241,20466,1.0
11242,20229,1.0
11243,20467,1.0
11244,20468,1.0
11245,20469,1.0
11246,19675,1.0
11247,20470,1.0
11248,20464,1.0
11249,20471,1.0
11250,20472,1.0
11251,20473,1.0
11252,20474,1.0
11253,18647,1.0
11254,20453,0.84
11254,20475,0.16
11255,20117,1.0
11256,20476,1.0
11257,20476,1.0
11258,19664,1.0
11259,20477,1.0
11260,20478,1.0
11261,19271,1.0
11262,20479,1.0
11263,20480,1.0
11264,20481,1.0
11265,20482,1.0
11266,19943,1.0
11267,19293,0.84375
11267,20483,0.15625
11268,20484,1.0
11269,20485,1.0
11270,20486,1.0
11271,20487,1.0
11272,20488,1.0
11273,20489,1.0
11274,20490,0.9375
11274,20491,0.0625
11275,20492,1.0
11276,20493,1.0
11277,20494,1.0
11278,20495,1.0
11279,20496,1.0
11280,19984,1.0
11281,19825,1.0
11282,20497,1.0
11283,19453,1.0
11284,20498,1.0
11285,20499,1.0
11286,20500,1.0
11287,20501,0.8
11287,20502,0.2
11288,20503,1.0
11289,20504,1.0
11290,20505,1.0
11291,20506,0.953488
11291,20507,0.046512
11292,20508,1.0
11293,20509,1.0
11294,20510,1.0
11295,20511,1.0
11296,20512,1.0
11297,20513,1.0
11298,19453,1.0
11299,20514,0.48
11299,20515,0.52
11300,20516,1.0
11301,19673,1.0
11302,20517,1.0
11303,20518,1.0
11304,20519,1.0
11305,20520,1.0
11306,20521,1.0
11307,20522,1.0
11308,20523,1.0
11309,20524,1.0
11310,20525,1.0
11311,20457,1.0
11312,20526,1.0
11313,20110,1.0
11314,20527,1.0
11315,20528,1.0
11316,19667,1.0
11317,20529,1.0
11318,20530,0.735294
11318,20531,0.264706
11319,20532,0.98
11319,20533,0.02
11320,19671,1.0
11321,20534,1.0
11322,20535,1.0
11323,20536,1.0
11324,20537,1.0
11325,18499,1.0
11326,20538,1.0
11327,20539,1.0
11328,20540,0.170732
11328,20519,0.829268
11329,20541,1.0
11330,20542,1.0
11331,20543,1.0
11332,20544,1.0
11333,20420,1.0
11334,20545,1.0
11335,20546,0.724771
11335,19886,0.275229
11336,19986,1.0
11337,20547,1.0
11338,20548,1.0
11339,20549,1.0
11340,20550,1.0
11341,20551,1.0
11342,20161,0.340426
11342,20552,0.659574
11343,20553,1.0
11344,20554,1.0
11345,19468,0.830189
11345,20555,0.169811
11346,20556,1.0
11347,19489,1.0
11348,20557,1.0
11349,20558,1.0
11350,20559,1.0
11351,20560,1.0
11352,20561,1.0
11353,20559,0.930233
11353,20562,0.069767
11354,20563,1.0
11355,20564,1.0
11356,20565,1.0
11357,19975,0.832061
11357,20566,0.167939
11358,20567,1.0
11359,20568,0.326923
11359,18680,0.673077
11360,19600,0.84375
11360,20569,0.15625
11361,19994,0.875
11361,20570,0.125
11362,20571,1.0
11363,20572,1.0
11364,18541,1.0
11365,20573,1.0
11366,19973,1.0
11367,18866,0.989562
11367,20574,0.010438
11368,20575,1.0
11369,20576,1.0
11370,20577,1.0
11371,20578,1.0
11372,20571,0.866667
11372,20579,0.133333
11373,20580,1.0
11374,20581,1.0
11375,20582,1.0
11376,20583,1.0
11377,18792,1.0
11378,20584,1.0
11379,20585,1.0
11380,20586,1.0
11381,20587,0.2
11381,19941,0.8
11382,19957,0.975309
11382,20588,0.024691
11383,19112,1.0
11384,20589,1.0
11385,20590,1.0
11386,19273,1.0
11387,20591,1.0
11388,20499,0.934579
11388,20592,0.065421
11389,20593,1.0
11390,20594,1.0
11391,20280,1.0
11392,20595,1.0
11393,20529,1.0
11394,20596,0.948718
11394,20597,0.051282
11395,20598,0.454545
11395,20599,0.545455
11396,20600,0.933333
11396,20601,0.066667
11397,20132,1.0
11398,20602,1.0
11399,20457,1.0
11400,20603,1.0
11401,20604,1.0
11402,20605,1.0
11403,20606,1.0
11404,20603,1.0
11405,20607,1.0
11406,20608,1.0
11407,20609,1.0
11408,20610,1.0
11409,20608,1.0
11410,20359,1.0
11411,20611,1.0
11412,20612,1.0
11413,20613,1.0
11414,19329,1.0
11415,20614,1.0
11416,20615,1.0
11417,20616,1.0
11418,20617,1.0
11419,20618,1.0
11420,20619,1.0
11421,19631,0.933333
11421,20620,0.066667
11422,19642,1.0
11423,20621,1.0
11424,20622,1.0
11425,19279,1.0
11426,20623,0.659091
11426,19537,0.340909
11427,20624,1.0
11428,20625,1.0
11429,20626,1.0
11430,20627,1.0
11431,20628,1.0
11432,20629,0.15
11432,20630,0.85
11433,18396,1.0
11434,20631,1.0
11435,20632,1.0
11436,20633,1.0
11437,20634,1.0
11438,19642,1.0
11439,20635,1.0
11440,20636,1.0
11441,20637,1.0
11442,20638,1.0
11443,19577,1.0
11444,20639,1.0
11445,20640,1.0
11446,19903,0.960526
11446,20641,0.039474
11447,20639,0.821429
11447,20642,0.178571
11448,20643,1.0
11449,19309,0.949239
11449,20644,0.050761
11450,20645,1.0
11451,20646,1.0
11452,20647,1.0
11453,20648,0.6875
11453,20649,0.3125
11454,20650,1.0
11455,20651,0.181818
11455,18818,0.818182
11456,20652,1.0
11457,20653,1.0
11458,20654,1.0
11459,20655,1.0
11460,19751,1.0
11461,20656,1.0
11462,19361,1.0
11463,20657,1.0
11464,20658,1.0
11465,20659,1.0
11466,20660,1.0
11467,20346,0.948718
11467,20661,0.051282
11468,20662,1.0
11469,20663,1.0
11470,18923,1.0
11471,20664,1.0
11472,20665,1.0
11473,20666,1.0
11474,19646,1.0
11475,20667,1.0
11476,20668,1.0
11477,19276,0.089888
11477,20669,0.910112
11478,20670,1.0
11479,20671,0.285714
11479,20672,0.714286
11480,20673,1.0
11481,20674,1.0
11482,19358,0.952381
11482,20675,0.047619
11483,20676,1.0
11484,20672,1.0
11485,20677,1.0
11486,20678,0.826087
11486,20673,0.173913
11487,20670,1.0
11488,20152,1.0
11489,19347,1.0
11490,18900,1.0
11491,18398,0.95053
11491,20679,0.04947
11492,20680,0.578947
11492,20681,0.421053
11493,20682,1.0
11494,20683,1.0
11495,20684,1.0
11496,20685,1.0
11497,20686,1.0
11498,20155,1.0
11499,18953,0.955556
11499,20687,0.044444
11500,20111,1.0
11501,20688,1.0
11502,20689,1.0
11503,20690,1.0
11504,20691,0.95
11504,20692,0.05
11505,20693,1.0
11506,20694,1.0
11507,20528,1.0
11508,20695,0.62931
11508,20696,0.37069
11509,18873,1.0
11510,20697,1.0
11511,20698,1.0
11512,20699,1.0
11513,20487,1.0
11514,19363,1.0
11515,20700,1.0
11516,20701,1.0
11517,20702,1.0
11518,20703,1.0
11519,20704,0.971014
11519,18539,0.028986
11520,20705,1.0
11521,20706,1.0
11522,19075,0.930769
11522,20707,0.069231
11523,20708,0.614035
11523,19921,0.385965
11524,18623,1.0
11525,20517,1.0
11526,20709,1.0
11527,20710,1.0
11528,19824,0.98
11528,20711,0.02
11529,20712,1.0
11530,19226,1.0
11531,20682,1.0
11532,20713,1.0
11533,20714,1.0
11534,20715,1.0
11535,20716,0.316614
11535,19960,0.683386
11536,20717,1.0
11537,20718,1.0
11538,19038,1.0
11539,19736,0.826087
11539,20719,0.173913
11540,20720,1.0
11541,20685,1.0
11542,20721,1.0
11543,20722,1.0
11544,19042,1.0
11545,20723,1.0
11546,20724,0.9
11546,20725,0.1
11547,20724,1.0
11548,20726,1.0
11549,20727,1.0
11550,19733,1.0
11551,18691,0.71875
11551,20728,0.28125
11552,20729,1.0
11553,20730,1.0
11554,20731,1.0
11555,20732,1.0
11556,19930,0.975904
11556,20733,0.024096
11557,20734,1.0
11558,20735,1.0
11559,20736,1.0
11560,20737,1.0
11561,19665,1.0
11562,19366,1.0
11563,20738,0.482143
11563,18878,0.517857
11564,20739,1.0
11565,20740,1.0
11566,18768,1.0
11567,20741,1.0
11568,20742,1.0
11569,20743,1.0
11570,19336,1.0
11571,18652,0.865385
11571,20744,0.134615
11572,20500,1.0
11573,19911,0.75
11573,20745,0.25
11574,20746,1.0
11575,20747,1.0
11576,20748,1.0
11577,20749,1.0
11578,20750,1.0
11579,18812,1.0
11580,20751,1.0
11581,18471,1.0
11582,20752,1.0
11583,20753,0.692308
11583,20754,0.307692
11584,20755,1.0
11585,20756,1.0
11586,20757,1.0
11587,20758,0.228225
11587,18795,0.771775
11588,20759,1.0
11589,20760,1.0
11590,18691,1.0
11591,20761,1.0
11592,20762,1.0
11593,20049,1.0
11594,20763,1.0
11595,20764,1.0
11596,20765,1.0
11597,18897,1.0
11598,20766,1.0
11599,20767,1.0
11600,20768,1.0
11601,20769,1.0
11602,20770,0.953488
11602,20771,0.046512
11603,18892,0.939024
11603,20772,0.060976
11604,19534,1.0
11605,20773,1.0
11606,20774,1.0
11607,20775,1.0
11608,20776,1.0
11609,20777,1.0
11610,20778,1.0
11611,20779,0.583333
11611,20305,0.416667
11612,20780,1.0
11613,20781,1.0
11614,20782,1.0
11615,20783,1.0
11616,20782,1.0
11617,20784,1.0
11618,20785,1.0
11619,19424,1.0
11620,19033,1.0
11621,20786,1.0
11622,20787,1.0
11623,20788,1.0
11624,20783,1.0
11625,20789,1.0
11626,20790,1.0
11627,19397,1.0
11628,20791,1.0
11629,20792,1.0
11630,20793,1.0
11631,20794,1.0
11632,20795,1.0
11633,18668,0.970588
11633,20796,0.029412
11634,20797,0.636364
11634,20798,0.363636
11635,20799,1.0
11636,20800,1.0
11637,20800,0.888889
11637,20801,0.111111
11638,18773,1.0
11639,20802,1.0
11640,20803,1.0
11641,20804,1.0
11642,20805,1.0
11643,20806,1.0
11644,20807,1.0
11645,20808,1.0
11646,19336,1.0
11647,20809,1.0
11648,20810,1.0
11649,20811,1.0
11650,20812,1.0
11651,20014,1.0
11652,20813,1.0
11653,20814,1.0
11654,20815,1.0
11655,20816,1.0
11656,20813,1.0
11657,20817,1.0
11658,20818,1.0
11659,20819,1.0
11660,20699,1.0
11661,20820,1.0
11662,20039,1.0
11663,18707,1.0
11664,18906,0.913043
11664,20821,0.086957
11665,20822,1.0
11666,20823,1.0
11667,20824,1.0
11668,20825,1.0
11669,20775,1.0
11670,20826,1.0
11671,20827,1.0
11672,20828,1.0
11673,20829,1.0
11674,20830,1.0
11675,20831,0.936047
11675,20832,0.063953
11676,20396,1.0
11677,20833,1.0
11678,20834,1.0
11679,20835,1.0
11680,18895,1.0
11681,20836,1.0
11682,20837,1.0
11683,20838,1.0
11684,18930,0.92
11684,20839,0.08
11685,20840,1.0
11686,20841,1.0
11687,20842,0.761905
11687,20843,0.238095
11688,20844,0.517241
11688,20845,0.482759
11689,20846,1.0
11690,20847,0.45679
11690,20842,0.54321
11691,20842,1.0
11692,20848,1.0
11693,20849,1.0
11694,20850,1.0
11695,20851,1.0
11696,19255,1.0
11697,20852,1.0
11698,20392,0.842105
11698,20853,0.157895
11699,20392,0.923077
11699,20854,0.076923
11700,20855,1.0
11701,20856,1.0
11702,20857,1.0
11703,20858,1.0
11704,18581,1.0
11705,20859,1.0
11706,20860,0.263158
11706,19516,0.736842
11707,20861,1.0
11708,18858,0.911111
11708,20862,0.088889
11709,20863,1.0
11710,20864,1.0
11711,20865,1.0
11712,19017,1.0
11713,20866,1.0
11714,20867,1.0
11715,20868,1.0
11716,20869,1.0
11717,19830,0.392857
11717,20870,0.607143
11718,20871,0.909091
11718,20872,0.090909
11719,19816,1.0
11720,20873,1.0
11721,20734,0.980198
11721,20874,0.019802
11722,18493,0.863636
11722,20875,0.136364
11723,20876,0.756757
11723,20653,0.243243
11724,20877,1.0
11725,20878,1.0
11726,19702,0.991935
11726,20879,0.008065
11727,20880,1.0
11728,20881,1.0
11729,20882,1.0
11730,20883,1.0
11731,20884,1.0
11732,20885,1.0
11733,20886,1.0
11734,20887,1.0
11735,20888,1.0
11736,20889,1.0
11737,20890,1.0
11738,20891,1.0
11739,20892,1.0
11740,20893,1.0
11741,20894,1.0
11742,20895,1.0
11743,20896,0.940299
11743,20897,0.059701
11744,20898,1.0
11745,20899,0.727273
11745,20900,0.272727
11746,20901,1.0
11747,20902,1.0
11748,20903,1.0
11749,20904,1.0
11750,20905,1.0
11751,20626,1.0
11752,20906,0.166667
11752,20907,0.833333
11753,20532,1.0
11754,20908,1.0
11755,20909,1.0
11756,20910,1.0
11757,20911,0.75
11757,20912,0.25
11758,20913,1.0
11759,20914,0.73913
11759,20915,0.26087
11760,20916,0.642857
11760,20917,0.357143
11761,20918,1.0
11762,20919,1.0
11763,20920,1.0
11764,20921,1.0
11765,20922,1.0
11766,20615,1.0
11767,20923,1.0
11768,20924,1.0
11769,20925,1.0
11770,19259,0.938776
11770,20926,0.061224
11771,20927,1.0
11772,20928,1.0
11773,20929,1.0
11774,20930,1.0
11775,20931,1.0
11776,20932,1.0
11777,19983,0.875
11777,20933,0.125
11778,19376,0.914894
11778,20934,0.085106
11779,20935,0.2
11779,20936,0.8
11780,20937,1.0
11781,20609,0.8
11781,20938,0.2
11782,20146,1.0
11783,20904,1.0
11784,20939,1.0
11785,20940,1.0
11786,20941,1.0
11787,20942,1.0
11788,20943,1.0
11789,20944,1.0
11790,20945,1.0
11791,20060,1.0
11792,20946,1.0
11793,20947,1.0
11794,20948,1.0
11795,20949,1.0
11796,20950,1.0
11797,20951,0.755102
11797,20952,0.244898
11798,20901,1.0
11799,19886,0.828571
11799,20953,0.171429
11800,20954,1.0
11801,20955,1.0
11802,20956,1.0
11803,18806,1.0
11804,20957,1.0
11805,20958,1.0
11806,19930,1.0
11807,18648,0.851852
11807,20959,0.148148
11808,20960,0.363636
11808,19542,0.636364
11809,20961,1.0
11810,20962,1.0
11811,19966,0.958333
11811,20963,0.041667
11812,20964,1.0
11813,18716,1.0
11814,20957,0.795031
11814,19681,0.204969
11815,20965,1.0
11816,20966,1.0
11817,20967,1.0
11818,20968,1.0
11819,19896,1.0
11820,20969,1.0
11821,20970,0.8
11821,20971,0.2
11822,20972,1.0
11823,20973,1.0
11824,18812,0.859813
11824,20974,0.140187
11825,19075,0.978495
11825,20975,0.021505
11826,20976,1.0
11827,20977,1.0
11828,20978,1.0
11829,20541,1.0
11830,20979,1.0
11831,20980,1.0
11832,20981,1.0
11833,20982,1.0
11834,20983,1.0
11835,20984,1.0
11836,20985,1.0
11837,20528,1.0
11838,20986,1.0
11839,20987,1.0
11840,20988,1.0
11841,20987,0.75
11841,20989,0.25
11842,20990,1.0
11843,20991,1.0
11844,20992,1.0
11845,19723,1.0
11846,20993,1.0
11847,20994,1.0
11848,20995,1.0
11849,20996,1.0
11850,20997,1.0
11851,20997,1.0
11852,20998,1.0
11853,20999,1.0
11854,21000,1.0
11855,21001,1.0
11856,21002,1.0
11857,21003,1.0
11858,21004,1.0
11859,21005,0.258621
11859,21004,0.741379
11860,21006,1.0
11861,21007,1.0
11862,21008,1.0
11863,21009,1.0
11864,21010,1.0
11865,21011,1.0
11866,19115,0.695652
11866,21012,0.304348
11867,21013,1.0
11868,21014,1.0
11869,21015,1.0
11870,21016,1.0
11871,21017,1.0
11872,21018,1.0
11873,19891,1.0
11874,21019,1.0
11875,21020,1.0
11876,21021,1.0
11877,21022,1.0
11878,18400,1.0
11879,18657,1.0
11880,21023,1.0
11881,21024,1.0
11882,18773,0.976471
11882,21025,0.023529
11883,21026,1.0
11884,21027,1.0
11885,21028,1.0
11886,21029,1.0
11887,21030,1.0
11888,18446,1.0
11889,21031,1.0
11890,19848,1.0
11891,21032,0.6
11891,21033,0.4
11892,21034,1.0
11893,21035,1.0
11894,21036,1.0
11895,20553,1.0
11896,21037,1.0
11897,18634,1.0
11898,21038,1.0
11899,21039,1.0
11900,21040,1.0
11901,21041,1.0
11902,21042,1.0
11903,21043,1.0
11904,19612,1.0
11905,20269,1.0
11906,21044,1.0
11907,21045,1.0
11908,21035,1.0
11909,21046,1.0
11910,21047,1.0
11911,21048,0.959184
11911,21049,0.040816
11912,21050,1.0
11913,21051,1.0
11914,21052,1.0
11915,21053,1.0
11916,21054,1.0
11917,21055,1.0
11918,21056,1.0
11919,21057,1.0
11920,21058,1.0
11921,21059,1.0
11922,21060,1.0
11923,18781,0.985222
11923,21061,0.014778
11924,18640,1.0
11925,21062,1.0
11926,21063,1.0
11927,21064,1.0
11928,19675,1.0
11929,21065,1.0
11930,21066,1.0
11931,18974,1.0
11932,21067,1.0
11933,21068,1.0
11934,21069,1.0
11935,21070,1.0
11936,21071,1.0
11937,21072,1.0
11938,21073,1.0
11939,21074,0.84
11939,21075,0.16
11940,21076,0.903226
11940,21077,0.096774
11941,21078,1.0
11942,21079,1.0
11943,21080,1.0
11944,21081,1.0
11945,21082,1.0
11946,19985,1.0
11947,21083,1.0
11948,21084,0.916667
11948,21085,0.083333
11949,21086,1.0
11950,21087,0.967742
11950,21088,0.032258
11951,21089,1.0
11952,19639,1.0
11953,21090,1.0
11954,21091,1.0
11955,21092,1.0
11956,21093,1.0
11957,21094,1.0
11958,21095,1.0
11959,21074,1.0
11960,21096,1.0
11961,21097,1.0
11962,21098,1.0
11963,21099,1.0
11964,21100,1.0
11965,21101,1.0
11966,21102,1.0
11967,20079,1.0
11968,21103,1.0
11969,21104,1.0
11970,21105,1.0
11971,21106,1.0
11972,21107,1.0
11973,21108,1.0
11974,21109,1.0
11975,20607,1.0
11976,21110,0.918919
11976,21111,0.081081
11977,19490,1.0
11978,21112,1.0
11979,21113,1.0
11980,21114,1.0
11981,21115,1.0
11982,21116,1.0
11983,21117,1.0
11984,21118,1.0
11985,20720,1.0
11986,21119,0.685039
11986,19200,0.314961
11987,18513,0.913793
11987,21120,0.086207
11988,18417,1.0
11989,21121,0.226891
11989,21122,0.773109
11990,21123,1.0
11991,21124,1.0
11992,21125,1.0
11993,19736,1.0
11994,20647,1.0
11995,21126,0.8
11995,21127,0.2
11996,21128,1.0
11997,21129,1.0
11998,21130,1.0
11999,21131,1.0
12000,18723,1.0
12001,21114,1.0
12002,21132,1.0
12003,21133,1.0
12004,21134,1.0
12005,21135,1.0
12006,21136,1.0
12007,21137,1.0
12008,21138,1.0
12009,21139,1.0
12010,19666,0.818182
12010,21140,0.181818
12011,21141,1.0
12012,21142,0.87234
12012,21143,0.12766
12013,21144,1.0
12014,21145,1.0
12015,20490,1.0
12016,21146,1.0
12017,21147,1.0
12018,21148,1.0
12019,21149,1.0
12020,21150,1.0
12021,19481,1.0
12022,21142,1.0
12023,21151,1.0
12024,21152,1.0
12025,21153,1.0
12026,21154,0.241379
12026,21149,0.758621
12027,21155,1.0
12028,21149,0.589744
12028,21156,0.410256
12029,21157,1.0
12030,21149,1.0
12031,21158,1.0
12032,18780,1.0
12033,21159,1.0
12034,21160,1.0
12035,19786,0.872727
12035,21161,0.127273
12036,21162,1.0
12037,21163,1.0
12038,20200,1.0
12039,19918,1.0
12040,20310,1.0
12041,21164,1.0
12042,20467,1.0
12043,21165,1.0
12044,21166,1.0
12045,21074,0.705882
12045,21167,0.294118
12046,19975,1.0
12047,21168,0.802198
12047,19144,0.197802
12048,21169,1.0
12049,21170,1.0
12050,21171,0.787879
12050,21172,0.212121
12051,21173,1.0
12052,20191,1.0
12053,21171,1.0
12054,19209,1.0
12055,21174,1.0
12056,21175,1.0
12057,21176,1.0
12058,21177,1.0
12059,18770,1.0
12060,21178,1.0
12061,21179,1.0
12062,21145,0.929825
12062,21180,0.070175
12063,21181,1.0
12064,21182,1.0
12065,21183,1.0
12066,21184,1.0
12067,21185,1.0
12068,21186,1.0
12069,19037,1.0
12070,21187,1.0
12071,21188,1.0
12072,21189,1.0
12073,21190,1.0
12074,19657,0.931034
12074,21191,0.068966
12075,21192,1.0
12076,21193,1.0
12077,21194,1.0
12078,21195,1.0
12079,18615,1.0
12080,21196,0.714286
12080,21197,0.285714
12081,21198,1.0
12082,21199,1.0
12083,21200,1.0
12084,19842,1.0
12085,21201,1.0
12086,21202,1.0
12087,21203,1.0
12088,21204,1.0
12089,21205,1.0
12090,21206,1.0
12091,21207,1.0
12092,21208,1.0
12093,21209,1.0
12094,21210,1.0
12095,21211,1.0
12096,21212,1.0
12097,21213,1.0
12098,19512,1.0
12099,19369,1.0
12100,18729,1.0
12101,21214,1.0
12102,19536,1.0
12103,21215,1.0
12104,21216,1.0
12105,20965,1.0
12106,20158,1.0
12107,21217,0.931818
12107,21218,0.068182
12108,21219,1.0
12109,21220,1.0
12110,21221,1.0
12111,21222,1.0
12112,19291,0.842105
12112,21223,0.157895
12113,21224,1.0
12114,19845,1.0
12115,21225,1.0
12116,21226,1.0
12117,21139,0.976471
12117,21227,0.023529
12118,21228,1.0
12119,21228,1.0
12120,21229,1.0
12121,21230,1.0
12122,21231,1.0
12123,21232,1.0
12124,21233,1.0
12125,21234,1.0
12126,21235,1.0
12127,19069,0.785714
12127,21236,0.214286
12128,21237,1.0
12129,21238,1.0
12130,21239,1.0
12131,21240,0.45
12131,21241,0.55
12132,21242,1.0
12133,21243,0.181818
12133,21237,0.818182
12134,21244,0.934783
12134,21245,0.065217
12135,20317,1.0
12136,21246,1.0
12137,21247,1.0
12138,21248,1.0
12139,21249,1.0
12140,21250,1.0
12141,21251,0.384615
12141,21252,0.615385
12142,21253,0.117647
12142,21254,0.882353
12143,18671,0.972222
12143,21255,0.027778
12144,21078,1.0
12145,21256,1.0
12146,18557,0.769231
12146,21257,0.230769
12147,21258,1.0
12148,20955,0.966102
12148,21259,0.033898
12149,21260,1.0
12150,21261,1.0
12151,21240,1.0
12152,19455,0.980296
12152,21262,0.019704
12153,21263,1.0
12154,21264,1.0
12155,21265,1.0
12156,21266,1.0
12157,21267,1.0
12158,21268,1.0
12159,21047,1.0
12160,18771,0.75
12160,21269,0.25
12161,21270,1.0
12162,21271,0.628571
12162,21272,0.371429
12163,20288,0.969697
12163,21273,0.030303
12164,21274,1.0
12165,21275,1.0
12166,21276,1.0
12167,21277,1.0
12168,21278,1.0
12169,20283,1.0
12170,20654,1.0
12171,21279,1.0
12172,21280,0.769231
12172,21281,0.230769
12173,21280,1.0
12174,21282,1.0
12175,20855,1.0
12176,21283,1.0
12177,21284,1.0
12178,21285,1.0
12179,21286,0.857143
12179,21287,0.142857
12180,19147,0.991489
12180,21288,0.008511
12181,21189,0.978495
12181,21289,0.021505
12182,21290,1.0
12183,21291,1.0
12184,21292,1.0
12185,21293,1.0
12186,21294,1.0
12187,21295,1.0
12188,21296,1.0
12189,21297,1.0
12190,21298,1.0
12191,20648,1.0
12192,20422,1.0
12193,20302,1.0
12194,21299,1.0
12195,21052,1.0
12196,21300,1.0
12197,19511,1.0
12198,21301,1.0
12199,21302,1.0
12200,21303,1.0
12201,21304,1.0
12202,20305,0.8125
12202,21305,0.1875
12203,21306,1.0
12204,21307,1.0
12205,21308,1.0
12206,21309,1.0
12207,20453,0.891304
12207,21310,0.108696
12208,21311,1.0
12209,21293,1.0
12210,21312,1.0
12211,21313,1.0
12212,21314,0.822785
12212,21315,0.177215
12213,19769,1.0
12214,21316,1.0
12215,21317,1.0
12216,21107,1.0
12217,21318,1.0
12218,18886,0.932203
12218,21319,0.067797
12219,21320,0.610169
12219,21321,0.389831
12220,19054,1.0
12221,21322,1.0
12222,20831,1.0
12223,21323,1.0
12224,21324,1.0
12225,21325,1.0
12226,21326,1.0
12227,21327,1.0
12228,21328,1.0
12229,21329,1.0
12230,21330,1.0
12231,21331,1.0
12232,21332,1.0
12233,20508,1.0
12234,21333,1.0
12235,21334,1.0
12236,21335,1.0
12237,21336,1.0
12238,21337,1.0
12239,21338,1.0
12240,20345,1.0
12241,21339,1.0
12242,21340,1.0
12243,18966,1.0
12244,21341,0.529412
12244,21342,0.470588
12245,20585,1.0
12246,21343,1.0
12247,21344,1.0
12248,21345,1.0
12249,21344,1.0
12250,21346,0.692308
12250,21347,0.307692
12251,20028,1.0
12252,19926,1.0
12253,21348,1.0
12254,21326,1.0
12255,21349,1.0
12256,21350,1.0
12257,21351,1.0
12258,19046,1.0
12259,21352,1.0
12260,21353,1.0
12261,19796,1.0
12262,21354,1.0
12263,20209,0.973333
12263,21355,0.026667
12264,21350,0.95935
12264,21356,0.04065
12265,21357,1.0
12266,21358,1.0
12267,21335,1.0
12268,21359,1.0
12269,21360,1.0
12270,19680,0.911765
12270,21361,0.088235
12271,21362,1.0
12272,21363,1.0
12273,21353,1.0
12274,21364,1.0
12275,21365,1.0
12276,21366,1.0
12277,21367,1.0
12278,20882,0.962963
12278,21368,0.037037
12279,21369,1.0
12280,21370,1.0
12281,18860,1.0
12282,21371,1.0
12283,21372,1.0
12284,21373,1.0
12285,21374,1.0
12286,21375,1.0
12287,21376,1.0
12288,21377,1.0
12289,21358,0.974747
12289,21378,0.025253
12290,21201,0.722222
12290,21379,0.277778
12291,21380,1.0
12292,21381,1.0
12293,21369,1.0
12294,21382,1.0
12295,21383,1.0
12296,21384,1.0
12297,21385,1.0
12298,21386,1.0
12299,19944,1.0
12300,20653,0.935484
12300,21387,0.064516
12301,21388,1.0
12302,21389,1.0
12303,19996,1.0
12304,21390,1.0
12305,20841,1.0
12306,21391,1.0
12307,20370,1.0
12308,21392,1.0
12309,21393,1.0
12310,21394,1.0
12311,21395,1.0
12312,21396,1.0
12313,21396,1.0
12314,21397,0.590909
12314,21398,0.409091
12315,21399,1.0
12316,21400,1.0
12317,21401,1.0
12318,21402,1.0
12319,21402,1.0
12320,21403,0.846154
12320,21404,0.153846
12321,21405,1.0
12322,21406,1.0
12323,21407,1.0
12324,21389,1.0
12325,19503,1.0
12326,21408,1.0
12327,19252,0.926829
12327,21409,0.073171
12328,20714,1.0
12329,21410,1.0
12330,21411,1.0
12331,20851,1.0
12332,18433,1.0
12333,19146,0.808917
12333,21412,0.191083
12334,21413,1.0
12335,21414,1.0
12336,21415,1.0
12337,21416,1.0
12338,21417,1.0
12339,21418,0.913043
12339,21419,0.086957
12340,21420,1.0
12341,21421,1.0
12342,21422,1.0
12343,20360,0.956522
12343,21423,0.043478
12344,21424,1.0
12345,21425,1.0
12346,21426,1.0
12347,21427,1.0
12348,21081,1.0
12349,21428,1.0
12350,21429,1.0
12351,20622,1.0
12352,21430,1.0
12353,21431,1.0
12354,21432,1.0
12355,21433,0.259259
12355,20634,0.740741
12356,21434,1.0
12357,19204,0.987342
12357,21435,0.012658
12358,21421,1.0
12359,21436,1.0
12360,20398,1.0
12361,21437,1.0
12362,21438,1.0
12363,19788,1.0
12364,19329,1.0
12365,21439,1.0
12366,21440,1.0
12367,21441,1.0
12368,21442,1.0
12369,21443,0.181818
12369,19197,0.818182
12370,21444,1.0
12371,21445,1.0
12372,21446,1.0
12373,21447,1.0
12374,21448,1.0
12375,21449,1.0
12376,21450,0.371429
12376,20746,0.628571
12377,21451,1.0
12378,21452,1.0
12379,21453,1.0
12380,21454,1.0
12381,21455,1.0
12382,21456,1.0
12383,21457,0.413333
12383,21458,0.586667
12384,21459,1.0
12385,21460,1.0
12386,21461,1.0
12387,21462,1.0
12388,21460,1.0
12389,21000,1.0
12390,21463,1.0
12391,21464,1.0
12392,20466,1.0
12393,21465,1.0
12394,21466,0.576923
12394,21467,0.423077
12395,21468,1.0
12396,21469,1.0
12397,21470,1.0
12398,21471,1.0
12399,21465,1.0
12400,21472,1.0
12401,21473,1.0
12402,21474,1.0
12403,21475,1.0
12404,18936,1.0
12405,21476,0.925926
12405,21477,0.074074
12406,21478,1.0
12407,21479,0.571429
12407,21480,0.428571
12408,21481,1.0
12409,20696,1.0
12410,21482,0.368421
12410,21483,0.631579
12411,21484,1.0
12412,21485,1.0
12413,19385,1.0
12414,20210,0.944444
12414,21486,0.055556
12415,21487,1.0
12416,19921,1.0
12417,21488,1.0
12418,21489,1.0
12419,20785,1.0
12420,21490,1.0
12421,21491,1.0
12422,21490,1.0
12423,21492,1.0
12424,21493,1.0
12425,21494,1.0
12426,21495,1.0
12427,21496,1.0
12428,19583,1.0
12429,19930,1.0
12430,21497,1.0
12431,21498,1.0
12432,20808,0.861111
12432,21499,0.138889
12433,20214,1.0
12434,21500,1.0
12435,21501,1.0
12436,21502,1.0
12437,21503,1.0
12438,21504,1.0
12439,19008,1.0
12440,21505,1.0
12441,21506,1.0
12442,19888,1.0
12443,21507,1.0
12444,21508,1.0
12445,21509,0.694444
12445,21510,0.305556
12446,21511,1.0
12447,21512,0.714286
12447,21513,0.285714
12448,21514,1.0
12449,21515,1.0
12450,21516,1.0
12451,21517,1.0
12452,21518,1.0
12453,21519,1.0
12454,21520,1.0
12455,21521,1.0
12456,18740,1.0
12457,21522,1.0
12458,21523,1.0
12459,21524,1.0
12460,21525,1.0
12461,21526,1.0
12462,21527,1.0
12463,19809,1.0
12464,21528,1.0
12465,21529,1.0
12466,21530,1.0
12467,21531,0.172414
12467,18456,0.827586
12468,21530,1.0
12469,19693,1.0
12470,21532,1.0
12471,21533,1.0
12472,21534,0.714286
12472,21535,0.285714
12473,21534,1.0
12474,21536,1.0
12475,21537,1.0
12476,21538,1.0
12477,21529,1.0
12478,21539,1.0
12479,18752,1.0
12480,19498,0.981132
12480,21540,0.018868
12481,21541,1.0
12482,20084,1.0
12483,21518,1.0
12484,21542,1.0
12485,21543,1.0
12486,18455,1.0
12487,21544,1.0
12488,21545,1.0
12489,20122,1.0
12490,21546,1.0
12491,19829,1.0
12492,21547,1.0
12493,21548,1.0
12494,21549,1.0
12495,21536,1.0
12496,21069,0.769231
12496,21550,0.230769
12497,21551,1.0
12498,21543,0.924051
12498,21552,0.075949
12499,21327,1.0
12500,21553,1.0
12501,21554,1.0
12502,20600,1.0
12503,21555,0.837838
12503,21556,0.162162
12504,21557,1.0
12505,21558,1.0
12506,21559,1.0
12507,21560,1.0
12508,20861,1.0
12509,21561,1.0
12510,21562,1.0
12511,21563,1.0
12512,21564,0.631579
12512,20132,0.368421
12513,21565,1.0
12514,19457,1.0
12515,18775,1.0
12516,21566,1.0
12517,21567,0.8
12517,21568,0.2
12518,21569,1.0
12519,21560,1.0
12520,21570,0.9
12520,21571,0.1
12521,21572,1.0
12522,21573,1.0
12523,21574,1.0
12524,21575,0.891892
12524,21576,0.108108
12525,21577,1.0
12526,21578,1.0
12527,21579,1.0
12528,18628,1.0
12529,21580,1.0
12530,21581,1.0
12531,21582,1.0
12532,21583,1.0
12533,21584,1.0
12534,21585,1.0
12535,21544,1.0
12536,21267,1.0
12537,21249,1.0
12538,19113,1.0
12539,20723,1.0
12540,21586,1.0
12541,19885,0.890625
12541,21587,0.109375
12542,21588,1.0
12543,21589,1.0
12544,21590,1.0
12545,21591,1.0
12546,21592,1.0
12547,21593,1.0
12548,21594,1.0
12549,20865,1.0
12550,21595,1.0
12551,21596,1.0
12552,21574,1.0
12553,21597,1.0
12554,21598,0.6
12554,20551,0.4
12555,18721,1.0
12556,20017,1.0
12557,21599,1.0
12558,21588,1.0
12559,21557,1.0
12560,21600,1.0
12561,21601,1.0
12562,21147,1.0
12563,21602,0.545455
12563,21603,0.454545
12564,21604,1.0
12565,21605,1.0
12566,21606,1.0
12567,21607,1.0
12568,20426,0.967742
12568,21608,0.032258
12569,21147,1.0
12570,21609,0.777778
12570,21610,0.222222
12571,21611,1.0
12572,21612,1.0
12573,19387,0.941176
12573,21613,0.058824
12574,21614,1.0
12575,21615,1.0
12576,21616,1.0
12577,21617,1.0
12578,21618,1.0
12579,19090,1.0
12580,21619,1.0
12581,21620,1.0
12582,21621,1.0
12583,21622,1.0
12584,21623,1.0
12585,21624,1.0
12586,21625,1.0
12587,21626,1.0
12588,21627,1.0
12589,21628,1.0
12590,21629,0.833333
12590,21630,0.166667
12591,21631,1.0
12592,21632,1.0
12593,20653,0.857143
12593,21633,0.142857
12594,21634,1.0
12595,18642,1.0
12596,19451,1.0
12597,21635,1.0
12598,20085,0.488372
12598,21636,0.511628
12599,21637,1.0
12600,19146,1.0
12601,21275,0.866667
12601,21638,0.133333
12602,20392,1.0
12603,20085,1.0
12604,19360,1.0
12605,20616,1.0
12606,20459,1.0
12607,18678,1.0
12608,21639,1.0
12609,21640,1.0
12610,21641,1.0
12611,21642,1.0
12612,21158,1.0
12613,21643,1.0
12614,21476,1.0
12615,19981,1.0
12616,21644,1.0
12617,21645,1.0
12618,21646,1.0
12619,21647,1.0
12620,21648,1.0
12621,21649,1.0
12622,21650,1.0
12623,21651,0.926829
12623,21652,0.073171
12624,21653,1.0
12625,21201,0.666667
12625,21654,0.333333
12626,21655,1.0
12627,21656,1.0
12628,21657,1.0
12629,21658,1.0
12630,21659,1.0
12631,21660,0.931034
12631,21661,0.068966
12632,21662,1.0
12633,21663,1.0
12634,21664,1.0
12635,21665,0.363636
12635,18704,0.636364
12636,21666,1.0
12637,19542,1.0
12638,19808,1.0
12639,21667,1.0
12640,21668,1.0
12641,18668,1.0
12642,21669,0.873016
12642,18502,0.126984
12643,21470,1.0
12644,21670,1.0
12645,21671,1.0
12646,21672,1.0
12647,21673,1.0
12648,19104,1.0
12649,21674,1.0
12650,18435,0.956522
12650,21675,0.043478
12651,21676,1.0
12652,19474,1.0
12653,21677,1.0
12654,21678,1.0
12655,21521,1.0
12656,19911,0.813953
12656,21679,0.186047
12657,21680,1.0
12658,21193,1.0
12659,21681,1.0
12660,21607,1.0
12661,21682,1.0
12662,21683,1.0
12663,21684,1.0
12664,21685,0.6
12664,21678,0.4
12665,21437,1.0
12666,21528,1.0
12667,21686,1.0
12668,21687,1.0
12669,21688,1.0
12670,21689,1.0
12671,21690,1.0
12672,19349,1.0
12673,21691,0.911765
12673,21692,0.088235
12674,21693,1.0
12675,21694,1.0
12676,21695,1.0
12677,19750,0.963636
12677,21696,0.036364
12678,21697,1.0
12679,21698,1.0
12680,21258,1.0
12681,21691,0.7
12681,21699,0.3
12682,21700,1.0
12683,21417,1.0
12684,21701,0.98773
12684,21702,0.01227
12685,19425,1.0
12686,21703,1.0
12687,18763,1.0
12688,21229,1.0
12689,20838,1.0
12690,20967,0.945946
12690,21704,0.054054
12691,19990,0.969072
12691,21705,0.030928
12692,21706,1.0
12693,18413,1.0
12694,19304,1.0
12695,21271,1.0
12696,21707,1.0
12697,21708,1.0
12698,21709,1.0
12699,21710,1.0
12700,21711,1.0
12701,21712,1.0
12702,21713,1.0
12703,21714,1.0
12704,21715,1.0
12705,21716,1.0
12706,21717,1.0
12707,18951,1.0
12708,21718,1.0
12709,21719,1.0
12710,19230,1.0
12711,21720,1.0
12712,21721,1.0
12713,21722,1.0
12714,21723,1.0
12715,21724,1.0
12716,21725,1.0
12717,21726,1.0
12718,21727,1.0
12719,21726,1.0
12720,21728,1.0
12721,21729,1.0
12722,21730,1.0
12723,21731,1.0
12724,19933,1.0
12725,21732,0.876923
12725,21733,0.123077
12726,21734,1.0
12727,21735,1.0
12728,21736,1.0
12729,21737,1.0
12730,21738,1.0
12731,21489,1.0
12732,21739,1.0
12733,21740,1.0
12734,20436,1.0
12735,21741,1.0
12736,19270,1.0
12737,21742,1.0
12738,21743,1.0
12739,21744,1.0
12740,21745,1.0
12741,21746,1.0
12742,21747,1.0
12743,21748,1.0
12744,21749,1.0
12745,21750,1.0
12746,21751,1.0
12747,21752,1.0
12748,21753,0.45
12748,21754,0.55
12749,21755,1.0
12750,21184,1.0
12751,21756,1.0
12752,21757,1.0
12753,21758,1.0
12754,21759,1.0
12755,21760,1.0
12756,21761,1.0
12757,21762,1.0
12758,21763,1.0
12759,21764,1.0
12760,21765,1.0
12761,21766,1.0
12762,21767,1.0
12763,19098,0.913043
12763,21768,0.086957
12764,21769,0.578947
12764,21770,0.421053
12765,21771,1.0
12766,21772,1.0
12767,21773,1.0
12768,19688,0.695652
12768,21774,0.304348
12769,21775,0.733333
12769,21776,0.266667
12770,21196,1.0
12771,21777,1.0
12772,21778,0.931034
12772,21779,0.068966
12773,21759,1.0
12774,21780,1.0
12775,21781,1.0
12776,21773,1.0
12777,21782,1.0
12778,19857,1.0
12779,21783,1.0
12780,21784,1.0
12781,21785,1.0
12782,21786,1.0
12783,21787,1.0
12784,21788,1.0
12785,21789,1.0
12786,21790,1.0
12787,21791,1.0
12788,18571,1.0
12789,21792,1.0
12790,21793,1.0
12791,21794,1.0
12792,21795,0.8
12792,21796,0.2
12793,21797,1.0
12794,21798,1.0
12795,21799,1.0
12796,21800,1.0
12797,21801,0.652174
12797,21802,0.347826
12798,21803,1.0
12799,21804,0.615385
12799,21805,0.384615
12800,21806,1.0
12801,21807,1.0
12802,19586,1.0
12803,21349,1.0
12804,21808,1.0
12805,21809,1.0
12806,21810,1.0
12807,20018,1.0
12808,21811,1.0
12809,21812,1.0
12810,20610,1.0
12811,21813,1.0
12812,21814,1.0
12813,21815,1.0
12814,21816,1.0
12815,21817,1.0
12816,21818,1.0
12817,21819,1.0
12818,21820,1.0
12819,21821,1.0
12820,19110,0.963636
12820,21822,0.036364
12821,21823,1.0
12822,21824,1.0
12823,21825,1.0
12824,21824,1.0
12825,20609,0.923077
12825,21826,0.076923
12826,21823,1.0
12827,21827,1.0
12828,21828,1.0
12829,21829,1.0
12830,21830,1.0
12831,19465,1.0
12832,21831,1.0
12833,21832,1.0
12834,21833,1.0
12835,21834,1.0
12836,21835,1.0
12837,21836,1.0
12838,21837,1.0
12839,21838,0.115385
12839,19772,0.884615
12840,21839,1.0
12841,21599,1.0
12842,20435,1.0
12843,21840,1.0
12844,21841,1.0
12845,21842,1.0
12846,21843,1.0
12847,21844,1.0
12848,21845,1.0
12849,20382,1.0
12850,21846,1.0
12851,19057,0.930556
12851,21847,0.069444
12852,19442,1.0
12853,18940,1.0
12854,19394,1.0
12855,21848,1.0
12856,21849,0.7
12856,21850,0.3
12857,21851,1.0
12858,21852,1.0
12859,21853,1.0
12860,21854,1.0
12861,21855,1.0
12862,21856,1.0
12863,21857,1.0
12864,21770,1.0
12865,20987,1.0
12866,21516,1.0
12867,21858,1.0
12868,19383,0.967213
12868,21859,0.032787
12869,21860,1.0
12870,21860,1.0
12871,21861,1.0
12872,20531,0.828571
12872,21862,0.171429
12873,18795,1.0
12874,21863,0.777778
12874,21864,0.222222
12875,18996,1.0
12876,19966,1.0
12877,21865,1.0
12878,21866,1.0
12879,21867,1.0
12880,21868,1.0
12881,21869,1.0
12882,20115,0.958621
12882,21870,0.041379
12883,20942,1.0
12884,21871,1.0
12885,19379,0.97561
12885,21872,0.02439
12886,21873,1.0
12887,21874,1.0
12888,21875,1.0
12889,21876,1.0
12890,21877,1.0
12891,21878,1.0
12892,21879,1.0
12893,21880,0.894737
12893,21881,0.105263
12894,21392,1.0
12895,21882,1.0
12896,19012,0.375
12896,21883,0.625
12897,21383,1.0
12898,19704,0.538462
12898,21884,0.461538
12899,21076,1.0
12900,21885,1.0
12901,21886,1.0
12902,21887,1.0
12903,21283,1.0
12904,21888,1.0
12905,21889,1.0
12906,21890,1.0
12907,21891,1.0
12908,19704,1.0
12909,21892,1.0
12910,21893,0.946565
12910,20381,0.038168
12910,21894,0.015267
12911,21895,1.0
12912,21896,1.0
12913,21897,1.0
12914,21898,1.0
12915,19208,0.978022
12915,21899,0.021978
12916,21900,1.0
12917,20407,1.0
12918,21122,1.0
12919,21901,1.0
12920,21902,1.0
12921,21903,1.0
12922,20512,1.0
12923,21708,0.757576
12923,21904,0.242424
12924,18557,1.0
12925,21905,1.0
12926,21893,1.0
12927,19894,1.0
12928,18487,0.967213
12928,21906,0.032787
12929,21907,1.0
12930,21908,1.0
12931,21909,1.0
12932,21283,1.0
12933,21910,1.0
12934,21911,1.0
12935,18607,1.0
12936,18607,0.583333
12936,21912,0.416667
12937,20770,1.0
12938,21913,1.0
12939,21914,1.0
12940,21915,1.0
12941,20724,1.0
12942,21916,1.0
12943,21917,1.0
12944,19549,1.0
12945,21918,0.8
12945,21919,0.2
12946,21920,1.0
12947,21916,1.0
12948,21921,1.0
12949,20011,0.929577
12949,21922,0.070423
12950,21923,1.0
12951,21924,1.0
12952,21925,1.0
12953,21926,1.0
12954,21927,1.0
12955,21928,1.0
12956,21929,1.0
12957,19320,1.0
12958,21930,1.0
12959,21931,1.0
12960,21932,1.0
12961,21933,1.0
12962,19993,1.0
12963,20379,1.0
12964,21934,1.0
12965,21935,1.0
12966,19802,0.888889
12966,21936,0.111111
12967,21937,1.0
12968,21938,1.0
12969,21632,1.0
12970,21839,1.0
12971,21865,0.968254
12971,21939,0.031746
12972,21940,1.0
12973,21941,1.0
12974,21942,1.0
12975,20292,1.0
12976,21943,1.0
12977,21944,1.0
12978,21945,0.857143
12978,21946,0.142857
12979,19555,1.0
12980,21947,1.0
12981,20844,1.0
12982,21948,1.0
12983,21949,1.0
12984,21950,1.0
12985,21951,1.0
12986,21951,1.0
12987,20343,1.0
12988,21952,1.0
12989,21953,1.0
12990,21954,1.0
12991,21955,1.0
12992,19104,0.723404
12992,21956,0.276596
12993,18495,1.0
12994,21740,1.0
12995,21957,1.0
12996,21958,1.0
12997,21959,1.0
12998,21960,1.0
12999,21961,1.0
13000,21962,0.583333
13000,21963,0.416667
13001,21964,1.0
13002,18746,1.0
13003,21965,1.0
13004,20709,1.0
13005,21966,1.0
13006,21967,0.70068
13006,21968,0.29932
13007,21969,1.0
13008,21970,1.0
13009,21971,1.0
13010,21972,1.0
13011,21973,1.0
13012,21048,1.0
13013,21860,0.230769
13013,21974,0.769231
13014,21975,1.0
13015,21976,1.0
13016,21977,1.0
13017,21978,1.0
13018,21979,0.666667
13018,21980,0.333333
13019,21981,1.0
13020,21982,1.0
13021,21983,1.0
13022,21984,1.0
13023,21985,1.0
13024,19941,1.0
13025,21986,1.0
13026,21987,1.0
13027,21987,1.0
13028,21988,1.0
13029,21989,1.0
13030,21990,1.0
13031,20280,1.0
13032,20707,0.966102
13032,21991,0.033898
13033,21992,1.0
13034,21993,1.0
13035,21994,0.666667
13035,21995,0.333333
13036,21996,1.0
13037,21997,1.0
13038,19259,1.0
13039,21998,1.0
13040,21048,1.0
13041,19442,1.0
13042,21999,0.92
13042,22000,0.08
13043,22001,1.0
13044,22002,1.0
13045,22003,1.0
13046,22004,1.0
13047,22005,1.0
13048,22006,1.0
13049,22007,1.0
13050,20581,0.731707
13050,22008,0.268293
13051,22009,1.0
13052,22010,1.0
13053,22011,0.583333
13053,22012,0.416667
13054,22007,1.0
13055,22013,1.0
13056,22014,1.0
13057,22015,0.857143
13057,19114,0.142857
13058,22016,0.375
13058,21753,0.625
13059,22017,1.0
13060,22018,1.0
13061,22019,1.0
13062,21217,1.0
13063,22020,1.0
13064,22021,1.0
13065,20205,1.0
13066,22022,1.0
13067,22023,1.0
13068,22024,1.0
13069,18464,0.638298
13069,22025,0.361702
13070,22026,1.0
13071,21022,1.0
13072,22027,0.076923
13072,19682,0.923077
13073,22028,1.0
13074,22029,1.0
13075,22030,1.0
13076,20939,0.439024
13076,22031,0.560976
13077,22032,0.727273
13077,22033,0.272727
13078,22034,1.0
13079,21712,1.0
13080,22035,0.571429
13080,22036,0.428571
13081,22037,1.0
13082,20630,1.0
13083,22038,1.0
13084,22039,1.0
13085,22040,1.0
13086,22041,1.0
13087,22042,1.0
13088,22043,1.0
13089,22044,1.0
13090,22045,1.0
13091,22046,0.925926
13091,19838,0.074074
13092,22047,1.0
13093,22048,1.0
13094,22049,1.0
13095,22050,1.0
13096,22051,1.0
13097,22052,0.677165
13097,20896,0.322835
13098,22053,1.0
13099,22054,1.0
13100,22055,1.0
13101,22056,1.0
13102,18862,1.0
13103,22057,1.0
13104,19815,1.0
13105,22058,1.0
13106,22059,1.0
13107,22060,1.0
13108,22061,1.0
13109,22062,1.0
13110,21583,1.0
13111,21300,1.0
13112,21517,1.0
13113,22063,1.0
13114,22064,1.0
13115,22065,1.0
13116,22066,1.0
13117,22067,0.238095
13117,18596,0.761905
13118,22068,1.0
13119,22069,1.0
13120,22070,1.0
13121,22071,1.0
13122,22072,1.0
13123,22073,1.0
13124,22074,1.0
13125,22075,1.0
13126,22076,1.0
13127,20628,1.0
13128,22077,1.0
13129,22078,0.88
13129,22079,0.12
13130,18967,1.0
13131,22080,1.0
13132,20365,1.0
13133,19989,1.0
13134,22081,1.0
13135,18673,1.0
13136,22082,1.0
13137,18777,1.0
13138,22083,1.0
13139,22084,1.0
13140,22085,1.0
13141,22086,1.0
13142,22087,1.0
13143,22088,1.0
13144,22089,1.0
13145,22090,1.0
13146,21028,1.0
13147,22091,1.0
13148,22092,1.0
13149,22093,1.0
13150,22094,1.0
13151,22095,1.0
13152,22096,1.0
13153,22097,1.0
13154,22098,1.0
13155,22099,1.0
13156,22100,1.0
13157,19011,1.0
13158,18864,0.966102
13158,22101,0.033898
13159,20203,1.0
13160,21791,1.0
13161,22102,1.0
13162,22103,1.0
13163,22104,1.0
13164,22105,1.0
13165,22106,1.0
13166,22107,1.0
13167,22108,1.0
13168,22109,1.0
13169,21714,1.0
13170,18684,1.0
13171,22110,0.470588
13171,22109,0.529412
13172,19249,1.0
13173,22111,1.0
13174,22112,1.0
13175,22113,1.0
13176,21264,1.0
13177,22114,1.0
13178,21295,1.0
13179,20868,1.0
13180,22115,1.0
13181,22116,1.0
13182,22055,1.0
13183,22117,1.0
13184,22097,1.0
13185,22118,1.0
13186,22119,1.0
13187,20868,0.777778
13187,22120,0.222222
13188,22114,1.0
13189,22121,1.0
13190,22122,1.0
13191,22123,1.0
13192,22124,1.0
13193,22125,1.0
13194,20466,0.583333
13194,22126,0.416667
13195,21234,1.0
13196,22127,1.0
13197,19228,1.0
13198,22128,0.5
13198,18977,0.5
13199,21800,1.0
13200,22129,1.0
13201,22130,1.0
13202,22131,1.0
13203,21804,1.0
13204,22132,1.0
13205,22133,1.0
13206,21024,1.0
13207,22134,1.0
13208,22135,1.0
13209,22136,1.0
13210,20706,1.0
13211,22137,1.0
13212,22138,1.0
13213,19331,0.971698
13213,22139,0.028302
13214,20506,1.0
13215,22140,1.0
13216,22141,0.590909
13216,19584,0.409091
13217,22142,1.0
13218,18490,1.0
13219,22143,1.0
13220,22144,1.0
13221,22145,1.0
13222,22146,1.0
13223,22147,1.0
13224,22148,1.0
13225,22147,1.0
13226,22149,1.0
13227,22150,1.0
13228,22151,1.0
13229,22152,1.0
13230,22153,1.0
13231,22154,1.0
13232,22155,1.0
13233,22156,1.0
13234,22157,1.0
13235,22158,1.0
13236,22159,1.0
13237,22160,0.666667
13237,22161,0.333333
13238,22162,1.0
13239,22163,1.0
13240,18560,0.6
13240,22164,0.4
13241,22165,1.0
13242,22166,1.0
13243,22167,1.0
13244,19910,1.0
13245,22168,0.363636
13245,19476,0.636364
13246,22169,1.0
13247,22170,1.0
13248,20909,1.0
13249,21788,1.0
13250,22171,1.0
13251,22172,1.0
13252,22173,1.0
13253,22174,1.0
13254,22175,1.0
13255,22176,1.0
13256,22177,1.0
13257,22178,1.0
13258,19377,0.977528
13258,22179,0.022472
13259,22180,1.0
13260,22181,0.458333
13260,22182,0.541667
13261,19803,0.610169
13261,22183,0.389831
13262,22184,1.0
13263,22185,1.0
13264,22186,1.0
13265,22187,1.0
13266,22188,0.916667
13266,22189,0.083333
13267,20427,1.0
13268,22190,1.0
13269,22191,1.0
13270,21622,1.0
13271,22192,1.0
13272,22193,1.0
13273,22194,1.0
13274,22195,1.0
13275,21843,1.0
13276,22196,1.0
13277,21993,1.0
13278,22197,1.0
13279,22198,1.0
13280,22199,0.846154
13280,22200,0.153846
13281,22201,1.0
13282,22202,1.0
13283,22203,0.74
13283,20639,0.26
13284,22204,1.0
13285,22205,0.714286
13285,22206,0.285714
13286,22182,0.638298
13286,22207,0.361702
13287,22202,1.0
13288,22208,1.0
13289,22209,1.0
13290,22210,1.0
13291,22211,1.0
13292,20567,1.0
13293,19602,0.774194
13293,22212,0.225806
13294,22213,1.0
13295,22214,1.0
13296,19347,1.0
13297,22215,1.0
13298,22216,1.0
13299,20222,0.9
13299,22217,0.1
13300,22218,1.0
13301,22219,1.0
13302,22220,1.0
13303,22135,1.0
13304,22221,1.0
13305,22222,1.0
13306,22223,1.0
13307,22224,0.153846
13307,18908,0.846154
13308,22225,1.0
13309,22226,1.0
13310,22227,1.0
13311,22228,1.0
13312,22229,1.0
13313,21208,1.0
13314,20828,1.0
13315,20501,1.0
13316,22230,0.714286
13316,22231,0.285714
13317,19601,1.0
13318,20717,1.0
13319,22232,1.0
13320,22233,1.0
13321,22234,1.0
13322,22235,0.953271
13322,22236,0.046729
13323,22237,1.0
13324,22238,1.0
13325,22239,1.0
13326,22240,1.0
13327,18736,1.0
13328,22241,1.0
13329,20042,1.0
13330,22242,1.0
13331,22243,1.0
13332,22244,0.833333
13332,22245,0.166667
13333,22246,1.0
13334,22070,1.0
13335,21594,0.170213
13335,22247,0.829787
13336,21583,0.678571
13336,22248,0.321429
13337,22249,1.0
13338,22250,0.088235
13338,19396,0.911765
13339,22251,1.0
13340,22252,0.638298
13340,22253,0.361702
13341,22254,1.0
13342,22255,0.8
13342,22256,0.2
13343,19195,1.0
13344,22257,1.0
13345,18426,1.0
13346,22258,1.0
13347,22259,1.0
13348,22260,0.903846
13348,22053,0.096154
13349,22261,1.0
13350,22262,1.0
13351,18558,1.0
13352,22263,1.0
13353,22264,1.0
13354,22265,1.0
13355,21647,1.0
13356,22266,1.0
13357,22267,1.0
13358,22268,1.0
13359,22269,1.0
13360,22270,1.0
13361,22271,1.0
13362,22272,1.0
13363,22273,1.0
13364,21187,1.0
13365,19103,1.0
13366,22274,1.0
13367,22275,1.0
13368,22276,1.0
13369,22277,1.0
13370,19736,1.0
13371,21063,1.0
13372,22278,1.0
13373,19138,1.0
13374,22279,1.0
13375,18623,0.982301
13375,22280,0.017699
13376,22281,1.0
13377,22282,1.0
13378,22283,1.0
13379,22284,1.0
13380,22285,1.0
13381,22286,1.0
13382,22287,1.0
13383,19340,0.913043
13383,22288,0.086957
13384,19290,1.0
13385,19680,1.0
13386,22289,1.0
13387,22290,1.0
13388,22291,1.0
13389,22292,1.0
13390,22293,1.0
13391,22294,1.0
13392,19766,1.0
13393,22295,1.0
13394,21879,1.0
13395,22296,1.0
13396,22297,1.0
13397,22298,1.0
13398,22299,1.0
13399,21170,1.0
13400,22300,1.0
13401,22301,1.0
13402,22302,0.688525
13402,18830,0.311475
13403,22303,1.0
13404,22304,1.0
13405,22305,1.0
13406,21087,1.0
13407,22306,1.0
13408,22307,1.0
13409,21937,1.0
13410,22308,1.0
13411,22309,1.0
13412,19583,1.0
13413,22310,1.0
13414,22311,1.0
13415,22312,1.0
13416,21965,0.925926
13416,22313,0.074074
13417,22314,1.0
13418,22315,1.0
13419,22316,1.0
13420,22317,1.0
13421,22318,0.669811
13421,22319,0.330189
13422,22320,1.0
13423,19807,1.0
13424,22321,0.833333
13424,22322,0.166667
13425,22323,0.558442
13425,19902,0.441558
13426,22324,0.782609
13426,20981,0.217391
13427,19916,1.0
13428,22325,1.0
13429,22326,1.0
13430,22327,1.0
13431,22328,1.0
13432,22329,1.0
13433,22330,1.0
13434,22331,1.0
13435,22332,1.0
13436,22333,1.0
13437,22334,1.0
13438,22335,0.102041
13438,19126,0.897959
13439,22336,1.0
13440,22337,1.0
13441,22338,1.0
13442,22339,1.0
13443,21271,0.941176
13443,22340,0.058824
13444,22341,1.0
13445,19823,1.0
13446,22342,1.0
13447,18934,0.967213
13447,22343,0.032787
13448,22344,1.0
13449,22345,1.0
13450,22346,1.0
13451,22347,1.0
13452,22348,1.0
13453,21545,1.0
13454,22349,1.0
13455,20227,1.0
13456,22350,1.0
13457,22351,1.0
13458,22352,1.0
13459,22353,1.0
13460,22354,1.0
13461,22355,1.0
13462,22356,1.0
13463,22357,1.0
13464,22358,1.0
13465,22345,1.0
13466,22359,1.0
13467,22360,1.0
13468,19902,0.823529
13468,22361,0.176471
13469,21526,1.0
13470,21931,0.904762
13470,22362,0.095238
13471,22360,1.0
13472,21539,1.0
13473,22363,1.0
13474,22364,1.0
13475,22365,1.0
13476,22366,1.0
13477,22367,1.0
13478,21367,1.0
13479,19553,1.0
13480,22368,1.0
13481,22369,1.0
13482,22370,1.0
13483,22371,1.0
13484,20634,0.938776
13484,22372,0.061224
13485,22373,1.0
13486,21058,1.0
13487,22374,1.0
13488,22375,1.0
13489,22376,1.0
13490,22377,1.0
13491,20510,1.0
13492,22378,1.0
13493,20987,1.0
13494,22379,1.0
13495,22380,1.0
13496,18837,1.0
13497,20858,1.0
13498,22381,1.0
13499,19292,1.0
13500,19159,1.0
13501,22329,1.0
13502,22382,1.0
13503,22383,1.0
13504,22384,1.0
13505,22385,1.0
13506,22386,1.0
13507,22387,1.0
13508,22388,1.0
13509,22389,1.0
13510,20795,1.0
13511,22390,1.0
13512,19760,0.974684
13512,22391,0.025316
13513,20151,1.0
13514,22392,1.0
13515,22393,0.148936
13515,18782,0.851064
13516,22394,1.0
13517,22395,1.0
13518,18598,1.0
13519,22396,1.0
13520,22397,1.0
13521,22398,1.0
13522,22399,1.0
13523,22400,1.0
13524,22401,1.0
13525,22402,1.0
13526,20332,1.0
13527,22403,1.0
13528,22404,1.0
13529,22405,1.0
13530,22406,1.0
13531,21918,1.0
13532,22407,1.0
13533,22408,1.0
13534,22409,1.0
13535,22410,0.093023
13535,20632,0.906977
13536,22411,0.529412
13536,22412,0.470588
13537,22413,1.0
13538,22414,1.0
13539,18957,0.772152
13539,22415,0.227848
13540,20426,1.0
13541,20365,1.0
13542,22416,1.0
13543,22417,1.0
13544,22418,1.0
13545,19501,1.0
13546,22419,1.0
13547,22420,0.75
13547,22421,0.25
13548,22422,0.923077
13548,22423,0.076923
13549,22424,1.0
13550,20757,1.0
13551,22425,1.0
13552,22426,1.0
13553,19006,1.0
13554,19997,1.0
13555,22427,1.0
13556,19775,1.0
13557,19774,1.0
13558,21493,1.0
13559,22428,1.0
13560,22429,1.0
13561,21738,1.0
13562,20069,1.0
13563,22430,1.0
13564,22431,1.0
13565,22432,1.0
13566,22433,0.944444
13566,22434,0.055556
13567,22435,1.0
13568,22436,1.0
13569,22437,1.0
13570,22438,1.0
13571,22438,1.0
13572,22439,1.0
13573,22440,1.0
13574,18662,1.0
13575,22441,1.0
13576,22442,1.0
13577,22443,1.0
13578,22444,1.0
13579,20621,0.857143
13579,22445,0.142857
13580,22446,1.0
13581,22447,1.0
13582,22448,1.0
13583,22449,1.0
13584,22450,1.0
13585,22451,1.0
13586,22452,1.0
13587,22453,1.0
13588,22454,1.0
13589,18465,1.0
13590,22455,1.0
13591,22456,1.0
13592,22457,1.0
13593,22458,1.0
13594,19594,1.0
13595,22459,1.0
13596,22460,1.0
13597,22461,1.0
13598,22462,1.0
13599,21998,1.0
13600,22463,1.0
13601,22464,1.0
13602,22465,1.0
13603,19214,1.0
13604,22464,1.0
13605,22466,1.0
13606,19006,0.903226
13606,22467,0.096774
13607,22468,1.0
13608,22469,0.470588
13608,22470,0.529412
13609,19186,1.0
13610,20689,1.0
13611,22471,1.0
13612,22472,1.0
13613,22473,1.0
13614,22474,1.0
13615,22475,1.0
13616,22476,1.0
13617,22477,1.0
13618,22478,1.0
13619,22479,1.0
13620,22480,1.0
13621,22481,0.390244
13621,22482,0.609756
13622,22483,0.511111
13622,22484,0.488889
13623,22485,0.333333
13623,22486,0.666667
13624,19124,1.0
13625,22487,1.0
13626,21100,1.0
13627,22488,1.0
13628,22489,1.0
13629,22490,1.0
13630,22491,1.0
13631,22492,1.0
13632,19172,0.722222
13632,22493,0.277778
13633,21660,1.0
13634,22494,1.0
13635,19259,1.0
13636,22495,0.604651
13636,22496,0.395349
13637,19434,0.719512
13637,22497,0.280488
13638,22498,1.0
13639,19468,0.959184
13639,22499,0.040816
13640,22500,0.297872
13640,22501,0.702128
13641,22502,1.0
13642,22503,1.0
13643,22504,1.0
13644,19041,1.0
13645,22505,0.928571
13645,22506,0.071429
13646,22507,1.0
13647,22232,1.0
13648,20268,0.909091
13648,22508,0.090909
13649,21238,1.0
13650,22509,1.0
13651,22510,1.0
13652,22511,1.0
13653,22512,0.984375
13653,22513,0.015625
13654,22514,1.0
13655,19292,1.0
13656,20663,1.0
13657,20805,1.0
13658,22515,1.0
13659,22516,1.0
13660,22517,1.0
13661,22518,1.0
13662,22519,1.0
13663,22519,1.0
13664,22520,1.0
13665,22521,1.0
13666,22522,1.0
13667,22523,1.0
13668,19658,1.0
13669,21481,1.0
13670,22524,1.0
13671,18558,0.894737
13671,22525,0.105263
13672,22526,1.0
13673,21674,0.941176
13673,22527,0.058824
13674,22528,1.0
13675,22529,1.0
13676,21902,1.0
13677,22530,1.0
13678,22531,1.0
13679,22532,1.0
13680,21263,1.0
13681,22533,1.0
13682,22534,1.0
13683,22535,1.0
13684,22536,1.0
13685,22537,1.0
13686,22538,1.0
13687,22539,1.0
13688,22540,1.0
13689,19208,1.0
13690,22541,1.0
13691,22542,1.0
13692,22543,1.0
13693,22544,1.0
13694,22545,1.0
13695,22546,1.0
13696,22547,1.0
13697,22548,1.0
13698,22549,0.964912
13698,22550,0.035088
13699,22551,1.0
13700,22552,1.0
13701,22549,1.0
13702,18814,0.954545
13702,22553,0.045455
13703,19580,1.0
13704,21270,0.094737
13704,18603,0.663158
13704,22554,0.242105
13705,22555,1.0
13706,22556,1.0
13707,22557,1.0
13708,22558,1.0
13709,22559,1.0
13710,22560,1.0
13711,22561,1.0
13712,22562,1.0
13713,21119,1.0
13714,22563,1.0
13715,22564,1.0
13716,22565,1.0
13717,22566,1.0
13718,22567,1.0
13719,18525,1.0
13720,18822,1.0
13721,20532,0.3
13721,22568,0.7
13722,22569,0.903226
13722,22570,0.096774
13723,22571,1.0
13724,22572,1.0
13725,22573,1.0
13726,22574,1.0
13727,22575,1.0
13728,19652,1.0
13729,22576,1.0
13730,22577,1.0
13731,22026,1.0
13732,22578,1.0
13733,22579,1.0
13734,18861,1.0
13735,22580,1.0
13736,22581,1.0
13737,22582,1.0
13738,20999,1.0
13739,22583,1.0
13740,22584,1.0
13741,19145,1.0
13742,22378,1.0
13743,22585,1.0
13744,22091,1.0
13745,22586,1.0
13746,22587,1.0
13747,22588,1.0
13748,22589,1.0
13749,22590,1.0
13750,22591,1.0
13751,22592,1.0
13752,22593,1.0
13753,22594,1.0
13754,22595,1.0
13755,22596,1.0
13756,22597,1.0
13757,22598,1.0
13758,22599,1.0
13759,22600,1.0
13760,22601,1.0
13761,22602,0.785714
13761,22603,0.214286
13762,22604,1.0
13763,21688,1.0
13764,20972,1.0
13765,22605,1.0
13766,21330,1.0
13767,22606,1.0
13768,20928,1.0
13769,22096,1.0
13770,22607,1.0
13771,21222,0.857143
13771,22608,0.142857
13772,18604,1.0
13773,22609,1.0
13774,19030,0.926829
13774,22610,0.073171
13775,22611,0.705882
13775,22612,0.294118
13776,22613,1.0
13777,22614,1.0
13778,21299,1.0
13779,22615,1.0
13780,22616,1.0
13781,22617,1.0
13782,20454,0.866667
13782,22618,0.133333
13783,22619,1.0
13784,22620,1.0
13785,22621,1.0
13786,22622,1.0
13787,18858,1.0
13788,22623,1.0
13789,22624,1.0
13790,22625,1.0
13791,20909,1.0
13792,22626,1.0
13793,22627,1.0
13794,22628,1.0
13795,22629,1.0
13796,22630,1.0
13797,22631,1.0
13798,22632,1.0
13799,22633,1.0
13800,22634,1.0
13801,22633,1.0
13802,22635,1.0
13803,22636,1.0
13804,22637,1.0
13805,22638,1.0
13806,19087,1.0
13807,21173,1.0
13808,22639,1.0
13809,22640,0.975904
13809,22641,0.024096
13810,22642,1.0
13811,19163,1.0
13812,21649,1.0
13813,22643,1.0
13814,22644,1.0
13815,22645,1.0
13816,22646,1.0
13817,22647,1.0
13818,21766,1.0
13819,22648,1.0
13820,22649,1.0
13821,22650,1.0
13822,22651,1.0
13823,19061,1.0
13824,22652,1.0
13825,22653,1.0
13826,22654,1.0
13827,22105,1.0
13828,22655,1.0
13829,22656,1.0
13830,22657,1.0
13831,22658,1.0
13832,22659,0.545455
13832,22660,0.454545
13833,22661,1.0
13834,22662,1.0
13835,22663,1.0
13836,22664,0.225806
13836,21385,0.774194
13837,22665,1.0
13838,20693,1.0
13839,22477,0.925926
13839,22666,0.074074
13840,20479,1.0
13841,22667,0.857143
13841,22668,0.142857
13842,22669,1.0
13843,22670,1.0
13844,22671,1.0
13845,19200,0.942308
13845,22672,0.057692
13846,22673,1.0
13847,19223,1.0
13848,22674,0.708333
13848,22675,0.291667
13849,19252,1.0
13850,22676,1.0
13851,19666,0.758621
13851,22677,0.241379
13852,20199,0.5
13852,22678,0.5
13853,22679,1.0
13854,22680,1.0
13855,22681,0.818182
13855,22682,0.181818
13856,22683,1.0
13857,20907,1.0
13858,21977,1.0
13859,22684,1.0
13860,22685,1.0
13861,22686,0.1875
13861,22687,0.8125
13862,22688,1.0
13863,22689,0.875
13863,22690,0.125
13864,22691,1.0
13865,22692,1.0
13866,22693,1.0
13867,22694,1.0
13868,22695,1.0
13869,22696,1.0
13870,22697,1.0
13871,22698,1.0
13872,21629,1.0
13873,22699,1.0
13874,22700,1.0
13875,22701,1.0
13876,22702,1.0
13877,22703,1.0
13878,22611,1.0
13879,22611,1.0
13880,19848,0.952381
13880,22704,0.047619
13881,22705,1.0
13882,22706,1.0
13883,22707,1.0
13884,21603,1.0
13885,22708,0.6875
13885,22709,0.3125
13886,22710,1.0
13887,22706,1.0
13888,20385,1.0
13889,18977,1.0
13890,22711,1.0
13891,22712,1.0
13892,22713,1.0
13893,22714,1.0
13894,22715,1.0
13895,22716,1.0
13896,20334,0.710843
13896,22717,0.289157
13897,22718,1.0
13898,22719,1.0
13899,18758,1.0
13900,19990,0.961538
13900,22720,0.038462
13901,22721,1.0
13902,22722,0.846154
13902,22723,0.153846
13903,21013,1.0
13904,22724,1.0
13905,22725,1.0
13906,22726,1.0
13907,18633,0.923077
13907,22727,0.076923
13908,19184,1.0
13909,22728,1.0
13910,22729,1.0
13911,22730,1.0
13912,22143,0.953488
13912,22731,0.046512
13913,20572,1.0
13914,20627,1.0
13915,20581,0.882353
13915,22732,0.117647
13916,22733,0.777778
13916,22734,0.222222
13917,22735,1.0
13918,20905,1.0
13919,19344,1.0
13920,22736,0.387097
13920,19612,0.612903
13921,20176,0.945946
13921,21710,0.054054
13922,22737,1.0
13923,22737,1.0
13924,22738,1.0
13925,22436,0.886598
13925,22739,0.113402
13926,22740,1.0
13927,21219,0.909091
13927,22741,0.090909
13928,22742,1.0
13929,20008,0.542857
13929,22743,0.457143
13930,22744,1.0
13931,22745,1.0
13932,22746,1.0
13933,22747,0.883721
13933,22748,0.116279
13934,22749,1.0
13935,22750,1.0
13936,19804,1.0
13937,22751,1.0
13938,22752,1.0
13939,22753,1.0
13940,22754,1.0
13941,22755,1.0
13942,22756,1.0
13943,22755,1.0
13944,22757,1.0
13945,22758,1.0
13946,22759,1.0
13947,22760,1.0
13948,22761,1.0
13949,22762,1.0
13950,20760,1.0
13951,22763,1.0
13952,19224,0.241379
13952,22764,0.758621
13953,21124,1.0
13954,19315,1.0
13955,22765,1.0
13956,19284,0.841463
13956,22766,0.158537
13957,21778,1.0
13958,21458,1.0
13959,22767,1.0
13960,22768,1.0
13961,21280,1.0
13962,22769,0.65
13962,22770,0.35
13963,22420,1.0
13964,19574,1.0
13965,19448,1.0
13966,22771,1.0
13967,19594,1.0
13968,22772,1.0
13969,22773,1.0
13970,22774,1.0
13971,22775,1.0
13972,22776,1.0
13973,22777,1.0
13974,22778,1.0
13975,20690,1.0
13976,22779,1.0
13977,22780,1.0
13978,22781,1.0
13979,22781,1.0
13980,19285,1.0
13981,22782,1.0
13982,22783,1.0
13983,22784,1.0
13984,19803,1.0
13985,18641,0.814815
13985,22785,0.185185
13986,21762,1.0
13987,18400,1.0
13988,22786,1.0
13989,22787,1.0
13990,22788,1.0
13991,22789,1.0
13992,22790,1.0
13993,22791,1.0
13994,22792,1.0
13995,22793,1.0
13996,22794,1.0
13997,22795,1.0
13998,22796,1.0
13999,22797,1.0
14000,22798,1.0
14001,22799,1.0
14002,18849,1.0
14003,22334,0.933333
14003,22800,0.066667
14004,20287,1.0
14005,22801,0.818182
14005,22802,0.181818
14006,21512,1.0
14007,21667,0.666667
14007,22803,0.333333
14008,22804,1.0
14009,22805,1.0
14010,22806,1.0
14011,22807,1.0
14012,22457,1.0
14013,22808,1.0
14014,22809,1.0
14015,22809,1.0
14016,22810,1.0
14017,22811,1.0
14018,22812,1.0
14019,22813,1.0
14020,22814,1.0
14021,22694,0.92
14021,22815,0.08
14022,21643,0.989529
14022,22816,0.010471
14023,22817,1.0
14024,22818,1.0
14025,22819,1.0
14026,22820,1.0
14027,22821,1.0
14028,20361,1.0
14029,18623,0.605769
14029,20374,0.394231
14030,22822,1.0
14031,22823,1.0
14032,22824,1.0
14033,18751,1.0
14034,18600,1.0
14035,22825,1.0
14036,22826,1.0
14037,22827,1.0
14038,22828,1.0
14039,22829,0.361702
14039,21968,0.638298
14040,21968,1.0
14041,22830,1.0
14042,22831,1.0
14043,22832,1.0
14044,21580,1.0
14045,21811,0.857143
14045,22833,0.142857
14046,22834,1.0
14047,22835,1.0
14048,22836,1.0
14049,22836,0.925
14049,22837,0.075
14050,22838,1.0
14051,22839,1.0
14052,20905,1.0
14053,22840,1.0
14054,21617,1.0
14055,22841,0.833333
14055,19789,0.166667
14056,21840,1.0
14057,22842,1.0
14058,21162,1.0
14059,22843,1.0
14060,22524,1.0
14061,22844,1.0
14062,22845,1.0
14063,22846,1.0
14064,22847,1.0
14065,22848,1.0
14066,22849,1.0
14067,22850,1.0
14068,22851,1.0
14069,22454,1.0
14070,22852,1.0
14071,22683,0.942857
14071,22853,0.057143
14072,22854,0.84
14072,22855,0.16
14073,22856,1.0
14074,22856,1.0
14075,22857,1.0
14076,22858,1.0
14077,22859,1.0
14078,20325,1.0
14079,22860,1.0
14080,22861,1.0
14081,22862,1.0
14082,22863,1.0
14083,22864,1.0
14084,22865,1.0
14085,22866,1.0
14086,22867,1.0
14087,22868,1.0
14088,22869,1.0
14089,22870,1.0
14090,22428,1.0
14091,22871,1.0
14092,22872,1.0
14093,22873,1.0
14094,22874,1.0
14095,21504,1.0
14096,22875,1.0
14097,22876,1.0
14098,22877,1.0
14099,21428,1.0
14100,22878,1.0
14101,18585,1.0
14102,22879,1.0
14103,22880,1.0
14104,22881,1.0
14105,19115,0.928571
14105,22882,0.071429
14106,22883,1.0
14107,22884,1.0
14108,22885,1.0
14109,21561,1.0
14110,22886,1.0
14111,22887,1.0
14112,22888,1.0
14113,22889,1.0
14114,22890,1.0
14115,19523,1.0
14116,19256,1.0
14117,22556,1.0
14118,20011,1.0
14119,22891,1.0
14120,22892,1.0
14121,22893,1.0
14122,22607,1.0
14123,22894,1.0
14124,22895,0.925926
14124,22896,0.074074
14125,22897,1.0
14126,19830,1.0
14127,22898,1.0
14128,22899,1.0
14129,22900,1.0
14130,22901,1.0
14131,20581,0.923077
14131,22902,0.076923
14132,20366,0.846154
14132,22903,0.153846
14133,21516,1.0
14134,22904,1.0
14135,22905,1.0
14136,22906,1.0
14137,22907,1.0
14138,19501,1.0
14139,22908,1.0
14140,22906,0.642857
14140,22909,0.357143
14141,22910,1.0
14142,22911,1.0
14143,19761,1.0
14144,20575,0.833333
14144,22912,0.166667
14145,18481,1.0
14146,20399,1.0
14147,22913,1.0
14148,22914,1.0
14149,22915,1.0
14150,19602,1.0
14151,22916,1.0
14152,22917,0.545455
14152,22592,0.454545
14153,19394,0.727273
14153,22918,0.272727
14154,22829,1.0
14155,22919,1.0
14156,19825,1.0
14157,22920,1.0
14158,22921,1.0
14159,22922,1.0
14160,22923,1.0
14161,22924,1.0
14162,22925,1.0
14163,22926,1.0
14164,22927,1.0
14165,22928,1.0
14166,22929,1.0
14167,21962,1.0
14168,21772,1.0
14169,22930,1.0
14170,22931,1.0
14171,22932,0.555556
14171,20294,0.444444
14172,22933,0.3
14172,21937,0.7
14173,22934,1.0
14174,22935,1.0
14175,21786,1.0
14176,22936,1.0
14177,20632,1.0
14178,21170,0.666667
14178,22937,0.333333
14179,22938,1.0
14180,22939,1.0
14181,22940,1.0
14182,22026,0.818182
14182,22941,0.181818
14183,22060,1.0
14184,22942,1.0
14185,22943,1.0
14186,22944,1.0
14187,22945,1.0
14188,22946,1.0
14189,19387,0.926316
14189,22947,0.073684
14190,22948,1.0
14191,22949,1.0
14192,22950,1.0
14193,21487,1.0
14194,22951,1.0
14195,22952,1.0
14196,22953,1.0
14197,22954,1.0
14198,21221,1.0
14199,22955,1.0
14200,22956,1.0
14201,21038,0.939394
14201,22957,0.060606
14202,22958,1.0
14203,21949,1.0
14204,22461,1.0
14205,22061,1.0
14206,21414,1.0
14207,22959,1.0
14208,19269,1.0
14209,18559,1.0
14210,22960,1.0
14211,22961,1.0
14212,20681,1.0
14213,22962,1.0
14214,20004,1.0
14215,22963,1.0
14216,22964,1.0
14217,22965,0.4
14217,19726,0.6
14218,22966,1.0
14219,22967,1.0
14220,22968,1.0
14221,22969,1.0
14222,22970,1.0
14223,18513,1.0
14224,20918,0.866667
14224,22971,0.133333
14225,22972,1.0
14226,22973,1.0
14227,22974,1.0
14228,22975,1.0
14229,22976,1.0
14230,22976,1.0
14231,22974,1.0
14232,22977,1.0
14233,20971,0.846154
14233,22978,0.153846
14234,20817,1.0
14235,22979,1.0
14236,22980,1.0
14237,22981,1.0
14238,19301,1.0
14239,22969,1.0
14240,22982,0.807692
14240,19511,0.192308
14241,22983,1.0
14242,22984,1.0
14243,22148,1.0
14244,21190,1.0
14245,22985,1.0
14246,21673,0.959459
14246,22986,0.040541
14247,22987,1.0
14248,22988,1.0
14249,22989,1.0
14250,21629,1.0
14251,18932,1.0
14252,22990,0.7
14252,22991,0.3
14253,22992,1.0
14254,22993,0.333333
14254,22707,0.666667
14255,22994,0.285714
14255,22995,0.714286
14256,21724,1.0
14257,22991,1.0
14258,21932,1.0
14259,22996,1.0
14260,22997,1.0
14261,19001,0.995485
14261,22998,0.004515
14262,22999,1.0
14263,23000,1.0
14264,22688,1.0
14265,22689,1.0
14266,23001,1.0
14267,22991,1.0
14268,23002,1.0
14269,23003,1.0
14270,23004,1.0
14271,23005,1.0
14272,21266,1.0
14273,23006,1.0
14274,21819,1.0
14275,23007,1.0
14276,23008,1.0
14277,23009,1.0
14278,23010,1.0
14279,23011,1.0
14280,23012,1.0
14281,23013,1.0
14282,19619,1.0
14283,23014,1.0
14284,21876,1.0
14285,23015,1.0
14286,23016,1.0
14287,23017,1.0
14288,23018,1.0
14289,23019,1.0
14290,23020,1.0
14291,23021,1.0
14292,19588,1.0
14293,22186,1.0
14294,19967,1.0
14295,21996,1.0
14296,23022,1.0
14297,23023,0.833333
14297,23024,0.166667
14298,23025,1.0
14299,23026,1.0
14300,23027,1.0
14301,23028,1.0
14302,23029,1.0
14303,23030,1.0
14304,23031,0.6
14304,23032,0.4
14305,20990,0.307692
14305,23033,0.692308
14306,23034,0.307692
14306,18687,0.692308
14307,22798,1.0
14308,20499,0.941176
14308,23035,0.058824
14309,22826,1.0
14310,20983,1.0
14311,19683,1.0
14312,23036,1.0
14313,23037,1.0
14314,23038,1.0
14315,23039,1.0
14316,23040,1.0
14317,23041,0.4
14317,23042,0.6
14318,19686,1.0
14319,23043,1.0
14320,23044,1.0
14321,23045,1.0
14322,23046,1.0
14323,23047,1.0
14324,23048,1.0
14325,23049,1.0
14326,19371,1.0
14327,23050,1.0
14328,23051,1.0
14329,23052,1.0
14330,23053,1.0
14331,23054,1.0
14332,23055,1.0
14333,20697,1.0
14334,23056,1.0
14335,21001,1.0
14336,23057,1.0
14337,23058,1.0
14338,21299,1.0
14339,23059,1.0
14340,23060,1.0
14341,22130,1.0
14342,23061,1.0
14343,23062,1.0
14344,23063,1.0
14345,23064,1.0
14346,23065,1.0
14347,22761,0.6
14347,23066,0.4
14348,23067,1.0
14349,23068,1.0
14350,23069,1.0
14351,23070,1.0
14352,23071,1.0
14353,23072,1.0
14354,19492,1.0
14355,23073,1.0
14356,23074,1.0
14357,23075,1.0
14358,23076,1.0
14359,23077,1.0
14360,23078,1.0
14361,21122,1.0
14362,20357,1.0
14363,23079,1.0
14364,23080,1.0
14365,23081,1.0
14366,23082,0.411765
14366,23080,0.588235
14367,23083,1.0
14368,19279,1.0
14369,22388,0.645161
14369,23084,0.354839
14370,23085,1.0
14371,23086,1.0
14372,23087,1.0
14373,18894,1.0
14374,22424,1.0
14375,23088,1.0
14376,21381,1.0
14377,23089,1.0
14378,20710,1.0
14379,23090,1.0
14380,23091,1.0
14381,23092,1.0
14382,21601,1.0
14383,22175,0.755556
14383,23093,0.244444
14384,19280,1.0
14385,23094,1.0
14386,18957,1.0
14387,23095,1.0
14388,23096,0.857143
14388,23097,0.142857
14389,21804,1.0
14390,23098,1.0
14391,23099,1.0
14392,23100,1.0
14393,21317,0.796875
14393,23101,0.203125
14394,23102,1.0
14395,20539,1.0
14396,19754,1.0
14397,21918,0.8
14397,23103,0.2
14398,23104,1.0
14399,21913,1.0
14400,23105,1.0
14401,23106,1.0
14402,23107,1.0
14403,19740,1.0
14404,23108,1.0
14405,23109,1.0
14406,23110,0.541667
14406,23111,0.458333
14407,23112,0.642857
14407,23113,0.357143
14408,20681,1.0
14409,23114,1.0
14410,23115,1.0
14411,23116,1.0
14412,23117,1.0
14413,23116,1.0
14414,23118,1.0
14415,19923,1.0
14416,23119,1.0
14417,18931,1.0
14418,23120,1.0
14419,23121,1.0
14420,23122,1.0
14421,21357,1.0
14422,23123,1.0
14423,21823,1.0
14424,23124,1.0
14425,23125,1.0
14426,23126,1.0
14427,23127,1.0
14428,23128,1.0
14429,23129,1.0
14430,23130,1.0
14431,22442,1.0
14432,23131,1.0
14433,21903,1.0
14434,20159,1.0
14435,23132,1.0
14436,22137,1.0
14437,23133,1.0
14438,20225,1.0
14439,22872,1.0
14440,23134,1.0
14441,23135,1.0
14442,23136,1.0
14443,20244,1.0
14444,23136,1.0
14445,18493,1.0
14446,23137,1.0
14447,19169,0.959596
14447,23138,0.040404
14448,23139,1.0
14449,23140,1.0
14450,23141,0.666667
14450,23139,0.333333
14451,23142,1.0
14452,23143,1.0
14453,23144,1.0
14454,20848,0.75
14454,23145,0.25
14455,23146,1.0
14456,23147,1.0
14457,23148,1.0
14458,23149,0.263158
14458,23150,0.736842
14459,23151,1.0
14460,22419,1.0
14461,23152,1.0
14462,23153,1.0
14463,23154,1.0
14464,23155,1.0
14465,23156,1.0
14466,23157,0.684211
14466,21811,0.315789
14467,23158,1.0
14468,23159,1.0
14469,23160,1.0
14470,23161,1.0
14471,20043,1.0
14472,19896,1.0
14473,23162,1.0
14474,20309,1.0
14475,23163,1.0
14476,23164,1.0
14477,23165,1.0
14478,23166,1.0
14479,23167,0.4
14479,23168,0.6
14480,22722,1.0
14481,23169,0.833333
14481,23170,0.166667
14482,23171,0.466667
14482,23172,0.533333
14483,23173,1.0
14484,23174,0.863636
14484,23175,0.136364
14485,23176,1.0
14486,23177,1.0
14487,23178,1.0
14488,23179,1.0
14489,20295,1.0
14490,23180,1.0
14491,23181,0.722222
14491,23182,0.277778
14492,23183,1.0
14493,23184,1.0
14494,23185,1.0
14495,23186,1.0
14496,23187,1.0
14497,22594,1.0
14498,23188,1.0
14499,23189,1.0
14500,21167,1.0
14501,23190,1.0
14502,23191,1.0
14503,21708,1.0
14504,23192,1.0
14505,23193,1.0
14506,23194,1.0
14507,23195,1.0
14508,23196,1.0
14509,23197,1.0
14510,23198,1.0
14511,23199,1.0
14512,23199,1.0
14513,23200,1.0
14514,23201,1.0
14515,21942,1.0
14516,23202,1.0
14517,23203,0.939394
14517,23204,0.060606
14518,23205,1.0
14519,23206,1.0
14520,20539,0.545455
14520,23207,0.454545
14521,23208,1.0
14522,23209,1.0
14523,23210,1.0
14524,23211,1.0
14525,23212,1.0
14526,23213,1.0
14527,23214,1.0
14528,23215,1.0
14529,23216,1.0
14530,23217,1.0
14531,23218,1.0
14532,23219,1.0
14533,23220,1.0
14534,23221,1.0
14535,23222,1.0
14536,23223,1.0
14537,23224,0.916667
14537,23225,0.083333
14538,23226,1.0
14539,18805,0.992832
14539,23227,0.007168
14540,20114,1.0
14541,22782,0.625
14541,23228,0.375
14542,23229,1.0
14543,23230,1.0
14544,19584,1.0
14545,19584,1.0
14546,23231,1.0
14547,23232,1.0
14548,23233,0.25
14548,23234,0.75
14549,23235,1.0
14550,23236,0.615385
14550,23237,0.384615
14551,23238,1.0
14552,23239,1.0
14553,20973,1.0
14554,20015,1.0
14555,23010,1.0
14556,18834,1.0
14557,23240,1.0
14558,23241,1.0
14559,23242,1.0
14560,23243,1.0
14561,23244,1.0
14562,22888,1.0
14563,21102,1.0
14564,23245,1.0
14565,23246,1.0
14566,23247,1.0
14567,23248,1.0
14568,23249,1.0
14569,23250,1.0
14570,23251,1.0
14571,23252,1.0
14572,23253,1.0
14573,21468,1.0
14574,23162,1.0
14575,19537,1.0
14576,23254,1.0
14577,18760,1.0
14578,23255,1.0
14579,23256,1.0
14580,23257,1.0
14581,19424,1.0
14582,23258,1.0
14583,19821,1.0
14584,23259,1.0
14585,23260,1.0
14586,23261,1.0
14587,23262,1.0
14588,23263,1.0
14589,23264,1.0
14590,18711,0.875
14590,23265,0.125
14591,21973,1.0
14592,23266,1.0
14593,19675,1.0
14594,20536,1.0
14595,23267,1.0
14596,23268,1.0
14597,23269,1.0
14598,23270,1.0
14599,23271,1.0
14600,19490,1.0
14601,23272,1.0
14602,23273,1.0
14603,23274,1.0
14604,23275,1.0
14605,18409,0.979487
14605,23276,0.020513
14606,23277,1.0
14607,19198,1.0
14608,23278,1.0
14609,21890,0.818182
14609,23279,0.181818
14610,23280,1.0
14611,23281,1.0
14612,23282,1.0
14613,23283,1.0
14614,23284,1.0
14615,23285,1.0
14616,23286,1.0
14617,23287,1.0
14618,23288,1.0
14619,22823,1.0
14620,23289,1.0
14621,19873,1.0
14622,23290,0.75
14622,23291,0.25
14623,18568,1.0
14624,23292,1.0
14625,21424,1.0
14626,23293,1.0
14627,23294,0.55
14627,23295,0.45
14628,23296,1.0
14629,23297,1.0
14630,23298,1.0
14631,23299,1.0
14632,23300,1.0
14633,23301,1.0
14634,23302,1.0
14635,22029,0.642857
14635,23303,0.357143
14636,23304,1.0
14637,23305,1.0
14638,23306,0.866667
14638,23307,0.133333
14639,23308,1.0
14640,23309,1.0
14641,23302,1.0
14642,23310,1.0
14643,23311,1.0
14644,23312,0.105263
14644,18981,0.894737
14645,23313,1.0
14646,19966,1.0
14647,21829,0.714286
14647,23314,0.285714
14648,23315,1.0
14649,23156,0.821429
14649,23316,0.178571
14650,21432,1.0
14651,23317,1.0
14652,23318,1.0
14653,19976,1.0
14654,23319,1.0
14655,19618,1.0
14656,23320,1.0
14657,20264,1.0
14658,20035,1.0
14659,23321,1.0
14660,23322,0.5625
14660,23323,0.4375
14661,18632,0.91
14661,23324,0.09
14662,23325,1.0
14663,19679,1.0
14664,22929,1.0
14665,21003,1.0
14666,23326,1.0
14667,23327,1.0
14668,19459,1.0
14669,23326,1.0
14670,23328,1.0
14671,21570,1.0
14672,23329,1.0
14673,20179,1.0
14674,21483,1.0
14675,22424,1.0
14676,23330,1.0
14677,23331,1.0
14678,20477,0.925926
14678,23332,0.074074
14679,19465,1.0
14680,23333,1.0
14681,19309,1.0
14682,23334,1.0
14683,23335,1.0
14684,18988,0.466667
14684,23336,0.533333
14685,23337,1.0
14686,23338,1.0
14687,23339,1.0
14688,23340,0.4
14688,23341,0.6
14689,22228,1.0
14690,23342,1.0
14691,23343,1.0
14692,23344,1.0
14693,22231,1.0
14694,23345,1.0
14695,23346,0.105263
14695,20673,0.894737
14696,23347,1.0
14697,23348,0.414634
14697,23349,0.585366
14698,23350,1.0
14699,20175,1.0
14700,23351,1.0
14701,23351,1.0
14702,20102,1.0
14703,23352,0.625
14703,18802,0.375
14704,21306,0.914894
14704,23353,0.085106
14705,20375,1.0
14706,19567,0.846154
14706,23354,0.153846
14707,23355,1.0
14708,19277,1.0
14709,23356,1.0
14710,23357,1.0
14711,23358,1.0
14712,23359,1.0
14713,23360,1.0
14714,22687,1.0
14715,19243,1.0
14716,21924,1.0
14717,23361,1.0
14718,21352,1.0
14719,23362,1.0
14720,22267,1.0
14721,23363,1.0
14722,23364,1.0
14723,21966,1.0
14724,23365,1.0
14725,22810,1.0
14726,23366,1.0
14727,23367,1.0
14728,21880,1.0
14729,20696,1.0
14730,19569,1.0
14731,23368,1.0
14732,18720,0.875
14732,23369,0.125
14733,23370,1.0
14734,23371,1.0
14735,23372,1.0
14736,21964,1.0
14737,23373,1.0
14738,23374,1.0
14739,23375,1.0
14740,23376,1.0
14741,23377,1.0
14742,23378,1.0
14743,18574,1.0
14744,22546,1.0
14745,23379,1.0
14746,19772,1.0
14747,23380,1.0
14748,19218,1.0
14749,23381,1.0
14750,23382,1.0
14751,23383,1.0
14752,23383,1.0
14753,23384,1.0
14754,22640,1.0
14755,23385,1.0
14756,23386,1.0
14757,23387,1.0
14758,18633,0.7
14758,23388,0.3
14759,23389,0.777778
14759,23390,0.222222
14760,18513,0.9
14760,23391,0.1
14761,21818,1.0
14762,23392,1.0
14763,23393,1.0
14764,23394,1.0
14765,21889,1.0
14766,23395,1.0
14767,23396,1.0
14768,23397,1.0
14769,23396,1.0
14770,23398,1.0
14771,22169,1.0
14772,23399,1.0
14773,23400,1.0
14774,23401,1.0
14775,23402,0.75
14775,23403,0.25
14776,23404,1.0
14777,23405,1.0
14778,22424,0.935484
14778,23406,0.064516
14779,22857,1.0
14780,23407,1.0
14781,23408,1.0
14782,23409,1.0
14783,19731,0.853659
14783,23410,0.146341
14784,23411,1.0
14785,23412,0.571429
14785,20339,0.428571
14786,23413,1.0
14787,23414,1.0
14788,21185,1.0
14789,23415,1.0
14790,21572,0.952381
14790,23416,0.047619
14791,19601,0.666667
14791,23417,0.333333
14792,23418,1.0
14793,23419,1.0
14794,20755,1.0
14795,23420,1.0
14796,23421,1.0
14797,23422,1.0
14798,23423,1.0
14799,23424,1.0
14800,23425,1.0
14801,20196,0.73913
14801,23426,0.26087
14802,23427,1.0
14803,23428,0.666667
14803,23429,0.333333
14804,23430,1.0
14805,23403,1.0
14806,23431,1.0
14807,23432,1.0
14808,22876,0.6
14808,23433,0.4
14809,23432,1.0
14810,20983,0.785714
14810,23434,0.214286
14811,23435,0.388889
14811,23436,0.611111
14812,23437,1.0
14813,23438,1.0
14814,23439,1.0
14815,23440,1.0
14816,23441,1.0
14817,23442,1.0
14818,23443,0.444444
14818,23444,0.555556
14819,23445,1.0
14820,23446,0.875
14820,23447,0.125
14821,23448,1.0
14822,23449,1.0
14823,23450,1.0
14824,23451,1.0
14825,23452,1.0
14826,18836,0.961538
14826,23453,0.038462
14827,20714,0.897436
14827,23454,0.102564
14828,23455,1.0
14829,23452,1.0
14830,18887,1.0
14831,19657,1.0
14832,23456,1.0
14833,23457,0.583333
14833,23458,0.416667
14834,23459,1.0
14835,18521,1.0
14836,23460,1.0
14837,23461,1.0
14838,23462,1.0
14839,19167,1.0
14840,23463,1.0
14841,23415,1.0
14842,23464,0.9
14842,23465,0.1
14843,23466,1.0
14844,19770,1.0
14845,19902,1.0
14846,22876,1.0
14847,18498,1.0
14848,23467,1.0
14849,23468,1.0
14850,22615,1.0
14851,23446,1.0
14852,23469,1.0
14853,20672,1.0
14854,20058,1.0
14855,23470,1.0
14856,20691,1.0
14857,23471,1.0
14858,23472,1.0
14859,23473,1.0
14860,23474,1.0
14861,23475,1.0
14862,23476,1.0
14863,23477,0.4
14863,23478,0.6
14864,23479,0.714286
14864,20316,0.285714
14865,19644,0.5
14865,23480,0.5
14866,23481,1.0
14867,23482,1.0
14868,23483,1.0
14869,23484,1.0
14870,23485,1.0
14871,23486,1.0
14872,23487,1.0
14873,23488,1.0
14874,23489,1.0
14875,23490,1.0
14876,18632,1.0
14877,23491,1.0
14878,23492,1.0
14879,23493,1.0
14880,22278,1.0
14881,23020,1.0
14882,23494,0.208791
14882,18544,0.791209
14883,23495,1.0
14884,23496,1.0
14885,23497,1.0
14886,23491,1.0
14887,23498,1.0
14888,23499,1.0
14889,23500,1.0
14890,23501,1.0
14891,23502,1.0
14892,23503,1.0
14893,23504,1.0
14894,23505,1.0
14895,23506,1.0
14896,23507,1.0
14897,23508,1.0
14898,23509,1.0
14899,23318,1.0
14900,20390,1.0
14901,23510,1.0
14902,21812,1.0
14903,23511,1.0
14904,23512,0.666667
14904,23513,0.333333
14905,23514,0.705882
14905,23515,0.294118
14906,20326,1.0
14907,23516,0.6
14907,23517,0.4
14908,19394,1.0
14909,23518,1.0
14910,23519,1.0
14911,23261,0.957447
14911,23520,0.042553
14912,23521,1.0
14913,23522,1.0
14914,23523,1.0
14915,23524,1.0
14916,23476,1.0
14917,23525,1.0
14918,23526,1.0
14919,23527,1.0
14920,23528,1.0
14921,20878,1.0
14922,21471,1.0
14923,18855,0.833333
14923,23529,0.166667
14924,23530,1.0
14925,23531,0.263158
14925,21505,0.736842
14926,23532,1.0
14927,21329,1.0
14928,23533,1.0
14929,23534,1.0
14930,18687,1.0
14931,23535,1.0
14932,23536,1.0
14933,23537,1.0
14934,23538,1.0
14935,23539,1.0
14936,23540,1.0
14937,23541,1.0
14938,19426,1.0
14939,23542,1.0
14940,23543,1.0
14941,23544,1.0
14942,22544,1.0
14943,22505,1.0
14944,23545,1.0
14945,23546,1.0
14946,23547,1.0
14947,23548,1.0
14948,21520,0.9
14948,23549,0.1
14949,22030,0.960784
14949,23550,0.039216
14950,21962,1.0
14951,23551,1.0
14952,20291,0.5
14952,23552,0.5
14953,19263,1.0
14954,23553,1.0
14955,23554,0.833333
14955,23555,0.166667
14956,23556,1.0
14957,23557,1.0
14958,23558,1.0
14959,23559,1.0
14960,23560,1.0
14961,22321,1.0
14962,23561,1.0
14963,23562,1.0
14964,21502,0.864865
14964,23563,0.135135
14965,23564,1.0
14966,23479,1.0
14967,23565,1.0
14968,23566,1.0
14969,23567,1.0
14970,23568,1.0
14971,23569,1.0
14972,23570,1.0
14973,23571,1.0
14974,23572,1.0
14975,23573,1.0
14976,23574,1.0
14977,23575,1.0
14978,20432,1.0
14979,21102,1.0
14980,22309,1.0
14981,18930,1.0
14982,23576,1.0
14983,19728,1.0
14984,23577,1.0
14985,22053,1.0
14986,23578,1.0
14987,23579,1.0
14988,23580,1.0
14989,23581,1.0
14990,20237,1.0
14991,23582,1.0
14992,23583,1.0
14993,22848,1.0
14994,23584,1.0
14995,23585,0.625
14995,22350,0.375
14996,23584,1.0
14997,23586,1.0
14998,23587,1.0
14999,22582,1.0
15000,23588,1.0
15001,23589,1.0
15002,23590,1.0
15003,23591,1.0
15004,23592,1.0
15005,23593,1.0
15006,23594,1.0
15007,23595,1.0
15008,23596,1.0
15009,23597,1.0
15010,23598,1.0
15011,23599,1.0
15012,23600,1.0
15013,23601,1.0
15014,23602,1.0
15015,23603,1.0
15016,23604,0.869565
15016,23605,0.130435
15017,23606,1.0
15018,23604,1.0
15019,23607,0.833333
15019,23608,0.166667
15020,23609,0.714286
15020,23610,0.285714
15021,22269,1.0
15022,23611,1.0
15023,23612,1.0
15024,23613,1.0
15025,19039,0.923077
15025,23614,0.076923
15026,23156,1.0
15027,23615,1.0
15028,23616,1.0
15029,23617,1.0
15030,23618,1.0
15031,23619,1.0
15032,23620,1.0
15033,21126,0.957447
15033,23621,0.042553
15034,23622,0.294118
15034,23623,0.705882
15035,18754,0.8
15035,23624,0.2
15036,23625,1.0
15037,23626,1.0
15038,23627,1.0
15039,23628,1.0
15040,23629,1.0
15041,23630,1.0
15042,20896,1.0
15043,23631,1.0
15044,23632,1.0
15045,23078,1.0
15046,23633,1.0
15047,22329,0.846154
15047,23634,0.153846
15048,23635,1.0
15049,23636,1.0
15050,23637,1.0
15051,23638,1.0
15052,23639,1.0
15053,23640,1.0
15054,23633,1.0
15055,23641,1.0
15056,23642,1.0
15057,21623,1.0
15058,23643,1.0
15059,23644,1.0
15060,21836,0.960784
15060,23645,0.039216
15061,23646,1.0
15062,23647,1.0
15063,23648,1.0
15064,23649,1.0
15065,23650,1.0
15066,20217,1.0
15067,23651,1.0
15068,20741,1.0
15069,21640,0.875
15069,23652,0.125
15070,19153,0.975904
15070,23653,0.024096
15071,23654,1.0
15072,22388,1.0
15073,23655,1.0
15074,23656,1.0
15075,22778,1.0
15076,23657,0.416667
15076,19804,0.583333
15077,23658,1.0
15078,23659,1.0
15079,23660,1.0
15080,23661,1.0
15081,23662,0.5
15081,23663,0.5
15082,23664,1.0
15083,23655,0.857143
15083,23665,0.142857
15084,23666,1.0
15085,23594,1.0
15086,23667,1.0
15087,23668,1.0
15088,23669,1.0
15089,23670,1.0
15090,23671,1.0
15091,21880,1.0
15092,23672,1.0
15093,23673,1.0
15094,23674,1.0
15095,23675,1.0
15096,23676,0.846154
15096,19910,0.153846
15097,23677,1.0
15098,23678,0.936508
15098,23679,0.063492
15099,23680,1.0
15100,23174,1.0
15101,23681,1.0
15102,23682,1.0
15103,23683,1.0
15104,23684,1.0
15105,23685,1.0
15106,23686,1.0
15107,22674,1.0
15108,23687,1.0
15109,23688,1.0
15110,23689,1.0
15111,23690,1.0
15112,23691,1.0
15113,23692,1.0
15114,23693,1.0
15115,23694,1.0
15116,23695,0.714286
15116,23696,0.285714
15117,23697,1.0
15118,23698,1.0
15119,23699,1.0
15120,23700,1.0
15121,23701,1.0
15122,23702,1.0
15123,23703,1.0
15124,23069,1.0
15125,23702,1.0
15126,18685,1.0
15127,20289,1.0
15128,23038,1.0
15129,23704,1.0
15130,19432,1.0
15131,23705,1.0
15132,23706,1.0
15133,20199,0.583333
15133,23707,0.416667
15134,23708,1.0
15135,23709,1.0
15136,23710,0.785714
15136,22114,0.214286
15137,23711,1.0
15138,23712,1.0
15139,23713,0.666667
15139,23714,0.333333
15140,23715,1.0
15141,23716,1.0
15142,23717,1.0
15143,23718,1.0
15144,23719,1.0
15145,21999,1.0
15146,23720,1.0
15147,23721,1.0
15148,23722,1.0
15149,23723,1.0
15150,23724,1.0
15151,20778,1.0
15152,23725,1.0
15153,23726,1.0
15154,20746,0.884615
15154,23727,0.115385
15155,23728,1.0
15156,23729,1.0
15157,23730,1.0
15158,23731,1.0
15159,21300,1.0
15160,23732,1.0
15161,23733,1.0
15162,23734,1.0
15163,19027,1.0
15164,23735,1.0
15165,23736,1.0
15166,23737,1.0
15167,21060,1.0
15168,23738,1.0
15169,19122,0.913043
15169,23739,0.086957
15170,23740,1.0
15171,23741,0.555556
15171,21093,0.444444
15172,19653,0.923077
15172,23742,0.076923
15173,23743,1.0
15174,23744,1.0
15175,21104,1.0
15176,20743,1.0
15177,23745,1.0
15178,18749,1.0
15179,23746,1.0
15180,23747,1.0
15181,23748,1.0
15182,23749,1.0
15183,23750,1.0
15184,23751,1.0
15185,22812,1.0
15186,23752,1.0
15187,23235,1.0
15188,23235,1.0
15189,21382,1.0
15190,23753,1.0
15191,23754,1.0
15192,23755,1.0
15193,23756,0.25
15193,20010,0.75
15194,23757,1.0
15195,23758,1.0
15196,23759,1.0
15197,19313,1.0
15198,23760,1.0
15199,23761,0.714286
15199,23762,0.285714
15200,23763,1.0
15201,22910,1.0
15202,23764,1.0
15203,23765,1.0
15204,20734,1.0
15205,23766,1.0
15206,20761,1.0
15207,23767,1.0
15208,23768,1.0
15209,23769,1.0
15210,23770,1.0
15211,23771,1.0
15212,22753,1.0
15213,23772,1.0
15214,23773,1.0
15215,23774,1.0
15216,23775,1.0
15217,23776,0.823529
15217,23777,0.176471
15218,23778,1.0
15219,23779,1.0
15220,23111,1.0
15221,19053,1.0
15222,23780,0.481481
15222,20103,0.518519
15223,23781,1.0
15224,23782,1.0
15225,23783,1.0
15226,23784,1.0
15227,19293,0.923077
15227,23785,0.076923
15228,18738,1.0
15229,23786,1.0
15230,23787,1.0
15231,23788,1.0
15232,22246,1.0
15233,23789,0.625
15233,23790,0.375
15234,23042,1.0
15235,23791,1.0
15236,23792,1.0
15237,23793,1.0
15238,23282,1.0
15239,22721,1.0
15240,23794,1.0
15241,23795,1.0
15242,23792,1.0
15243,23796,0.882353
15243,23797,0.117647
15244,21524,1.0
15245,23798,1.0
15246,23631,1.0
15247,23799,1.0
15248,23794,1.0
15249,23570,1.0
15250,23800,1.0
15251,23801,1.0
15252,23802,1.0
15253,23803,1.0
15254,23804,1.0
15255,23805,1.0
15256,23805,0.769231
15256,23806,0.230769
15257,19262,0.946565
15257,23807,0.053435
15258,22246,1.0
15259,19790,1.0
15260,23808,1.0
15261,19051,1.0
15262,20604,1.0
15263,23809,1.0
15264,23810,1.0
15265,23811,1.0
15266,23812,1.0
15267,23813,1.0
15268,23814,1.0
15269,19288,1.0
15270,23815,1.0
15271,23816,1.0
15272,23817,1.0
15273,23818,1.0
15274,23819,1.0
15275,23820,0.708333
15275,18558,0.291667
15276,23821,1.0
15277,23822,0.392857
15277,23823,0.607143
15278,20613,1.0
15279,23824,1.0
15280,23753,1.0
15281,20535,0.952381
15281,23825,0.047619
15282,20498,1.0
15283,22759,1.0
15284,23826,1.0
15285,23827,1.0
15286,23828,1.0
15287,23829,1.0
15288,18562,1.0
15289,23830,1.0
15290,23831,1.0
15291,21362,1.0
15292,23832,1.0
15293,21908,1.0
15294,20746,1.0
15295,18620,1.0
15296,20986,1.0
15297,23833,1.0
15298,23834,1.0
15299,23835,1.0
15300,23836,1.0
15301,22740,1.0
15302,23837,1.0
15303,23838,1.0
15304,23839,1.0
15305,23840,0.348837
15305,19640,0.651163
15306,18713,1.0
15307,22562,1.0
15308,19923,1.0
15309,23841,0.277778
15309,19017,0.722222
15310,23842,0.428571
15310,23843,0.571429
15311,23844,0.529412
15311,23845,0.470588
15312,21109,0.909091
15312,23846,0.090909
15313,21687,1.0
15314,23847,1.0
15315,23848,1.0
15316,22318,1.0
15317,23685,1.0
15318,21897,1.0
15319,23849,1.0
15320,22259,1.0
15321,22819,1.0
15322,19229,1.0
15323,19229,1.0
15324,23850,1.0
15325,23851,1.0
15326,23852,1.0
15327,23853,1.0
15328,22819,1.0
15329,23854,1.0
15330,23855,1.0
15331,23856,1.0
15332,23857,1.0
15333,21284,1.0
15334,23858,1.0
15335,19837,0.875
15335,23859,0.125
15336,23860,1.0
15337,23861,1.0
15338,23862,1.0
15339,23863,1.0
15340,18893,1.0
15341,23864,1.0
15342,23865,1.0
15343,19978,1.0
15344,23866,1.0
15345,23867,1.0
15346,23863,1.0
15347,23868,1.0
15348,23869,1.0
15349,23870,1.0
15350,20550,1.0
15351,23871,1.0
15352,23872,1.0
15353,23873,0.880952
15353,23874,0.119048
15354,23875,1.0
15355,23876,1.0
15356,23877,1.0
15357,23878,1.0
15358,23879,0.833333
15358,23880,0.166667
15359,23881,1.0
15360,22590,1.0
15361,23879,1.0
15362,23882,1.0
15363,23883,1.0
15364,23884,1.0
15365,21975,1.0
15366,23885,1.0
15367,23886,1.0
15368,20543,1.0
15369,23887,1.0
15370,23888,1.0
15371,23889,1.0
15372,23890,1.0
15373,21572,1.0
15374,23891,1.0
15375,23892,1.0
15376,23893,1.0
15377,23894,1.0
15378,23895,1.0
15379,23896,1.0
15380,19099,0.636364
15380,23897,0.363636
15381,19095,0.692308
15381,23898,0.307692
15382,23899,1.0
15383,23900,1.0
15384,23901,1.0
15385,23902,1.0
15386,23903,1.0
15387,23904,1.0
15388,23905,1.0
15389,23906,1.0
15390,23907,1.0
15391,23908,1.0
15392,23905,0.902439
15392,23909,0.097561
15393,23910,1.0
15394,20327,1.0
15395,23911,1.0
15396,23912,1.0
15397,23913,0.75
15397,23914,0.25
15398,23915,1.0
15399,23916,1.0
15400,23917,1.0
15401,23918,1.0
15402,22082,1.0
15403,23919,1.0
15404,23920,1.0
15405,23921,1.0
15406,23922,1.0
15407,23923,0.533333
15407,23924,0.466667
15408,23925,1.0
15409,23926,1.0
15410,23927,1.0
15411,23928,1.0
15412,23929,1.0
15413,18943,1.0
15414,22167,1.0
15415,23930,1.0
15416,22617,1.0
15417,23931,1.0
15418,23932,1.0
15419,23933,1.0
15420,23478,1.0
15421,23478,1.0
15422,23934,1.0
15423,23935,1.0
15424,23936,1.0
15425,23937,1.0
15426,23938,1.0
15427,23939,1.0
15428,23940,1.0
15429,23941,1.0
15430,23942,1.0
15431,23943,1.0
15432,23294,1.0
15433,23944,1.0
15434,23945,1.0
15435,23946,1.0
15436,23914,1.0
15437,23947,1.0
15438,23948,1.0
15439,23948,1.0
15440,23947,1.0
15441,23943,1.0
15442,20511,1.0
15443,23949,1.0
15444,23950,1.0
15445,23951,1.0
15446,23952,1.0
15447,23953,1.0
15448,23954,1.0
15449,23955,1.0
15450,21756,1.0
15451,23956,1.0
15452,23957,1.0
15453,23958,1.0
15454,23784,1.0
15455,23959,1.0
15456,22033,1.0
15457,21219,0.45
15457,23960,0.55
15458,19143,1.0
15459,21708,1.0
15460,20445,1.0
15461,23961,1.0
15462,23962,1.0
15463,20871,1.0
15464,21373,1.0
15465,23963,1.0
15466,23964,1.0
15467,23965,1.0
15468,23966,1.0
15469,23967,1.0
15470,23968,0.333333
15470,23969,0.666667
15471,23970,1.0
15472,23971,1.0
15473,23972,1.0
15474,19318,1.0
15475,23973,1.0
15476,23974,1.0
15477,23975,1.0
15478,23976,1.0
15479,23977,1.0
15480,23978,1.0
15481,22318,0.857143
15481,23979,0.142857
15482,23980,1.0
15483,23981,1.0
15484,23982,1.0
15485,20250,1.0
15486,23983,1.0
15487,19631,0.888889
15487,23984,0.111111
15488,23985,1.0
15489,19838,0.566667
15489,23986,0.433333
15490,23987,1.0
15491,23988,0.555556
15491,23989,0.444444
15492,23990,0.75
15492,23991,0.25
15493,23992,1.0
15494,23993,1.0
15495,19950,0.6
15495,23994,0.4
15496,23995,1.0
15497,21215,1.0
15498,19019,1.0
15499,23996,0.608696
15499,19019,0.391304
15500,23997,1.0
15501,23998,1.0
15502,23999,1.0
15503,24000,1.0
15504,24001,1.0
15505,24002,1.0
15506,22159,1.0
15507,24003,1.0
15508,24004,1.0
15509,20731,1.0
15510,24005,1.0
15511,24006,1.0
15512,23345,1.0
15513,22412,1.0
15514,24007,1.0
15515,24008,1.0
15516,24009,1.0
15517,24010,1.0
15518,21793,1.0
15519,24011,1.0
15520,24012,1.0
15521,20556,1.0
15522,24013,1.0
15523,19602,0.85
15523,24014,0.15
15524,24015,1.0
15525,23908,1.0
15526,24016,1.0
15527,24017,1.0
15528,24018,1.0
15529,18516,0.705882
15529,24019,0.294118
15530,22379,0.909091
15530,24020,0.090909
15531,20015,1.0
15532,24021,1.0
15533,24022,1.0
15534,23327,1.0
15535,24023,1.0
15536,24024,1.0
15537,24025,1.0
15538,24026,1.0
15539,24027,1.0
15540,24028,0.545455
15540,24029,0.454545
15541,24030,1.0
15542,24031,1.0
15543,24032,1.0
15544,24033,1.0
15545,19226,1.0
15546,24034,1.0
15547,24035,1.0
15548,24036,1.0
15549,24037,1.0
15550,24038,1.0
15551,24039,1.0
15552,24040,1.0
15553,24041,1.0
15554,24042,1.0
15555,24043,1.0
15556,23455,1.0
15557,24044,1.0
15558,24045,1.0
15559,24046,1.0
15560,24047,1.0
15561,24048,1.0
15562,19433,1.0
15563,19433,0.764706
15563,24049,0.235294
15564,24050,1.0
15565,24051,1.0
15566,24052,1.0
15567,23705,1.0
15568,19082,1.0
15569,24053,1.0
15570,24054,1.0
15571,18780,0.866667
15571,24055,0.133333
15572,24056,0.777778
15572,24057,0.222222
15573,24058,1.0
15574,21053,0.866667
15574,24059,0.133333
15575,22545,1.0
15576,24060,1.0
15577,24061,1.0
15578,24056,1.0
15579,21522,0.857143
15579,24062,0.142857
15580,24063,1.0
15581,24064,1.0
15582,20183,1.0
15583,21554,1.0
15584,24065,1.0
15585,24066,1.0
15586,24067,1.0
15587,24068,0.714286
15587,24069,0.285714
15588,24070,1.0
15589,24071,1.0
15590,24072,1.0
15591,23430,1.0
15592,24073,0.5
15592,24074,0.5
15593,24075,0.75
15593,24076,0.25
15594,24077,1.0
15595,24078,1.0
15596,23586,1.0
15597,20008,0.818182
15597,24079,0.181818
15598,24080,0.75
15598,24081,0.25
15599,24082,0.285714
15599,21342,0.714286
15600,24080,1.0
15601,22162,1.0
15602,24083,1.0
15603,24084,1.0
15604,24070,1.0
15605,24085,1.0
15606,24086,1.0
15607,24071,1.0
15608,24087,1.0
15609,24088,1.0
15610,24088,1.0
15611,24089,1.0
15612,24090,1.0
15613,24091,0.62069
15613,22345,0.37931
15614,22639,1.0
15615,24092,1.0
15616,24093,1.0
15617,24094,1.0
15618,23899,0.75
15618,24095,0.25
15619,24096,1.0
15620,24097,1.0
15621,24098,1.0
15622,24099,1.0
15623,22830,0.888889
15623,24100,0.111111
15624,22371,1.0
15625,24101,1.0
15626,24102,1.0
15627,22602,1.0
15628,24103,1.0
15629,24104,1.0
15630,24105,1.0
15631,20332,1.0
15632,24106,1.0
15633,24107,1.0
15634,24108,1.0
15635,24109,1.0
15636,24110,1.0
15637,24111,1.0
15638,23362,0.833333
15638,24112,0.166667
15639,24113,1.0
15640,19655,1.0
15641,24114,1.0
15642,24115,1.0
15643,24116,1.0
15644,20974,1.0
15645,24117,1.0
15646,24118,0.5
15646,20272,0.5
15647,21059,1.0
15648,24119,1.0
15649,22779,1.0
15650,24120,1.0
15651,24121,1.0
15652,24122,1.0
15653,24123,1.0
15654,21090,0.92
15654,24124,0.08
15655,24125,0.8
15655,24126,0.2
15656,18643,1.0
15657,24127,1.0
15658,19662,0.866667
15658,24128,0.133333
15659,24129,1.0
15660,24130,1.0
15661,24131,1.0
15662,24132,1.0
15663,24133,1.0
15664,24134,1.0
15665,24135,1.0
15666,24136,1.0
15667,23805,1.0
15668,18632,0.975
15668,24137,0.025
15669,22039,0.857143
15669,24138,0.142857
15670,24139,1.0
15671,24140,1.0
15672,24141,1.0
15673,23793,1.0
15674,24142,1.0
15675,18984,1.0
15676,24143,1.0
15677,24144,1.0
15678,24145,1.0
15679,24146,1.0
15680,24147,1.0
15681,24148,0.771429
15681,24149,0.228571
15682,24150,1.0
15683,24151,1.0
15684,24152,1.0
15685,24153,1.0
15686,19774,0.888889
15686,24154,0.111111
15687,23190,1.0
15688,24142,0.84
15688,24155,0.16
15689,24156,0.888889
15689,24157,0.111111
15690,20304,1.0
15691,24158,1.0
15692,24159,1.0
15693,24160,1.0
15694,22244,1.0
15695,24161,1.0
15696,24162,1.0
15697,22166,0.75
15697,24163,0.25
15698,24164,1.0
15699,24165,1.0
15700,22131,1.0
15701,24166,1.0
15702,24167,1.0
15703,19746,0.666667
15703,24168,0.333333
15704,24169,1.0
15705,24170,1.0
15706,24171,1.0
15707,24172,1.0
15708,24173,1.0
15709,24174,1.0
15710,22840,1.0
15711,20722,1.0
15712,24175,1.0
15713,24176,1.0
15714,24177,1.0
15715,24178,1.0
15716,24179,1.0
15717,20940,0.904762
15717,24180,0.095238
15718,24181,1.0
15719,24182,1.0
15720,24183,1.0
15721,24184,1.0
15722,24185,1.0
15723,24186,1.0
15724,20216,1.0
15725,19601,0.6875
15725,24187,0.3125
15726,24188,1.0
15727,24189,1.0
15728,24190,1.0
15729,24191,1.0
15730,24192,1.0
15731,24193,1.0
15732,24194,1.0
15733,24195,1.0
15734,21371,1.0
15735,24196,1.0
15736,24197,1.0
15737,24198,1.0
15738,24199,1.0
15739,24200,1.0
15740,24201,1.0
15741,21516,1.0
15742,24202,0.846154
15742,24203,0.153846
15743,22706,1.0
15744,24204,1.0
15745,24204,1.0
15746,23114,1.0
15747,24205,1.0
15748,23112,1.0
15749,24206,1.0
15750,20969,1.0
15751,24207,1.0
15752,21863,1.0
15753,23058,1.0
15754,21945,1.0
15755,24208,1.0
15756,24209,1.0
15757,24210,1.0
15758,24211,1.0
15759,24212,1.0
15760,23975,1.0
15761,23231,1.0
15762,24213,1.0
15763,24214,1.0
15764,24215,0.875
15764,24216,0.125
15765,24217,1.0
15766,24218,1.0
15767,24219,1.0
15768,24220,1.0
15769,24221,1.0
15770,23609,1.0
15771,21820,1.0
15772,24222,1.0
15773,24223,1.0
15774,24224,1.0
15775,20856,1.0
15776,24225,1.0
15777,24226,1.0
15778,24227,1.0
15779,24228,1.0
15780,24229,1.0
15781,18956,0.857143
15781,24230,0.142857
15782,24231,1.0
15783,24232,1.0
15784,24233,1.0
15785,24234,1.0
15786,24235,1.0
15787,24236,1.0
15788,19854,1.0
15789,24237,1.0
15790,23164,1.0
15791,24238,1.0
15792,20020,1.0
15793,24239,1.0
15794,22667,1.0
15795,24240,1.0
15796,24241,1.0
15797,19814,1.0
15798,24242,1.0
15799,24243,1.0
15800,21492,1.0
15801,20798,1.0
15802,24244,0.590909
15802,24245,0.409091
15803,24246,1.0
15804,21757,0.857143
15804,24247,0.142857
15805,24248,1.0
15806,24249,1.0
15807,24250,0.666667
15807,24251,0.333333
15808,24252,1.0
15809,18841,1.0
15810,24253,1.0
15811,24254,1.0
15812,24255,1.0
15813,24256,1.0
15814,24257,0.733333
15814,24258,0.266667
15815,24259,1.0
15816,24260,1.0
15817,24261,1.0
15818,22806,1.0
15819,24262,1.0
15820,21681,0.75
15820,24263,0.25
15821,21476,1.0
15822,20637,1.0
15823,24264,1.0
15824,24265,1.0
15825,24266,1.0
15826,24267,1.0
15827,20565,0.777778
15827,24268,0.222222
15828,24269,1.0
15829,24270,1.0
15830,24271,1.0
15831,24272,1.0
15832,24273,1.0
15833,24274,1.0
15834,24275,1.0
15835,24276,1.0
15836,24277,1.0
15837,19887,1.0
15838,20951,0.15
15838,24278,0.85
15839,24279,1.0
15840,22422,1.0
15841,22895,1.0
15842,24280,1.0
15843,24281,1.0
15844,20844,1.0
15845,24282,1.0
15846,23524,1.0
15847,24283,1.0
15848,21064,1.0
15849,24284,0.875
15849,24285,0.125
15850,24286,1.0
15851,24287,1.0
15852,24251,0.714286
15852,24288,0.285714
15853,18838,1.0
15854,24289,1.0
15855,24290,0.724138
15855,24291,0.275862
15856,23450,1.0
15857,24292,1.0
15858,20499,0.959184
15858,24293,0.040816
15859,24294,1.0
15860,24295,1.0
15861,24296,1.0
15862,24297,1.0
15863,24298,1.0
15864,24299,1.0
15865,24300,1.0
15866,22532,1.0
15867,24301,1.0
15868,24302,1.0
15869,24303,1.0
15870,24304,1.0
15871,24305,1.0
15872,24306,1.0
15873,24307,1.0
15874,21856,1.0
15875,24308,1.0
15876,24309,1.0
15877,18493,1.0
15878,24310,1.0
15879,21466,1.0
15880,24311,1.0
15881,20936,1.0
15882,24312,1.0
15883,24312,1.0
15884,24313,0.166667
15884,24314,0.833333
15885,24315,1.0
15886,24316,1.0
15887,20212,0.902439
15887,19439,0.097561
15888,24317,1.0
15889,24318,1.0
15890,24319,1.0
15891,24320,1.0
15892,24321,1.0
15893,24322,1.0
15894,24323,1.0
15895,24202,0.857143
15895,24324,0.142857
15896,22817,0.934426
15896,24325,0.065574
15897,23127,1.0
15898,24326,1.0
15899,24327,1.0
15900,24328,1.0
15901,23790,0.75
15901,24329,0.25
15902,24330,0.666667
15902,19840,0.333333
15903,24331,1.0
15904,24332,1.0
15905,24333,1.0
15906,22667,1.0
15907,20729,1.0
15908,24334,1.0
15909,24335,1.0
15910,23242,1.0
15911,18847,1.0
15912,23294,1.0
15913,21538,1.0
15914,24336,1.0
15915,24337,1.0
15916,24338,1.0
15917,21151,1.0
15918,24339,1.0
15919,24340,1.0
15920,24341,1.0
15921,24342,1.0
15922,21342,1.0
15923,24343,1.0
15924,24344,0.428571
15924,24345,0.571429
15925,24346,1.0
15926,24347,1.0
15927,24348,1.0
15928,24349,1.0
15929,24350,1.0
15930,24351,1.0
15931,24352,1.0
15932,24353,0.361111
15932,24354,0.638889
15933,24355,1.0
15934,23172,1.0
15935,24356,0.555556
15935,24357,0.444444
15936,24358,1.0
15937,24359,1.0
15938,24269,1.0
15939,22221,1.0
15940,24360,1.0
15941,24361,1.0
15942,24362,1.0
15943,21626,1.0
15944,24363,1.0
15945,19711,1.0
15946,24364,1.0
15947,24365,1.0
15948,24366,1.0
15949,19402,1.0
15950,23043,1.0
15951,24367,1.0
15952,21666,1.0
15953,24368,1.0
15954,24369,1.0
15955,24370,1.0
15956,21334,1.0
15957,24371,1.0
15958,24372,1.0
15959,22006,1.0
15960,24373,1.0
15961,22284,1.0
15962,24374,0.92
15962,24375,0.08
15963,20724,1.0
15964,20844,1.0
15965,24376,1.0
15966,24373,1.0
15967,19899,1.0
15968,24377,1.0
15969,23287,1.0
15970,24378,1.0
15971,23526,1.0
15972,24379,1.0
15973,19742,0.935484
15973,24380,0.064516
15974,24381,0.25
15974,19069,0.75
15975,23718,1.0
15976,21880,1.0
15977,24382,1.0
15978,24383,1.0
15979,20549,0.846154
15979,24384,0.153846
15980,20463,1.0
15981,19019,1.0
15982,24385,1.0
15983,24386,1.0
15984,21472,1.0
15985,22683,1.0
15986,20448,1.0
15987,24387,1.0
15988,19315,1.0
15989,24388,1.0
15990,24389,1.0
15991,24390,1.0
15992,24391,1.0
15993,24392,1.0
15994,23001,1.0
15995,24393,1.0
15996,19293,0.631579
15996,24394,0.368421
15997,24395,1.0
15998,24396,1.0
15999,24397,1.0
16000,24398,1.0
16001,24399,1.0
16002,21067,0.666667
16002,24400,0.333333
16003,24401,1.0
16004,24402,1.0
16005,24403,1.0
16006,24404,1.0
16007,24405,1.0
16008,24406,1.0
16009,24407,1.0
16010,24408,0.5
16010,24409,0.5
16011,24410,1.0
16012,24411,1.0
16013,20613,0.416667
16013,24412,0.583333
16014,19003,1.0
16015,24013,1.0
16016,24413,1.0
16017,24407,1.0
16018,24414,1.0
16019,24415,1.0
16020,24416,0.84
16020,24417,0.16
16021,24418,1.0
16022,23342,1.0
16023,24419,1.0
16024,19221,0.818182
16024,23823,0.181818
16025,24420,1.0
16026,24421,1.0
16027,20573,1.0
16028,24422,1.0
16029,24423,1.0
16030,21071,1.0
16031,24424,1.0
16032,24425,1.0
16033,24426,1.0
16034,24427,1.0
16035,24428,1.0
16036,21926,1.0
16037,24429,1.0
16038,24430,1.0
16039,24431,1.0
16040,24432,1.0
16041,23462,1.0
16042,18535,1.0
16043,24431,1.0
16044,24433,1.0
16045,23663,0.444444
16045,24434,0.555556
16046,24435,1.0
16047,24436,1.0
16048,24437,1.0
16049,24438,1.0
16050,24439,1.0
16051,21891,0.972603
16051,24440,0.027397
16052,23266,1.0
16053,24441,1.0
16054,19433,1.0
16055,24442,1.0
16056,23128,1.0
16057,24443,1.0
16058,24444,1.0
16059,21311,1.0
16060,24445,1.0
16061,24446,1.0
16062,24447,0.583333
16062,24448,0.416667
16063,21015,1.0
16064,21772,0.884615
16064,24449,0.115385
16065,24450,1.0
16066,24451,1.0
16067,24452,1.0
16068,21971,1.0
16069,24453,1.0
16070,20184,1.0
16071,23523,1.0
16072,24454,1.0
16073,24455,1.0
16074,24456,1.0
16075,24457,1.0
16076,24458,1.0
16077,23096,0.5
16077,24459,0.5
16078,21250,1.0
16079,24460,1.0
16080,24461,1.0
16081,20503,1.0
16082,24462,1.0
16083,24462,0.666667
16083,24463,0.333333
16084,24464,1.0
16085,24465,1.0
16086,22733,1.0
16087,24466,1.0
16088,24467,1.0
16089,24468,0.222222
16089,24469,0.777778
16090,22715,1.0
16091,24470,1.0
16092,23812,1.0
16093,24471,1.0
16094,22332,1.0
16095,24472,1.0
16096,22339,1.0
16097,24473,1.0
16098,24474,1.0
16099,22160,1.0
16100,24475,1.0
16101,24476,1.0
16102,24477,1.0
16103,23139,1.0
16104,23488,0.6
16104,24478,0.4
16105,24479,1.0
16106,23488,1.0
16107,24480,1.0
16108,20618,1.0
16109,24481,1.0
16110,18519,0.913043
16110,24482,0.086957
16111,24483,0.333333
16111,18915,0.666667
16112,24484,1.0
16113,24485,1.0
16114,24486,1.0
16115,24487,1.0
16116,24156,1.0
16117,24488,1.0
16118,24489,1.0
16119,19696,0.903614
16119,24490,0.096386
16120,20973,0.631579
16120,24491,0.368421
16121,24492,1.0
16122,19101,1.0
16123,24493,1.0
16124,24494,1.0
16125,24495,1.0
16126,24496,1.0
16127,24497,1.0
16128,24498,1.0
16129,24499,1.0
16130,24500,1.0
16131,24501,0.6
16131,24502,0.4
16132,24503,1.0
16133,24504,1.0
16134,24505,1.0
16135,24506,1.0
16136,19173,0.949153
16136,24507,0.050847
16137,24508,1.0
16138,24504,1.0
16139,21399,1.0
16140,24509,1.0
16141,24510,1.0
16142,24511,1.0
16143,24512,1.0
16144,24513,1.0
16145,21479,1.0
16146,24514,1.0
16147,24515,1.0
16148,24516,1.0
16149,24517,1.0
16150,19003,1.0
16151,24518,1.0
16152,20141,0.928571
16152,24519,0.071429
16153,21611,1.0
16154,24520,1.0
16155,22222,1.0
16156,24521,1.0
16157,24522,1.0
16158,24523,0.814815
16158,20000,0.185185
16159,24524,1.0
16160,24525,1.0
16161,24526,1.0
16162,24527,1.0
16163,24528,1.0
16164,24529,1.0
16165,19146,0.868421
16165,24530,0.131579
16166,24531,1.0
16167,19840,1.0
16168,19599,1.0
16169,24532,1.0
16170,24533,1.0
16171,24534,1.0
16172,24535,1.0
16173,24536,1.0
16174,21874,1.0
16175,24537,1.0
16176,24538,1.0
16177,24539,1.0
16178,24540,1.0
16179,24541,1.0
16180,24225,1.0
16181,22337,1.0
16182,24542,1.0
16183,24543,1.0
16184,24544,1.0
16185,24545,1.0
16186,19793,1.0
16187,24546,1.0
16188,24547,1.0
16189,24548,1.0
16190,24549,1.0
16191,22156,1.0
16192,19138,1.0
16193,20271,1.0
16194,24550,1.0
16195,22746,1.0
16196,24551,1.0
16197,23074,1.0
16198,23184,0.6
16198,24552,0.4
16199,24201,1.0
16200,24553,1.0
16201,24554,1.0
16202,18840,1.0
16203,18451,1.0
16204,24555,1.0
16205,21405,1.0
16206,24556,1.0
16207,24557,1.0
16208,24558,1.0
16209,24559,1.0
16210,24560,1.0
16211,19825,1.0
16212,24561,1.0
16213,24562,1.0
16214,24563,1.0
16215,24564,1.0
16216,24565,1.0
16217,24566,1.0
16218,24567,1.0
16219,24568,1.0
16220,22400,1.0
16221,21651,1.0
16222,24569,1.0
16223,20433,1.0
16224,24570,0.773585
16224,24571,0.226415
16225,24572,1.0
16226,24573,1.0
16227,22420,1.0
16228,24574,1.0
16229,24575,1.0
16230,24085,1.0
16231,23094,1.0
16232,24576,1.0
16233,24577,0.5
16233,18653,0.5
16234,24578,1.0
16235,24579,1.0
16236,21324,1.0
16237,24580,1.0
16238,24581,1.0
16239,24582,1.0
16240,22655,0.7
16240,24583,0.3
16241,24584,1.0
16242,24585,1.0
16243,24586,0.8125
16243,21193,0.1875
16244,24587,1.0
16245,24588,1.0
16246,24589,1.0
16247,23479,0.785714
16247,24590,0.214286
16248,24591,1.0
16249,18840,1.0
16250,19608,1.0
16251,20050,1.0
16252,24592,1.0
16253,24593,1.0
16254,19496,1.0
16255,23240,1.0
16256,23514,1.0
16257,24594,1.0
16258,24595,1.0
16259,24596,1.0
16260,24597,1.0
16261,24598,1.0
16262,24599,1.0
16263,24600,0.357143
16263,22590,0.642857
16264,21751,0.823529
16264,24601,0.176471
16265,19092,1.0
16266,24602,1.0
16267,23693,1.0
16268,21691,1.0
16269,24603,1.0
16270,24604,1.0
16271,24605,1.0
16272,24606,1.0
16273,22145,1.0
16274,24607,1.0
16275,24608,1.0
16276,24609,1.0
16277,24610,1.0
16278,20983,1.0
16279,24611,1.0
16280,24612,1.0
16281,24613,1.0
16282,24614,1.0
16283,24615,1.0
16284,23484,1.0
16285,24377,1.0
16286,20602,1.0
16287,24616,1.0
16288,24617,1.0
16289,24618,1.0
16290,24618,1.0
16291,24619,1.0
16292,23252,1.0
16293,24620,1.0
16294,23935,1.0
16295,20820,1.0
16296,24319,1.0
16297,24621,1.0
16298,24445,1.0
16299,22559,1.0
16300,24622,1.0
16301,24623,1.0
16302,24624,1.0
16303,24625,1.0
16304,24626,1.0
16305,24627,0.6
16305,24628,0.4
16306,24629,1.0
16307,24630,1.0
16308,24631,1.0
16309,24632,1.0
16310,24633,1.0
16311,21437,0.942029
16311,24634,0.057971
16312,24635,1.0
16313,22486,1.0
16314,24636,1.0
16315,24637,1.0
16316,20334,1.0
16317,19564,0.736842
16317,24638,0.263158
16318,24639,1.0
16319,24640,1.0
16320,24641,1.0
16321,24642,1.0
16322,21875,1.0
16323,20095,1.0
16324,20594,1.0
16325,20604,1.0
16326,21577,1.0
16327,24643,1.0
16328,21817,1.0
16329,24644,0.666667
16329,24645,0.333333
16330,20300,0.636364
16330,24646,0.363636
16331,18423,1.0
16332,23643,0.931034
16332,24647,0.068966
16333,19254,1.0
16334,24648,1.0
16335,24649,1.0
16336,24650,1.0
16337,18734,1.0
16338,24651,1.0
16339,19914,1.0
16340,21146,1.0
16341,24652,1.0
16342,24284,1.0
16343,24653,1.0
16344,24654,1.0
16345,24655,1.0
16346,24656,1.0
16347,24657,1.0
16348,24658,1.0
16349,22590,1.0
16350,24659,1.0
16351,24660,1.0
16352,24661,1.0
16353,24662,1.0
16354,24663,1.0
16355,19057,1.0
16356,24664,1.0
16357,24665,1.0
16358,24666,0.863636
16358,24667,0.136364
16359,24473,1.0
16360,24668,1.0
16361,24669,1.0
16362,24670,1.0
16363,21222,1.0
16364,19635,1.0
16365,24671,1.0
16366,24672,1.0
16367,24673,1.0
16368,24674,1.0
16369,24675,1.0
16370,24676,1.0
16371,21649,1.0
16372,24677,1.0
16373,24678,1.0
16374,24679,1.0
16375,22047,1.0
16376,24680,1.0
16377,24681,1.0
16378,24682,1.0
16379,24683,1.0
16380,24684,1.0
16381,24685,1.0
16382,24686,1.0
16383,24687,1.0
16384,24688,1.0
16385,22431,1.0
16386,21445,1.0
16387,18393,0.866667
16387,24689,0.133333
16388,24690,0.5
16388,22819,0.5
16389,20479,1.0
16390,24691,1.0
16391,24692,1.0
16392,23988,1.0
16393,23507,1.0
16394,24693,1.0
16395,21998,0.625
16395,24694,0.375
16396,24695,1.0
16397,24696,1.0
16398,22231,1.0
16399,24697,1.0
16400,23243,1.0
16401,24083,1.0
16402,23713,1.0
16403,24698,1.0
16404,24699,1.0
16405,24700,1.0
16406,21234,0.571429
16406,24701,0.428571
16407,24702,1.0
16408,24703,1.0
16409,24704,1.0
16410,24705,1.0
16411,24706,1.0
16412,18546,1.0
16413,24707,1.0
16414,24708,1.0
16415,24709,1.0
16416,24710,1.0
16417,24711,1.0
16418,18388,1.0
16419,24712,1.0
16420,24713,1.0
16421,24714,1.0
16422,18926,1.0
16423,23359,1.0
16424,24715,0.894737
16424,24716,0.105263
16425,24717,1.0
16426,24718,1.0
16427,24719,1.0
16428,24720,1.0
16429,21961,1.0
16430,20526,1.0
16431,24721,1.0
16432,24722,1.0
16433,24723,1.0
16434,24724,1.0
16435,24725,1.0
16436,24726,1.0
16437,24727,1.0
16438,24728,0.615385
16438,24729,0.384615
16439,24730,1.0
16440,24731,1.0
16441,24732,1.0
16442,23275,1.0
16443,24733,1.0
16444,24734,1.0
16445,21642,1.0
16446,22420,0.75
16446,24735,0.25
16447,24736,1.0
16448,24737,1.0
16449,24738,1.0
16450,24739,1.0
16451,24739,1.0
16452,24740,1.0
16453,24374,1.0
16454,24741,1.0
16455,19461,0.529412
16455,24742,0.470588
16456,22078,0.848485
16456,24743,0.151515
16457,24744,1.0
16458,24745,1.0
16459,21446,1.0
16460,22973,0.833333
16460,24746,0.166667
16461,24747,1.0
16462,20604,0.926829
16462,24748,0.073171
16463,24749,1.0
16464,18987,0.833333
16464,24750,0.166667
16465,24751,0.461538
16465,24752,0.538462
16466,24753,1.0
16467,19587,1.0
16468,24754,1.0
16469,24755,1.0
16470,24320,1.0
16471,23372,1.0
16472,24756,1.0
16473,24757,1.0
16474,24758,1.0
16475,24759,1.0
16476,24760,1.0
16477,20439,1.0
16478,18442,0.978571
16478,24761,0.021429
16479,19601,0.5
16479,24762,0.5
16480,24763,1.0
16481,21522,1.0
16482,24764,1.0
16483,24738,1.0
16484,24765,0.5
16484,24766,0.5
16485,24767,1.0
16486,24768,1.0
16487,21265,1.0
16488,20277,1.0
16489,24769,1.0
16490,24770,1.0
16491,24771,1.0
16492,18433,1.0
16493,24772,1.0
16494,24773,1.0
16495,24774,1.0
16496,24775,1.0
16497,24776,1.0
16498,22311,1.0
16499,24777,1.0
16500,24778,1.0
16501,24779,1.0
16502,24780,1.0
16503,19614,1.0
16504,24781,1.0
16505,24782,1.0
16506,24783,1.0
16507,23663,1.0
16508,24784,1.0
16509,24231,1.0
16510,24785,1.0
16511,24786,1.0
16512,24787,1.0
16513,24788,1.0
16514,24789,1.0
16515,21070,0.764706
16515,24790,0.235294
16516,24791,1.0
16517,24792,1.0
16518,24793,1.0
16519,24794,1.0
16520,24795,1.0
16521,21738,0.7
16521,24796,0.3
16522,22757,1.0
16523,18887,0.666667
16523,24797,0.333333
16524,22514,1.0
16525,21261,1.0
16526,24798,1.0
16527,22811,0.833333
16527,24799,0.166667
16528,19091,1.0
16529,24800,1.0
16530,24801,0.444444
16530,19746,0.555556
16531,24802,1.0
16532,24803,1.0
16533,24804,1.0
16534,24437,1.0
16535,19636,0.846154
16535,24805,0.153846
16536,19745,1.0
16537,24806,0.555556
16537,18490,0.444444
16538,21565,1.0
16539,24807,1.0
16540,24808,1.0
16541,24809,0.333333
16541,23644,0.666667
16542,24810,1.0
16543,23359,0.785714
16543,24811,0.214286
16544,24812,1.0
16545,22185,1.0
16546,24813,1.0
16547,24814,1.0
16548,24815,1.0
16549,24816,1.0
16550,22215,1.0
16551,24817,1.0
16552,24818,1.0
16553,22168,1.0
16554,24819,1.0
16555,19686,1.0
16556,24820,1.0
16557,19079,1.0
16558,24821,1.0
16559,23150,1.0
16560,24822,1.0
16561,24823,1.0
16562,24824,1.0
16563,24825,1.0
16564,20267,1.0
16565,24448,1.0
16566,24826,1.0
16567,21051,1.0
16568,19615,1.0
16569,24827,1.0
16570,24828,1.0
16571,24829,1.0
16572,24830,1.0
16573,24831,1.0
16574,24832,1.0
16575,24833,1.0
16576,24834,1.0
16577,24835,1.0
16578,24836,1.0
16579,19063,1.0
16580,24837,1.0
16581,24838,1.0
16582,24839,1.0
16583,24840,1.0
16584,24841,1.0
16585,24842,1.0
16586,24843,1.0
16587,24844,1.0
16588,24845,1.0
16589,24846,1.0
16590,24847,1.0
16591,24848,1.0
16592,19516,1.0
16593,24849,1.0
16594,24850,1.0
16595,24851,1.0
16596,24852,1.0
16597,24853,1.0
16598,24854,1.0
16599,24855,1.0
16600,24856,1.0
16601,24857,1.0
16602,23776,1.0
16603,24858,1.0
16604,24859,1.0
16605,24860,1.0
16606,24861,1.0
16607,24862,0.9
16607,24863,0.1
16608,24864,1.0
16609,21122,0.92
16609,24865,0.08
16610,24866,1.0
16611,24867,1.0
16612,24868,1.0
16613,24869,1.0
16614,24870,1.0
16615,22598,1.0
16616,24871,1.0
16617,24219,1.0
16618,23172,1.0
16619,24872,1.0
16620,24873,1.0
16621,21597,1.0
16622,22901,1.0
16623,24874,1.0
16624,24875,1.0
16625,24876,1.0
16626,24877,1.0
16627,24878,1.0
16628,23068,1.0
16629,24879,1.0
16630,24880,1.0
16631,24881,1.0
16632,24882,1.0
16633,24883,1.0
16634,24884,0.875
16634,24885,0.125
16635,24886,1.0
16636,24887,0.25
16636,24888,0.75
16637,24889,1.0
16638,24890,1.0
16639,24891,1.0
16640,24892,1.0
16641,24893,1.0
16642,24892,0.333333
16642,24894,0.666667
16643,24895,1.0
16644,24896,0.954545
16644,24897,0.045455
16645,24898,1.0
16646,24899,1.0
16647,24900,1.0
16648,24901,0.75
16648,24902,0.25
16649,24903,1.0
16650,24904,1.0
16651,22713,0.666667
16651,24905,0.333333
16652,24906,1.0
16653,23482,1.0
16654,24907,0.75
16654,24908,0.25
16655,23993,1.0
16656,24909,0.5
16656,21213,0.5
16657,21213,0.571429
16657,24910,0.428571
16658,20113,1.0
16659,24911,1.0
16660,24912,1.0
16661,24913,1.0
16662,24914,1.0
16663,21146,0.73913
16663,24915,0.26087
16664,22450,1.0
16665,24916,1.0
16666,19172,1.0
16667,24917,1.0
16668,24918,0.258065
16668,21660,0.741935
16669,24919,1.0
16670,20274,1.0
16671,19003,0.528736
16671,24920,0.471264
16672,24921,1.0
16673,23658,1.0
16674,20575,1.0
16675,24922,1.0
16676,24733,1.0
16677,21066,1.0
16678,24923,1.0
16679,24924,1.0
16680,24925,1.0
16681,24926,1.0
16682,24927,1.0
16683,24928,1.0
16684,24929,1.0
16685,20586,1.0
16686,23858,0.857143
16686,24930,0.142857
16687,24931,1.0
16688,19673,0.470588
16688,24932,0.529412
16689,24933,1.0
16690,24934,1.0
16691,24935,1.0
16692,24936,1.0
16693,24937,1.0
16694,24938,1.0
16695,24939,1.0
16696,24940,1.0
16697,24941,1.0
16698,24942,1.0
16699,24943,1.0
16700,24944,1.0
16701,24945,1.0
16702,24946,1.0
16703,24947,1.0
16704,23564,0.925926
16704,24948,0.074074
16705,24949,1.0
16706,24950,1.0
16707,24951,1.0
16708,24952,1.0
16709,24953,1.0
16710,24954,1.0
16711,24955,1.0
16712,24956,0.5
16712,21184,0.5
16713,24957,1.0
16714,18839,1.0
16715,24958,1.0
16716,24959,1.0
16717,19459,0.647059
16717,24960,0.352941
16718,24961,1.0
16719,24962,1.0
16720,24963,1.0
16721,22237,1.0
16722,24964,1.0
16723,24965,1.0
16724,24966,1.0
16725,19070,1.0
16726,24967,1.0
16727,24968,1.0
16728,21295,0.903226
16728,24969,0.096774
16729,18915,1.0
16730,24970,1.0
16731,24971,1.0
16732,21399,1.0
16733,22759,1.0
16734,24972,1.0
16735,24973,1.0
16736,24974,1.0
16737,24975,1.0
16738,24976,1.0
16739,22358,1.0
16740,19429,0.272727
16740,24977,0.727273
16741,24978,1.0
16742,24979,1.0
16743,18788,0.958466
16743,24980,0.041534
16744,24981,1.0
16745,24982,0.444444
16745,24983,0.555556
16746,24984,1.0
16747,24985,1.0
16748,24986,1.0
16749,18780,0.75
16749,24987,0.25
16750,24988,1.0
16751,24989,1.0
16752,23553,1.0
16753,21108,1.0
16754,24990,1.0
16755,24991,1.0
16756,24992,1.0
16757,24993,1.0
16758,24994,1.0
16759,24995,1.0
16760,24996,1.0
16761,24997,1.0
16762,24998,1.0
16763,22894,1.0
16764,24999,0.888889
16764,25000,0.111111
16765,25001,1.0
16766,24349,1.0
16767,25002,0.133333
16767,21764,0.866667
16768,25003,1.0
16769,25004,1.0
16770,25005,1.0
16771,25006,1.0
16772,22374,1.0
16773,25007,1.0
16774,24352,1.0
16775,25008,1.0
16776,23970,1.0
16777,25009,1.0
16778,25010,1.0
16779,25011,0.555556
16779,25012,0.444444
16780,25013,1.0
16781,24812,1.0
16782,24715,1.0
16783,19577,0.928571
16783,25014,0.071429
16784,25015,1.0
16785,25016,1.0
16786,25017,1.0
16787,25018,1.0
16788,25019,1.0
16789,25020,1.0
16790,23235,0.857143
16790,25021,0.142857
16791,25022,1.0
16792,24622,1.0
16793,19504,1.0
16794,25023,1.0
16795,25024,1.0
16796,25025,1.0
16797,25026,1.0
16798,25027,1.0
16799,25028,1.0
16800,25029,1.0
16801,25030,1.0
16802,18846,1.0
16803,25031,1.0
16804,25032,1.0
16805,25033,0.4
16805,25034,0.6
16806,25035,1.0
16807,19994,0.983333
16807,25036,0.016667
16808,25037,1.0
16809,25038,1.0
16810,25039,1.0
16811,25040,1.0
16812,25041,1.0
16813,24453,0.666667
16813,25042,0.333333
16814,25043,1.0
16815,19771,1.0
16816,25044,1.0
16817,25045,1.0
16818,25046,1.0
16819,23492,0.666667
16819,25047,0.333333
16820,25048,1.0
16821,18556,0.733333
16821,25049,0.266667
16822,22814,1.0
16823,25050,1.0
16824,24712,1.0
16825,25051,1.0
16826,25052,1.0
16827,25053,1.0
16828,25054,1.0
16829,19444,1.0
16830,25055,1.0
16831,19215,1.0
16832,25056,1.0
16833,23802,1.0
16834,25057,1.0
16835,25058,1.0
16836,25059,1.0
16837,25060,1.0
16838,24458,1.0
16839,25061,1.0
16840,25062,1.0
16841,25063,1.0
16842,25064,0.851852
16842,18472,0.148148
16843,23310,1.0
16844,25065,1.0
16845,22246,1.0
16846,25066,1.0
16847,23541,1.0
16848,25067,1.0
16849,25068,1.0
16850,25069,1.0
16851,24326,1.0
16852,25070,1.0
16853,25071,1.0
16854,22543,1.0
16855,25072,1.0
16856,25073,1.0
16857,24886,1.0
16858,25074,1.0
16859,24122,0.75
16859,25075,0.25
16860,25076,1.0
16861,25077,1.0
16862,24090,1.0
16863,20418,1.0
16864,25078,1.0
16865,25079,1.0
16866,25080,1.0
16867,25081,1.0
16868,25082,1.0
16869,25083,1.0
16870,25084,1.0
16871,24077,0.714286
16871,25085,0.285714
16872,22769,1.0
16873,25086,1.0
16874,25087,1.0
16875,25088,1.0
16876,25089,1.0
16877,25090,1.0
16878,25091,1.0
16879,22976,1.0
16880,25092,1.0
16881,22661,1.0
16882,25093,1.0
16883,25094,1.0
16884,25095,0.193548
16884,19500,0.806452
16885,25096,1.0
16886,25097,1.0
16887,25098,1.0
16888,25099,1.0
16889,25100,1.0
16890,22711,0.882353
16890,25101,0.117647
16891,25102,1.0
16892,25103,1.0
16893,25104,1.0
16894,25105,1.0
16895,25106,1.0
16896,25107,1.0
16897,25108,1.0
16898,25109,1.0
16899,25110,1.0
16900,25111,1.0
16901,25112,0.333333
16901,25113,0.666667
16902,25114,1.0
16903,25115,1.0
16904,24202,1.0
16905,19962,1.0
16906,25116,1.0
16907,25117,1.0
16908,25118,1.0
16909,25119,1.0
16910,25120,1.0
16911,25121,1.0
16912,25122,1.0
16913,25123,1.0
16914,25124,1.0
16915,25125,1.0
16916,19501,0.965957
16916,25126,0.034043
16917,25127,1.0
16918,25128,1.0
16919,22586,1.0
16920,25129,1.0
16921,25130,1.0
16922,25131,1.0
16923,25132,1.0
16924,25133,1.0
16925,25134,1.0
16926,25135,1.0
16927,25136,1.0
16928,25137,1.0
16929,25138,1.0
16930,25139,1.0
16931,25140,1.0
16932,25141,1.0
16933,25142,1.0
16934,25143,1.0
16935,24064,1.0
16936,25144,1.0
16937,24427,1.0
16938,24522,1.0
16939,21996,1.0
16940,25145,1.0
16941,25146,1.0
16942,25147,1.0
16943,25148,1.0
16944,25149,0.214286
16944,23560,0.785714
16945,25150,1.0
16946,21842,0.571429
16946,25151,0.428571
16947,23243,1.0
16948,25152,1.0
16949,25153,1.0
16950,25154,1.0
16951,25155,1.0
16952,25156,1.0
16953,25157,1.0
16954,25158,1.0
16955,25159,1.0
16956,21846,1.0
16957,23399,1.0
16958,25160,0.447368
16958,18806,0.552632
16959,25161,1.0
16960,25162,1.0
16961,25163,1.0
16962,25164,1.0
16963,25165,1.0
16964,20763,1.0
16965,25166,1.0
16966,25167,1.0
16967,25168,1.0
16968,18602,0.92
16968,25169,0.08
16969,24125,1.0
16970,24125,1.0
16971,24050,1.0
16972,25170,1.0
16973,25171,1.0
16974,25172,1.0
16975,25173,1.0
16976,25174,1.0
16977,25175,1.0
16978,24951,0.444444
16978,25176,0.555556
16979,25177,1.0
16980,25178,1.0
16981,19252,1.0
16982,22069,1.0
16983,19769,0.527778
16983,25179,0.472222
16984,21525,1.0
16985,25180,1.0
16986,25181,1.0
16987,18981,0.845455
16987,25182,0.154545
16988,25183,1.0
16989,25184,1.0
16990,25185,1.0
16991,25186,1.0
16992,25187,1.0
16993,25188,1.0
16994,21841,1.0
16995,25189,1.0
16996,21585,1.0
16997,24877,1.0
16998,25190,1.0
16999,25191,1.0
17000,19894,1.0
17001,25192,1.0
17002,25193,1.0
17003,25194,1.0
17004,25195,1.0
17005,25196,1.0
17006,25197,1.0
17007,25198,1.0
17008,19877,1.0
17009,25199,1.0
17010,25200,1.0
17011,25201,1.0
17012,25202,1.0
17013,22540,1.0
17014,25203,1.0
17015,25204,1.0
17016,25205,1.0
17017,25206,1.0
17018,18404,1.0
17019,25207,1.0
17020,25208,1.0
17021,25209,1.0
17022,25210,1.0
17023,25211,1.0
17024,24182,1.0
17025,25212,1.0
17026,18892,0.714286
17026,25213,0.285714
17027,25214,1.0
17028,25215,1.0
17029,25216,1.0
17030,20994,1.0
17031,23627,1.0
17032,23393,1.0
17033,25217,1.0
17034,25218,0.5
17034,25219,0.5
17035,25220,1.0
17036,25221,1.0
17037,25221,1.0
17038,25222,1.0
17039,25223,0.636364
17039,25224,0.363636
17040,25009,1.0
17041,25225,1.0
17042,25226,1.0
17043,22359,1.0
17044,25227,1.0
17045,25228,1.0
17046,25229,1.0
17047,25230,1.0
17048,25231,1.0
17049,24013,1.0
17050,25232,1.0
17051,22613,1.0
17052,25233,1.0
17053,25234,1.0
17054,25235,1.0
17055,25236,1.0
17056,25237,1.0
17057,25238,1.0
17058,25239,1.0
17059,25240,1.0
17060,24536,1.0
17061,25241,1.0
17062,25242,1.0
17063,20718,1.0
17064,25243,1.0
17065,25244,1.0
17066,25245,1.0
17067,25246,1.0
17068,25247,1.0
17069,25248,1.0
17070,25249,1.0
17071,25250,1.0
17072,25251,1.0
17073,25252,1.0
17074,25253,1.0
17075,25254,1.0
17076,25255,1.0
17077,25256,1.0
17078,25257,1.0
17079,25258,1.0
17080,21463,1.0
17081,25259,1.0
17082,19439,0.7
17082,25260,0.3
17083,19856,1.0
17084,25261,1.0
17085,25262,1.0
17086,19883,1.0
17087,25263,1.0
17088,19461,0.571429
17088,25264,0.428571
17089,25265,0.666667
17089,25266,0.333333
17090,25267,1.0
17091,25268,1.0
17092,25269,1.0
17093,23527,1.0
17094,25270,1.0
17095,25271,1.0
17096,25272,1.0
17097,25273,1.0
17098,25273,1.0
17099,25274,1.0
17100,25275,1.0
17101,25276,1.0
17102,25277,1.0
17103,25278,1.0
17104,25279,1.0
17105,25280,1.0
17106,23042,0.5
17106,25281,0.5
17107,24122,0.777778
17107,25282,0.222222
17108,25283,1.0
17109,25284,1.0
17110,25285,1.0
17111,25286,1.0
17112,25287,1.0
17113,25288,1.0
17114,25289,1.0
17115,25290,1.0
17116,25291,1.0
17117,25292,0.8
17117,25293,0.2
17118,18647,1.0
17119,25294,1.0
17120,25295,0.5
17120,25296,0.5
17121,25297,0.681818
17121,22167,0.318182
17122,25298,1.0
17123,19240,0.968992
17123,25299,0.031008
17124,25300,1.0
17125,25301,1.0
17126,25302,1.0
17127,25303,1.0
17128,25304,1.0
17129,25305,1.0
17130,25306,1.0
17131,25307,1.0
17132,25308,1.0
17133,25309,1.0
17134,25310,1.0
17135,25311,1.0
17136,25312,1.0
17137,25313,1.0
17138,25314,1.0
17139,25315,1.0
17140,25316,1.0
17141,25317,1.0
17142,25318,1.0
17143,25319,1.0
17144,25320,1.0
17145,25321,1.0
17146,25322,1.0
17147,25323,1.0
17148,25324,1.0
17149,25325,0.5
17149,25326,0.5
17150,25327,1.0
17151,25114,1.0
17152,25328,1.0
17153,25329,1.0
17154,25330,1.0
17155,25331,1.0
17156,20404,0.857143
17156,25332,0.142857
17157,25333,1.0
17158,25334,1.0
17159,25335,1.0
17160,19064,0.9
17160,25336,0.1
17161,25337,1.0
17162,24445,0.818182
17162,25338,0.181818
17163,25339,1.0
17164,25340,1.0
17165,25341,1.0
17166,21657,1.0
17167,25342,1.0
17168,25343,1.0
17169,25344,1.0
17170,25345,1.0
17171,25346,1.0
17172,25347,1.0
17173,25348,1.0
17174,25349,1.0
17175,20147,1.0
17176,25350,1.0
17177,20019,1.0
17178,25351,1.0
17179,25352,1.0
17180,25353,1.0
17181,25354,1.0
17182,25355,1.0
17183,25356,1.0
17184,20350,1.0
17185,25357,1.0
17186,18743,0.888889
17186,25358,0.111111
17187,19680,1.0
17188,19444,1.0
17189,25359,1.0
17190,25360,0.214286
17190,18818,0.785714
17191,24251,1.0
17192,25361,1.0
17193,21681,1.0
17194,25362,1.0
17195,25363,1.0
17196,25364,0.846154
17196,20269,0.153846
17197,25363,1.0
17198,25365,1.0
17199,25366,1.0
17200,25367,1.0
17201,25368,1.0
17202,25369,1.0
17203,19865,1.0
17204,25370,1.0
17205,19849,1.0
17206,25371,1.0
17207,25372,1.0
17208,25373,1.0
17209,25374,1.0
17210,25375,1.0
17211,19559,1.0
17212,25376,1.0
17213,25377,1.0
17214,23693,1.0
17215,25378,1.0
17216,21027,1.0
17217,25379,1.0
17218,25380,1.0
17219,25381,1.0
17220,20207,1.0
17221,25382,1.0
17222,25383,1.0
17223,25383,1.0
17224,25384,1.0
17225,25385,1.0
17226,18599,1.0
17227,25386,1.0
17228,25387,1.0
17229,25388,1.0
17230,25389,1.0
17231,25390,0.554795
17231,19418,0.445205
17232,24237,1.0
17233,19750,1.0
17234,23464,1.0
17235,25391,1.0
17236,25392,1.0
17237,25393,1.0
17238,25394,1.0
17239,25395,1.0
17240,25396,1.0
17241,20852,1.0
17242,25397,0.666667
17242,24468,0.333333
17243,25398,1.0
17244,20208,1.0
17245,25399,1.0
17246,25400,1.0
17247,25401,1.0
17248,25402,1.0
17249,25403,1.0
17250,25404,1.0
17251,25405,1.0
17252,25406,1.0
17253,25407,1.0
17254,25408,1.0
17255,25409,0.666667
17255,25410,0.333333
17256,25411,0.764706
17256,19557,0.235294
17257,25412,1.0
17258,19244,0.966102
17258,25413,0.033898
17259,25414,1.0
17260,25415,1.0
17261,25416,1.0
17262,25417,1.0
17263,25418,1.0
17264,25419,1.0
17265,25420,1.0
17266,21952,1.0
17267,25421,1.0
17268,25422,1.0
17269,25423,1.0
17270,25424,1.0
17271,25425,0.818182
17271,25426,0.181818
17272,25427,1.0
17273,25428,1.0
17274,25429,1.0
17275,25430,1.0
17276,18672,0.967033
17276,25431,0.032967
17277,25432,1.0
17278,25433,1.0
17279,25434,1.0
17280,25435,1.0
17281,25436,1.0
17282,25437,1.0
17283,25438,1.0
17284,25439,1.0
17285,23796,1.0
17286,25440,1.0
17287,25441,1.0
17288,24347,1.0
17289,19856,0.894737
17289,25442,0.105263
17290,25443,1.0
17291,23669,1.0
17292,25444,1.0
17293,19147,1.0
17294,21527,1.0
17295,25445,0.5
17295,25446,0.5
17296,23870,1.0
17297,25447,1.0
17298,24451,1.0
17299,25448,0.571429
17299,25449,0.428571
17300,25450,1.0
17301,19322,0.870968
17301,25451,0.129032
17302,23142,1.0
17303,25452,1.0
17304,25452,1.0
17305,25453,1.0
17306,25454,1.0
17307,23153,1.0
17308,25455,1.0
17309,25456,1.0
17310,25456,1.0
17311,24884,1.0
17312,25457,1.0
17313,25458,1.0
17314,20468,0.896552
17314,25459,0.103448
17315,25460,1.0
17316,25461,1.0
17317,23617,1.0
17318,23920,1.0
17319,24353,1.0
17320,20272,1.0
17321,25462,1.0
17322,21093,0.777778
17322,25463,0.222222
17323,25464,1.0
17324,25465,1.0
17325,25466,1.0
17326,25467,1.0
17327,25468,1.0
17328,25469,1.0
17329,22252,1.0
17330,25470,1.0
17331,20993,1.0
17332,25471,1.0
17333,25472,1.0
17334,25473,1.0
17335,25474,1.0
17336,25475,1.0
17337,19069,1.0
17338,25476,1.0
17339,24731,1.0
17340,25477,1.0
17341,25478,1.0
17342,25479,1.0
17343,24804,1.0
17344,25480,1.0
17345,25481,1.0
17346,25482,1.0
17347,25483,1.0
17348,24968,1.0
17349,25484,1.0
17350,25485,1.0
17351,25486,1.0
17352,25487,1.0
17353,22418,1.0
17354,25488,1.0
17355,25489,1.0
17356,25490,1.0
17357,25081,1.0
17358,25491,1.0
17359,19170,1.0
17360,25492,1.0
17361,23241,1.0
17362,25493,1.0
17363,25494,1.0
17364,25495,1.0
17365,25496,1.0
17366,25497,1.0
17367,25498,0.714286
17367,25499,0.285714
17368,25500,1.0
17369,25501,1.0
17370,25502,1.0
17371,25503,1.0
17372,22382,0.666667
17372,25504,0.333333
17373,21911,1.0
17374,25505,1.0
17375,25506,1.0
17376,25507,1.0
17377,25508,1.0
17378,25509,1.0
17379,25510,1.0
17380,25511,1.0
17381,23990,1.0
17382,25512,1.0
17383,25513,1.0
17384,19675,1.0
17385,25514,1.0
17386,25515,1.0
17387,21336,1.0
17388,23924,1.0
17389,25516,1.0
17390,25517,1.0
17391,25518,1.0
17392,25519,0.333333
17392,24855,0.666667
17393,25520,1.0
17394,25521,1.0
17395,25522,1.0
17396,25523,1.0
17397,25524,1.0
17398,18410,1.0
17399,23817,1.0
17400,25525,1.0
17401,25526,1.0
17402,25527,1.0
17403,25528,1.0
17404,22080,0.7
17404,25529,0.3
17405,25530,1.0
17406,25531,1.0
17407,25532,1.0
17408,20806,1.0
17409,21175,1.0
17410,22757,0.5
17410,25533,0.5
17411,23019,1.0
17412,25534,1.0
17413,25535,1.0
17414,25177,1.0
17415,25536,1.0
17416,25537,1.0
17417,24146,1.0
17418,21117,1.0
17419,21388,0.882353
17419,25538,0.117647
17420,25539,1.0
17421,25540,1.0
17422,18855,0.714286
17422,25541,0.285714
17423,22910,1.0
17424,25542,1.0
17425,25543,1.0
17426,25544,1.0
17427,25545,1.0
17428,22789,1.0
17429,25546,1.0
17430,25547,1.0
17431,23779,1.0
17432,23051,1.0
17433,25548,1.0
17434,25549,1.0
17435,25550,1.0
17436,25551,1.0
17437,25552,1.0
17438,25553,1.0
17439,25554,1.0
17440,25555,1.0
17441,25556,1.0
17442,25557,1.0
17443,25558,1.0
17444,25559,1.0
17445,25560,1.0
17446,25561,1.0
17447,25562,1.0
17448,23322,1.0
17449,20943,1.0
17450,25563,1.0
17451,25564,1.0
17452,20310,0.875
17452,25565,0.125
17453,25566,1.0
17454,25567,1.0
17455,19640,0.703125
17455,25568,0.296875
17456,25569,1.0
17457,19434,1.0
17458,25570,1.0
17459,25571,1.0
17460,25572,1.0
17461,25573,1.0
17462,22761,1.0
17463,25574,1.0
17464,25575,1.0
17465,25576,1.0
17466,25577,1.0
17467,25578,1.0
17468,25579,1.0
17469,25580,1.0
17470,25581,1.0
17471,25582,1.0
17472,25583,1.0
17473,25584,1.0
17474,19041,1.0
17475,22279,1.0
17476,25585,1.0
17477,23319,1.0
17478,25586,0.4
17478,25587,0.6
17479,25588,1.0
17480,25589,1.0
17481,25590,0.777778
17481,25591,0.222222
17482,25592,1.0
17483,25593,1.0
17484,25594,0.862069
17484,25595,0.137931
17485,20337,1.0
17486,25596,1.0
17487,25597,1.0
17488,25598,1.0
17489,25599,1.0
17490,25600,1.0
17491,24555,1.0
17492,25601,1.0
17493,25602,1.0
17494,25603,1.0
17495,25604,0.28
17495,18996,0.72
17496,24445,1.0
17497,25605,0.571429
17497,25606,0.428571
17498,25607,1.0
17499,19153,1.0
17500,21370,1.0
17501,25608,1.0
17502,20798,0.894737
17502,25609,0.105263
17503,22061,1.0
17504,25610,1.0
17505,25611,1.0
17506,25612,1.0
17507,22507,1.0
17508,25048,0.94
17508,25613,0.06
17509,25614,1.0
17510,25615,1.0
17511,22102,1.0
17512,25616,1.0
17513,25617,1.0
17514,25183,1.0
17515,25618,1.0
17516,25619,1.0
17517,25620,1.0
17518,25597,0.833333
17518,25621,0.166667
17519,23670,1.0
17520,25622,1.0
17521,25623,1.0
17522,25624,1.0
17523,25625,1.0
17524,25626,1.0
17525,25627,1.0
17526,25628,1.0
17527,25629,1.0
17528,25630,1.0
17529,25631,0.777778
17529,25632,0.222222
17530,25633,1.0
17531,21511,0.583333
17531,25634,0.416667
17532,19792,1.0
17533,25635,1.0
17534,25636,1.0
17535,25637,1.0
17536,25638,1.0
17537,25639,1.0
17538,25480,1.0
17539,22057,1.0
17540,25640,1.0
17541,21918,0.7
17541,25641,0.3
17542,19436,1.0
17543,25642,0.4
17543,25643,0.6
17544,25644,1.0
17545,25074,1.0
17546,25645,1.0
17547,25646,1.0
17548,25647,1.0
17549,25645,1.0
17550,25648,1.0
17551,23823,1.0
17552,20762,0.769231
17552,25649,0.230769
17553,25650,1.0
17554,25651,1.0
17555,25652,0.105263
17555,19234,0.894737
17556,25653,1.0
17557,22623,1.0
17558,25654,1.0
17559,25655,1.0
17560,25656,1.0
17561,25656,1.0
17562,25657,1.0
17563,25658,1.0
17564,25304,1.0
17565,25659,1.0
17566,25660,1.0
17567,25661,1.0
17568,21851,1.0
17569,25025,1.0
17570,25662,1.0
17571,25663,1.0
17572,25664,1.0
17573,25664,1.0
17574,25665,1.0
17575,25666,1.0
17576,25667,1.0
17577,25668,1.0
17578,25669,1.0
17579,22548,1.0
17580,25258,1.0
17581,23889,1.0
17582,25670,1.0
17583,25671,1.0
17584,25672,1.0
17585,25673,1.0
17586,25674,1.0
17587,23709,1.0
17588,25675,1.0
17589,25676,1.0
17590,25677,1.0
17591,25678,1.0
17592,22523,1.0
17593,25679,1.0
17594,25680,1.0
17595,25681,0.714286
17595,25682,0.285714
17596,23620,1.0
17597,25683,1.0
17598,25684,0.115385
17598,20359,0.884615
17599,25019,1.0
17600,25685,1.0
17601,25686,1.0
17602,20387,1.0
17603,25687,1.0
17604,23863,1.0
17605,25688,1.0
17606,21479,1.0
17607,25689,1.0
17608,23559,0.866667
17608,25690,0.133333
17609,25691,1.0
17610,25692,1.0
17611,20736,1.0
17612,25693,1.0
17613,21907,0.960784
17613,25694,0.039216
17614,25695,1.0
17615,25696,1.0
17616,25697,1.0
17617,25698,1.0
17618,24476,1.0
17619,25699,1.0
17620,25700,1.0
17621,25701,1.0
17622,19273,0.714286
17622,25702,0.285714
17623,25703,1.0
17624,25704,0.742857
17624,25705,0.257143
17625,25706,1.0
17626,23224,1.0
17627,25707,1.0
17628,25708,1.0
17629,25709,1.0
17630,25710,1.0
17631,25711,1.0
17632,21461,0.875
17632,25712,0.125
17633,25713,1.0
17634,23568,0.769231
17634,25714,0.230769
17635,25715,1.0
17636,25716,1.0
17637,25717,1.0
17638,25718,0.2
17638,25719,0.8
17639,21955,0.73913
17639,25720,0.26087
17640,21955,1.0
17641,25721,1.0
17642,25722,1.0
17643,25560,1.0
17644,25723,1.0
17645,25724,1.0
17646,21007,1.0
17647,25725,1.0
17648,25726,1.0
17649,25727,1.0
17650,25728,1.0
17651,25729,1.0
17652,25730,1.0
17653,25731,1.0
17654,25732,1.0
17655,25733,1.0
17656,25734,1.0
17657,25735,1.0
17658,25736,1.0
17659,25737,1.0
17660,25738,1.0
17661,25739,1.0
17662,25740,1.0
17663,25741,1.0
17664,25735,1.0
17665,25742,1.0
17666,25743,1.0
17667,25744,1.0
17668,25745,0.833333
17668,25746,0.166667
17669,25747,1.0
17670,25398,1.0
17671,25748,1.0
17672,25749,1.0
17673,25750,1.0
17674,21118,1.0
17675,25751,1.0
17676,25752,1.0
17677,25752,1.0
17678,21567,1.0
17679,25753,1.0
17680,25147,1.0
17681,25754,1.0
17682,25755,1.0
17683,25756,1.0
17684,22601,1.0
17685,25757,1.0
17686,25758,1.0
17687,25759,1.0
17688,24497,1.0
17689,25760,1.0
17690,25761,1.0
17691,22436,1.0
17692,23305,1.0
17693,25762,1.0
17694,25763,1.0
17695,23288,1.0
17696,25764,1.0
17697,25765,1.0
17698,25766,1.0
17699,25767,1.0
17700,18652,1.0
17701,25768,1.0
17702,25769,1.0
17703,25770,0.111111
17703,25771,0.888889
17704,25772,1.0
17705,25773,1.0
17706,25774,1.0
17707,25775,1.0
17708,21511,0.846154
17708,25776,0.153846
17709,25777,1.0
17710,25778,1.0
17711,25779,1.0
17712,25780,1.0
17713,23322,1.0
17714,25781,1.0
17715,25782,1.0
17716,25783,0.75
17716,25784,0.25
17717,25785,1.0
17718,25786,1.0
17719,25787,1.0
17720,25788,1.0
17721,25789,1.0
17722,25790,1.0
17723,25791,1.0
17724,25792,1.0
17725,25793,1.0
17726,25794,1.0
17727,25795,1.0
17728,22447,1.0
17729,25796,1.0
17730,25797,1.0
17731,25798,1.0
17732,23056,1.0
17733,25799,1.0
17734,20600,0.942857
17734,25800,0.057143
17735,25801,1.0
17736,24908,1.0
17737,25802,1.0
17738,25803,1.0
17739,25804,1.0
17740,25805,1.0
17741,25806,1.0
17742,25807,1.0
17743,25808,1.0
17744,25809,1.0
17745,25810,1.0
17746,19573,1.0
17747,25811,1.0
17748,25812,1.0
17749,25813,1.0
17750,25814,1.0
17751,25815,1.0
17752,25816,1.0
17753,25817,1.0
17754,25818,1.0
17755,25819,1.0
17756,25820,1.0
17757,25821,1.0
17758,25822,1.0
17759,25823,1.0
17760,25824,1.0
17761,25825,1.0
17762,25826,1.0
17763,25827,1.0
17764,25828,1.0
17765,25829,1.0
17766,25830,0.866667
17766,25831,0.133333
17767,19895,1.0
17768,25832,0.333333
17768,25833,0.666667
17769,25834,1.0
17770,21755,1.0
17771,25835,1.0
17772,25836,1.0
17773,25837,1.0
17774,25838,1.0
17775,25839,1.0
17776,25840,1.0
17777,25841,1.0
17778,25842,1.0
17779,25843,1.0
17780,22063,1.0
17781,25844,1.0
17782,25845,0.75
17782,25846,0.25
17783,25847,1.0
17784,25848,1.0
17785,25849,1.0
17786,25850,1.0
17787,25850,0.866667
17787,25851,0.133333
17788,25852,1.0
17789,24464,1.0
17790,25853,1.0
17791,25854,1.0
17792,24640,1.0
17793,25855,1.0
17794,23671,1.0
17795,25856,1.0
17796,24421,1.0
17797,25857,1.0
17798,25858,1.0
17799,25859,0.615385
17799,22186,0.384615
17800,25860,1.0
17801,24054,0.8
17801,25861,0.2
17802,25862,1.0
17803,25863,1.0
17804,25864,1.0
17805,25865,1.0
17806,25866,1.0
17807,25867,1.0
17808,25868,1.0
17809,25869,1.0
17810,24171,1.0
17811,25870,1.0
17812,25871,1.0
17813,25872,1.0
17814,25873,1.0
17815,25874,1.0
17816,21563,1.0
17817,25875,1.0
17818,25876,1.0
17819,25877,1.0
17820,18853,1.0
17821,25878,1.0
17822,25879,1.0
17823,25880,1.0
17824,25881,0.727273
17824,25882,0.272727
17825,25881,1.0
17826,25881,1.0
17827,25883,1.0
17828,25884,1.0
17829,23850,1.0
17830,19215,0.882353
17830,25885,0.117647
17831,25886,1.0
17832,25887,1.0
17833,25888,1.0
17834,25889,1.0
17835,25890,1.0
17836,19729,1.0
17837,25734,1.0
17838,25891,1.0
17839,25892,0.794118
17839,24148,0.205882
17840,25893,1.0
17841,25894,1.0
17842,24940,1.0
17843,25895,1.0
17844,25896,1.0
17845,22706,0.3
17845,25897,0.7
17846,23091,1.0
17847,21629,0.866667
17847,25898,0.133333
17848,25899,1.0
17849,25900,0.75
17849,25618,0.25
17850,25901,1.0
17851,25901,1.0
17852,25902,1.0
17853,25903,1.0
17854,25771,1.0
17855,25904,1.0
17856,25905,1.0
17857,25906,0.833333
17857,25907,0.166667
17858,25908,1.0
17859,25909,1.0
17860,18729,1.0
17861,25910,1.0
17862,25911,1.0
17863,25912,0.666667
17863,19308,0.333333
17864,25913,1.0
17865,25914,1.0
17866,24963,1.0
17867,25915,1.0
17868,25916,1.0
17869,23622,1.0
17870,21211,0.9375
17870,25917,0.0625
17871,25918,1.0
17872,25919,1.0
17873,25920,1.0
17874,25921,1.0
17875,21461,1.0
17876,25922,1.0
17877,25923,1.0
17878,25924,1.0
17879,25925,1.0
17880,25926,1.0
17881,25925,1.0
17882,25927,1.0
17883,25928,1.0
17884,25929,0.75
17884,25930,0.25
17885,18533,1.0
17886,25931,1.0
17887,25932,1.0
17888,25933,1.0
17889,25934,1.0
17890,25935,0.75
17890,25936,0.25
17891,25937,1.0
17892,24824,1.0
17893,25938,1.0
17894,25939,1.0
17895,25940,1.0
17896,25941,1.0
17897,25942,1.0
17898,24286,1.0
17899,25943,1.0
17900,25944,0.5
17900,25945,0.5
17901,25946,1.0
17902,22452,1.0
17903,25947,1.0
17904,25948,1.0
17905,22648,1.0
17906,25949,1.0
17907,25950,1.0
17908,25951,1.0
17909,25952,1.0
17910,25953,0.5625
17910,20648,0.4375
17911,25954,1.0
17912,18757,1.0
17913,25955,1.0
17914,25956,1.0
17915,25957,1.0
17916,25958,1.0
17917,25959,1.0
17918,25960,1.0
17919,25961,1.0
17920,25962,1.0
17921,25963,1.0
17922,25964,1.0
17923,25965,1.0
17924,25966,1.0
17925,23987,1.0
17926,25967,1.0
17927,25968,1.0
17928,25969,1.0
17929,25970,1.0
17930,25971,1.0
17931,25972,1.0
17932,25973,1.0
17933,25974,1.0
17934,25878,1.0
17935,25975,1.0
17936,25976,1.0
17937,25977,1.0
17938,25978,1.0
17939,25979,1.0
17940,19925,1.0
17941,25980,1.0
17942,25981,1.0
17943,25982,1.0
17944,25983,1.0
17945,25983,1.0
17946,25984,0.15
17946,21818,0.85
17947,25985,1.0
17948,25986,1.0
17949,25987,1.0
17950,25988,1.0
17951,25989,1.0
17952,25990,1.0
17953,25991,1.0
17954,22321,1.0
17955,25992,1.0
17956,25993,1.0
17957,25994,1.0
17958,25995,1.0
17959,25996,1.0
17960,21515,1.0
17961,25997,1.0
17962,25998,1.0
17963,25999,1.0
17964,26000,1.0
17965,26001,1.0
17966,26002,1.0
17967,26003,1.0
17968,26004,1.0
17969,26005,1.0
17970,24927,1.0
17971,26006,1.0
17972,20436,1.0
17973,21926,1.0
17974,26007,1.0
17975,26008,1.0
17976,26009,0.428571
17976,21225,0.571429
17977,26010,1.0
17978,26011,1.0
17979,26012,1.0
17980,26013,1.0
17981,26014,1.0
17982,26015,0.666667
17982,26016,0.333333
17983,26017,1.0
17984,26018,1.0
17985,26019,1.0
17986,26020,1.0
17987,26021,1.0
17988,26022,0.4
17988,26023,0.6
17989,26024,1.0
17990,26025,0.1875
17990,26026,0.8125
17991,26027,1.0
17992,26028,1.0
17993,26029,1.0
17994,26030,1.0
17995,19812,0.7
17995,26031,0.3
17996,26032,1.0
17997,23835,1.0
17998,26033,1.0
17999,26034,1.0
18000,26035,1.0
18001,22801,1.0
18002,26036,1.0
18003,26037,1.0
18004,26038,1.0
18005,26039,1.0
18006,19194,1.0
18007,26040,1.0
18008,26041,1.0
18009,26042,0.333333
18009,26043,0.666667
18010,26044,1.0
18011,26045,1.0
18012,26046,1.0
18013,26047,1.0
18014,19500,0.75
18014,26048,0.25
18015,26049,1.0
18016,26050,1.0
18017,26051,1.0
18018,26052,1.0
18019,26053,1.0
18020,26054,1.0
18021,26055,1.0
18022,24271,1.0
18023,26056,1.0
18024,26057,1.0
18025,26058,1.0
18026,26059,1.0
18027,19215,1.0
18028,26060,1.0
18029,26061,1.0
18030,26062,0.333333
18030,26063,0.666667
18031,26064,1.0
18032,26065,1.0
18033,26066,0.611111
18033,26067,0.388889
18034,26068,1.0
18035,26069,1.0
18036,26070,1.0
18037,26071,1.0
18038,26072,1.0
18039,26073,1.0
18040,26074,0.666667
18040,26075,0.333333
18041,26074,1.0
18042,26076,1.0
18043,26077,1.0
18044,26078,1.0
18045,26079,1.0
18046,26080,1.0
18047,26081,1.0
18048,26082,1.0
18049,26083,1.0
18050,26084,1.0
18051,26085,1.0
18052,26086,1.0
18053,26087,1.0
18054,26088,1.0
18055,26089,1.0
18056,26090,1.0
18057,26091,1.0
18058,26092,1.0
18059,26093,0.6
18059,26094,0.4
18060,24296,1.0
18061,26095,1.0
18062,26096,1.0
18063,25574,1.0
18064,26097,0.8
18064,26098,0.2
18065,26099,1.0
18066,26100,1.0
18067,26101,1.0
18068,26102,1.0
18069,26103,1.0
18070,26104,1.0
18071,26105,1.0
18072,26106,1.0
18073,26107,1.0
18074,26108,1.0
18075,26109,1.0
18076,26110,1.0
18077,24562,1.0
18078,20352,1.0
18079,26111,1.0
18080,26112,1.0
18081,26113,1.0
18082,26114,1.0
18083,26115,1.0
18084,26116,1.0
18085,26117,1.0
18086,23569,1.0
18087,26118,1.0
18088,26119,1.0
18089,26120,0.666667
18089,26121,0.333333
18090,26122,1.0
18091,26123,1.0
18092,26124,1.0
18093,26125,1.0
18094,26126,1.0
18095,26127,1.0
18096,26128,1.0
18097,26129,1.0
18098,26130,1.0
18099,26131,1.0
18100,26132,1.0
18101,26133,1.0
18102,26134,1.0
18103,26135,1.0
18104,26136,1.0
18105,25778,1.0
18106,21375,1.0
18107,26137,1.0
18108,26138,1.0
18109,25731,0.6
18109,26139,0.4
18110,24623,1.0
18111,26140,0.888889
18111,26141,0.111111
18112,26142,1.0
18113,26143,1.0
18114,26144,1.0
18115,26145,1.0
18116,26146,1.0
18117,20571,0.757576
18117,26147,0.242424
18118,26148,1.0
18119,26149,1.0
18120,23722,0.466667
18120,26150,0.533333
18121,26151,1.0
18122,26152,1.0
18123,26153,1.0
18124,26154,1.0
18125,26155,1.0
18126,26156,1.0
18127,26157,1.0
18128,26158,1.0
18129,26159,1.0
18130,26160,1.0
18131,26160,1.0
18132,26160,1.0
18133,26161,1.0
18134,26162,1.0
18135,26163,1.0
18136,26164,0.75
18136,26165,0.25
18137,26166,1.0
18138,26167,1.0
18139,21735,1.0
18140,26168,1.0
18141,26169,0.818182
18141,26170,0.181818
18142,26171,1.0
18143,26171,1.0
18144,26172,1.0
18145,26173,1.0
18146,26174,1.0
18147,26175,1.0
18148,26176,1.0
18149,26177,1.0
18150,26178,1.0
18151,26179,1.0
18152,26180,1.0
18153,26181,1.0
18154,26182,1.0
18155,26183,1.0
18156,26184,1.0
18157,26185,0.6
18157,26186,0.4
18158,26187,1.0
18159,26188,1.0
18160,26189,1.0
18161,26190,1.0
18162,26191,1.0
18163,19637,1.0
18164,26192,1.0
18165,26193,1.0
18166,26194,1.0
18167,19055,1.0
18168,26195,1.0
18169,21559,1.0
18170,26196,1.0
18171,26197,1.0
18172,26198,1.0
18173,26199,0.4
18173,26200,0.6
18174,26201,1.0
18175,26202,1.0
18176,26203,1.0
18177,26204,1.0
18178,26205,1.0
18179,26206,1.0
18180,26207,1.0
18181,26208,1.0
18182,26209,1.0
18183,26210,1.0
18184,26211,1.0
18185,20944,0.94
18185,26212,0.06
18186,23673,0.913043
18186,26213,0.086957
18187,26214,1.0
18188,26215,1.0
18189,26216,1.0
18190,26217,1.0
18191,26218,1.0
18192,26219,1.0
18193,26220,1.0
18194,22318,1.0
18195,26221,1.0
18196,24378,1.0
18197,26222,1.0
18198,26223,1.0
18199,26224,1.0
18200,26225,1.0
18201,26226,1.0
18202,26227,1.0
18203,26228,1.0
18204,26229,1.0
18205,26230,1.0
18206,26231,0.857143
18206,24320,0.142857
18207,23810,1.0
18208,26232,1.0
18209,26233,1.0
18210,26234,1.0
18211,23728,0.470588
18211,26235,0.529412
18212,20817,0.666667
18212,26236,0.333333
18213,26237,1.0
18214,26238,1.0
18215,26239,1.0
18216,26240,1.0
18217,20211,1.0
18218,26241,1.0
18219,26242,1.0
18220,26243,1.0
18221,26244,1.0
18222,26245,1.0
18223,26246,0.71875
18223,26247,0.28125
18224,26248,1.0
18225,26249,1.0
18226,26250,1.0
18227,22967,0.666667
18227,26251,0.333333
18228,22967,1.0
18229,26252,1.0
18230,21475,1.0
18231,26253,1.0
18232,26254,1.0
18233,26255,1.0
18234,26256,1.0
18235,26257,1.0
18236,22076,1.0
18237,26258,1.0
18238,24374,1.0
18239,19202,1.0
18240,26259,1.0
18241,26260,1.0
18242,26261,1.0
18243,26262,1.0
18244,26263,1.0
18245,26264,1.0
18246,26265,1.0
18247,25666,1.0
18248,26266,1.0
18249,26267,1.0
18250,23958,0.714286
18250,26268,0.285714
18251,26269,0.714286
18251,26270,0.285714
18252,26271,1.0
18253,26272,1.0
18254,26273,1.0
18255,26274,1.0
18256,25911,1.0
18257,26275,1.0
18258,26276,1.0
18259,26277,1.0
18260,26278,1.0
18261,26279,1.0
18262,19894,1.0
18263,26280,1.0
18264,26281,1.0
18265,26282,0.565217
18265,26283,0.434783
18266,26284,1.0
18267,26285,1.0
18268,26286,1.0
18269,26287,1.0
18270,26288,1.0
18271,20668,1.0
18272,26289,1.0
18273,26290,1.0
18274,26290,1.0
18275,26291,1.0
18276,26292,1.0
18277,21292,1.0
18278,26293,1.0
18279,26294,1.0
18280,26294,0.666667
18280,26295,0.333333
18281,25035,1.0
18282,26296,1.0
18283,26297,1.0
18284,26298,1.0
18285,26299,1.0
18286,26300,1.0
18287,20018,0.804348
18287,26301,0.195652
18288,26302,1.0
18289,26303,1.0
18290,26304,1.0
18291,26305,1.0
18292,26306,1.0
18293,23506,1.0
18294,22029,1.0
18295,26307,1.0
18296,26308,1.0
18297,26309,1.0
18298,26310,1.0
18299,26311,1.0
18300,23969,1.0
18301,26312,1.0
18302,26313,1.0
18303,26314,1.0
18304,26315,1.0
18305,24147,1.0
18306,26316,1.0
18307,26317,1.0
18308,26318,1.0
18309,26319,1.0
18310,26320,1.0
18311,25783,0.8
18311,26321,0.2
18312,25783,1.0
18313,26322,1.0
18314,26323,1.0
18315,26324,1.0
18316,24401,1.0
18317,26325,1.0
18318,26326,1.0
18319,26327,1.0
18320,26328,1.0
18321,20613,1.0
18322,26329,1.0
18323,26330,1.0
18324,26331,1.0
18325,26332,1.0
18326,26333,1.0
18327,26334,1.0
18328,26335,1.0
18329,26336,0.571429
18329,26337,0.428571
18330,26338,1.0
18331,26339,1.0
18332,26340,1.0
18333,26341,1.0
18334,26342,1.0
18335,26343,1.0
18336,26344,1.0
18337,26345,1.0
18338,21514,1.0
18339,26346,1.0
18340,26347,1.0
18341,18406,0.969697
18341,26348,0.030303
18342,18406,0.705882
18342,26349,0.294118
18343,26350,1.0
18344,26351,1.0
18345,26352,1.0
18346,26353,1.0
18347,26354,1.0
18348,25458,1.0
18349,26355,1.0
18350,26356,1.0
18351,26357,1.0
18352,26358,1.0
18353,26359,1.0
18354,26360,1.0
18355,26361,1.0
18356,26362,1.0
18357,26363,1.0
18358,26364,1.0
18359,26365,1.0
18360,26366,1.0
18361,26367,1.0
18362,26368,1.0
18363,26369,1.0
18364,26169,1.0
18365,26370,1.0
18366,26371,1.0
18367,22033,1.0
18368,26372,1.0
18369,26373,1.0
18370,26374,1.0
18371,26375,1.0
18372,26376,1.0
18373,26377,1.0
18374,26378,1.0
18375,26379,1.0
18376,26380,1.0
18377,23582,0.533333
18377,26381,0.466667
18378,26382,0.2
18378,26239,0.8
18379,26383,1.0
18380,26384,1.0
18381,26385,1.0
18382,26386,1.0
18383,26387,1.0
18384,26388,1.0
18385,26389,1.0
18386,26390,1.0
18387,26391,1.0
